"agency","fiscal_year","n","n_matched","mean_salary","male_mean","female_mean","male_n","female_n","real_male_mean","real_female_mean","gap","gap_dollars","female_share","suppressed"
"ADMIN FOR CHILDREN'S SVCS",2014,5161,5161,58287.1280759541,58308.6951344085,58278.7276031885,1446.72711361032,3714.27288638969,76690.1252322934,76650.7106352618,0.00051394618162802,29.9675312200416,0.719680853786027,FALSE
"ADMIN FOR CHILDREN'S SVCS",2015,5216,5216,60698.9311733128,60918.3680979916,60614.8290777604,1445.20638587457,3770.79361412544,79736.3205458582,79339.0169842064,0.00498271752360384,303.539020231212,0.722928223566993,FALSE
"ADMIN FOR CHILDREN'S SVCS",2016,5163,5163,63096.9343404997,63405.6757344781,62977.47962994,1440.33227785723,3722.66772214278,82515.5505339514,81958.3001475594,0.0067532772039403,428.196104538081,0.721028030630016,FALSE
"ADMIN FOR CHILDREN'S SVCS",2017,5456,5456,65137.043255132,66147.7708777601,64752.3833548275,1504.02979929937,3951.97020070064,84592.0602766926,82807.5903862806,0.0210950044788549,1395.38752293261,0.724334714204662,FALSE
"ADMIN FOR CHILDREN'S SVCS",2018,5692,5692,65852.8754392128,67465.043955198,65250.5753525353,1548.13307772647,4143.86692227353,84769.9194684505,81987.436657978,0.0328239407082177,2214.46860266272,0.728015973695279,FALSE
"ADMIN FOR CHILDREN'S SVCS",2019,6130,6130,67828.647145187,67049.3982080243,68158.1571753148,1821.76338074357,4308.23661925645,82780.1630719927,84149.0530333183,-0.0165364491989989,-1108.75896729044,0.702811846534492,FALSE
"ADMIN FOR CHILDREN'S SVCS",2020,6075,6075,70555.4174485602,69451.3462376482,71026.1439202606,1815.89250934175,4259.10749065826,84255.9275394427,86166.4166317847,-0.0226748330726913,-1574.79768261236,0.701087652783251,FALSE
"ADMIN FOR CHILDREN'S SVCS",2021,5850,5850,71193.1208547008,70090.5866864959,71663.5249456077,1749.50537051627,4100.49462948374,83311.9034139788,85181.5479199577,-0.0224415051074872,-1572.93825911178,0.700939252903202,FALSE
"ADMIN FOR CHILDREN'S SVCS",2022,5330,5330,71639.3174484052,71116.0214897727,71859.7207432482,1579.60298605278,3750.39701394724,80469.0736889555,81310.5829406928,-0.0104575486352598,-743.699253475483,0.703639214624245,FALSE
"ADMIN FOR CHILDREN'S SVCS",2023,5253,5253,76815.1393489434,75557.4204732627,77355.1968218065,1578.01714726564,3674.98285273438,81199.6855060219,83131.7111521804,-0.0237935114418033,-1797.77634854372,0.699596964160359,FALSE
"ADMIN FOR CHILDREN'S SVCS",2024,5408,5408,81646.3637204145,80311.8834473972,82206.9421296492,1599.74362036244,3808.25637963758,83447.3057296039,85416.3485965543,-0.0235962425597109,-1895.05868225201,0.70418941931168,FALSE
"ADMIN FOR CHILDREN'S SVCS",2025,5387,5387,83972.6602932985,82124.2005042209,84758.660779407,1607.23039119226,3779.76960880776,82124.2005042209,84758.660779407,-0.032078976221518,-2634.46027518608,0.701646483907137,FALSE
"ADMIN TRIALS AND HEARINGS",2014,217,217,65323.3917050691,71813.5231745958,61756.1234370274,76.9679275323512,140.032072467649,94452.2609009988,81224.3324829917,0.140048827755136,10057.3997375684,0.645309089712668,FALSE
"ADMIN TRIALS AND HEARINGS",2015,219,219,69642.9817351598,78896.318072893,64363.7270823853,79.5561348773103,139.44386512269,103267.738519009,84245.9661084778,0.184198595643981,14532.5909905077,0.636729977729176,FALSE
"ADMIN TRIALS AND HEARINGS",2016,213,213,72101.8591549296,80926.3595534877,67073.9064337529,77.3115000176337,135.688499982366,105316.803802051,87289.3514930915,0.17117356070588,13852.4531197348,0.637035211184818,FALSE
"ADMIN TRIALS AND HEARINGS",2017,243,243,73063.695473251,78903.0963129071,69494.470827761,92.1836659587907,150.816334041209,100904.012194963,88871.9360781261,0.119242791788984,9408.62548514613,0.620643349963824,FALSE
"ADMIN TRIALS AND HEARINGS",2018,257,257,71936.3501945526,78043.6790728374,68061.5682049679,99.760359758034,157.239640241966,98061.9888785576,85519.4529994383,0.127904155550551,9982.11086786949,0.611827393937611,FALSE
"ADMIN TRIALS AND HEARINGS",2019,271,271,75299.3136531365,82696.426881616,70533.3184725082,106.188701975487,164.811298024513,102098.21244767,87081.4617462782,0.147081426220747,12163.1084091078,0.608159771308166,FALSE
"ADMIN TRIALS AND HEARINGS",2020,266,266,78045.0789473684,82825.7481493341,74993.1401803015,103.645645901011,162.354354098989,100481.280961657,90979.0367974402,0.094567307196676,7832.6079690326,0.610354714657853,FALSE
"ADMIN TRIALS AND HEARINGS",2021,246,246,80025.1910569106,82840.3028641094,78327.7866790263,92.5340674322346,153.465932567765,98466.6220853467,93102.9016438671,0.0544724732897875,4512.51618508311,0.62384525434051,FALSE
"ADMIN TRIALS AND HEARINGS",2022,275,275,88286.4258545455,95190.937370116,83714.576446697,109.552025729056,165.447974270944,107710.279530445,94724.5681044983,0.120561486633935,11476.3609234189,0.601628997348888,FALSE
"ADMIN TRIALS AND HEARINGS",2023,331,331,96416.0102719033,102137.912506651,92473.2460778285,135.033625614512,195.966374385488,109765.080938893,99378.7036694532,0.0946236925313433,9664.6664288226,0.59204342714649,FALSE
"ADMIN TRIALS AND HEARINGS",2024,361,361,104356.102354571,109775.05482247,100841.10411482,142.032836991537,218.967163008463,114060.736319981,104777.999020429,0.0813841607467014,8933.95070764983,0.606557238250591,FALSE
"ADMIN TRIALS AND HEARINGS",2025,397,397,107690.191309824,114308.328158946,103807.123095433,146.800112157552,250.199887842448,114308.328158946,103807.123095433,0.0918673663821816,10501.2050635125,0.630226417739165,FALSE
"BOARD OF CORRECTION",2015,15,15,,,,4.61863721539776,10.3813627846022,,,,,,TRUE
"BOARD OF CORRECTION",2016,16,16,,,,4.59521926513527,11.4047807348647,,,,,,TRUE
"BOARD OF CORRECTION",2017,18,18,,,,3.00852621749111,14.9914737825089,,,,,,TRUE
"BOARD OF CORRECTION",2018,24,24,,,,5.6528941314168,18.3471058685832,,,,,,TRUE
"BOARD OF CORRECTION",2019,25,25,,,,5.68963917757372,19.3103608224263,,,,,,TRUE
"BOARD OF CORRECTION",2020,23,23,,,,5.68104236976301,17.318957630237,,,,,,TRUE
"BOARD OF CORRECTION",2021,19,19,,,,5.52794238308566,13.4720576169143,,,,,,TRUE
"BOARD OF CORRECTION",2022,17,17,,,,4.61530527966561,12.3846947203344,,,,,,TRUE
"BOARD OF CORRECTION",2023,22,22,,,,6.61179147529616,15.3882085247038,,,,,,TRUE
"BOARD OF CORRECTION",2024,17,17,,,,3.15315890000484,13.8468410999952,,,,,,TRUE
"BOARD OF CORRECTION",2025,20,20,,,,5.14898371898143,14.8510162810186,,,,,,TRUE
"BOARD OF CORRECTIONS",2014,15,15,,,,4.60522508113014,10.3947749188699,,,,,,TRUE
"BOARD OF ELECTION",2014,340,340,46704.2582647059,47744.0814415817,45409.3204330255,188.575559193355,151.424440806645,62795.0870177341,59724.3080589372,0.0489015797992237,2334.76100855614,0.445366002372486,FALSE
"BOARD OF ELECTION",2015,344,344,50683.8808139535,52280.5899772233,48766.2482917541,187.706730499235,156.293269500765,68430.2946862404,63830.3573620907,0.0672207732736047,3514.34168546922,0.454340899711526,FALSE
"BOARD OF ELECTION",2016,443,443,48912.1693002257,51009.4353637691,46510.5973023814,236.482482927348,206.517517072652,66383.1998115373,60528.4542371339,0.088196194082617,4498.83806138769,0.466179496777995,FALSE
"BOARD OF ELECTION",2017,483,483,52176.2795031056,54623.8650352205,49489.51374259,252.750111623971,230.249888376029,69854.8903808772,63288.9041312339,0.0939946539725815,5134.35129263054,0.476707843428632,FALSE
"BOARD OF ELECTION",2018,505,505,53020.2079207921,55354.3271014905,50506.4331913693,261.857264596531,243.142735403469,69552.7872736542,63461.4019834368,0.0875793124760186,4847.89391012118,0.481470763175187,FALSE
"BOARD OF ELECTION",2019,506,506,54803.4031620554,56721.7513183195,52680.2391265325,265.821541787692,240.178458212308,70029.4998814409,65039.7900967894,0.0712515410376916,4041.51219178698,0.474660984609304,FALSE
"BOARD OF ELECTION",2020,633,633,56840.4139020538,58762.3896222434,54615.7619308977,339.602395623986,293.397604376014,71288.461783227,66257.919090799,0.070566015405475,4146.62769134576,0.46350332444868,FALSE
"BOARD OF ELECTION",2021,665,665,55504.6631578947,57576.1020263294,53133.2957444606,354.946677816974,310.053322183026,68436.7884153424,63155.9273847786,0.0771640685199064,4442.8062818688,0.466245597267708,FALSE
"BOARD OF ELECTION",2022,653,653,55692.6539050536,58130.14426116,52861.477550967,350.896775391369,302.103224608631,65775.3170679491,59813.724716976,0.0906357067775815,5268.66671019301,0.46263893508213,FALSE
"BOARD OF ELECTION",2023,640,640,57852.34375,59960.9080577574,55532.3430499309,335.278006627469,304.721993372531,64438.5005000046,59679.2315410314,0.0738575373735279,4428.56500782649,0.47612811464458,FALSE
"BOARD OF ELECTION",2024,642,642,64757.9485981309,67489.4785842126,61641.9041767872,342.107749148484,299.892250851516,70124.3067800431,64048.4396927939,0.0866442374440465,5847.57440742541,0.467121886061551,FALSE
"BOARD OF ELECTION",2025,649,649,67400.3312788906,70303.748064356,63918.421013357,353.898828404998,295.101171595002,70303.748064356,63918.421013357,0.0908248454286377,6385.32705099903,0.454701342981513,FALSE
"BOROUGH PRESIDENT-BRONX",2014,50,50,74012.8,78290.9718287254,71079.913091502,20.3360353546871,29.663964645313,102971.682358225,93487.3850962076,0.0921058784785401,7211.05873722339,0.593279292906259,FALSE
"BOROUGH PRESIDENT-BRONX",2015,50,50,76625.68,79308.5333662782,74671.8951262098,21.0689811521871,28.9310188478129,103807.288933662,97738.3727018523,0.0584632957295349,4636.63824006841,0.578620376956258,FALSE
"BOROUGH PRESIDENT-BRONX",2016,49,49,78105.4693877551,82158.4736888067,74785.7248146128,22.0633425686506,26.9366574313494,106920.265558728,97325.4394606626,0.0897381431660933,7372.74887419384,0.5497277026806,FALSE
"BOROUGH PRESIDENT-BRONX",2017,45,45,80979.5555555556,84108.223722522,78671.2911838659,19.1048713566915,25.8951286433085,107560.509394177,100607.5717679,0.0646421039230703,5436.93253865611,0.575447303184634,FALSE
"BOROUGH PRESIDENT-BRONX",2018,44,44,76190.3863636364,81360.5161932591,72159.3305761469,19.2764782746773,24.7235217253227,102229.599230592,90668.2969909484,0.113091534415246,9201.18561711216,0.561898221030062,FALSE
"BOROUGH PRESIDENT-BRONX",2019,49,49,78082.6530612245,79355.05649513,76936.2957520095,23.2232593948368,25.7767406051632,97972.9079278733,94986.6707042902,0.0304802346561109,2418.7607431205,0.526055930717617,FALSE
"BOROUGH PRESIDENT-BRONX",2020,46,46,81099.6956521739,83390.8135936464,79281.4535395819,20.3533241377833,25.6466758622166,101166.798460023,96181.4675527721,0.0492783302737503,4109.36005406445,0.557536431787318,FALSE
"BOROUGH PRESIDENT-BRONX",2021,42,42,83181.3095238095,86888.0601271019,80561.241565169,17.3930788730068,24.6069211269932,103277.915271492,95757.6572472988,0.0728157419175656,6326.81856193297,0.58587907445222,FALSE
"BOROUGH PRESIDENT-BRONX",2022,48,48,81819.6458333333,77667.9076382896,84804.3949161927,20.0754167138859,27.9245832861141,87882.6522081427,95957.7175536987,-0.0918846341417977,-7136.48727790317,0.581762151794044,FALSE
"BOROUGH PRESIDENT-BRONX",2023,49,49,87036.4897959184,83999.2070270013,89631.9595501597,22.5783073967741,26.4216926032259,90271.8641084546,96325.243519092,-0.0670572106870941,-5632.75252315846,0.539218216392365,FALSE
"BOROUGH PRESIDENT-BRONX",2024,52,52,92438.5961538462,90167.838291106,94327.4605011044,23.6129487484075,28.3870512515925,93688.0427388265,98010.0590006509,-0.0461319943877233,-4159.62220999844,0.545904831761395,FALSE
"BOROUGH PRESIDENT-BRONX",2025,52,52,92029.0192307692,91488.4012213145,92598.8076713553,26.6830212571161,25.3169787428839,91488.4012213145,92598.8076713553,-0.0121371281519575,-1110.4064500408,0.48686497582469,FALSE
"BOROUGH PRESIDENT-BROOKLYN",2014,54,54,67382.537037037,62740.5718075758,71336.5485244968,24.8391343246106,29.1608656753894,82519.1216846374,93824.9231503528,-0.137008262265838,-8595.97671692097,0.54001603102573,FALSE
"BOROUGH PRESIDENT-BROOKLYN",2015,55,55,69449.2545454545,65922.0875445106,72592.577174695,25.9175494143515,29.0824505856485,86285.7109869705,95016.7442689953,-0.10118747567999,-6670.48963018437,0.528771828829972,FALSE
"BOROUGH PRESIDENT-BROOKLYN",2016,60,60,71061.7,69885.4395378017,72018.9822879671,26.9209216799487,33.0790783200513,90948.2542527836,93724.826737475,-0.0305291454740204,-2133.5427501654,0.551317972000856,FALSE
"BOROUGH PRESIDENT-BROOKLYN",2017,57,57,74444.4035087719,71995.5833648998,76486.9223257226,25.9217960571961,31.0782039428039,92070.4454109868,97814.1252214385,-0.0623835345295979,-4491.33896082277,0.545231648119367,FALSE
"BOROUGH PRESIDENT-BROOKLYN",2018,56,56,73668.6071428571,72930.1089008391,74222.1560039119,23.9919552045305,32.0080447954695,91636.781004026,93260.2399459582,-0.0177162371282005,-1292.04710307275,0.571572228490527,FALSE
"BOROUGH PRESIDENT-BROOKLYN",2019,56,56,77570.5892857143,77437.7123415495,77670.1932510863,23.9926025407737,32.0073974592263,95605.7269249045,95892.751240065,-0.00300216654788848,-232.480909536811,0.571560668914755,FALSE
"BOROUGH PRESIDENT-BROOKLYN",2020,58,58,78334.7068965517,77779.4852470341,78783.9727530637,25.9410092423062,32.0589907576939,94359.3325117835,95577.9413812604,-0.0129145558477185,-1004.48750602962,0.552741219960239,FALSE
"BOROUGH PRESIDENT-BROOKLYN",2021,58,58,81407.275862069,80076.621356947,82484.0309453779,25.9414912742878,32.0585087257122,95181.6222347736,98043.1459370411,-0.0300638257163691,-2407.40958843094,0.552732909064004,FALSE
"BOROUGH PRESIDENT-BROOKLYN",2022,43,43,90164.0697674419,88177.466293219,91503.9581201597,17.3201084398439,25.6798915601562,99774.4092570593,103538.395351055,-0.0377249649687035,-3326.49182694072,0.597206780468748,FALSE
"BOROUGH PRESIDENT-BROOKLYN",2023,47,47,89018.1276595745,88702.5643547895,89273.1776310998,21.0078334300309,25.9921665699691,95326.4455571952,95939.6694906188,-0.00643288365405008,-570.61327631025,0.553024820637641,FALSE
"BOROUGH PRESIDENT-BROOKLYN",2024,50,50,91148.9,85019.0264913547,95549.2210796046,20.8938260481659,29.1061739518341,88338.2183547496,99279.5178172812,-0.123856917949075,-10530.1945882499,0.582123479036682,FALSE
"BOROUGH PRESIDENT-BROOKLYN",2025,56,56,95600.5892857143,92633.229894169,97606.2033385975,22.5849561065504,33.4150438934496,92633.229894169,97606.2033385975,-0.0536845519702798,-4972.9734444284,0.596697212383029,FALSE
"BOROUGH PRESIDENT-QUEENS",2014,50,50,62876.44,62107.7297153251,63529.0641312881,22.9581484821047,27.0418515178953,81686.78031265,83556.1809930443,-0.0228849842439544,-1421.33441596299,0.540837030357906,FALSE
"BOROUGH PRESIDENT-QUEENS",2015,52,52,65706.8269230769,62702.172276154,68068.8434324796,22.8866004476849,29.1133995523151,82071.1496980799,89095.6092321345,-0.0855898761001393,-5366.67115632561,0.559873068313751,FALSE
"BOROUGH PRESIDENT-QUEENS",2016,51,51,68358.8823529412,65067.4429181092,70829.8985111026,21.869465548587,29.130534451413,84678.1587299554,92177.3642849045,-0.0885612732660444,-5762.45559299341,0.571186950027706,FALSE
"BOROUGH PRESIDENT-QUEENS",2017,51,51,72690.4705882353,69731.2241642322,74923.7707334359,21.9349611769968,29.0650388230032,89174.7044442211,95815.1128290076,-0.0744651572009419,-5192.54656920367,0.569902722019672,FALSE
"BOROUGH PRESIDENT-QUEENS",2018,51,51,72954.3137254902,73540.9682274514,72543.789222183,20.9959792154185,30.0040207845815,92404.3265785588,91151.3698024783,0.0135595033530744,997.179005268466,0.58831413303101,FALSE
"BOROUGH PRESIDENT-QUEENS",2019,53,53,75759.5471698113,75537.0911565113,75973.169213553,25.9631690599488,27.0368309400512,93259.1923423358,93797.5806595886,-0.00577303216691418,-436.078057041668,0.510128885661343,FALSE
"BOROUGH PRESIDENT-QUEENS",2020,50,50,76684.14,77380.1419512256,76032.2993947299,24.1808882695039,25.8191117304961,93874.8632881076,92239.7081625886,0.0174184554655555,1347.84255649579,0.516382234609921,FALSE
"BOROUGH PRESIDENT-QUEENS",2021,60,60,76229.25,79910.3629374114,72482.9836171264,30.2631619147993,29.7368380852007,94984.0021827106,86155.5825930971,0.0929463845146393,7427.37932028502,0.495613968086678,FALSE
"BOROUGH PRESIDENT-QUEENS",2022,55,55,77665.1636363636,77534.006159747,77803.4034675662,28.2229647270492,26.7770352729508,87731.1402461659,88035.9682070161,-0.003474569690932,-269.397307819192,0.486855186780923,FALSE
"BOROUGH PRESIDENT-QUEENS",2023,50,50,82044.66,84196.406165253,79515.5437683729,27.0154943383168,22.9845056616832,90483.789130614,85453.3824261112,0.055594562880665,4680.86239688017,0.459690113233664,FALSE
"BOROUGH PRESIDENT-QUEENS",2024,51,51,86199.6666666667,89106.9787766221,82924.9035335084,27.0156724438301,23.9843275561699,92585.7666566166,86162.339627995,0.0693781264721276,6182.07524311368,0.47028093247392,FALSE
"BOROUGH PRESIDENT-QUEENS",2025,52,52,90536.9230769231,96154.9646617395,84605.1964318647,26.7061450415251,25.2938549584749,96154.9646617395,84605.1964318647,0.120116192341242,11549.7682298748,0.486420287662978,FALSE
"BOROUGH PRESIDENT-STATEN IS",2014,36,36,71983.9444444444,83394.0733899912,59248.0259102968,18.9883279081135,17.0116720918865,109683.502900675,77925.5738162715,0.28954152853016,24146.0474796944,0.472546446996847,FALSE
"BOROUGH PRESIDENT-STATEN IS",2015,35,35,73349.1714285714,88392.615379455,59130.4217304237,17.006798786312,17.993201213688,115697.483925465,77396.0696636628,0.331047944711372,29262.1936490314,0.51409146324823,FALSE
"BOROUGH PRESIDENT-STATEN IS",2016,36,36,74416.3055555556,88497.5578536022,60335.3945024106,17.9997818914635,18.0002181085365,115169.890118044,78519.9153920905,0.318225316429399,28162.1633511916,0.500006058570457,FALSE
"BOROUGH PRESIDENT-STATEN IS",2017,40,40,73970.375,85202.4403693017,61420.5758663741,21.1081837289604,18.8918162710396,108959.831537793,78546.7595804408,0.279121870216949,23781.8645029276,0.472295406775991,FALSE
"BOROUGH PRESIDENT-STATEN IS",2018,39,39,72499.7692307692,82643.8297468458,61691.8065151119,20.1178922554943,18.8821077445057,103842.084455719,77515.8387745532,0.25352193014184,20952.0232317339,0.48415660883348,FALSE
"BOROUGH PRESIDENT-STATEN IS",2019,34,34,78441.0294117647,92415.8353557774,65836.9194544452,16.1232963804736,17.8767036195264,114097.935636209,81283.2191526576,0.287601316365427,26578.9159013322,0.525785400574305,FALSE
"BOROUGH PRESIDENT-STATEN IS",2020,34,34,79629.7058823529,93503.8553033404,67116.3797176109,16.1232963804736,17.8767036195264,113435.584533366,81423.2283827395,0.282207353912035,26387.4755857295,0.525785400574306,FALSE
"BOROUGH PRESIDENT-STATEN IS",2021,32,32,82853.65625,93220.2624310706,70900.2282567373,17.1375049337634,14.8624950662366,110804.572582917,84274.2691679079,0.239433290491295,22320.0341743333,0.464452970819892,FALSE
"BOROUGH PRESIDENT-STATEN IS",2022,27,27,,,,12.1582007635474,14.8417992364526,,,,,,TRUE
"BOROUGH PRESIDENT-STATEN IS",2023,25,25,,,,11.1626304723604,13.8373695276396,,,,,,TRUE
"BOROUGH PRESIDENT-STATEN IS",2024,26,26,,,,13.0118153524752,12.9881846475248,,,,,,TRUE
"BOROUGH PRESIDENT-STATEN IS",2025,25,25,,,,12.0149451434666,12.9850548565334,,,,,,TRUE
"BRONX COMMUNITY BOARD #1",2014,2,2,,,,0.998808600147733,1.00119139985227,,,,,,TRUE
"BRONX COMMUNITY BOARD #1",2015,2,2,,,,0.998808600147733,1.00119139985227,,,,,,TRUE
"BRONX COMMUNITY BOARD #1",2016,2,2,,,,0.998808600147733,1.00119139985227,,,,,,TRUE
"BRONX COMMUNITY BOARD #1",2017,2,2,,,,0.998808600147733,1.00119139985227,,,,,,TRUE
"BRONX COMMUNITY BOARD #1",2018,2,2,,,,0.998808600147733,1.00119139985227,,,,,,TRUE
"BRONX COMMUNITY BOARD #1",2019,2,2,,,,0.998808600147733,1.00119139985227,,,,,,TRUE
"BRONX COMMUNITY BOARD #1",2020,2,2,,,,0.998808600147733,1.00119139985227,,,,,,TRUE
"BRONX COMMUNITY BOARD #1",2021,1,1,,,,0.00536798856734548,0.994632011432655,,,,,,TRUE
"BRONX COMMUNITY BOARD #1",2022,1,1,,,,0.00536798856734548,0.994632011432655,,,,,,TRUE
"BRONX COMMUNITY BOARD #1",2023,2,2,,,,1.00060995662954,0.999390043370459,,,,,,TRUE
"BRONX COMMUNITY BOARD #1",2024,2,2,,,,1.99180020294378,0.00819979705621631,,,,,,TRUE
"BRONX COMMUNITY BOARD #1",2025,3,3,,,,1.99527262236013,1.00472737763987,,,,,,TRUE
"BRONX COMMUNITY BOARD #10",2014,2,2,,,,1.99174912950192,0.00825087049807524,,,,,,TRUE
"BRONX COMMUNITY BOARD #10",2015,2,2,,,,1.99174912950192,0.00825087049807524,,,,,,TRUE
"BRONX COMMUNITY BOARD #10",2016,2,2,,,,1.99174912950192,0.00825087049807524,,,,,,TRUE
"BRONX COMMUNITY BOARD #10",2017,2,2,,,,1.99252717755868,0.00747282244132039,,,,,,TRUE
"BRONX COMMUNITY BOARD #10",2018,3,3,,,,1.99252717755868,1.00747282244132,,,,,,TRUE
"BRONX COMMUNITY BOARD #10",2019,3,3,,,,1.99252717755868,1.00747282244132,,,,,,TRUE
"BRONX COMMUNITY BOARD #10",2020,3,3,,,,1.99252717755868,1.00747282244132,,,,,,TRUE
"BRONX COMMUNITY BOARD #10",2021,3,3,,,,1.99252717755868,1.00747282244132,,,,,,TRUE
"BRONX COMMUNITY BOARD #10",2022,3,3,,,,1.99252717755868,1.00747282244132,,,,,,TRUE
"BRONX COMMUNITY BOARD #10",2023,3,3,,,,1.99252717755868,1.00747282244132,,,,,,TRUE
"BRONX COMMUNITY BOARD #10",2024,3,3,,,,1.99252717755868,1.00747282244132,,,,,,TRUE
"BRONX COMMUNITY BOARD #10",2025,3,3,,,,1.99252717755868,1.00747282244132,,,,,,TRUE
"BRONX COMMUNITY BOARD #11",2014,1,1,,,,0.994847761606464,0.00515223839353563,,,,,,TRUE
"BRONX COMMUNITY BOARD #11",2015,1,1,,,,0.994847761606464,0.00515223839353563,,,,,,TRUE
"BRONX COMMUNITY BOARD #11",2016,2,2,,,,1.86014875857273,0.139851241427271,,,,,,TRUE
"BRONX COMMUNITY BOARD #11",2017,2,2,,,,1.86014875857273,0.139851241427271,,,,,,TRUE
"BRONX COMMUNITY BOARD #11",2018,2,2,,,,1.86014875857273,0.139851241427271,,,,,,TRUE
"BRONX COMMUNITY BOARD #11",2019,3,3,,,,1.86148685449541,1.13851314550459,,,,,,TRUE
"BRONX COMMUNITY BOARD #11",2020,3,3,,,,1.86148685449541,1.13851314550459,,,,,,TRUE
"BRONX COMMUNITY BOARD #11",2021,3,3,,,,1.86148685449541,1.13851314550459,,,,,,TRUE
"BRONX COMMUNITY BOARD #11",2022,3,3,,,,1.86148685449541,1.13851314550459,,,,,,TRUE
"BRONX COMMUNITY BOARD #11",2023,3,3,,,,1.86148685449541,1.13851314550459,,,,,,TRUE
"BRONX COMMUNITY BOARD #11",2024,3,3,,,,1.86148685449541,1.13851314550459,,,,,,TRUE
"BRONX COMMUNITY BOARD #11",2025,3,3,,,,1.86148685449541,1.13851314550459,,,,,,TRUE
"BRONX COMMUNITY BOARD #12",2014,2,2,,,,0.106168156438569,1.89383184356143,,,,,,TRUE
"BRONX COMMUNITY BOARD #12",2015,2,2,,,,0,2,,,,,,TRUE
"BRONX COMMUNITY BOARD #12",2016,3,3,,,,0.993345845077007,2.00665415492299,,,,,,TRUE
"BRONX COMMUNITY BOARD #12",2017,2,2,,,,0.993345845077007,1.00665415492299,,,,,,TRUE
"BRONX COMMUNITY BOARD #12",2018,2,2,,,,0.993345845077007,1.00665415492299,,,,,,TRUE
"BRONX COMMUNITY BOARD #12",2019,2,2,,,,0.993345845077007,1.00665415492299,,,,,,TRUE
"BRONX COMMUNITY BOARD #12",2020,2,2,,,,0.993345845077007,1.00665415492299,,,,,,TRUE
"BRONX COMMUNITY BOARD #12",2021,2,2,,,,0.993345845077007,1.00665415492299,,,,,,TRUE
"BRONX COMMUNITY BOARD #12",2022,2,2,,,,0.993345845077007,1.00665415492299,,,,,,TRUE
"BRONX COMMUNITY BOARD #12",2023,2,2,,,,0.993345845077007,1.00665415492299,,,,,,TRUE
"BRONX COMMUNITY BOARD #12",2024,2,2,,,,0.993345845077007,1.00665415492299,,,,,,TRUE
"BRONX COMMUNITY BOARD #12",2025,2,2,,,,0.993345845077007,1.00665415492299,,,,,,TRUE
"BRONX COMMUNITY BOARD #2",2014,3,3,,,,0.996431129012632,2.00356887098737,,,,,,TRUE
"BRONX COMMUNITY BOARD #2",2015,3,3,,,,0.996431129012632,2.00356887098737,,,,,,TRUE
"BRONX COMMUNITY BOARD #2",2016,2,2,,,,0.00274595885687373,1.99725404114313,,,,,,TRUE
"BRONX COMMUNITY BOARD #2",2017,3,3,,,,0.996431129012632,2.00356887098737,,,,,,TRUE
"BRONX COMMUNITY BOARD #2",2018,3,3,,,,0.996431129012632,2.00356887098737,,,,,,TRUE
"BRONX COMMUNITY BOARD #2",2019,2,2,,,,0.996431129012632,1.00356887098737,,,,,,TRUE
"BRONX COMMUNITY BOARD #2",2020,2,2,,,,0.996431129012632,1.00356887098737,,,,,,TRUE
"BRONX COMMUNITY BOARD #2",2021,2,2,,,,0.996431129012632,1.00356887098737,,,,,,TRUE
"BRONX COMMUNITY BOARD #2",2022,2,2,,,,0.996431129012632,1.00356887098737,,,,,,TRUE
"BRONX COMMUNITY BOARD #2",2023,2,2,,,,0.996431129012632,1.00356887098737,,,,,,TRUE
"BRONX COMMUNITY BOARD #2",2024,2,2,,,,0.996431129012632,1.00356887098737,,,,,,TRUE
"BRONX COMMUNITY BOARD #2",2025,2,2,,,,0.996431129012632,1.00356887098737,,,,,,TRUE
"BRONX COMMUNITY BOARD #3",2014,2,2,,,,0.996353266566404,1.0036467334336,,,,,,TRUE
"BRONX COMMUNITY BOARD #3",2015,2,2,,,,0.996353266566404,1.0036467334336,,,,,,TRUE
"BRONX COMMUNITY BOARD #3",2016,2,2,,,,0.996353266566404,1.0036467334336,,,,,,TRUE
"BRONX COMMUNITY BOARD #3",2017,2,2,,,,0.996353266566404,1.0036467334336,,,,,,TRUE
"BRONX COMMUNITY BOARD #3",2018,2,2,,,,0.996353266566404,1.0036467334336,,,,,,TRUE
"BRONX COMMUNITY BOARD #3",2019,2,2,,,,0.996353266566404,1.0036467334336,,,,,,TRUE
"BRONX COMMUNITY BOARD #3",2020,2,2,,,,0.996353266566404,1.0036467334336,,,,,,TRUE
"BRONX COMMUNITY BOARD #3",2021,1,1,,,,0.000531288258529487,0.99946871174147,,,,,,TRUE
"BRONX COMMUNITY BOARD #3",2022,1,1,,,,0.000531288258529487,0.99946871174147,,,,,,TRUE
"BRONX COMMUNITY BOARD #3",2023,1,1,,,,0.000531288258529487,0.99946871174147,,,,,,TRUE
"BRONX COMMUNITY BOARD #3",2024,2,2,,,,0.940775190697554,1.05922480930245,,,,,,TRUE
"BRONX COMMUNITY BOARD #3",2025,2,2,,,,0.940775190697554,1.05922480930245,,,,,,TRUE
"BRONX COMMUNITY BOARD #4",2014,3,3,,,,1.00334528009483,1.99665471990517,,,,,,TRUE
"BRONX COMMUNITY BOARD #4",2015,3,3,,,,1.00334528009483,1.99665471990517,,,,,,TRUE
"BRONX COMMUNITY BOARD #4",2016,3,3,,,,1.00625656283889,1.99374343716111,,,,,,TRUE
"BRONX COMMUNITY BOARD #4",2017,3,3,,,,1.00625656283889,1.99374343716111,,,,,,TRUE
"BRONX COMMUNITY BOARD #4",2018,3,3,,,,1.00625656283889,1.99374343716111,,,,,,TRUE
"BRONX COMMUNITY BOARD #4",2019,3,3,,,,1.00625656283889,1.99374343716111,,,,,,TRUE
"BRONX COMMUNITY BOARD #4",2020,3,3,,,,1.00625656283889,1.99374343716111,,,,,,TRUE
"BRONX COMMUNITY BOARD #4",2021,3,3,,,,1.00625656283889,1.99374343716111,,,,,,TRUE
"BRONX COMMUNITY BOARD #4",2022,3,3,,,,1.00625656283889,1.99374343716111,,,,,,TRUE
"BRONX COMMUNITY BOARD #4",2023,2,2,,,,0.0104171314451834,1.98958286855482,,,,,,TRUE
"BRONX COMMUNITY BOARD #4",2024,3,3,,,,1.00682157285355,1.99317842714645,,,,,,TRUE
"BRONX COMMUNITY BOARD #4",2025,2,2,,,,1.00161356197091,0.99838643802909,,,,,,TRUE
"BRONX COMMUNITY BOARD #5",2014,3,3,,,,1.10078354105395,1.89921645894605,,,,,,TRUE
"BRONX COMMUNITY BOARD #5",2015,3,3,,,,1.10078354105395,1.89921645894605,,,,,,TRUE
"BRONX COMMUNITY BOARD #5",2016,2,2,,,,0.106168156438569,1.89383184356143,,,,,,TRUE
"BRONX COMMUNITY BOARD #5",2017,1,1,,,,0,1,,,,,,TRUE
"BRONX COMMUNITY BOARD #5",2018,2,2,,,,0.995859807401157,1.00414019259884,,,,,,TRUE
"BRONX COMMUNITY BOARD #5",2019,3,3,,,,1.55489344169027,1.44510655830973,,,,,,TRUE
"BRONX COMMUNITY BOARD #5",2020,2,2,,,,0.995859807401157,1.00414019259884,,,,,,TRUE
"BRONX COMMUNITY BOARD #5",2021,2,2,,,,0.995859807401157,1.00414019259884,,,,,,TRUE
"BRONX COMMUNITY BOARD #5",2022,2,2,,,,0.995859807401157,1.00414019259884,,,,,,TRUE
"BRONX COMMUNITY BOARD #5",2023,2,2,,,,0.995859807401157,1.00414019259884,,,,,,TRUE
"BRONX COMMUNITY BOARD #5",2024,2,2,,,,0.995859807401157,1.00414019259884,,,,,,TRUE
"BRONX COMMUNITY BOARD #5",2025,2,2,,,,0.995859807401157,1.00414019259884,,,,,,TRUE
"BRONX COMMUNITY BOARD #6",2014,1,1,,,,0.294688825250771,0.705311174749229,,,,,,TRUE
"BRONX COMMUNITY BOARD #6",2015,1,1,,,,0.294688825250771,0.705311174749229,,,,,,TRUE
"BRONX COMMUNITY BOARD #6",2016,1,1,,,,0.294688825250771,0.705311174749229,,,,,,TRUE
"BRONX COMMUNITY BOARD #6",2017,2,2,,,,0.998640000387906,1.00135999961209,,,,,,TRUE
"BRONX COMMUNITY BOARD #6",2018,2,2,,,,0.998640000387906,1.00135999961209,,,,,,TRUE
"BRONX COMMUNITY BOARD #6",2019,2,2,,,,0.998640000387906,1.00135999961209,,,,,,TRUE
"BRONX COMMUNITY BOARD #6",2020,2,2,,,,0.998640000387906,1.00135999961209,,,,,,TRUE
"BRONX COMMUNITY BOARD #6",2021,2,2,,,,0.998640000387906,1.00135999961209,,,,,,TRUE
"BRONX COMMUNITY BOARD #6",2022,1,1,,,,0.00281802208003183,0.997181977919968,,,,,,TRUE
"BRONX COMMUNITY BOARD #6",2023,2,2,,,,0.99650319223579,1.00349680776421,,,,,,TRUE
"BRONX COMMUNITY BOARD #6",2024,2,2,,,,0.99650319223579,1.00349680776421,,,,,,TRUE
"BRONX COMMUNITY BOARD #6",2025,3,3,,,,1.00066575601701,1.99933424398299,,,,,,TRUE
"BRONX COMMUNITY BOARD #7",2014,3,3,,,,1.99342742566759,1.00657257433241,,,,,,TRUE
"BRONX COMMUNITY BOARD #7",2015,3,3,,,,1.99342742566759,1.00657257433241,,,,,,TRUE
"BRONX COMMUNITY BOARD #7",2016,3,3,,,,1.99628986247763,1.00371013752237,,,,,,TRUE
"BRONX COMMUNITY BOARD #7",2017,3,3,,,,2.98387135302946,0.0161286469705442,,,,,,TRUE
"BRONX COMMUNITY BOARD #7",2018,2,2,,,,1.98758908701776,0.0124109129822422,,,,,,TRUE
"BRONX COMMUNITY BOARD #7",2019,2,2,,,,1.98758908701776,0.0124109129822422,,,,,,TRUE
"BRONX COMMUNITY BOARD #7",2020,2,2,,,,1.98758908701776,0.0124109129822422,,,,,,TRUE
"BRONX COMMUNITY BOARD #7",2021,1,1,,,,0.995081635189956,0.00491836481004389,,,,,,TRUE
"BRONX COMMUNITY BOARD #7",2022,2,2,,,,0.056996448647699,1.9430035513523,,,,,,TRUE
"BRONX COMMUNITY BOARD #7",2023,1,1,,,,0.00336253332607868,0.996637466673921,,,,,,TRUE
"BRONX COMMUNITY BOARD #7",2024,3,3,,,,0.999920768207667,2.00007923179233,,,,,,TRUE
"BRONX COMMUNITY BOARD #7",2025,3,3,,,,0.999920768207667,2.00007923179233,,,,,,TRUE
"BRONX COMMUNITY BOARD #8",2014,3,3,,,,0.00909654096543461,2.99090345903457,,,,,,TRUE
"BRONX COMMUNITY BOARD #8",2015,2,2,,,,0.00580213140242589,1.99419786859757,,,,,,TRUE
"BRONX COMMUNITY BOARD #8",2016,3,3,,,,0.00728624656549171,2.99271375343451,,,,,,TRUE
"BRONX COMMUNITY BOARD #8",2017,3,3,,,,0.999225191851078,2.00077480814892,,,,,,TRUE
"BRONX COMMUNITY BOARD #8",2018,3,3,,,,0.0043442274749852,2.99565577252501,,,,,,TRUE
"BRONX COMMUNITY BOARD #8",2019,3,3,,,,0.0062605944055833,2.99373940559442,,,,,,TRUE
"BRONX COMMUNITY BOARD #8",2020,3,3,,,,1.00093961737535,1.99906038262465,,,,,,TRUE
"BRONX COMMUNITY BOARD #8",2021,3,3,,,,1.00093961737535,1.99906038262465,,,,,,TRUE
"BRONX COMMUNITY BOARD #8",2022,3,3,,,,1.00093961737535,1.99906038262465,,,,,,TRUE
"BRONX COMMUNITY BOARD #8",2023,2,2,,,,1.99688594731303,0.00311405268697279,,,,,,TRUE
"BRONX COMMUNITY BOARD #8",2024,1,1,,,,0.000575515908904053,0.999424484091096,,,,,,TRUE
"BRONX COMMUNITY BOARD #8",2025,1,1,,,,0.000575515908904053,0.999424484091096,,,,,,TRUE
"BRONX COMMUNITY BOARD #9",2014,2,2,,,,1.00071923140558,0.999280768594423,,,,,,TRUE
"BRONX COMMUNITY BOARD #9",2015,1,1,,,,0.00738375573737777,0.992616244262622,,,,,,TRUE
"BRONX COMMUNITY BOARD #9",2016,2,2,,,,1.00358156275752,0.996418437242477,,,,,,TRUE
"BRONX COMMUNITY BOARD #9",2017,1,1,,,,0.996197807020145,0.00380219297985519,,,,,,TRUE
"BRONX COMMUNITY BOARD #9",2018,3,3,,,,1.012740988989,1.987259011011,,,,,,TRUE
"BRONX COMMUNITY BOARD #9",2019,3,3,,,,1.012740988989,1.987259011011,,,,,,TRUE
"BRONX COMMUNITY BOARD #9",2020,3,3,,,,1.012740988989,1.987259011011,,,,,,TRUE
"BRONX COMMUNITY BOARD #9",2021,3,3,,,,1.012740988989,1.987259011011,,,,,,TRUE
"BRONX COMMUNITY BOARD #9",2022,3,3,,,,1.012740988989,1.987259011011,,,,,,TRUE
"BRONX COMMUNITY BOARD #9",2023,3,3,,,,1.012740988989,1.987259011011,,,,,,TRUE
"BRONX COMMUNITY BOARD #9",2024,3,3,,,,1.012740988989,1.987259011011,,,,,,TRUE
"BRONX COMMUNITY BOARD #9",2025,3,3,,,,1.00992180958361,1.99007819041639,,,,,,TRUE
"BRONX DA",2014,727,727,60155.9215955984,64441.5301745965,57438.5993648721,282.095213477587,444.904786522413,84756.2959153596,75545.7375320364,0.108671081998687,7002.93080972446,0.611973571557652,FALSE
"BRONX DISTRICT ATTORNEY",2015,740,740,64710.5824324324,69400.3555535629,61672.8830798421,290.896865509557,449.103134490444,90838.4313170368,80723.9085316802,0.111346295160645,7727.47247372071,0.606896127689788,FALSE
"BRONX DISTRICT ATTORNEY",2016,754,754,64779.9297082228,67107.1202615589,63224.5528078523,302.056357516661,451.943642483339,87332.575656465,82279.8388593777,0.0578562667951433,3882.56745370651,0.599394751304164,FALSE
"BRONX DISTRICT ATTORNEY",2017,884,884,66153.1470588235,68745.6422644556,64376.0310535863,359.521813913777,524.478186086222,87914.3081773901,82326.2980293439,0.0635620101425474,4369.61121086926,0.593301115482152,FALSE
"BRONX DISTRICT ATTORNEY",2018,881,881,66556.0851305335,69104.5168200703,64826.2484187128,356.215646178362,524.784353821637,86829.9193525125,81454.2692886315,0.0619101123664172,4278.26840135752,0.595668960069963,FALSE
"BRONX DISTRICT ATTORNEY",2019,930,930,72038.7032258065,74528.7442266749,70304.915354739,381.744329370482,548.255670629517,92014.2725441591,86799.4719321947,0.0566738231773963,4223.82887193597,0.589522226483352,FALSE
"BRONX DISTRICT ATTORNEY",2020,916,916,74158.3449781656,77467.3136857951,72041.8880010303,357.331332820625,558.668667179375,93980.616966751,87398.6815813377,0.0700350306036191,5425.42568476482,0.60990029168054,FALSE
"BRONX DISTRICT ATTORNEY",2021,905,905,76647.0475138121,79526.9939883366,74853.0074741103,347.37075748689,557.629242513109,94528.3176412174,88972.6684243945,0.0587723272290646,4673.98651422637,0.616164908854264,FALSE
"BRONX DISTRICT ATTORNEY",2022,820,820,84750.7243902439,88228.865042979,82664.0257821251,307.482890061929,512.517109938071,99832.5678786373,93535.8508918295,0.0630727739515078,5564.8392608539,0.625020865778135,FALSE
"BRONX DISTRICT ATTORNEY",2023,843,843,90118.5397390273,93364.2138425209,88018.1827042312,331.199152143269,511.800847856731,100336.204624831,94590.9575741045,0.057259959873993,5346.03113828965,0.607118443483666,FALSE
"BRONX DISTRICT ATTORNEY",2024,878,878,97363.2129840543,99549.5333308377,95870.7457277769,356.20057268914,521.799427310861,103436.004567603,99613.5949732877,0.0369543430287602,3678.78760306077,0.59430458691442,FALSE
"BRONX DISTRICT ATTORNEY",2025,998,998,100226.094188377,101448.616028686,99412.1257624443,398.892399608676,599.107600391323,101448.616028686,99412.1257624443,0.0200741059460638,2036.49026624138,0.600308216824974,FALSE
"BROOKLYN COMMUNITY BOARD #1",2014,2,2,,,,0.998759975017354,1.00124002498265,,,,,,TRUE
"BROOKLYN COMMUNITY BOARD #1",2015,2,2,,,,0.998759975017354,1.00124002498265,,,,,,TRUE
"BROOKLYN COMMUNITY BOARD #1",2016,2,2,,,,0.998759975017354,1.00124002498265,,,,,,TRUE
"BROOKLYN COMMUNITY BOARD #1",2017,2,2,,,,0.998759975017354,1.00124002498265,,,,,,TRUE
"BROOKLYN COMMUNITY BOARD #1",2018,2,2,,,,0.998759975017354,1.00124002498265,,,,,,TRUE
"BROOKLYN COMMUNITY BOARD #1",2019,3,3,,,,1.0003363579351,1.9996636420649,,,,,,TRUE
"BROOKLYN COMMUNITY BOARD #1",2020,3,3,,,,1.0003363579351,1.9996636420649,,,,,,TRUE
"BROOKLYN COMMUNITY BOARD #1",2021,3,3,,,,1.0003363579351,1.9996636420649,,,,,,TRUE
"BROOKLYN COMMUNITY BOARD #1",2022,3,3,,,,1.0003363579351,1.9996636420649,,,,,,TRUE
"BROOKLYN COMMUNITY BOARD #1",2023,2,2,,,,0.00562049378502161,1.99437950621498,,,,,,TRUE
"BROOKLYN COMMUNITY BOARD #1",2024,2,2,,,,0.996343785294651,1.00365621470535,,,,,,TRUE
"BROOKLYN COMMUNITY BOARD #1",2025,2,2,,,,0.996343785294651,1.00365621470535,,,,,,TRUE
"BROOKLYN COMMUNITY BOARD #10",2014,2,2,,,,0.0062759021577677,1.99372409784223,,,,,,TRUE
"BROOKLYN COMMUNITY BOARD #10",2015,2,2,,,,0.0062759021577677,1.99372409784223,,,,,,TRUE
"BROOKLYN COMMUNITY BOARD #10",2016,2,2,,,,0.0062759021577677,1.99372409784223,,,,,,TRUE
"BROOKLYN COMMUNITY BOARD #10",2017,2,2,,,,0.0062759021577677,1.99372409784223,,,,,,TRUE
"BROOKLYN COMMUNITY BOARD #10",2018,2,2,,,,0.0062759021577677,1.99372409784223,,,,,,TRUE
"BROOKLYN COMMUNITY BOARD #10",2019,2,2,,,,0.0062759021577677,1.99372409784223,,,,,,TRUE
"BROOKLYN COMMUNITY BOARD #10",2020,2,2,,,,0.0062759021577677,1.99372409784223,,,,,,TRUE
"BROOKLYN COMMUNITY BOARD #10",2021,2,2,,,,0.0062759021577677,1.99372409784223,,,,,,TRUE
"BROOKLYN COMMUNITY BOARD #10",2022,2,2,,,,0.0062759021577677,1.99372409784223,,,,,,TRUE
"BROOKLYN COMMUNITY BOARD #10",2023,2,2,,,,0.0062759021577677,1.99372409784223,,,,,,TRUE
"BROOKLYN COMMUNITY BOARD #10",2024,2,2,,,,0.0062759021577677,1.99372409784223,,,,,,TRUE
"BROOKLYN COMMUNITY BOARD #10",2025,2,2,,,,0.0062759021577677,1.99372409784223,,,,,,TRUE
"BROOKLYN COMMUNITY BOARD #11",2014,2,2,,,,0.00225661665580246,1.9977433833442,,,,,,TRUE
"BROOKLYN COMMUNITY BOARD #11",2015,2,2,,,,0.00225661665580246,1.9977433833442,,,,,,TRUE
"BROOKLYN COMMUNITY BOARD #11",2016,2,2,,,,0.00225661665580246,1.9977433833442,,,,,,TRUE
"BROOKLYN COMMUNITY BOARD #11",2017,2,2,,,,0.00225661665580246,1.9977433833442,,,,,,TRUE
"BROOKLYN COMMUNITY BOARD #11",2018,2,2,,,,0.00225661665580246,1.9977433833442,,,,,,TRUE
"BROOKLYN COMMUNITY BOARD #11",2019,2,2,,,,0.00225661665580246,1.9977433833442,,,,,,TRUE
"BROOKLYN COMMUNITY BOARD #11",2020,1,1,,,,0,1,,,,,,TRUE
"BROOKLYN COMMUNITY BOARD #11",2021,2,2,,,,0.0137240025634615,1.98627599743654,,,,,,TRUE
"BROOKLYN COMMUNITY BOARD #11",2022,2,2,,,,0.0137240025634615,1.98627599743654,,,,,,TRUE
"BROOKLYN COMMUNITY BOARD #11",2023,2,2,,,,0.0137240025634615,1.98627599743654,,,,,,TRUE
"BROOKLYN COMMUNITY BOARD #11",2024,2,2,,,,0.0137240025634615,1.98627599743654,,,,,,TRUE
"BROOKLYN COMMUNITY BOARD #11",2025,2,2,,,,0.0137240025634615,1.98627599743654,,,,,,TRUE
"BROOKLYN COMMUNITY BOARD #12",2014,3,3,,,,1.00189862503583,1.99810137496417,,,,,,TRUE
"BROOKLYN COMMUNITY BOARD #12",2015,3,3,,,,1.00189862503583,1.99810137496417,,,,,,TRUE
"BROOKLYN COMMUNITY BOARD #12",2016,3,3,,,,1.00189862503583,1.99810137496417,,,,,,TRUE
"BROOKLYN COMMUNITY BOARD #12",2017,3,3,,,,1.00189862503583,1.99810137496417,,,,,,TRUE
"BROOKLYN COMMUNITY BOARD #12",2018,2,2,,,,0.998684169414604,1.0013158305854,,,,,,TRUE
"BROOKLYN COMMUNITY BOARD #12",2019,2,2,,,,0.998684169414604,1.0013158305854,,,,,,TRUE
"BROOKLYN COMMUNITY BOARD #12",2020,2,2,,,,0.998684169414604,1.0013158305854,,,,,,TRUE
"BROOKLYN COMMUNITY BOARD #12",2021,2,2,,,,0.998684169414604,1.0013158305854,,,,,,TRUE
"BROOKLYN COMMUNITY BOARD #12",2022,1,1,,,,0.995792041134721,0.0042079588652794,,,,,,TRUE
"BROOKLYN COMMUNITY BOARD #12",2023,1,1,,,,0.995792041134721,0.0042079588652794,,,,,,TRUE
"BROOKLYN COMMUNITY BOARD #12",2024,2,2,,,,0.995792041134721,1.00420795886528,,,,,,TRUE
"BROOKLYN COMMUNITY BOARD #12",2025,2,2,,,,0.995792041134721,1.00420795886528,,,,,,TRUE
"BROOKLYN COMMUNITY BOARD #13",2014,1,1,,,,0.994901793321578,0.00509820667842191,,,,,,TRUE
"BROOKLYN COMMUNITY BOARD #13",2016,2,2,,,,0.94448792775687,1.05551207224313,,,,,,TRUE
"BROOKLYN COMMUNITY BOARD #13",2017,3,3,,,,0.996423110783217,2.00357688921678,,,,,,TRUE
"BROOKLYN COMMUNITY BOARD #13",2018,3,3,,,,0.996423110783217,2.00357688921678,,,,,,TRUE
"BROOKLYN COMMUNITY BOARD #13",2019,3,3,,,,0.996423110783217,2.00357688921678,,,,,,TRUE
"BROOKLYN COMMUNITY BOARD #13",2020,3,3,,,,0.996423110783217,2.00357688921678,,,,,,TRUE
"BROOKLYN COMMUNITY BOARD #13",2021,2,2,,,,0.982699108219755,1.01730089178025,,,,,,TRUE
"BROOKLYN COMMUNITY BOARD #13",2022,2,2,,,,0.982699108219755,1.01730089178025,,,,,,TRUE
"BROOKLYN COMMUNITY BOARD #13",2023,3,3,,,,0.984230424478632,2.01576957552137,,,,,,TRUE
"BROOKLYN COMMUNITY BOARD #13",2024,4,4,,,,0.98710099014525,3.01289900985475,,,,,,TRUE
"BROOKLYN COMMUNITY BOARD #13",2025,4,4,,,,0.98710099014525,3.01289900985475,,,,,,TRUE
"BROOKLYN COMMUNITY BOARD #14",2014,2,2,,,,0.902664040023911,1.09733595997609,,,,,,TRUE
"BROOKLYN COMMUNITY BOARD #14",2015,2,2,,,,0.902664040023911,1.09733595997609,,,,,,TRUE
"BROOKLYN COMMUNITY BOARD #14",2016,2,2,,,,0.902664040023911,1.09733595997609,,,,,,TRUE
"BROOKLYN COMMUNITY BOARD #14",2017,2,2,,,,0.902664040023911,1.09733595997609,,,,,,TRUE
"BROOKLYN COMMUNITY BOARD #14",2018,2,2,,,,0.902664040023911,1.09733595997609,,,,,,TRUE
"BROOKLYN COMMUNITY BOARD #14",2019,2,2,,,,0.902664040023911,1.09733595997609,,,,,,TRUE
"BROOKLYN COMMUNITY BOARD #14",2020,1,1,,,,0.902664040023911,0.0973359599760893,,,,,,TRUE
"BROOKLYN COMMUNITY BOARD #14",2021,2,2,,,,0.902664040023911,1.09733595997609,,,,,,TRUE
"BROOKLYN COMMUNITY BOARD #14",2022,2,2,,,,0.902664040023911,1.09733595997609,,,,,,TRUE
"BROOKLYN COMMUNITY BOARD #14",2023,2,2,,,,0.905695338635866,1.09430466136413,,,,,,TRUE
"BROOKLYN COMMUNITY BOARD #14",2024,2,2,,,,0.905695338635866,1.09430466136413,,,,,,TRUE
"BROOKLYN COMMUNITY BOARD #14",2025,2,2,,,,0.905695338635866,1.09430466136413,,,,,,TRUE
"BROOKLYN COMMUNITY BOARD #15",2014,3,3,,,,0.0275593178333051,2.9724406821667,,,,,,TRUE
"BROOKLYN COMMUNITY BOARD #15",2015,3,3,,,,0.00670560042367531,2.99329439957632,,,,,,TRUE
"BROOKLYN COMMUNITY BOARD #15",2016,3,3,,,,0.00670560042367531,2.99329439957632,,,,,,TRUE
"BROOKLYN COMMUNITY BOARD #15",2017,3,3,,,,0.00670560042367531,2.99329439957632,,,,,,TRUE
"BROOKLYN COMMUNITY BOARD #15",2018,3,3,,,,0.00670560042367531,2.99329439957632,,,,,,TRUE
"BROOKLYN COMMUNITY BOARD #15",2019,3,3,,,,0.00670560042367531,2.99329439957632,,,,,,TRUE
"BROOKLYN COMMUNITY BOARD #15",2020,3,3,,,,0.00670560042367531,2.99329439957632,,,,,,TRUE
"BROOKLYN COMMUNITY BOARD #15",2021,3,3,,,,0.00670560042367531,2.99329439957632,,,,,,TRUE
"BROOKLYN COMMUNITY BOARD #15",2022,2,2,,,,0.00670560042367531,1.99329439957632,,,,,,TRUE
"BROOKLYN COMMUNITY BOARD #15",2023,2,2,,,,0.00670560042367531,1.99329439957632,,,,,,TRUE
"BROOKLYN COMMUNITY BOARD #15",2024,1,1,,,,0.00320615621775507,0.996793843782245,,,,,,TRUE
"BROOKLYN COMMUNITY BOARD #15",2025,2,2,,,,1.00087912387554,0.999120876124461,,,,,,TRUE
"BROOKLYN COMMUNITY BOARD #16",2014,2,2,,,,0.151737563452584,1.84826243654742,,,,,,TRUE
"BROOKLYN COMMUNITY BOARD #16",2015,2,2,,,,0.151737563452584,1.84826243654742,,,,,,TRUE
"BROOKLYN COMMUNITY BOARD #16",2016,2,2,,,,0.151737563452584,1.84826243654742,,,,,,TRUE
"BROOKLYN COMMUNITY BOARD #16",2017,2,2,,,,0.151737563452584,1.84826243654742,,,,,,TRUE
"BROOKLYN COMMUNITY BOARD #16",2018,2,2,,,,0.151737563452584,1.84826243654742,,,,,,TRUE
"BROOKLYN COMMUNITY BOARD #16",2019,2,2,,,,0.151737563452584,1.84826243654742,,,,,,TRUE
"BROOKLYN COMMUNITY BOARD #16",2020,2,2,,,,0.151737563452584,1.84826243654742,,,,,,TRUE
"BROOKLYN COMMUNITY BOARD #16",2021,2,2,,,,0.151737563452584,1.84826243654742,,,,,,TRUE
"BROOKLYN COMMUNITY BOARD #16",2022,2,2,,,,0.151737563452584,1.84826243654742,,,,,,TRUE
"BROOKLYN COMMUNITY BOARD #16",2023,2,2,,,,0.148484848484848,1.85151515151515,,,,,,TRUE
"BROOKLYN COMMUNITY BOARD #16",2024,2,2,,,,0.148484848484848,1.85151515151515,,,,,,TRUE
"BROOKLYN COMMUNITY BOARD #16",2025,1,1,,,,0,1,,,,,,TRUE
"BROOKLYN COMMUNITY BOARD #17",2014,4,4,,,,1.02840120975736,2.97159879024264,,,,,,TRUE
"BROOKLYN COMMUNITY BOARD #17",2015,4,4,,,,1.02840120975736,2.97159879024264,,,,,,TRUE
"BROOKLYN COMMUNITY BOARD #17",2016,4,4,,,,1.02840120975736,2.97159879024264,,,,,,TRUE
"BROOKLYN COMMUNITY BOARD #17",2017,4,4,,,,1.02840120975736,2.97159879024264,,,,,,TRUE
"BROOKLYN COMMUNITY BOARD #17",2018,4,4,,,,1.02840120975736,2.97159879024264,,,,,,TRUE
"BROOKLYN COMMUNITY BOARD #17",2019,4,4,,,,1.02840120975736,2.97159879024264,,,,,,TRUE
"BROOKLYN COMMUNITY BOARD #17",2020,3,3,,,,1.01128958101699,1.98871041898301,,,,,,TRUE
"BROOKLYN COMMUNITY BOARD #17",2021,3,3,,,,1.01128958101699,1.98871041898301,,,,,,TRUE
"BROOKLYN COMMUNITY BOARD #17",2022,3,3,,,,1.01128958101699,1.98871041898301,,,,,,TRUE
"BROOKLYN COMMUNITY BOARD #17",2023,4,4,,,,1.01128958101699,2.98871041898301,,,,,,TRUE
"BROOKLYN COMMUNITY BOARD #17",2024,1,1,,,,1,0,,,,,,TRUE
"BROOKLYN COMMUNITY BOARD #17",2025,1,1,,,,1,0,,,,,,TRUE
"BROOKLYN COMMUNITY BOARD #18",2014,3,3,,,,0.00986605077905466,2.99013394922095,,,,,,TRUE
"BROOKLYN COMMUNITY BOARD #18",2015,3,3,,,,0.00986605077905466,2.99013394922095,,,,,,TRUE
"BROOKLYN COMMUNITY BOARD #18",2016,3,3,,,,0.00986605077905466,2.99013394922095,,,,,,TRUE
"BROOKLYN COMMUNITY BOARD #18",2017,3,3,,,,0.00986605077905466,2.99013394922095,,,,,,TRUE
"BROOKLYN COMMUNITY BOARD #18",2018,3,3,,,,0.00986605077905466,2.99013394922095,,,,,,TRUE
"BROOKLYN COMMUNITY BOARD #18",2019,3,3,,,,0.00986605077905466,2.99013394922095,,,,,,TRUE
"BROOKLYN COMMUNITY BOARD #18",2020,3,3,,,,0.00986605077905466,2.99013394922095,,,,,,TRUE
"BROOKLYN COMMUNITY BOARD #18",2021,1,1,,,,0.00329507450434982,0.99670492549565,,,,,,TRUE
"BROOKLYN COMMUNITY BOARD #18",2022,3,3,,,,0.049360379259318,2.95063962074068,,,,,,TRUE
"BROOKLYN COMMUNITY BOARD #18",2023,3,3,,,,0.049360379259318,2.95063962074068,,,,,,TRUE
"BROOKLYN COMMUNITY BOARD #18",2024,3,3,,,,0.049360379259318,2.95063962074068,,,,,,TRUE
"BROOKLYN COMMUNITY BOARD #18",2025,3,3,,,,0.049360379259318,2.95063962074068,,,,,,TRUE
"BROOKLYN COMMUNITY BOARD #2",2014,1,1,,,,0.99586866040405,0.00413133959595051,,,,,,TRUE
"BROOKLYN COMMUNITY BOARD #2",2015,2,2,,,,1.99586866040405,0.00413133959595051,,,,,,TRUE
"BROOKLYN COMMUNITY BOARD #2",2016,2,2,,,,1.99586866040405,0.00413133959595051,,,,,,TRUE
"BROOKLYN COMMUNITY BOARD #2",2017,2,2,,,,1.99586866040405,0.00413133959595051,,,,,,TRUE
"BROOKLYN COMMUNITY BOARD #2",2018,1,1,,,,1,0,,,,,,TRUE
"BROOKLYN COMMUNITY BOARD #2",2019,2,2,,,,1.99586866040405,0.00413133959595051,,,,,,TRUE
"BROOKLYN COMMUNITY BOARD #2",2020,2,2,,,,0.99586866040405,1.00413133959595,,,,,,TRUE
"BROOKLYN COMMUNITY BOARD #2",2021,1,1,,,,0,1,,,,,,TRUE
"BROOKLYN COMMUNITY BOARD #2",2022,1,1,,,,0,1,,,,,,TRUE
"BROOKLYN COMMUNITY BOARD #2",2023,1,1,,,,0,1,,,,,,TRUE
"BROOKLYN COMMUNITY BOARD #2",2024,3,3,,,,0.0241775309633028,2.9758224690367,,,,,,TRUE
"BROOKLYN COMMUNITY BOARD #2",2025,2,2,,,,0.0211462323513471,1.97885376764865,,,,,,TRUE
"BROOKLYN COMMUNITY BOARD #3",2014,3,3,,,,2.13904117608936,0.860958823910638,,,,,,TRUE
"BROOKLYN COMMUNITY BOARD #3",2015,3,3,,,,2.13904117608936,0.860958823910638,,,,,,TRUE
"BROOKLYN COMMUNITY BOARD #3",2016,3,3,,,,2.13904117608936,0.860958823910638,,,,,,TRUE
"BROOKLYN COMMUNITY BOARD #3",2017,3,3,,,,2.13904117608936,0.860958823910638,,,,,,TRUE
"BROOKLYN COMMUNITY BOARD #3",2018,3,3,,,,2.13904117608936,0.860958823910638,,,,,,TRUE
"BROOKLYN COMMUNITY BOARD #3",2019,3,3,,,,2.13904117608936,0.860958823910638,,,,,,TRUE
"BROOKLYN COMMUNITY BOARD #3",2020,3,3,,,,2.13904117608936,0.860958823910638,,,,,,TRUE
"BROOKLYN COMMUNITY BOARD #3",2021,3,3,,,,2.13904117608936,0.860958823910638,,,,,,TRUE
"BROOKLYN COMMUNITY BOARD #3",2022,2,2,,,,1.18154898752803,0.818451012471974,,,,,,TRUE
"BROOKLYN COMMUNITY BOARD #3",2023,2,2,,,,1.18154898752803,0.818451012471974,,,,,,TRUE
"BROOKLYN COMMUNITY BOARD #3",2024,2,2,,,,0.187520051331408,1.81247994866859,,,,,,TRUE
"BROOKLYN COMMUNITY BOARD #3",2025,2,2,,,,0.187520051331408,1.81247994866859,,,,,,TRUE
"BROOKLYN COMMUNITY BOARD #4",2014,3,3,,,,0.998126863411114,2.00187313658889,,,,,,TRUE
"BROOKLYN COMMUNITY BOARD #4",2015,3,3,,,,0.998126863411114,2.00187313658889,,,,,,TRUE
"BROOKLYN COMMUNITY BOARD #4",2016,3,3,,,,0.998126863411114,2.00187313658889,,,,,,TRUE
"BROOKLYN COMMUNITY BOARD #4",2017,3,3,,,,0.997321981710006,2.00267801828999,,,,,,TRUE
"BROOKLYN COMMUNITY BOARD #4",2018,3,3,,,,0.997321981710006,2.00267801828999,,,,,,TRUE
"BROOKLYN COMMUNITY BOARD #4",2019,3,3,,,,0.997321981710006,2.00267801828999,,,,,,TRUE
"BROOKLYN COMMUNITY BOARD #4",2020,3,3,,,,0.997321981710006,2.00267801828999,,,,,,TRUE
"BROOKLYN COMMUNITY BOARD #4",2021,2,2,,,,0.00427747097627147,1.99572252902373,,,,,,TRUE
"BROOKLYN COMMUNITY BOARD #4",2022,3,3,,,,0.00930059403514534,2.99069940596485,,,,,,TRUE
"BROOKLYN COMMUNITY BOARD #4",2023,2,2,,,,0.00502312305887387,1.99497687694113,,,,,,TRUE
"BROOKLYN COMMUNITY BOARD #4",2024,2,2,,,,0.00502312305887387,1.99497687694113,,,,,,TRUE
"BROOKLYN COMMUNITY BOARD #4",2025,2,2,,,,0.00502312305887387,1.99497687694113,,,,,,TRUE
"BROOKLYN COMMUNITY BOARD #5",2014,2,2,,,,0.994278548969446,1.00572145103055,,,,,,TRUE
"BROOKLYN COMMUNITY BOARD #5",2015,3,3,,,,0.994278548969446,2.00572145103055,,,,,,TRUE
"BROOKLYN COMMUNITY BOARD #5",2016,1,1,,,,0,1,,,,,,TRUE
"BROOKLYN COMMUNITY BOARD #5",2017,3,3,,,,0.929817303768846,2.07018269623115,,,,,,TRUE
"BROOKLYN COMMUNITY BOARD #5",2018,3,3,,,,0.929817303768846,2.07018269623115,,,,,,TRUE
"BROOKLYN COMMUNITY BOARD #5",2019,3,3,,,,0.929817303768846,2.07018269623115,,,,,,TRUE
"BROOKLYN COMMUNITY BOARD #5",2020,3,3,,,,0.929817303768846,2.07018269623115,,,,,,TRUE
"BROOKLYN COMMUNITY BOARD #5",2021,3,3,,,,0.929817303768846,2.07018269623115,,,,,,TRUE
"BROOKLYN COMMUNITY BOARD #5",2022,3,3,,,,0.929817303768846,2.07018269623115,,,,,,TRUE
"BROOKLYN COMMUNITY BOARD #5",2023,3,3,,,,0.00365918017755084,2.99634081982245,,,,,,TRUE
"BROOKLYN COMMUNITY BOARD #5",2024,3,3,,,,0.00365918017755084,2.99634081982245,,,,,,TRUE
"BROOKLYN COMMUNITY BOARD #5",2025,2,2,,,,0.00365918017755084,1.99634081982245,,,,,,TRUE
"BROOKLYN COMMUNITY BOARD #6",2014,3,3,,,,1.99157992270788,1.00842007729212,,,,,,TRUE
"BROOKLYN COMMUNITY BOARD #6",2015,3,3,,,,1.99157992270788,1.00842007729212,,,,,,TRUE
"BROOKLYN COMMUNITY BOARD #6",2016,3,3,,,,1.98218177845266,1.01781822154734,,,,,,TRUE
"BROOKLYN COMMUNITY BOARD #6",2017,3,3,,,,1.98218177845266,1.01781822154734,,,,,,TRUE
"BROOKLYN COMMUNITY BOARD #6",2018,3,3,,,,1.98062970021605,1.01937029978395,,,,,,TRUE
"BROOKLYN COMMUNITY BOARD #6",2019,3,3,,,,1.98062970021605,1.01937029978395,,,,,,TRUE
"BROOKLYN COMMUNITY BOARD #6",2020,3,3,,,,1.98062970021605,1.01937029978395,,,,,,TRUE
"BROOKLYN COMMUNITY BOARD #6",2021,3,3,,,,1.98062970021605,1.01937029978395,,,,,,TRUE
"BROOKLYN COMMUNITY BOARD #6",2022,3,3,,,,1.98062970021605,1.01937029978395,,,,,,TRUE
"BROOKLYN COMMUNITY BOARD #6",2023,2,2,,,,0.995874611683867,1.00412538831613,,,,,,TRUE
"BROOKLYN COMMUNITY BOARD #6",2024,2,2,,,,0.995874611683867,1.00412538831613,,,,,,TRUE
"BROOKLYN COMMUNITY BOARD #6",2025,2,2,,,,0.995874611683867,1.00412538831613,,,,,,TRUE
"BROOKLYN COMMUNITY BOARD #7",2014,3,3,,,,1.00525794024605,1.99474205975395,,,,,,TRUE
"BROOKLYN COMMUNITY BOARD #7",2015,3,3,,,,1.00525794024605,1.99474205975395,,,,,,TRUE
"BROOKLYN COMMUNITY BOARD #7",2016,3,3,,,,1.00525794024605,1.99474205975395,,,,,,TRUE
"BROOKLYN COMMUNITY BOARD #7",2017,3,3,,,,1.00525794024605,1.99474205975395,,,,,,TRUE
"BROOKLYN COMMUNITY BOARD #7",2018,3,3,,,,1.00525794024605,1.99474205975395,,,,,,TRUE
"BROOKLYN COMMUNITY BOARD #7",2019,3,3,,,,1.00525794024605,1.99474205975395,,,,,,TRUE
"BROOKLYN COMMUNITY BOARD #7",2020,3,3,,,,1.00525794024605,1.99474205975395,,,,,,TRUE
"BROOKLYN COMMUNITY BOARD #7",2021,3,3,,,,1.00525794024605,1.99474205975395,,,,,,TRUE
"BROOKLYN COMMUNITY BOARD #7",2022,3,3,,,,1.00525794024605,1.99474205975395,,,,,,TRUE
"BROOKLYN COMMUNITY BOARD #7",2023,3,3,,,,1.00525794024605,1.99474205975395,,,,,,TRUE
"BROOKLYN COMMUNITY BOARD #7",2024,3,3,,,,1.00525794024605,1.99474205975395,,,,,,TRUE
"BROOKLYN COMMUNITY BOARD #7",2025,3,3,,,,1.00525794024605,1.99474205975395,,,,,,TRUE
"BROOKLYN COMMUNITY BOARD #8",2014,3,3,,,,0.00994342013921476,2.99005657986079,,,,,,TRUE
"BROOKLYN COMMUNITY BOARD #8",2015,3,3,,,,0.00994342013921476,2.99005657986079,,,,,,TRUE
"BROOKLYN COMMUNITY BOARD #8",2016,3,3,,,,0.00994342013921476,2.99005657986079,,,,,,TRUE
"BROOKLYN COMMUNITY BOARD #8",2017,3,3,,,,0.00994342013921476,2.99005657986079,,,,,,TRUE
"BROOKLYN COMMUNITY BOARD #8",2018,3,3,,,,0.00994342013921476,2.99005657986079,,,,,,TRUE
"BROOKLYN COMMUNITY BOARD #8",2019,2,2,,,,0.00761107191278705,1.99238892808721,,,,,,TRUE
"BROOKLYN COMMUNITY BOARD #8",2020,2,2,,,,0.00761107191278705,1.99238892808721,,,,,,TRUE
"BROOKLYN COMMUNITY BOARD #8",2021,2,2,,,,0.00761107191278705,1.99238892808721,,,,,,TRUE
"BROOKLYN COMMUNITY BOARD #8",2022,2,2,,,,0.00761107191278705,1.99238892808721,,,,,,TRUE
"BROOKLYN COMMUNITY BOARD #8",2023,2,2,,,,0.00761107191278705,1.99238892808721,,,,,,TRUE
"BROOKLYN COMMUNITY BOARD #8",2024,2,2,,,,0.00761107191278705,1.99238892808721,,,,,,TRUE
"BROOKLYN COMMUNITY BOARD #8",2025,2,2,,,,0.00761107191278705,1.99238892808721,,,,,,TRUE
"BROOKLYN COMMUNITY BOARD #9",2014,2,2,,,,0.0302764188877792,1.96972358111222,,,,,,TRUE
"BROOKLYN COMMUNITY BOARD #9",2015,2,2,,,,0.0302764188877792,1.96972358111222,,,,,,TRUE
"BROOKLYN COMMUNITY BOARD #9",2017,1,1,,,,1,0,,,,,,TRUE
"BROOKLYN COMMUNITY BOARD #9",2018,2,2,,,,1.00125881330286,0.998741186697144,,,,,,TRUE
"BROOKLYN COMMUNITY BOARD #9",2019,2,2,,,,1.00125881330286,0.998741186697144,,,,,,TRUE
"BROOKLYN COMMUNITY BOARD #9",2020,2,2,,,,1.00125881330286,0.998741186697144,,,,,,TRUE
"BROOKLYN COMMUNITY BOARD #9",2021,3,3,,,,1.99230639941701,1.00769360058299,,,,,,TRUE
"BROOKLYN COMMUNITY BOARD #9",2022,3,3,,,,1.99230639941701,1.00769360058299,,,,,,TRUE
"BROOKLYN COMMUNITY BOARD #9",2023,3,3,,,,1.99230639941701,1.00769360058299,,,,,,TRUE
"BROOKLYN COMMUNITY BOARD #9",2024,3,3,,,,1.99230639941701,1.00769360058299,,,,,,TRUE
"BROOKLYN COMMUNITY BOARD #9",2025,3,3,,,,1.99230639941701,1.00769360058299,,,,,,TRUE
"BUSINESS INTEGRITY COMMISSION",2014,59,59,67805.8305084746,68317.4478807726,67277.5435277202,29.9728833454913,29.0271166545087,89854.0710171952,88486.3437017174,0.0152216510614864,1039.90435305241,0.49198502804252,FALSE
"BUSINESS INTEGRITY COMMISSION",2015,68,68,69013.4117647059,73579.1408335048,64479.2592266355,33.8820202183773,34.1179797816227,96308.0617910145,84397.1866413796,0.123674746725576,9099.88160686922,0.501734996788569,FALSE
"BUSINESS INTEGRITY COMMISSION",2016,72,72,71008.125,76062.8739088425,65145.7372779204,38.6632438760712,33.3367561239288,98987.5092896415,84780.0502740276,0.14352779575494,10917.1366309221,0.463010501721234,FALSE
"BUSINESS INTEGRITY COMMISSION",2017,70,70,72257.4285714286,77396.5397822717,66723.4902639566,36.2947516413461,33.705248358654,98977.3755274138,85328.3101664979,0.137900861567455,10673.049518315,0.481503547980771,FALSE
"BUSINESS INTEGRITY COMMISSION",2018,73,73,71191.7397260274,78333.0782076845,64647.6724763967,34.9070329811911,38.0929670188089,98425.619285017,81229.8883742843,0.174707876218061,13685.4057312878,0.521821466011081,FALSE
"BUSINESS INTEGRITY COMMISSION",2019,72,72,70903.2083333333,77029.013912191,64426.3284254883,37.0028557688663,34.9971442311338,95101.1418945571,79541.6829342017,0.163609591329691,12602.6854867026,0.486071447654635,FALSE
"BUSINESS INTEGRITY COMMISSION",2020,77,77,74757.47,81019.3233082368,68190.5114844898,39.4156382244443,37.5843617755558,98289.7899573478,82726.3272169692,0.15834261877182,12828.811823747,0.488108594487737,FALSE
"BUSINESS INTEGRITY COMMISSION",2021,74,74,74670.4667567568,80323.0432773755,69107.6695435256,36.7038142060915,37.2961857939085,95474.5271768545,82143.5767962353,0.139628346689011,11215.3737338498,0.504002510728493,FALSE
"BUSINESS INTEGRITY COMMISSION",2022,65,65,81082.2521538462,80080.8611142801,82130.7799091655,33.2473189990749,31.7526810009251,90612.953018002,92932.47347354,-0.0255981112885398,-2049.91879488544,0.488502784629616,FALSE
"BUSINESS INTEGRITY COMMISSION",2023,63,63,86840.5050793651,85628.1547265588,88172.6438157544,32.9829437072026,30.0170562927974,92022.4537935092,94756.9530990976,-0.029715566069607,-2544.48908919559,0.476461210996784,FALSE
"BUSINESS INTEGRITY COMMISSION",2024,58,58,91212.2724137931,87459.405145852,95563.7728148863,31.142099367942,26.8579006320579,90873.8708003956,99294.6376607068,-0.0926643355911121,-8104.36766903427,0.463067252276861,FALSE
"BUSINESS INTEGRITY COMMISSION",2025,58,58,98479.6879310345,96650.8598173268,100749.596565157,32.1207993777079,25.8792006222921,96650.8598173268,100749.596565157,-0.0424076594411731,-4098.73674782975,0.44619311417745,FALSE
"CAMPAIGN FINANCE BOARD",2014,75,75,75553.16,74187.4828704359,76462.7541096046,29.9830442392751,45.0169557607249,97574.5956737239,100567.131107197,-0.0306692065984009,-2275.27123916872,0.600226076809665,FALSE
"CAMPAIGN FINANCE BOARD",2015,76,76,79261.3421052632,79808.4732550276,78885.0453371112,30.969991078545,45.0300089214549,104461.662457898,103252.983585451,0.0115705498458235,923.427917916371,0.592500117387565,FALSE
"CAMPAIGN FINANCE BOARD",2016,78,78,82648.3205128205,80101.8800794539,84841.548749253,36.0936205376111,41.9063794623889,104243.833962746,110411.994227685,-0.0591705046760168,-4739.66866979907,0.537261275158832,FALSE
"CAMPAIGN FINANCE BOARD",2017,80,80,83598.2875,83109.4715618769,84047.2896086625,38.3018527059926,41.6981472940074,106283.270541625,107482.584739058,-0.0112841295842842,-937.8180467856,0.521226841175092,FALSE
"CAMPAIGN FINANCE BOARD",2018,91,91,85906.7692307692,86533.3518366809,85299.3196878446,44.7945448246787,46.2054551753213,108729.274250556,107178.71117751,0.0142607690866441,1234.03214883624,0.507752254673861,FALSE
"CAMPAIGN FINANCE BOARD",2019,92,92,91093.5434782609,90111.3584382071,92279.264763239,50.3187600674501,41.6812399325499,111252.794887291,113929.32359459,-0.0240580806083238,-2167.90632503195,0.453056955788586,FALSE
"CAMPAIGN FINANCE BOARD",2020,99,99,94035.7474747475,97087.4690790709,91243.1220528955,47.3055271230649,51.6944728769351,117783.098569798,110692.942565221,0.0601967182954945,5844.34702617537,0.522166392696314,FALSE
"CAMPAIGN FINANCE BOARD",2021,95,95,90465.2105263158,95243.401157614,86238.0180911782,44.5936922811009,50.4063077188991,113209.3397014,102505.254606599,0.0945512545434319,9005.38306643575,0.530592712830517,FALSE
"CAMPAIGN FINANCE BOARD",2022,98,98,96953.1428571429,105000.972941288,89304.8931680686,47.7525904785538,50.2474095214462,118810.513468328,101050.113301952,0.14948508888576,15696.0797732198,0.512728668586186,FALSE
"CAMPAIGN FINANCE BOARD",2023,118,118,98823.8474576271,103850.387522228,94609.3900849337,53.8151831934106,64.1848168065894,111605.435358496,101674.364644723,0.0889837549745908,9240.99743729422,0.543939125479571,FALSE
"CAMPAIGN FINANCE BOARD",2024,136,136,104712.5,111704.621749724,98423.4593448975,64.4002010534201,71.5997989465799,116065.634653735,102265.968003333,0.118895370637241,13281.1624048263,0.526469109901323,FALSE
"CAMPAIGN FINANCE BOARD",2025,149,149,105599.409395973,113586.152012625,99591.1531411414,63.9678638198449,85.0321361801551,113586.152012625,99591.1531411414,0.123210432112603,13994.9988714833,0.570685477719162,FALSE
"CITY CLERK",2014,54,54,59073.2222222222,69924.4273728405,52886.0792261404,19.6090441932379,34.3909558067621,91967.6401548398,69558.0655603509,0.243668039723097,17038.3481467001,0.636869551977076,FALSE
"CITY CLERK",2015,57,57,60513.2631578947,73393.3173921249,53849.1369130741,19.4357187993602,37.5642812006398,96064.8366694392,70483.3726850968,0.266293733183233,19544.1804790508,0.659022477204207,FALSE
"CITY CLERK",2016,56,56,62423.125,73936.0096800156,56048.4633508562,19.9569603221724,36.0430396778276,96219.6281698573,72940.9434787084,0.241932806579286,17887.5463291594,0.643625708532636,FALSE
"CITY CLERK",2017,59,59,60690.779661017,72007.4218891211,54150.9619068695,21.6083841857913,37.3916158142087,92085.5849257614,69250.1254824132,0.247980826334088,17856.4599822516,0.633756200240826,FALSE
"CITY CLERK",2018,55,55,62526,74839.8814891669,55147.578148206,20.6077062099972,34.3922937900028,94036.4128581623,69293.0069327158,0.263125795352995,19692.3033409609,0.625314432545505,FALSE
"CITY CLERK",2019,56,56,65817.6428571429,75306.6686965346,60275.0710840283,20.6487711616347,35.3512288383653,92974.7094189672,74416.4801901934,0.19960513288776,15031.5976125063,0.631271943542238,FALSE
"CITY CLERK",2020,52,52,68563.8076923077,80242.940721831,61901.3876037482,18.8885773399164,33.1114226600836,97347.9099436868,75096.583595166,0.228575285914126,18341.5531180827,0.636758128078531,FALSE
"CITY CLERK",2021,51,51,69608.5490196078,81416.221493974,62663.0412762307,18.8885773399164,32.1114226600836,96773.913618045,74483.2864045255,0.230337147482719,18753.1802177432,0.629635738433012,FALSE
"CITY CLERK",2022,48,48,72695.7916666667,87123.9763916397,64828.6167023988,16.9373539403845,31.0626460596155,98582.3662441787,73354.7606474104,0.25590383511674,22295.3596892409,0.647138459575322,FALSE
"CITY CLERK",2023,47,47,80113.2765957447,94111.8953810083,72238.6290772318,16.9205837038707,30.0794162961293,101139.719427263,77633.0627186127,0.232417657887172,21873.2663037765,0.639987580768708,FALSE
"CITY CLERK",2024,48,48,85284.0625,96400.6054933913,78353.2597142072,18.4336543328032,29.5663456671968,100164.140769963,81412.2161954403,0.187211954601481,18047.3457791841,0.615965534733266,FALSE
"CITY CLERK",2025,43,43,89538.2325581395,99869.8686939256,83196.4751136717,16.3551330327299,26.6448669672701,99869.8686939256,83196.4751136717,0.166951191568634,16673.3935802539,0.619648069006281,FALSE
"CITY COUNCIL",2014,260,260,83857.3076923077,88817.3832819294,77988.689088472,140.907186936648,119.092813063352,116816.475330045,102574.106985424,0.121920887480825,10828.6941934574,0.458049281012892,FALSE
"CITY COUNCIL",2015,292,292,81965.8390410959,86498.7566455711,76718.5171371627,156.664670086167,135.335329913833,113218.603880113,100417.205273976,0.113067977941961,9780.23950840849,0.463477157239154,FALSE
"CITY COUNCIL",2016,294,294,89855.0068027211,95224.0887227363,83435.5112225261,160.09834100371,133.90165899629,123923.734177282,108582.190203908,0.123798270567177,11788.5775002102,0.455447819715272,FALSE
"CITY COUNCIL",2017,289,289,94366.9273356401,100225.09104898,87154.4864115204,159.471997270644,129.528002729356,128171.317502444,111456.175621276,0.130412499511442,13070.6046374593,0.448193781070436,FALSE
"CITY COUNCIL",2018,311,311,93164.4051446945,98436.5179243296,86246.8226779454,176.490724638678,134.509275361322,123685.618625573,108369.249972983,0.123833060163249,12189.6952463842,0.432505708557304,FALSE
"CITY COUNCIL",2019,382,382,99035.1230366492,102725.562141195,94905.8893413098,201.717809937366,180.282190062634,126826.474405144,117172.192534696,0.0761219762335042,7819.67279988542,0.471942905923126,FALSE
"CITY COUNCIL",2020,372,372,102426.064516129,103892.127992983,100670.552883935,202.711501383949,169.288498616051,126038.271139374,122129.969664238,0.0310088470732391,3221.57510904779,0.455076609182933,FALSE
"CITY COUNCIL",2021,345,345,101302.162318841,103573.237451752,98516.987207306,190.039133156996,154.960866843004,123110.44838944,117100.428329452,0.0488181152665196,5056.25024444624,0.449161932878273,FALSE
"CITY COUNCIL",2022,315,315,114659.101587302,111529.643422252,117951.220235239,161.489522636101,153.510477363899,126197.823036807,133463.954169267,-0.0575773096366409,-6421.57681298716,0.487334848774283,FALSE
"CITY COUNCIL",2023,382,382,109417.662303665,108859.648962598,110005.641133728,195.994282284388,186.005717715612,116988.764368774,118220.333727618,-0.01052724477849,-1145.99217112976,0.486925962606313,FALSE
"CITY COUNCIL",2024,421,421,110880.667458432,110474.0658815,111296.938440126,212.973541839587,208.026458160413,114787.037174195,115642.035152434,-0.00744855864641055,-822.872558625779,0.494124603706444,FALSE
"CITY COUNCIL",2025,711,711,102378.649789029,104190.638493467,100817.15382029,329.102913258034,381.897086741966,104190.638493467,100817.15382029,0.0323780017279471,3373.48467317739,0.537126704278433,FALSE
"CIVIL SERVICE COMMISSION",2014,5,5,,,,0.0269345665173175,4.97306543348268,,,,,,TRUE
"CIVIL SERVICE COMMISSION",2015,6,6,,,,0.0222010157959494,5.97779898420405,,,,,,TRUE
"CIVIL SERVICE COMMISSION",2016,6,6,,,,0.0222010157959494,5.97779898420405,,,,,,TRUE
"CIVIL SERVICE COMMISSION",2017,6,6,,,,1.01544517283395,4.98455482716605,,,,,,TRUE
"CIVIL SERVICE COMMISSION",2018,6,6,,,,1.01544517283395,4.98455482716605,,,,,,TRUE
"CIVIL SERVICE COMMISSION",2019,7,7,,,,1.04806570044055,5.95193429955945,,,,,,TRUE
"CIVIL SERVICE COMMISSION",2020,7,7,,,,1.03866169640611,5.96133830359389,,,,,,TRUE
"CIVIL SERVICE COMMISSION",2021,7,7,,,,1.03866169640611,5.96133830359389,,,,,,TRUE
"CIVIL SERVICE COMMISSION",2022,8,8,,,,2.94480783451182,5.05519216548818,,,,,,TRUE
"CIVIL SERVICE COMMISSION",2023,6,6,,,,1.94034133677174,4.05965866322826,,,,,,TRUE
"CIVIL SERVICE COMMISSION",2024,7,7,,,,1.959438497138,5.040561502862,,,,,,TRUE
"CIVIL SERVICE COMMISSION",2025,7,7,,,,1.959438497138,5.040561502862,,,,,,TRUE
"CIVILIAN COMPLAINT REVIEW BD",2014,140,140,56669.7095714286,54700.0295021276,58318.144762939,63.7848465777457,76.2151534222543,71943.8516512577,76702.5537936551,-0.0661446674479529,-3618.11526081144,0.544393953016102,FALSE
"CIVILIAN COMPLAINT REVIEW BD",2015,132,132,59191.5681818182,57031.5594108197,61212.5941603832,63.8060779567631,68.1939220432369,74648.8595212578,80121.4343359393,-0.0733108965063711,-4181.03474956356,0.516620621539674,FALSE
"CIVILIAN COMPLAINT REVIEW BD",2016,133,133,65985.4736842105,63967.2194221865,67831.1703856841,63.530221686298,69.4697783137019,83246.3382119213,88274.847683603,-0.0604051731246179,-3863.9509634976,0.522329160253398,FALSE
"CIVILIAN COMPLAINT REVIEW BD",2017,147,147,72707.6802721088,71262.4135533826,74468.7857586779,80.7400045752976,66.2599954247024,91132.8424643428,95233.2622859131,-0.0449938760900019,-3206.37220529537,0.450748268195254,FALSE
"CIVILIAN COMPLAINT REVIEW BD",2018,157,157,73490.1464968153,71195.0359511403,75877.9591204977,80.0539680794265,76.9460319205735,89456.659483383,95340.758813504,-0.0657759787153024,-4682.9231693574,0.49010211414378,FALSE
"CIVILIAN COMPLAINT REVIEW BD",2019,154,154,80502.7141558442,78953.6510100245,81933.052857376,73.9316719668797,80.0683280331203,97477.3268726648,101155.739764837,-0.0377360870490106,-2979.40184735149,0.519924208007275,FALSE
"CIVILIAN COMPLAINT REVIEW BD",2020,177,177,80352.3200564972,78318.6481805712,82381.6346469747,88.4050895774888,88.5949104225112,95013.4259962296,99942.4980999675,-0.0518776378396614,-4062.98646640353,0.500536217076334,FALSE
"CIVILIAN COMPLAINT REVIEW BD",2021,166,166,81647.4895783133,80922.4764917945,82330.1245446435,80.5012333739722,85.4987666260278,96187.0325848372,97860.207887883,-0.0173950194541036,-1407.64805284901,0.515052811000167,FALSE
"CIVILIAN COMPLAINT REVIEW BD",2022,177,177,81769.086779661,83313.2093400881,80447.0063496057,81.643985752873,95.356014247127,94270.413912497,91027.2530210824,0.0344027437327794,2866.20299048246,0.538734543769079,FALSE
"CIVILIAN COMPLAINT REVIEW BD",2023,189,189,84713.4061375661,83004.4514467754,86317.9233756379,91.5214507640819,97.4785492359181,89202.8249622825,92763.7310502805,-0.0399192075980072,-3313.47192886253,0.515759519766763,FALSE
"CIVILIAN COMPLAINT REVIEW BD",2024,197,197,90065.2048223351,89989.4922080512,90135.1065044192,94.569226470657,102.430773529343,93502.733921756,93654.0330842962,-0.00161812554771768,-145.614296367989,0.519953165123569,FALSE
"CIVILIAN COMPLAINT REVIEW BD",2025,201,201,95556.7212437811,95497.4838622148,95610.7870125561,95.9127746319822,105.087225368018,95497.4838622148,95610.7870125561,-0.00118645168185626,-113.303150341366,0.522822016756308,FALSE
"COMMISSION ON RACIAL EQUITY",2024,6,6,,,,1.00466447227433,4.99533552772567,,,,,,TRUE
"COMMISSION ON RACIAL EQUITY",2025,10,10,,,,1.28747978354883,8.71252021645117,,,,,,TRUE
"COMMUNITY COLLEGE (BRONX)",2014,707,707,65079.6322489392,65169.148909695,64991.3713539151,351.002985209611,355.997014790389,85713.2916393668,85479.4708861355,0.00272794042509681,177.77755577991,0.50353184553096,FALSE
"COMMUNITY COLLEGE (BRONX)",2015,701,701,65834.2993152639,66898.0660338922,64759.4480170862,352.316661555054,348.683338444946,87563.1735340631,84763.9269843381,0.0319683085565218,2138.61801680604,0.497408471390793,FALSE
"COMMUNITY COLLEGE (BRONX)",2016,734,734,65553.8117166212,65357.709044095,65763.8153472955,379.562355225985,354.437644774015,85055.9083384822,85584.4112650062,-0.00621359452679924,-406.106303200526,0.482885074623999,FALSE
"COMMUNITY COLLEGE (BRONX)",2017,762,762,72217.2454068241,72907.2611372675,71526.629138062,381.165724899582,380.834275100418,93236.3305201853,91470.7305045393,0.0189368243665892,1380.63199920549,0.499782513255141,FALSE
"COMMUNITY COLLEGE (BRONX)",2018,785,785,72369.1286624203,73303.152955343,71472.9115005556,384.392163243594,400.607836756406,92105.5113657741,89805.8104890777,0.0249681136622105,1830.24145478741,0.510328454466759,FALSE
"COMMUNITY COLLEGE (BRONX)",2019,750,750,73620.2013333331,75066.3678194692,72286.7211531279,359.797576887883,390.202423112117,92678.0304580599,89246.2382202183,0.0370291882647921,2779.64666634126,0.520269897482823,FALSE
"COMMUNITY COLLEGE (BRONX)",2020,718,718,78193.1364902508,78858.5145407187,77565.3298056881,348.569842579578,369.430157420422,95668.3728530686,94099.526671786,0.0163987965353176,1293.18473503063,0.514526681644042,FALSE
"COMMUNITY COLLEGE (BRONX)",2021,690,690,79217.1289855073,79649.123134194,78801.5774867895,338.306892370133,351.693107629867,94673.4842332622,93666.0644861379,0.0106409915646723,847.545647404506,0.509700155985314,FALSE
"COMMUNITY COLLEGE (BRONX)",2022,640,640,83183.4390625,83555.1842825456,82824.2291473805,314.512252006524,325.487747993476,94544.212967444,93717.1239177089,0.00874817213846808,730.955135165132,0.508574606239806,FALSE
"COMMUNITY COLLEGE (BRONX)",2023,626,626,85736.5159744409,86515.9800590934,84922.9983311613,319.691077281922,306.308922718078,92976.577654998,91264.6397074779,0.0184125721842828,1592.98172793203,0.489311378143894,FALSE
"COMMUNITY COLLEGE (BRONX)",2024,596,596,87467.6124161075,88740.0000581651,86206.3299257372,296.693857120325,299.306142879676,92204.4608771874,89571.8748004687,0.0285516129227761,2533.67013242785,0.502191514898785,FALSE
"COMMUNITY COLLEGE (BRONX)",2025,618,618,89875.2281553398,91374.4609868583,88348.8404183235,311.77327100632,306.22672899368,91374.4609868583,88348.8404183235,0.0331123219317264,3025.62056853482,0.495512506462265,FALSE
"COMMUNITY COLLEGE (HOSTOS)",2014,500,500,63943.124,65960.1986696218,62180.7396844499,233.152988624107,266.847011375893,86753.7145988228,81782.8061911655,0.0572990843175336,3779.45898517193,0.533694022751786,FALSE
"COMMUNITY COLLEGE (HOSTOS)",2015,501,501,64909.5608782435,66483.3962146327,63538.8614786428,233.21864429257,267.78135570743,87020.4103796731,83166.295883539,0.0442897761492788,2944.5347359899,0.534493723966926,FALSE
"COMMUNITY COLLEGE (HOSTOS)",2016,519,519,64662.0867052023,66944.4849705819,62812.8899888631,232.291185371899,286.708814628101,87120.9236171836,81744.1047354246,0.0617167341497127,4131.59498171884,0.552425461711176,FALSE
"COMMUNITY COLLEGE (HOSTOS)",2017,543,543,70462.5598526704,72086.2529602778,69124.9804970114,245.268072807349,297.731927192651,92186.3968296922,88399.419046703,0.0410795726183488,2961.27246326639,0.548309258181678,FALSE
"COMMUNITY COLLEGE (HOSTOS)",2018,546,546,71460.5384615385,73293.1260520006,70056.3210752991,236.870215661857,309.129784338143,92092.9125480899,88025.8626934679,0.0441624631265561,3236.8049767015,0.566171766187076,FALSE
"COMMUNITY COLLEGE (HOSTOS)",2019,540,540,71872.4944444443,73340.6634503432,70770.3336791857,231.552705772734,308.447294227265,90547.450722697,87374.0841706948,0.0350464483171439,2570.3297711575,0.571198693013455,FALSE
"COMMUNITY COLLEGE (HOSTOS)",2020,544,544,76031.8547794116,77810.6954639095,74756.1987732329,227.191887121519,316.808112878482,94397.1956478349,90691.5878262315,0.039255486311562,3054.49669067662,0.582367854556032,FALSE
"COMMUNITY COLLEGE (HOSTOS)",2021,511,511,77203.4970645792,78653.4742444168,76169.17269477,212.751850936795,298.248149063205,93490.0242558138,90537.1043197725,0.031585401325399,2484.30154964684,0.583655869008229,FALSE
"COMMUNITY COLLEGE (HOSTOS)",2022,499,499,79939.751503006,79753.6309231908,80068.0066479677,203.575887996236,295.424112003764,90242.6860963098,90598.4079552264,-0.0039418358905772,-314.375724776881,0.592032288584698,FALSE
"COMMUNITY COLLEGE (HOSTOS)",2023,472,472,84008.0042372881,83996.2703876592,84016.387198811,196.689117819863,275.310882180138,90268.7081749999,90290.3272129273,-0.000239496480723886,-20.1168111517763,0.5832857673308,FALSE
"COMMUNITY COLLEGE (HOSTOS)",2024,461,461,84704.3969631236,84334.1492071808,84968.1859879852,191.797611972744,269.202388027256,87626.6030661209,88285.3930087857,-0.00751814996374405,-634.036780804352,0.58395311936498,FALSE
"COMMUNITY COLLEGE (HOSTOS)",2025,470,470,86416.9361702127,85764.8676422191,86896.2277995954,199.111719058824,270.888280941176,85764.8676422191,86896.2277995954,-0.013191417284009,-1131.36015737632,0.576358044555694,FALSE
"COMMUNITY COLLEGE (KINGSBORO)",2014,819,819,63428.5592185592,65315.7461037958,61970.7115852334,356.940176571622,462.059823428379,85906.1026283346,81506.5681242001,0.0512132941610548,3345.03451856246,0.564175608581659,FALSE
"COMMUNITY COLLEGE (KINGSBORO)",2015,831,831,64058.9702166065,66179.3624834405,62447.1802082233,358.87783559245,472.12216440755,86622.4592886639,81737.3894563007,0.0563949566022351,3732.18227521721,0.568137381958544,FALSE
"COMMUNITY COLLEGE (KINGSBORO)",2016,828,828,65847.4833937198,66848.8236048894,65077.9594783696,359.805019689534,468.194980310465,86996.4308148674,84691.8448826471,0.0264905802529375,1770.86412651979,0.565452874771094,FALSE
"COMMUNITY COLLEGE (KINGSBORO)",2017,809,809,73516.8640296663,73950.9362037068,73187.370135331,349.099536447743,459.900463552258,94571.0183404695,93594.5436078494,0.0103253063121801,763.56606837576,0.568480177444076,FALSE
"COMMUNITY COLLEGE (KINGSBORO)",2018,796,796,74675.6721105527,75638.8028995112,73967.9015314757,337.174528504705,458.825471495296,95040.2586966308,92940.768855608,0.0220905316316984,1670.90136803545,0.576413908913688,FALSE
"COMMUNITY COLLEGE (KINGSBORO)",2019,797,797,75491.511919699,76411.4739304432,74825.7062201134,334.631068039107,462.368931960893,94338.718043504,92380.9061441619,0.0207530051281741,1585.76771032983,0.580136677491711,FALSE
"COMMUNITY COLLEGE (KINGSBORO)",2020,791,791,79530.9582806576,79455.5595492311,79587.0359861548,337.379579841717,453.620420158283,96392.6868325683,96552.189415926,-0.0016547166449974,-131.476436923695,0.573477143057248,FALSE
"COMMUNITY COLLEGE (KINGSBORO)",2021,760,760,80628.3565789474,81127.2322436288,80271.3664074284,317.003575652519,442.996424347481,96430.4117920421,95413.1024035533,0.010549673796713,855.865836200464,0.582890032036159,FALSE
"COMMUNITY COLLEGE (KINGSBORO)",2022,744,744,84422.7809139785,83622.356876916,85002.83105603,312.615268156115,431.384731843885,94620.2199815182,96182.2516604246,-0.0165084342354267,-1380.47417911395,0.579818187962211,FALSE
"COMMUNITY COLLEGE (KINGSBORO)",2023,719,719,87597.7552155772,87717.811828949,87511.6246449072,300.347864003002,418.652135996998,94268.1564454354,94046.5721934227,0.00235057372890176,206.187184041875,0.582270008340748,FALSE
"COMMUNITY COLLEGE (KINGSBORO)",2024,709,709,88729.9111424542,88934.2464503882,88588.7128616805,289.724600849745,419.275399150256,92406.2907606733,92047.2673412358,0.00388527032609913,345.53358870768,0.591361634908682,FALSE
"COMMUNITY COLLEGE (KINGSBORO)",2025,698,698,90760.1404011461,91208.0026178815,90444.433176581,288.596728506034,409.403271493967,91208.0026178815,90444.433176581,0.00837173734085101,763.569441300555,0.586537638243505,FALSE
"COMMUNITY COLLEGE (LAGUARDIA)",2014,839,839,67164.7759237187,68080.7264491425,66476.5720307585,359.942321996202,479.057678003798,89542.7247215007,87432.8712433148,0.0235625338043696,1604.15441838396,0.570986505368054,FALSE
"COMMUNITY COLLEGE (LAGUARDIA)",2015,897,897,67121.5930880714,68004.8530635057,66473.6636866951,379.569426118323,517.430573881677,89011.8519561,87007.6714309524,0.0225158839087664,1531.18937681061,0.576845678797856,FALSE
"COMMUNITY COLLEGE (LAGUARDIA)",2016,958,958,68349.3507306889,68837.8931634618,67970.4176710821,418.47622704299,539.52377295701,89584.9872457338,88456.062792217,0.0126017147317363,867.475492379686,0.563177216030281,FALSE
"COMMUNITY COLLEGE (LAGUARDIA)",2017,1017,1017,74961.5722713865,75604.0433669155,74480.4855731126,435.46061879773,581.53938120227,96685.0690324031,95248.2244138088,0.0148610807539767,1123.55779380289,0.57181846725887,FALSE
"COMMUNITY COLLEGE (LAGUARDIA)",2018,984,984,76255.4928861788,76956.8327457123,75747.0078846849,413.571631388945,570.428368611055,96696.364990635,95176.2184076381,0.015720824491634,1209.82486102737,0.579703626637251,FALSE
"COMMUNITY COLLEGE (LAGUARDIA)",2019,956,956,77441.1025104604,78605.1305623645,76600.559946084,400.863249724102,555.136750275899,97047.038454539,94572.166390957,0.025501778343719,2004.57061628051,0.580686977276044,FALSE
"COMMUNITY COLLEGE (LAGUARDIA)",2020,933,933,81293.9882100754,82267.631811904,80593.6811617207,390.326008740451,542.67399125955,99804.193875048,97773.4158941025,0.0203476216990257,1673.95065018335,0.581644149259967,FALSE
"COMMUNITY COLLEGE (LAGUARDIA)",2021,909,909,82920.1265126513,84332.4819389541,81916.8043458344,377.542041303087,531.457958696913,100240.273653079,97368.9223371392,0.0286446875222805,2415.6775931197,0.584662220788683,FALSE
"COMMUNITY COLLEGE (LAGUARDIA)",2022,861,861,86687.1567944251,87322.3141769872,86234.4645446945,358.292189883385,502.707810116615,98806.789061008,97575.8673869652,0.0124578653525815,1087.84963229272,0.58386505240025,FALSE
"COMMUNITY COLLEGE (LAGUARDIA)",2023,848,848,89386.1568396226,90017.2666169355,88930.1210711256,355.719004852563,492.280995147438,96739.3234658327,95570.995115472,0.0120770779503471,1087.14554580991,0.580520041447449,FALSE
"COMMUNITY COLLEGE (LAGUARDIA)",2024,858,858,89521.1888111888,89455.4597982872,89568.2854187422,358.153486041535,499.846513958465,92947.8525784951,93065.0829762905,-0.00126124912564748,-112.825620454983,0.582571694590286,FALSE
"COMMUNITY COLLEGE (LAGUARDIA)",2025,866,866,91955.8591224018,92791.5202656594,91369.6451242409,357.036498929757,508.963501070244,92791.5202656594,91369.6451242409,0.0153233305947319,1421.87514141847,0.587717668672337,FALSE
"COMMUNITY COLLEGE (MANHATTAN)",2014,1041,1041,64754.3707973103,65898.3522901146,63769.3569027195,481.635362077323,559.364637922677,86672.3715576411,83872.2244697678,0.0323072628283978,2128.99538739508,0.537333946131294,FALSE
"COMMUNITY COLLEGE (MANHATTAN)",2015,1087,1087,65394.6504139834,66709.0468001693,64280.808972026,498.61081701933,588.38918298067,87315.7654258025,84137.434228306,0.0364004275974322,2428.23782814328,0.541296396486357,FALSE
"COMMUNITY COLLEGE (MANHATTAN)",2016,1089,1089,66017.6550964187,67298.9637941192,64952.6454425716,494.304411962939,594.69558803706,87582.2390268529,84528.7623741221,0.0348641081417747,2346.31835154755,0.546093285617136,FALSE
"COMMUNITY COLLEGE (MANHATTAN)",2017,1160,1160,72837.7036206896,74273.6620938348,71635.629448671,528.578007591357,631.421992408643,94983.7313856454,91610.123876725,0.0355177403509602,2638.03264516378,0.544329303800554,FALSE
"COMMUNITY COLLEGE (MANHATTAN)",2018,1195,1195,73476.8905439331,74910.4028891132,72279.1290718066,543.966557101343,651.033442898657,94125.0230930894,90818.8239636462,0.0351256129432585,2631.27381730654,0.54479786016624,FALSE
"COMMUNITY COLLEGE (MANHATTAN)",2019,1210,1210,74356.1586776859,75866.4429598241,73076.0883083248,555.085406829836,654.914593170164,93665.8148731108,90220.802400916,0.0367798270570954,2790.35465149932,0.541251729892698,FALSE
"COMMUNITY COLLEGE (MANHATTAN)",2020,1207,1207,77952.0472245237,79572.654205841,76634.0241677461,541.359003653914,665.640996346086,96534.7419465011,92969.6994675875,0.0369301497785052,2938.63003809491,0.551483841214653,FALSE
"COMMUNITY COLLEGE (MANHATTAN)",2021,1165,1165,79457.7630901287,81592.1015192515,77744.5258352734,518.747794934297,646.252205065704,96982.9702170987,92409.6192306774,0.0471562272859249,3847.57568397808,0.554722922803179,FALSE
"COMMUNITY COLLEGE (MANHATTAN)",2022,1138,1138,83108.0193321617,85167.5321234078,81455.2577407735,506.655084494322,631.344915505679,96368.613918181,92168.1078354162,0.0435879059787152,3712.27438263431,0.554784635769489,FALSE
"COMMUNITY COLLEGE (MANHATTAN)",2023,1123,1123,86304.9572573464,88620.2939991008,84487.0584183318,493.923067369303,629.076932630697,95238.0316467341,90796.1458970808,0.0466398315132072,4133.23558076895,0.560175362983702,FALSE
"COMMUNITY COLLEGE (MANHATTAN)",2024,1080,1080,87853.2944444444,89561.279484898,86542.1696114656,469.017319335723,610.982680664276,93057.8035267456,89920.8258613595,0.0337099904199281,3019.10987343242,0.565724704318774,FALSE
"COMMUNITY COLLEGE (MANHATTAN)",2025,1057,1057,89374.2904446547,90842.2759352599,88230.471317326,462.904770626717,594.095229373283,90842.2759352599,88230.471317326,0.0287509817543017,2611.8046179339,0.562057927505471,FALSE
"COMMUNITY COLLEGE (QUEENSBORO)",2014,763,763,68340.9777195282,70646.9025300931,66448.5528317147,343.92565963703,419.074340362971,92917.8708221392,87396.0191772785,0.059427229616897,4198.34969837838,0.549245531275191,FALSE
"COMMUNITY COLLEGE (QUEENSBORO)",2015,794,794,68102.3450881612,69429.2757411617,66977.8274352497,364.220209848372,429.779790151628,90876.285078072,87667.573583907,0.0353085680318949,2451.448305912,0.541284370468045,FALSE
"COMMUNITY COLLEGE (QUEENSBORO)",2016,829,829,68111.1592279855,68292.539947392,67952.892367249,386.292248852075,442.707751147925,88875.2696954012,88433.255526506,0.00497342140744329,339.647580143035,0.534026237814144,FALSE
"COMMUNITY COLLEGE (QUEENSBORO)",2017,863,863,75836.0249130938,75884.8446080023,75793.4157376547,402.189355114692,460.810644885308,97044.16738442,96927.2449785874,0.00120483702404515,91.4288703476341,0.533963667306266,FALSE
"COMMUNITY COLLEGE (QUEENSBORO)",2018,864,864,76073.5266203704,76066.5948550726,76079.3488339035,394.417503695783,469.582496304217,95577.7798705037,95593.8052622473,-0.000167668591647958,-12.7539788308059,0.543498259611362,FALSE
"COMMUNITY COLLEGE (QUEENSBORO)",2019,874,874,77756.0183066361,78227.4313117496,77378.0824893251,388.904882904219,485.095117095781,96580.7254615265,95532.1070413108,0.0108574295254528,849.348822424523,0.555028738095859,FALSE
"COMMUNITY COLLEGE (QUEENSBORO)",2020,833,833,82474.0780312124,83020.4940512653,82034.3157651901,371.456127932548,461.543872067452,100717.539831939,99521.1430633554,0.0118787330447133,986.178286075185,0.554074276191419,FALSE
"COMMUNITY COLLEGE (QUEENSBORO)",2021,803,803,84266.9464508095,84793.2014711094,83852.824463916,353.624081545656,449.375918454344,100787.8995609,99670.1375032582,0.0110902406192767,940.377007193412,0.559621318124962,FALSE
"COMMUNITY COLLEGE (QUEENSBORO)",2022,779,779,88015.7483953787,88558.2930720345,87587.6167611845,343.589865446688,435.410134553312,100205.321694022,99106.9837674951,0.0109608742126556,970.67631085006,0.558934704176267,FALSE
"COMMUNITY COLLEGE (QUEENSBORO)",2023,753,753,91048.05312085,91392.9159313178,90774.7630538244,332.907000780553,420.092999219447,98217.6996596566,97553.3860961086,0.00676368481292326,618.152877493427,0.557892429242294,FALSE
"COMMUNITY COLLEGE (QUEENSBORO)",2024,727,727,91394.2613480056,92801.3148710194,90313.343586181,315.850595879147,411.149404120853,96424.3317643444,93839.2286446005,0.0268096555344751,2487.97128483839,0.565542509107088,FALSE
"COMMUNITY COLLEGE (QUEENSBORO)",2025,719,719,93636.5104311544,93823.2811049708,93486.0952505242,320.738588072294,398.261411927706,93823.2811049708,93486.0952505242,0.00359383993477363,337.185854446536,0.553910169579563,FALSE
"CONFLICTS OF INTEREST BOARD",2014,19,19,,,,8.18766471698839,10.8123352830116,,,,,,TRUE
"CONFLICTS OF INTEREST BOARD",2015,20,20,,,,9.22061570620562,10.7793842937944,,,,,,TRUE
"CONFLICTS OF INTEREST BOARD",2016,20,20,,,,7.31806075507017,12.6819392449298,,,,,,TRUE
"CONFLICTS OF INTEREST BOARD",2017,22,22,,,,9.90257496342253,12.0974250365775,,,,,,TRUE
"CONFLICTS OF INTEREST BOARD",2018,25,25,,,,11.8621330455245,13.1378669544755,,,,,,TRUE
"CONFLICTS OF INTEREST BOARD",2019,23,23,,,,10.6071169340199,12.3928830659801,,,,,,TRUE
"CONFLICTS OF INTEREST BOARD",2020,23,23,,,,10.5982845689171,12.4017154310829,,,,,,TRUE
"CONFLICTS OF INTEREST BOARD",2021,21,21,,,,10.5061419839115,10.4938580160885,,,,,,TRUE
"CONFLICTS OF INTEREST BOARD",2022,23,23,,,,11.8508626031741,11.1491373968259,,,,,,TRUE
"CONFLICTS OF INTEREST BOARD",2023,22,22,,,,8.87258736957522,13.1274126304248,,,,,,TRUE
"CONFLICTS OF INTEREST BOARD",2024,21,21,,,,7.87614550563273,13.1238544943673,,,,,,TRUE
"CONFLICTS OF INTEREST BOARD",2025,20,20,,,,7.78764941754232,12.2123505824577,,,,,,TRUE
"CONSUMER AFFAIRS",2014,302,302,57180.2516556291,56861.7921703238,57449.5447906476,138.368633270877,163.631366729123,74787.0956882632,75560.1334308217,-0.0103365124082484,-587.752620323794,0.541825717646104,FALSE
"CONSUMER AFFAIRS",2015,325,325,58562.6369230769,57949.407743218,59036.8144845397,141.72039000614,183.27960999386,75850.2352496238,77273.5467268827,-0.0187647602222298,-1087.40674132171,0.56393726151957,FALSE
"CONSUMER AFFAIRS",2016,315,315,58421.2984126984,58202.8541586779,58590.3832637486,137.439297807317,177.560702192683,75744.6474297102,76248.9741651708,-0.00665824916445149,-387.529105070709,0.563684768865661,FALSE
"CONSUMER AFFAIRS",2017,347,347,62277.2564841499,63727.2862196014,61262.8501056251,142.83146207436,204.16853792564,81496.6606678361,78345.0544151205,0.0386715998777034,2464.43611397631,0.588381953676196,FALSE
"CONSUMER AFFAIRS",2018,344,344,64382.0232558139,65052.7579149336,63898.628096206,144.080789012494,199.919210987506,81738.8787786398,80288.7130920267,0.0177414433410612,1154.12981872757,0.581160497056703,FALSE
"CONSUMER AFFAIRS",2019,351,351,67949.5641025642,68889.1346383121,67214.7578422656,154.037608484394,196.962391515606,85051.5284500417,82984.3184835831,0.0243053829146999,1674.37679604649,0.561146414574375,FALSE
"CONSUMER AFFAIRS",2020,338,338,70108.2278106509,71932.3204496113,68806.4927463396,140.758382580302,197.241617419698,87265.7580863568,83473.6139921812,0.0434551211991193,3125.82770327175,0.583555081123368,FALSE
"CONSUMER AFFAIRS",2021,317,317,69972.5772870662,72116.4522754818,68450.7943535148,131.601256910781,185.398743089219,85719.9117679994,81362.7940267887,0.0508297039899349,3665.65792196701,0.584854079145802,FALSE
"CONSUMER AND WORKER PROTECTION",2022,346,346,71393.7417919075,73028.4246185173,70019.4963894527,158.02600562433,187.97399437567,82632.992663417,79228.3355648163,0.0412021516934335,3008.92822906462,0.54327744039211,FALSE
"CONSUMER AND WORKER PROTECTION",2023,353,353,76415.6976203966,79520.7368763071,74151.067089523,148.875928900863,204.124071099137,85458.963330388,79688.3124105045,0.0675254027781015,5369.66978678407,0.578255158921068,FALSE
"CONSUMER AND WORKER PROTECTION",2024,339,339,82249.8907669616,84044.2059858222,80908.1154510506,145.041039807539,193.95896019246,87325.3402940583,84066.8149747982,0.0373147737906012,3136.09053477165,0.572150325051506,FALSE
"CONSUMER AND WORKER PROTECTION",2025,343,343,85812.6588921283,86103.4242782951,85589.0543822162,149.107378725923,193.892621274077,86103.4242782951,85589.0543822162,0.00597386109077922,514.369896078962,0.565284610128503,FALSE
"CULTURAL AFFAIRS",2014,42,42,74373.0714285714,74725.9450798194,74151.8886781509,16.1825135834419,25.8174864165581,98282.8045296294,97527.7806479789,0.00768215645925077,574.056401668553,0.614702057537099,FALSE
"CULTURAL AFFAIRS",2015,43,43,79147.8604651163,81183.2115180291,77610.856274864,18.500730101604,24.499269898396,106261.063430508,101585.191904953,0.0440036206546445,3572.35524316512,0.569750462753396,FALSE
"CULTURAL AFFAIRS",2016,44,44,81230.0227272727,88064.3473041464,77156.6074341926,16.4314766424922,27.5685233575078,114606.113980161,100410.883820963,0.12386101985497,10907.7398699539,0.626557349034269,FALSE
"CULTURAL AFFAIRS",2017,48,48,83724.9375,88837.4361194512,80539.7649166933,18.4254449547131,29.5745550452869,113608.389992929,102997.040687795,0.0934028666878775,8297.67120275793,0.616136563443477,FALSE
"CULTURAL AFFAIRS",2018,48,48,78083.6041666667,83201.5013684826,74895.7076956039,18.4231678076322,29.5768321923678,104542.799606626,94106.5585624626,0.0998274494602452,8305.79367287872,0.616184004007663,FALSE
"CULTURAL AFFAIRS",2019,49,49,81219.5918367347,82059.0626734673,80622.5317693233,20.3656901628519,28.6343098371481,101311.31331812,99537.7513521486,0.0175060603587471,1436.53090414393,0.58437367014588,FALSE
"CULTURAL AFFAIRS",2020,48,48,93831.7083333333,90255.4989112941,96056.9245197972,18.4110568950012,29.5889431049988,109494.792948793,116532.87820092,-0.0642778077622169,-5801.42560850314,0.616436314687475,FALSE
"CULTURAL AFFAIRS",2021,49,49,91142.0612244898,92330.3290108722,90482.1833109424,17.4953834890021,31.5046165109979,109746.769379185,107550.004544897,0.020016669708956,1848.14569992987,0.642951357367305,FALSE
"CULTURAL AFFAIRS",2022,41,41,91871.0487804878,86969.7019140677,94275.2249363865,13.4926988924278,27.5073011075722,98407.8018627073,106674.134232044,-0.084000782589058,-7305.52302231878,0.670909783111518,FALSE
"CULTURAL AFFAIRS",2023,49,49,91684.5714285714,94952.3911316162,89402.8946759277,20.1463613450805,28.8536386549195,102042.979361112,96079.0731809357,0.0584450416629972,5549.49645568851,0.588849768467744,FALSE
"CULTURAL AFFAIRS",2024,47,47,98981.5744680851,99294.1343875583,98703.533054395,22.1265102356687,24.8734897643313,103170.634702173,102556.975952095,0.0059479982055948,590.601333163286,0.529223186475135,FALSE
"CULTURAL AFFAIRS",2025,47,47,101029.404255319,101405.545271768,100747.102741978,20.1508416099369,26.8491583900631,101405.545271768,100747.102741978,0.00649316098074943,658.442529790264,0.571258689150279,FALSE
"CUNY CENTRAL OFFICE",2016,11,11,,,,5.55668903513767,5.44331096486233,,,,,,TRUE
"CUNY CENTRAL OFFICE",2017,17,17,,,,10.4924084664785,6.50759153352149,,,,,,TRUE
"CUNY CENTRAL OFFICE",2018,25,25,,,,10.993675210654,14.006324789346,,,,,,TRUE
"CUNY CENTRAL OFFICE",2019,75,75,74384.96,76213.2262436389,73295.1154043968,28.0107059577868,46.9892940422132,94093.9585634653,90491.2164421244,0.0382887719503363,2918.11083924207,0.626523920562843,FALSE
"CUNY CENTRAL OFFICE",2020,81,81,80235.4074074074,79189.4902871562,80814.2700739981,28.8579882477377,52.1420117522623,96069.9009733979,98041.0265944804,-0.0205176189536028,-1624.7797868419,0.643728540151386,FALSE
"CUNY CENTRAL OFFICE",2021,79,79,83469.7341772152,82845.3366481102,83809.1180284777,27.8188858966267,51.1811141033733,98472.605401314,99618.1866422375,-0.0116335018887213,-963.781380367538,0.647862203840168,FALSE
"CUNY CENTRAL OFFICE",2022,67,67,92164.0597014925,88662.8406301995,94319.2275161797,25.5279998512721,41.4720001487279,100323.619160412,106723.923952584,-0.0637965899330056,-5656.38688598026,0.618985076846685,FALSE
"CUNY CENTRAL OFFICE",2023,73,73,96558.3424657534,93175.4985009183,98739.6518038597,28.6181154637812,44.3818845362188,100133.396928481,106113.054458823,-0.0597169147733244,-5564.15330294135,0.607971021044094,FALSE
"CUNY CENTRAL OFFICE",2024,70,70,99538.5285714286,97413.2488933913,100935.103765295,27.7581749181541,42.2418250818459,101216.318352751,104875.668471511,-0.0361537564131365,-3521.85487190391,0.60345464402637,FALSE
"CUNY CENTRAL OFFICE",2025,69,69,102738.507246377,104250.140442758,101943.755496356,23.7765472919032,45.2234527080968,104250.140442758,101943.755496356,0.02212356680391,2306.38494640235,0.655412358088359,FALSE
"DEPARTMENT FOR THE AGING",2014,249,249,65137.9116465863,67289.1509267196,64426.6851055675,61.8681304087728,187.131869591227,88501.6102564025,84736.7710366037,0.0425397821451098,2862.46582115207,0.751533612816173,FALSE
"DEPARTMENT FOR THE AGING",2015,248,248,68691.0120967742,70416.3748387646,68079.9123776898,64.8641837212374,183.135816278763,92168.3034382878,89110.0974233147,0.0331806695022944,2336.46246107473,0.738450872091785,FALSE
"DEPARTMENT FOR THE AGING",2016,250,250,70752.708,73307.7576442232,69868.4368226205,64.2765841896241,185.723415810376,95402.0268745952,90926.127079033,0.0469161918482682,3439.32082160273,0.742893663241504,FALSE
"DEPARTMENT FOR THE AGING",2017,264,264,74728.7840909091,80340.9023209314,72776.7119626979,68.1298351100885,195.870164889912,102742.728313179,93069.3797144705,0.0941511750517499,7564.19035823355,0.741932442764816,FALSE
"DEPARTMENT FOR THE AGING",2018,265,265,75394.7773584906,79263.3314116919,74022.9032268517,69.3734618739738,195.626538126026,99594.4837008075,93009.8785606389,0.0661141550765954,5240.42818484017,0.738213351418967,FALSE
"DEPARTMENT FOR THE AGING",2019,265,265,78380.1660377358,82670.1716573194,76908.3862472996,67.6911090418887,197.308890958111,102065.797365554,94952.213223494,0.0696960620077499,5761.78541001986,0.744561852672118,FALSE
"DEPARTMENT FOR THE AGING",2020,276,276,80480.2101449275,87639.5030122372,77592.304974219,79.3317524049477,196.668247595052,106321.15884586,94132.2519963224,0.114642343836834,10047.1980380182,0.712566114474827,FALSE
"DEPARTMENT FOR THE AGING",2021,264,264,81884.9507575758,88556.7047085928,79152.5911410818,76.7050433383193,187.294956661681,105261.319360079,94083.2904938783,0.10619312900651,9404.11356751103,0.709450593415457,FALSE
"DEPARTMENT FOR THE AGING",2022,239,239,83610.2674476987,89114.0753316372,81152.1500829456,73.7874360566903,165.21256394331,100834.199444297,91825.1359994996,0.0893453163157601,7961.92524869161,0.691265957921798,FALSE
"DEPARTMENT FOR THE AGING",2023,250,250,88302.076,95341.9483736276,85276.206595668,75.1526681063294,174.847331893671,102461.626865749,91644.2238676625,0.10557516339517,10065.7417779596,0.699389327574682,FALSE
"DEPARTMENT FOR THE AGING",2024,261,261,96200.3344827586,105162.067929274,92107.0514479865,81.8342032433948,179.165796756605,109267.655756066,95702.9638965786,0.124141876803596,13055.0164812873,0.686458991404618,FALSE
"DEPARTMENT FOR THE AGING",2025,265,265,99898.2879245283,108525.397972188,96045.3907504069,81.8122724608878,183.187727539112,108525.397972188,96045.3907504069,0.114996189417147,12480.007221781,0.691274443543819,FALSE
"DEPARTMENT OF BUILDINGS",2014,902,902,68280.1841796009,72754.0487826857,60575.8745059876,570.634576883659,331.365423116341,95689.2809801197,79672.0178904928,0.167388268838122,12178.1742766981,0.367367431392839,FALSE
"DEPARTMENT OF BUILDINGS",2015,952,952,71786.9168172269,75784.8883436926,64857.2852866651,603.70139569192,348.298604308081,99195.1744305496,84891.9866177794,0.144192375232773,10927.6030570275,0.365859878474875,FALSE
"DEPARTMENT OF BUILDINGS",2016,1110,1110,73400.8894144144,76671.0409108602,67182.7528511337,727.436977228579,382.563022771423,99778.9721107022,87431.0031977662,0.123753218255611,9488.28805972653,0.344651371866146,FALSE
"DEPARTMENT OF BUILDINGS",2017,1272,1272,73611.5716666667,77031.1648794313,67465.5575031851,817.27481679438,454.72518320562,98510.1214477292,86277.2914518415,0.124178407417545,9565.60737624613,0.357488351576745,FALSE
"DEPARTMENT OF BUILDINGS",2018,1307,1307,73508.2913542463,76553.7258524189,67935.3835426272,845.149826726044,461.850173273956,96189.8606310683,85360.9017996217,0.112579005317209,8618.34230979164,0.35336662071458,FALSE
"DEPARTMENT OF BUILDINGS",2019,1371,1371,76076.917432531,79680.3047850548,69606.5524742625,880.592462878256,490.407537121744,98374.4642012842,85937.2629538247,0.126427130744131,10073.7523107923,0.357700610592082,FALSE
"DEPARTMENT OF BUILDINGS",2020,1428,1428,76949.9599439773,80837.349647107,70110.497350116,910.495671388506,517.504328611496,98069.0259198335,85055.5864572062,0.132696734168288,10726.8522969911,0.362397989223736,FALSE
"DEPARTMENT OF BUILDINGS",2021,1390,1390,77207.8020143884,80588.3949415741,71168.6479827418,891.151762427955,498.848237572047,95789.9326152102,84593.3214022305,0.116887139465446,9419.74695883223,0.358883624152551,FALSE
"DEPARTMENT OF BUILDINGS",2022,1294,1294,78036.9735703246,80422.9775091828,73735.6669136753,832.30631121624,461.693688783761,91000.0639504604,83433.2502027562,0.0831517409902411,6687.31059550756,0.356795740945719,FALSE
"DEPARTMENT OF BUILDINGS",2023,1309,1309,81649.3420932009,83602.2709608015,78407.1491409699,816.926093680683,492.073906319318,89845.2867645017,84262.2182148669,0.0621409174670311,5195.12181983153,0.375915894819952,FALSE
"DEPARTMENT OF BUILDINGS",2024,1297,1297,89505.3813415575,92402.9445262542,85001.2065038401,789.26256871409,507.737431285911,96010.4088113981,88319.7026646373,0.0801028372024556,7401.73802241408,0.391470648639869,FALSE
"DEPARTMENT OF BUILDINGS",2025,1328,1328,91528.9476204819,94296.1428672272,87271.3140453819,804.879027108822,523.120972891178,94296.1428672272,87271.3140453819,0.0744975203464748,7024.82882184535,0.393916395249381,FALSE
"DEPARTMENT OF BUSINESS SERV.",2014,194,194,73064.5309278351,74703.0773968104,71838.735582854,83.0223179955815,110.977682004419,98252.7279609513,94485.421354037,0.0383430229887516,2864.34181395639,0.572049907239271,FALSE
"DEPARTMENT OF BUSINESS SERV.",2015,192,192,75839.765625,77226.971968302,74779.7514096736,83.1648494554711,108.835150544529,101082.724043842,97879.5462667337,0.0316886768476808,2447.22055862843,0.566849742419421,FALSE
"DEPARTMENT OF BUSINESS SERV.",2016,214,214,76937.0347663551,78356.9841606518,75957.0981539067,87.3818316680769,126.618168331923,101973.042812009,98849.8537162158,0.0306275953886221,2399.88600674512,0.591673683794033,FALSE
"DEPARTMENT OF BUSINESS SERV.",2017,239,239,78451.780083682,78799.0271552518,78227.9271358236,93.6803584627908,145.319641537209,100770.924951954,100040.582468354,0.00724755165191316,571.100019428195,0.608031972959034,FALSE
"DEPARTMENT OF BUSINESS SERV.",2018,232,232,77336.1656896552,78010.0851640875,76868.1192515256,95.087578754834,136.912421245166,98019.7780865324,96584.896364557,0.0146386958834858,1141.96591256191,0.590139746746405,FALSE
"DEPARTMENT OF BUSINESS SERV.",2019,255,255,80038.3781960784,81664.1801463278,78762.3255374704,112.132919048344,142.867080951656,100823.785601771,97241.1136591066,0.0355339954880804,2901.85460885739,0.560263062555515,FALSE
"DEPARTMENT OF BUSINESS SERV.",2020,260,260,86166.3730769231,88951.991906542,84191.7044790786,107.853536842659,152.146463157341,107913.424153382,102138.411079008,0.0535152426093486,4760.28742746341,0.58517870445131,FALSE
"DEPARTMENT OF BUSINESS SERV.",2021,239,239,87708.0125523013,89648.6755193461,86262.9625543988,102.007155678674,136.992844321326,106559.270640231,102534.904389955,0.0377664582921437,3385.71296494731,0.573191817244044,FALSE
"DEPARTMENT OF BUSINESS SERV.",2022,219,219,90408.3744292238,93330.1243929488,88152.5938092631,95.4153621666704,123.58463783333,105604.735752205,99746.2655884128,0.0554754492974504,5177.53058368577,0.564313414764062,FALSE
"DEPARTMENT OF BUSINESS SERV.",2023,216,216,92334.306712963,94386.9179577681,90720.428081901,95.0767071808556,120.923292819144,101435.279368299,97494.993649615,0.0388453183470581,3666.48987586716,0.559830059347891,FALSE
"DEPARTMENT OF BUSINESS SERV.",2024,259,259,98420.9073359074,101481.517105457,95960.0247289898,115.434116672542,143.565883327458,105443.414103838,99706.3594782358,0.054408847383796,5521.49237646688,0.554308429835743,FALSE
"DEPARTMENT OF BUSINESS SERV.",2025,253,253,101449.213438735,102367.275459137,100706.013373791,113.18479973118,139.81520026882,102367.275459137,100706.013373791,0.0162284487683702,1661.26208534624,0.552629250074389,FALSE
"DEPARTMENT OF CITY PLANNING",2014,208,208,72025.7596153846,74594.8241467661,69492.5610967186,103.268939040221,104.731060959779,98110.3485905409,91399.6308944191,0.0683996927187432,5102.26305004749,0.503514716152785,FALSE
"DEPARTMENT OF CITY PLANNING",2015,226,226,76045.389380531,78721.885240599,73102.5341911707,118.356242018923,107.643757981077,103039.422615879,95684.2292558701,0.0713823231272184,5619.35104942824,0.476299814075562,FALSE
"DEPARTMENT OF CITY PLANNING",2016,236,236,78468.3728813559,81169.0250151954,75338.6177784402,126.684496347324,109.315503652676,105632.606353423,98044.9691678706,0.0718304456122728,5830.4072367552,0.46320128666388,FALSE
"DEPARTMENT OF CITY PLANNING",2017,260,260,80477.5615384615,82558.5600133848,78088.6196123764,138.955969220979,121.044030779021,105578.745773839,99862.431182769,0.0541426643134725,4469.94040100837,0.465553964534696,FALSE
"DEPARTMENT OF CITY PLANNING",2018,265,265,81436.3207547169,81167.9178270572,81762.5408334624,145.383410894464,119.616589105536,101987.599121564,102734.743737679,-0.00732583787195561,-594.623006405236,0.45138335511523,FALSE
"DEPARTMENT OF CITY PLANNING",2019,269,269,86159.3940520447,85557.6644285413,86900.65537028,148.474042830969,120.525957169031,105630.737974407,107288.814141123,-0.0156969098059044,-1342.99094173865,0.448051885386733,FALSE
"DEPARTMENT OF CITY PLANNING",2020,265,265,87645.5962264151,86149.2832434786,89533.6180199929,147.835781131988,117.164218868012,104513.276700211,108619.032472366,-0.0392845378289376,-3384.3347765143,0.44212912780382,FALSE
"DEPARTMENT OF CITY PLANNING",2021,245,245,88897.9673469388,87065.8873397512,91239.5345456071,137.453870770106,107.546129229894,103489.286359465,108450.216340742,-0.0479366527279433,-4173.64720585589,0.438963792775076,FALSE
"DEPARTMENT OF CITY PLANNING",2022,235,235,90169.6255319149,90667.299035214,89430.504118397,140.438426625908,94.5615733740921,102591.700356753,101192.244380243,0.0136410252646501,1236.79491681694,0.402389673932307,FALSE
"DEPARTMENT OF CITY PLANNING",2023,260,260,95870.4807692308,97857.4605743901,93392.5521555771,144.294435432393,115.705564567607,105164.985428139,100366.659106913,0.0456266532219983,4464.90841881307,0.445021402183105,FALSE
"DEPARTMENT OF CITY PLANNING",2024,263,263,100720.608365019,102468.002199562,98500.1216431003,147.178827475929,115.821172524071,106468.412145372,102345.623241903,0.0387231181567713,3967.88055646195,0.440384686403312,FALSE
"DEPARTMENT OF CITY PLANNING",2025,272,272,104963.297794118,107392.000570358,102112.539190742,146.872244034585,125.127755965415,107392.000570358,102112.539190742,0.0491606576986803,5279.46137961585,0.46002851457873,FALSE
"DEPARTMENT OF CORRECTION",2014,8937,8937,68809.25030771,68488.643314917,69205.9467560386,4942.50543838408,3994.49456161591,90079.2346785243,91022.663280421,-0.0104733194644164,-717.303441121592,0.446961459283419,FALSE
"DEPARTMENT OF CORRECTION",2015,8759,8759,69103.6559881265,68408.0501894092,69950.8093913583,4809.70500745255,3949.29499254747,89539.5984515819,91558.9227718549,-0.0225523048482953,-1542.75920194904,0.450884232509129,FALSE
"DEPARTMENT OF CORRECTION",2016,9193,9193,70307.3661481562,69400.0467023578,71418.268808679,5060.16068608197,4132.83931391805,90316.5685783075,92943.0638608493,-0.0290809906076428,-2018.22210632123,0.449563723911459,FALSE
"DEPARTMENT OF CORRECTION",2017,10749,10749,67526.2237417434,65638.8968234553,70020.4515389785,6118.93638974638,4630.06361025363,83941.2945123472,89544.5784277832,-0.0667524124804835,-4381.55471552319,0.430743660829252,FALSE
"DEPARTMENT OF CORRECTION",2018,10583,10583,69597.951526033,67706.7598820787,72077.5493102688,6003.85440243974,4579.14559756026,85073.6358592609,90565.5387191666,-0.0645546978736307,-4370.78942819005,0.432688802566405,FALSE
"DEPARTMENT OF CORRECTION",2019,10089,10089,71397.3458221817,69905.5535985307,73298.8456843189,5653.57523728735,4435.42476271268,86306.414094434,90495.8219000166,-0.0485410945355776,-3393.29208578817,0.439629771306637,FALSE
"DEPARTMENT OF CORRECTION",2020,9175,9175,74237.5195640328,73066.7485040419,75701.4248976492,5097.90556006208,4077.09443993794,88642.006253323,91838.3028744141,-0.036058486897929,-2634.67639360727,0.444369966205769,FALSE
"DEPARTMENT OF CORRECTION",2021,8272,8272,82561.4880319151,81959.9815683053,83302.6354725077,4566.15931283184,3705.84068716816,97420.2441587741,99016.1653469587,-0.0163818229154122,-1342.65390420242,0.44799814883561,FALSE
"DEPARTMENT OF CORRECTION",2022,6949,6949,87822.6956396604,87600.9244582132,88083.8936506401,3758.13821411097,3190.86178588903,99122.0416690814,99668.5301075627,-0.00551328876280617,-482.969192426899,0.459182873203199,FALSE
"DEPARTMENT OF CORRECTION",2023,6372,6372,89630.514438167,89536.3492044327,89741.4490704068,3446.4940933769,2925.50590662311,96222.4934522483,96442.9091905053,-0.00229068828242908,-205.099865974073,0.45911894328674,FALSE
"DEPARTMENT OF CORRECTION",2024,6009,6009,98578.4153769345,98289.273226031,98911.9423103042,3218.66524810177,2790.33475189822,102126.54318094,102773.52162564,-0.00633506652187059,-622.66908427322,0.464359253103382,FALSE
"DEPARTMENT OF CORRECTION",2025,5903,5903,100231.899606979,99622.8586012963,100938.378735596,3170.11210052057,2732.88789947942,99622.8586012963,100938.378735596,-0.0132050028755388,-1315.52013429951,0.462965932488468,FALSE
"DEPARTMENT OF EDUCATION ADMIN",2014,8877,8877,59647.8492734032,65162.877959538,57281.151317485,2665.55524047159,6211.44475952834,85705.0438136907,75338.6550301239,0.120954244024444,7881.72664205304,0.699723415515195,FALSE
"DEPARTMENT OF EDUCATION ADMIN",2015,9142,9142,62581.65237366,68122.3627094879,60228.0293675609,2725.60336507254,6416.39663492742,89165.6608497365,78832.7331384227,0.115884608635683,7894.33334192708,0.701859181243431,FALSE
"DEPARTMENT OF EDUCATION ADMIN",2016,9648,9648,64677.2549751245,70026.3314356459,62385.4355812023,2893.8325994461,6754.16740055387,91131.6096445794,81187.8195863792,0.109114610144408,7640.8958544436,0.700058810173496,FALSE
"DEPARTMENT OF EDUCATION ADMIN",2017,9902,9902,67409.6941022016,72564.113205218,65183.0919640565,2987.0953695351,6914.90463046486,92797.5010605286,83358.3954723803,0.101717238937204,7381.0212411615,0.698334137594919,FALSE
"DEPARTMENT OF EDUCATION ADMIN",2018,10152,10152,69171.5948581562,74010.2292125812,67114.9770388242,3027.99427428103,7124.0057257189,92993.9536444748,84330.0599120079,0.0931662048221968,6895.25217375708,0.701734212541267,FALSE
"DEPARTMENT OF EDUCATION ADMIN",2019,10424,10424,71811.650613967,77156.6739837364,69557.9969953096,3091.60204555096,7332.39795444892,95258.7528772468,85877.3156526826,0.0984837292238456,7598.67698842683,0.703414999467479,FALSE
"DEPARTMENT OF EDUCATION ADMIN",2020,10824,10824,73807.4729305259,78836.7554421732,71676.0126172904,3221.86217193679,7602.1378280631,95641.9754809557,86954.8144500175,0.0908300041613868,7160.74282488282,0.702340893206132,FALSE
"DEPARTMENT OF EDUCATION ADMIN",2021,10454,10454,75072.1626678786,79662.7731330792,73151.2167290641,3083.98908008959,7370.01091991033,94689.7090566299,86949.8657502459,0.0817390124385619,6511.55640401509,0.704994348566136,FALSE
"DEPARTMENT OF EDUCATION ADMIN",2022,10123,10123,75386.473871382,79996.233593899,73428.4551259882,3017.91905078288,7105.08094921703,90517.1954372063,83085.6344691475,0.0821010961747547,6567.77846791084,0.701875032027768,FALSE
"DEPARTMENT OF EDUCATION ADMIN",2023,10161,10161,78038.459206771,83627.9001742422,75680.4430441888,3014.77590075883,7146.22409924113,89872.8298444286,81331.8948113003,0.0950335607314614,7947.45713005344,0.703299291333644,FALSE
"DEPARTMENT OF EDUCATION ADMIN",2024,10323,10323,83129.5950789509,89254.988013481,80559.3793049422,3051.23405668376,7271.76594331615,92739.5542595064,83704.4639682717,0.0974243445892949,8695.60870853876,0.704423708545598,FALSE
"DEPARTMENT OF EDUCATION ADMIN",2025,10748,10748,85775.3329921844,91742.7648473125,83304.4247880624,3147.22104009081,7600.77895990911,91742.7648473125,83304.4247880624,0.0919782619729633,8438.34005925007,0.707180774089055,FALSE
"DEPARTMENT OF FINANCE",2014,1602,1602,66599.2353308364,72767.4944178849,60871.6290060117,771.328946207736,830.671053792264,95706.9652627962,80061.0070385534,0.163477738336822,11895.8654118732,0.518521257048854,FALSE
"DEPARTMENT OF FINANCE",2015,1653,1653,69080.8711433757,75011.0664993256,63670.4654775064,788.617865003358,864.382134996642,98182.31560727,83338.5529377928,0.151185705670791,11340.6010218192,0.522917202054835,FALSE
"DEPARTMENT OF FINANCE",2016,1659,1659,71389.933694997,77118.8198344067,66068.3365534069,798.92701824885,860.07298175115,100361.707393718,85980.7123008435,0.143291654420126,11050.4832809998,0.518428560428662,FALSE
"DEPARTMENT OF FINANCE",2017,1699,1699,73507.4226015303,78940.2565004094,68502.8339768507,814.64519177399,884.35480822601,100951.5339297,87603.7965300859,0.132219262848538,10437.4225235586,0.520514895954096,FALSE
"DEPARTMENT OF FINANCE",2018,1650,1650,74977.3212121212,80619.0775000839,69911.4396242927,780.630118134199,869.3698818658,101297.980504411,87843.8189532689,0.132817668073417,10707.6378757912,0.526890837494424,FALSE
"DEPARTMENT OF FINANCE",2019,1705,1705,76245.1577712609,81944.8050112106,71127.6021144528,806.625564680238,898.374435319762,101170.249145038,87815.1729816657,0.132005962980544,10817.2028967578,0.526905827167016,FALSE
"DEPARTMENT OF FINANCE",2020,1726,1726,78610.8111239862,84233.6964995275,73541.9537805682,818.280798996914,907.719201003086,102189.354319475,89218.5085605393,0.1269295206464,10691.7427189593,0.52590915469472,FALSE
"DEPARTMENT OF FINANCE",2021,1644,1644,79681.0821167883,85507.5965946773,74379.6366366887,783.21421016859,860.78578983141,101637.052355131,88410.0047722463,0.130140015637877,11127.9599579886,0.523592329581149,FALSE
"DEPARTMENT OF FINANCE",2022,1443,1443,82394.9501039501,87967.8880183762,77127.5204135955,701.166355265446,741.833644734553,99537.2676216213,87271.1942202863,0.123230963582031,10840.3676047807,0.514091229892275,FALSE
"DEPARTMENT OF FINANCE",2023,1399,1399,87745.6325947105,93723.5140194319,82186.6409726998,674.102007336892,724.897992663108,100722.335612161,88323.9443323915,0.123094755541711,11536.8730467321,0.518154390752758,FALSE
"DEPARTMENT OF FINANCE",2024,1388,1388,92932.2074927954,99597.9654663514,86785.5675033898,665.881307305479,722.118692694521,103486.32752164,90173.7261474628,0.128641161523427,12812.3979629616,0.520258424131499,FALSE
"DEPARTMENT OF FINANCE",2025,1430,1430,94324.5279720279,99303.03694886,89382.9931691334,712.335038538908,717.664961461092,99303.03694886,89382.9931691334,0.099896680751419,9920.04377972663,0.501863609413351,FALSE
"DEPARTMENT OF INVESTIGATION",2014,194,194,75536.5463917526,81149.0200892924,71150.0501506576,85.1067935992429,108.893206400757,106730.711410712,93579.6323989069,0.123217383618835,9998.9699386349,0.561305187632769,FALSE
"DEPARTMENT OF INVESTIGATION",2015,237,237,75974.6371308017,80757.0939304887,72101.2768535894,106.05427281374,130.94572718626,105703.316241751,94373.6791129336,0.107183365022393,8655.81707689926,0.552513616819661,FALSE
"DEPARTMENT OF INVESTIGATION",2016,288,288,77683.0972222222,80936.7641880158,74714.0337353825,137.414000287925,150.585999712075,105330.344295647,97232.1413638828,0.076883855131371,6222.73045263335,0.522868054555815,FALSE
"DEPARTMENT OF INVESTIGATION",2017,323,323,78421.4705882353,81694.6556786207,75399.5892048577,155.052800617609,167.947199382391,104473.954991173,96423.6059691568,0.0770560377722532,6295.06647376301,0.519960369604926,FALSE
"DEPARTMENT OF INVESTIGATION",2018,339,339,78132.7168141592,81469.7033256483,75122.9209285574,160.761901288237,178.238098711763,102366.793010911,94392.0522986325,0.077903590390181,6346.78239709086,0.52577610239458,FALSE
"DEPARTMENT OF INVESTIGATION",2019,331,331,81993,86103.4134876861,78115.6558353646,160.670988574785,170.329011425215,106304.527707348,96442.7258312556,0.0927693494226435,7987.75765232151,0.514589158384336,FALSE
"DEPARTMENT OF INVESTIGATION",2020,334,334,82228.128742515,85160.7355393381,79701.4483449559,154.582681353192,179.417318646808,103314.005437068,96690.9904606139,0.0641056839141604,5459.28719438221,0.537177600738947,FALSE
"DEPARTMENT OF INVESTIGATION",2021,304,304,83524.0482894737,87255.5727623721,80328.8497639941,140.230864143586,163.769135856414,103714.752493443,95481.4289517606,0.0793843049686002,6926.72299837803,0.538714262685573,FALSE
"DEPARTMENT OF INVESTIGATION",2022,259,259,85743.7567567568,89317.1161834356,82883.2141836848,115.152597359164,143.847402640836,101063.943866481,93783.8665606955,0.0720343678196806,6433.90199975074,0.555395376991644,FALSE
"DEPARTMENT OF INVESTIGATION",2023,243,243,87946.0699588477,90873.4731327727,85729.499209682,104.710229892387,138.289770107613,97659.467369353,92131.3661955716,0.056605891089636,5143.9739230907,0.569093704146554,FALSE
"DEPARTMENT OF INVESTIGATION",2024,242,242,101768.454545455,104030.300854687,100082.48379357,103.349500658109,138.650499341891,108091.703841683,103989.761723996,0.0379487229074918,3947.81706111754,0.572935947693766,FALSE
"DEPARTMENT OF INVESTIGATION",2025,230,230,108559.865217391,110344.281369831,107325.620033824,94.0404903439558,135.959509656044,110344.281369831,107325.620033824,0.0273567537758459,3018.66133600714,0.591128302852366,FALSE
"DEPARTMENT OF PROBATION",2014,862,862,56987.5788863109,61335.6025622878,55102.9635845036,260.650166959526,601.349833040474,80671.2451866247,72473.808035405,0.101615354173048,6232.6389777842,0.697621616056234,FALSE
"DEPARTMENT OF PROBATION",2015,848,848,60488.2181603774,64639.5356585503,58707.6429573164,254.544012888439,593.455987111561,84606.9731696487,76842.6926638349,0.0917688012576143,5931.89270123398,0.699830173480614,FALSE
"DEPARTMENT OF PROBATION",2016,826,826,62315.0774818402,65852.3470200894,60787.0583290551,249.175100806095,576.824899193905,85699.6255519868,79107.7064514889,0.0769188786770049,5065.28869103428,0.698335229048311,FALSE
"DEPARTMENT OF PROBATION",2017,861,861,61822.6864111498,65005.6512692565,60396.3324556548,266.43649644221,594.56350355779,83131.4781666129,77236.9216344625,0.0709064323424689,4609.31881360166,0.690549946060151,FALSE
"DEPARTMENT OF PROBATION",2018,908,908,60708.0165198238,61824.5517387721,60189.3968056448,287.989040631077,620.010959368922,77682.6333285888,75628.058931636,0.0264483103741104,1635.15493312729,0.682831453049474,FALSE
"DEPARTMENT OF PROBATION",2019,997,997,63047.4714142426,63980.4381887055,62610.5922768472,317.968974621647,679.031025378355,78991.1803570037,77299.9486532483,0.0214103865281133,1369.84591185825,0.681074248122722,FALSE
"DEPARTMENT OF PROBATION",2020,968,968,63485.5805785123,64502.4871334854,63005.1750778993,310.578227737163,657.421772262838,78252.1459474132,76435.6596891382,0.0232132452890915,1497.31205558607,0.679154723412022,FALSE
"DEPARTMENT OF PROBATION",2021,914,914,64665.8840262582,65468.0604402267,64309.5161083314,281.146148678091,632.853851321908,77817.4215104342,76440.3388229772,0.0176963289290224,1158.54433189537,0.692400274969265,FALSE
"DEPARTMENT OF PROBATION",2022,816,816,64700.0833333333,65198.4461352015,64459.8578249355,265.403624899018,550.596375100982,73773.2293870434,72937.5032606438,0.0113283115480139,738.588310265965,0.674750459682576,FALSE
"DEPARTMENT OF PROBATION",2023,854,854,64212.6721311475,64657.554224352,64011.8438747569,265.610317482344,588.389682517656,69485.8696302874,68791.9407350618,0.00998661884664768,645.710349595058,0.688980892877817,FALSE
"DEPARTMENT OF PROBATION",2024,747,747,67014.4591700135,67016.7820381363,67013.4266392588,229.868490095243,517.131509904757,69633.1558879887,69629.6694924024,5.0068039309696e-05,3.35539887749474,0.692277791037158,FALSE
"DEPARTMENT OF PROBATION",2025,728,728,79352.282967033,80265.7813936244,78907.3860846279,238.43201477935,489.56798522065,80265.7813936244,78907.3860846279,0.0169237162513235,1358.39530899646,0.672483496182212,FALSE
"DEPARTMENT OF SANITATION",2014,8022,8022,66346.3793318371,67402.2624425735,56462.5323745126,7247.73095847641,774.269041523635,88650.3794287538,74261.9718851944,0.162305086975107,10939.7300680609,0.0965182051263563,FALSE
"DEPARTMENT OF SANITATION",2015,8285,8285,67889.0121907061,68909.1163670196,58685.184435257,7458.35491304474,826.645086955253,90195.4461802723,76813.2966053101,0.148368350528666,10223.9319317626,0.099776111883555,FALSE
"DEPARTMENT OF SANITATION",2016,8452,8452,68285.7456223379,69241.331182071,59958.5384721438,7581.93757339607,870.062426603981,90110.0176917659,78029.4784958766,0.134064330529955,9282.79270992728,0.102941602769046,FALSE
"DEPARTMENT OF SANITATION",2017,8550,8550,70611.0709941521,71599.0625563981,62219.2214264205,7649.41674489468,900.583255105313,91563.3608684744,79568.0951819099,0.131005082958861,9379.84112997758,0.105331374866119,FALSE
"DEPARTMENT OF SANITATION",2018,8513,8513,73116.7046869492,74159.3102274383,64066.9354208206,7633.55377091572,879.44622908434,93181.2741423619,80500.1914742685,0.136090462217968,10092.3748066178,0.10330626442903,FALSE
"DEPARTMENT OF SANITATION",2019,8794,8794,73341.6480554917,74223.0212813527,65812.6478467769,7872.42425684063,921.575743159434,91636.8225454266,81253.2530725064,0.113312194645043,8410.37343457578,0.104795968064524,FALSE
"DEPARTMENT OF SANITATION",2020,8614,8614,74442.0231901555,75291.9691228564,67336.7422421327,7693.66996113909,920.330038860938,91341.5655473418,81690.5644374638,0.105658371980455,7955.22688072371,0.106841193273849,FALSE
"DEPARTMENT OF SANITATION",2021,8079,8079,81082.2345290259,82292.9385022822,71021.6508876748,7211.19520835747,867.804791642565,97816.0073737195,84418.5959738194,0.136965428865988,11271.2876146074,0.107414877044506,FALSE
"DEPARTMENT OF SANITATION",2022,8386,8386,79479.6986358216,80293.6633600587,72557.0056241829,7503.7187345638,882.281265436251,90853.742635279,82099.5734844645,0.096354524281481,7736.65773587584,0.105208832033895,FALSE
"DEPARTMENT OF SANITATION",2023,8712,8712,78866.1454315887,79318.2411819792,74830.449590624,7834.36161211305,877.638387887045,85241.3462307982,80418.4279316825,0.0565795651098584,4487.79159135524,0.100739025239559,FALSE
"DEPARTMENT OF SANITATION",2024,8666,8666,84205.9201477035,84483.8149023967,81697.8542871702,7801.58148273317,864.418517266895,87782.1117964585,84887.3856708825,0.0329762643702245,2785.96061522655,0.0997482710901094,FALSE
"DEPARTMENT OF SANITATION",2025,8560,8560,86880.7290887857,87068.9647434444,85165.1803649843,7713.6346121337,846.365387866337,87068.9647434444,85165.1803649843,0.021865246521189,1903.78437846013,0.098874461199338,FALSE
"DEPARTMENT OF TRANSPORTATION",2014,2942,2942,60413.0135961931,60912.9155364579,59237.2488413285,2064.31262187503,877.687378124969,80115.3088743777,77911.3993476627,0.0275092183713735,1675.66669512945,0.298330176113177,FALSE
"DEPARTMENT OF TRANSPORTATION",2015,2940,2940,63081.4030612245,63672.1261747293,61759.8518595079,2031.80082591681,908.199174083188,83340.7266317086,80837.7423507635,0.030033146843153,1912.27431522141,0.308911283701764,FALSE
"DEPARTMENT OF TRANSPORTATION",2016,3041,3041,65270.3581058862,65883.3269259396,63964.540944244,2069.53252026826,971.467479731742,85739.9425103203,83242.8524658987,0.0291239995189154,1918.78598169561,0.319456586560915,FALSE
"DEPARTMENT OF TRANSPORTATION",2017,3186,3186,67558.9174513497,68014.3987596726,66608.7961000043,2153.58629593153,1032.41370406846,86979.1686585111,85181.6352974633,0.0206662513423814,1405.60265966835,0.324046988094308,FALSE
"DEPARTMENT OF TRANSPORTATION",2018,3250,3250,68423.8966153848,68590.8874968109,68057.9812224326,2231.5838342898,1018.41616571019,86184.5434094054,85514.9459510048,0.00776934508105164,532.906274378314,0.313358820218521,FALSE
"DEPARTMENT OF TRANSPORTATION",2019,3308,3308,72103.1904474003,72658.0875311023,70960.9981907573,2226.38366475598,1081.61633524402,89704.7325564803,87609.4813522023,0.0233571980492682,1697.08934034502,0.326969871597346,FALSE
"DEPARTMENT OF TRANSPORTATION",2020,3444,3444,73920.9221835084,74665.0722110279,72484.3568631685,2268.76514080759,1175.2348591924,90581.0362899693,87935.4692234263,0.0292066328108007,2180.71534785941,0.341241248313706,FALSE
"DEPARTMENT OF TRANSPORTATION",2021,3466,3466,74156.4688401617,74606.9084872227,73253.0848413809,2312.80414505352,1153.19585494647,88680.1473314045,87070.9494325995,0.0181460895953579,1353.82364584181,0.332716634433488,FALSE
"DEPARTMENT OF TRANSPORTATION",2022,3284,3284,75211.3099878197,75128.6999515685,75385.2481041284,2226.53240047702,1057.46759952297,85009.4924591303,85299.7813667579,-0.00341478226996189,-256.548152559903,0.322005968186046,FALSE
"DEPARTMENT OF TRANSPORTATION",2023,3386,3386,78660.6077968104,79258.6536517676,77489.707428136,2241.26013293513,1144.73986706487,85177.3089902092,83276.2663641339,0.0223186509249024,1768.94622363154,0.338080291513548,FALSE
"DEPARTMENT OF TRANSPORTATION",2024,3460,3460,87553.8751445088,89477.4124926241,83902.7356772387,2266.13003320463,1193.86996679537,92970.6623186891,87178.3469029776,0.062302615376199,5574.67681538546,0.345049123351263,FALSE
"DEPARTMENT OF TRANSPORTATION",2025,3426,3426,91717.2317571514,93671.5683262164,87979.3870920913,2249.72735332515,1176.27264667485,93671.5683262164,87979.3870920913,0.0607674381441099,5692.18123412512,0.343337024715368,FALSE
"DEPT OF CITYWIDE ADMIN SVCS",2014,1368,1368,53834.1893274854,53873.7020038641,53786.5594352567,747.713701925042,620.286298074959,70857.0298800173,70742.4161935991,0.00161753444382251,87.1425686074799,0.453425656487543,FALSE
"DEPT OF CITYWIDE ADMIN SVCS",2015,1380,1380,57639.0427536232,57475.2802319224,57831.575542766,745.716378887988,634.283621112012,75229.6476600242,75696.0041630202,-0.00619910523978009,-356.29531084354,0.459625812400009,FALSE
"DEPT OF CITYWIDE ADMIN SVCS",2016,1520,1520,59087.176131579,58338.3245661121,59936.270605088,807.6765849746,712.323415025401,75920.9473448361,78000.4993029576,-0.0273910169834411,-1597.94603897588,0.468633825674606,FALSE
"DEPT OF CITYWIDE ADMIN SVCS",2017,1605,1605,61432.3272274143,60321.5547350559,62681.018422599,849.408863061715,755.591136938285,77141.2932956036,80158.6571739143,-0.0391147691385997,-2359.46368754312,0.470773294042545,FALSE
"DEPT OF CITYWIDE ADMIN SVCS",2018,1679,1679,62387.6310839787,61389.1681043661,63555.3180393135,905.083423071091,773.916576928909,77135.5731999243,79857.3435387095,-0.0352855398083385,-2166.1499349474,0.460938997575288,FALSE
"DEPT OF CITYWIDE ADMIN SVCS",2019,1728,1728,64589.7142013889,64105.9605482436,65154.5058040183,930.775170617343,797.224829382658,79146.1520893303,80440.7013258811,-0.0163564393514645,-1048.54525577472,0.461356961448297,FALSE
"DEPT OF CITYWIDE ADMIN SVCS",2020,1757,1757,67524.6624587365,67286.9995688027,67799.4054763127,942.072436727382,814.927563272619,81630.2183778594,82251.851180573,-0.00761522895646413,-512.405907509936,0.46381762280741,FALSE
"DEPT OF CITYWIDE ADMIN SVCS",2021,1624,1624,69030.6843349753,68464.0013444058,69695.2484284017,876.55199492676,747.44800507324,81378.4922767466,82841.9917706147,-0.017983861004591,-1231.24708399593,0.46025123465101,FALSE
"DEPT OF CITYWIDE ADMIN SVCS",2022,1453,1453,70717.4724982794,69494.4104543558,72216.9173404184,800.252651988282,652.747348011718,78634.1912648513,81714.7573967004,-0.0391759116778296,-2722.50688606268,0.449241120448533,FALSE
"DEPT OF CITYWIDE ADMIN SVCS",2023,1473,1473,73356.6694840462,71502.7220398154,75547.1152542235,797.77767601252,675.222323987481,76842.2016804037,81188.6107427518,-0.0565627866888197,-4044.39321440805,0.458399405286816,FALSE
"DEPT OF CITYWIDE ADMIN SVCS",2024,1459,1459,81091.0009252913,79400.7442175899,83112.6304744229,794.62497180601,664.37502819399,82500.5950983961,86357.3955370303,-0.0467487590123958,-3711.88625683299,0.455363281832755,FALSE
"DEPT OF CITYWIDE ADMIN SVCS",2025,1490,1490,83798.2780872483,82981.3616922966,84756.1730358298,804.1775699637,685.822430036301,82981.3616922966,84756.1730358298,-0.0213880720602584,-1774.81134353321,0.460283510091477,FALSE
"DEPT OF ED PARA PROFESSIONALS",2014,18055,18055,30464.8060924952,29756.1849117463,30633.0628250422,3464.42219613811,14590.5778038616,39136.6251989834,40289.9330689151,-0.0294687613985683,-876.877913295928,0.808118405087888,FALSE
"DEPT OF ED PARA PROFESSIONALS",2015,19332,19332,31904.8678874405,31203.9944057141,32072.1065457218,3724.2397530026,15607.7602469971,40843.0458321352,41979.3216390323,-0.0278205453032868,-868.112140007677,0.80735362337044,FALSE
"DEPT OF ED PARA PROFESSIONALS",2016,20895,20895,32815.9646805456,32084.413796153,32992.5993475383,4063.90672167451,16831.0932783251,41754.3545949317,42936.2587366588,-0.0283061288622983,-908.18555138521,0.805508173167045,FALSE
"DEPT OF ED PARA PROFESSIONALS",2017,21764,21764,34297.2160448447,33474.6350202264,34496.9186131295,4251.58608267881,17512.4139173209,42808.522582026,44115.8542451068,-0.0305390512035574,-1022.28359290309,0.80465052000189,FALSE
"DEPT OF ED PARA PROFESSIONALS",2018,21933,21933,36141.2605206766,35251.3072603438,36356.1884199259,4266.53452576871,17666.465474231,44293.3155072334,45681.6001866638,-0.03134298400403,-1104.8811595821,0.805474192961803,FALSE
"DEPT OF ED PARA PROFESSIONALS",2019,22112,22112,37919.2179359624,36984.9844777437,38142.8838296567,4271.26954789931,17840.7304521004,45662.2002301038,47091.7596256239,-0.0313072823542693,-1157.89935191299,0.806834770807735,FALSE
"DEPT OF ED PARA PROFESSIONALS",2020,22344,22344,38903.6312209101,38025.4547525627,39114.2541441385,4322.33764366804,18021.6623563316,46131.1426465838,47452.0357265773,-0.0286334351202573,-1088.79939157578,0.80655488526369,FALSE
"DEPT OF ED PARA PROFESSIONALS",2021,21825,21825,40643.9875372281,39645.7513217409,40886.3369461872,4263.53146956855,17561.4685304311,47124.2025646777,48598.8021451152,-0.0312917672912409,-1240.58562444632,0.804649188106821,FALSE
"DEPT OF ED PARA PROFESSIONALS",2022,20172,20172,40206.9789311918,39246.6906512149,40443.9151822774,3992.13174544908,16179.8682545505,44408.3453475305,45763.0267117863,-0.0305051078497866,-1197.22453106252,0.802095392353304,FALSE
"DEPT OF ED PARA PROFESSIONALS",2023,20321,20321,40100.2976231485,39079.012053014,40358.594248844,4101.99965882973,16219.0003411699,41997.2448598034,43372.3801043591,-0.0327434632711329,-1279.58219583002,0.798139872111126,FALSE
"DEPT OF ED PARA PROFESSIONALS",2024,20801,20801,42214.066391039,40987.8144975933,42532.574091746,4288.87362633377,16512.1263736658,42588.0024319093,44193.0703321832,-0.0376882645022072,-1544.7595941527,0.793814065365422,FALSE
"DEPT OF ED PARA PROFESSIONALS",2025,21333,21333,43247.0961421272,41866.622348508,43617.4394926517,4512.48419811136,16820.5158018884,41866.622348508,43617.4394926517,-0.041818925099081,-1750.81714414377,0.788473998119748,FALSE
"DEPT OF ED PEDAGOGICAL",2014,81490,81490,76990.4782059127,78804.1669439871,76388.6782864387,20302.5898236013,61187.4101764021,103646.658835871,100469.703371209,0.0306517884931811,2415.48865754843,0.750857898839115,FALSE
"DEPT OF ED PEDAGOGICAL",2015,83833,83833,80555.2477663928,82446.3512938915,79935.8942411916,20682.3948738543,63150.6051261499,107914.392651352,104628.444348393,0.0304495834357917,2510.45705269995,0.753290531486965,FALSE
"DEPT OF ED PEDAGOGICAL",2016,85540,85540,83123.3141148002,85116.1671479717,82477.5975108132,20933.5382045264,64606.4617954776,110769.380030996,107335.570301658,0.0309996293955703,2638.56963715854,0.755277785778286,FALSE
"DEPT OF ED PEDAGOGICAL",2017,86974,86974,86716.7049578033,88642.3501240758,86094.6471973822,21235.9341772797,65738.0658227235,113358.907265682,110100.816529105,0.0287413738819815,2547.70292669357,0.755835833958667,FALSE
"DEPT OF ED PEDAGOGICAL",2018,88041,88041,91126.6307061487,93003.5896330267,90522.6840646862,21432.5232445254,66608.4767554773,116859.13683987,113741.875619721,0.0266753743390939,2480.90556834046,0.756562019462242,FALSE
"DEPT OF ED PEDAGOGICAL",2019,88149,88149,93937.8613257089,95763.5939709909,93349.4061922395,21486.2041869598,66662.795813043,118231.127156184,115250.53578098,0.025209870250721,2414.18777875141,0.75625129965219,FALSE
"DEPT OF ED PEDAGOGICAL",2020,88503,88503,96924.7764030592,98786.6902057398,96330.8874257554,21402.7594505058,67100.2405494974,119844.533802923,116865.240350881,0.0248596523971985,2455.80277998443,0.758169107821148,FALSE
"DEPT OF ED PEDAGOGICAL",2021,87084,87084,101287.440815765,102873.854083076,100781.852108309,21046.197628377,66037.8023716254,122279.139045132,119792.518876816,0.0203356041572804,2092.00197476726,0.758323025717968,FALSE
"DEPT OF ED PEDAGOGICAL",2022,86673,86673,101052.369284553,102814.332511156,100485.635331544,21093.5678279008,65579.4321721027,116336.289992127,113701.326716345,0.0226495384712924,2328.69717961167,0.756630463605737,FALSE
"DEPT OF ED PEDAGOGICAL",2023,86120,86120,101708.515176498,103235.279200193,101215.552302605,21019.6550584103,65100.3449415917,110944.393703178,108773.843307664,0.0195643089575168,2019.72689758809,0.755925974704949,FALSE
"DEPT OF ED PEDAGOGICAL",2024,86638,86638,107994.859288074,109389.930695617,107542.257247207,21222.6547120036,65415.3452879988,113660.57672494,111740.769038706,0.0168907086480522,1847.67344841029,0.755042190355236,FALSE
"DEPT OF ED PEDAGOGICAL",2025,88159,88159,111712.43728944,113156.399179847,111243.267962031,21619.791862581,66539.2081374216,113156.399179847,111243.267962031,0.0169069644463923,1913.13121781545,0.754763644522053,FALSE
"DEPT OF ENVIRONMENT PROTECTION",2014,3439,3439,65622.761011922,67736.2320439847,61352.9336825937,2300.36814108137,1138.63185891863,89089.630735904,80694.0398278634,0.0942375766819445,6383.298361391,0.331093881627981,FALSE
"DEPT OF ENVIRONMENT PROTECTION",2015,3472,3472,68481.8968894009,70692.9970414869,63962.9389301465,2331.30558086773,1140.69441913226,92530.3754588462,83721.372729245,0.0952011994538985,6730.05811134046,0.328541019335329,FALSE
"DEPT OF ENVIRONMENT PROTECTION",2016,3584,3584,70917.0421316965,73184.8425798572,66443.2786669917,2378.37517595924,1205.62482404075,95242.066364947,86468.6584438729,0.092116942186618,6741.56391286544,0.336390854922085,FALSE
"DEPT OF ENVIRONMENT PROTECTION",2017,3647,3647,73373.2433452153,75369.5539405114,69445.6163811261,2417.99569871209,1229.0043012879,96385.1958329078,88809.4593198067,0.0785985487463681,5923.9375593853,0.336990485683548,FALSE
"DEPT OF ENVIRONMENT PROTECTION",2018,3678,3678,74082.2394562262,75573.3937210716,71052.274047085,2464.92320009637,1213.07679990362,94958.0719749783,89277.2789568104,0.0598242245236908,4521.11967398667,0.329819684584998,FALSE
"DEPT OF ENVIRONMENT PROTECTION",2019,3669,3669,77819.6790842192,79627.7474955275,74139.9405429361,2460.17413232678,1208.82586767321,98309.5762065524,91534.2498563638,0.0689182744105575,5487.80695259135,0.32947011928951,FALSE
"DEPT OF ENVIRONMENT PROTECTION",2020,3660,3660,79736.9252896183,81659.5164500328,75952.2578519104,2427.06416467028,1232.93583532971,99066.4497326937,92142.6045814878,0.0698909183672987,5707.25859812232,0.33686771457096,FALSE
"DEPT OF ENVIRONMENT PROTECTION",2021,3488,3488,80980.1283142201,82984.6981257138,77106.1861185978,2298.5936512463,1189.40634875369,98638.2548916469,91650.8683151106,0.0708385056508925,5878.51200711599,0.340999526592228,FALSE
"DEPT OF ENVIRONMENT PROTECTION",2022,3290,3290,81111.902224924,82174.4896717406,78916.3409736516,2217.02481563344,1072.97518436655,92981.931866064,89295.2772672296,0.0396491503762804,3258.14869808895,0.326132274883451,FALSE
"DEPT OF ENVIRONMENT PROTECTION",2023,3412,3412,85447.728845252,85920.5584845747,84486.0832747206,2287.34150587888,1124.65849412111,92336.692858884,90795.0979344318,0.0166953664542528,1434.47520985403,0.329618550445813,FALSE
"DEPT OF ENVIRONMENT PROTECTION",2024,3423,3423,92477.9111364302,92420.4321391868,92591.8123683797,2274.96438066003,1148.03561933996,96028.5791508329,96206.6501630861,-0.0018543543373053,-171.380229192931,0.335388728992101,FALSE
"DEPT OF ENVIRONMENT PROTECTION",2025,3383,3383,96470.2411528229,96921.7412875162,95605.890283437,2222.21131577117,1160.78868422883,96921.7412875162,95605.890283437,0.0135764276064309,1315.85100407919,0.343124056822,FALSE
"DEPT OF HEALTH/MENTAL HYGIENE",2014,3655,3655,63339.2648426813,63885.4515773316,63041.3298595566,1290.04187475549,2364.95812524452,84024.9172219256,82914.6917212819,0.0132130508110002,844.121717774979,0.647047366687965,FALSE
"DEPT OF HEALTH/MENTAL HYGIENE",2015,3693,3693,66511.1955050095,67369.4404858763,66043.9401307269,1301.82846841286,2391.17153158714,88180.1576321938,86445.2043742238,0.0196750981689872,1325.50035514936,0.647487552555413,FALSE
"DEPT OF HEALTH/MENTAL HYGIENE",2016,3798,3798,68835.1987888362,69582.654725577,68431.8570234293,1331.15665955565,2466.84334044435,90554.2129436322,89056.5756288976,0.0165385713822835,1150.79770214774,0.649511148089612,FALSE
"DEPT OF HEALTH/MENTAL HYGIENE",2017,4373,4373,70940.6153670249,71249.0702222047,70781.7629328026,1486.52013484118,2886.47986515882,91115.7785503164,90518.1698044995,0.00655878438756759,467.307289402102,0.660068571954909,FALSE
"DEPT OF HEALTH/MENTAL HYGIENE",2018,4588,4588,71531.504795118,70852.560897721,71880.484537424,1557.62451203449,3030.37548796551,89026.3391130654,90317.9265641188,-0.0145079250019883,-1027.92363970295,0.660500324316808,FALSE
"DEPT OF HEALTH/MENTAL HYGIENE",2019,4612,4612,74621.0329575026,73949.5205775298,74960.2575682717,1547.88428562573,3064.11571437427,91299.1545951118,92547.025197275,-0.0136679316221164,-1010.73699074196,0.664378949343944,FALSE
"DEPT OF HEALTH/MENTAL HYGIENE",2020,4673,4673,77305.9054140802,76260.3322440242,77847.2154329604,1594.03145477864,3078.96854522136,92516.349585219,94441.5003882437,-0.0208087631176111,-1586.88318893622,0.65888477321236,FALSE
"DEPT OF HEALTH/MENTAL HYGIENE",2021,4449,4449,77549.8841694764,76694.297134617,77994.5260663581,1521.43345755191,2927.5665424481,91161.2839518895,92706.7774667576,-0.0169533978446781,-1300.22893174112,0.658027993357629,FALSE
"DEPT OF HEALTH/MENTAL HYGIENE",2022,4192,4192,79117.4639002863,78421.0197134624,79481.7784123717,1439.73029514812,2752.26970485188,88734.8122390839,89935.0800285436,-0.0135264588854518,-1060.75869890935,0.656552887607795,FALSE
"DEPT OF HEALTH/MENTAL HYGIENE",2023,4352,4352,84949.8299632353,84682.1056888849,85087.9303524714,1480.96689995113,2871.03310004887,91005.7583604036,91441.8880594777,-0.00479233080336327,-405.824663586507,0.659704296886229,FALSE
"DEPT OF HEALTH/MENTAL HYGIENE",2024,4467,4467,89561.9572419967,89706.1065439113,89489.637068532,1492.3776865148,2974.6223134852,93208.2847177303,92983.364149096,0.00241309631773327,216.469475379301,0.665910524621716,FALSE
"DEPT OF HEALTH/MENTAL HYGIENE",2025,4524,4524,93579.8230548189,93681.3353691795,93530.8563156979,1472.13530825123,3051.86469174877,93681.3353691795,93530.8563156979,0.00160628638446089,150.479053481627,0.674594317362681,FALSE
"DEPT OF INFO TECH & TELECOMM",2014,994,994,74491.5593561368,81951.8577859256,64236.8688717615,575.39761333517,418.602386664831,107786.638375877,84487.116491803,0.216163359718325,17714.9889141641,0.421129161634638,FALSE
"DEPT OF INFO TECH & TELECOMM",2015,1097,1097,77862.9781221513,86165.9461603707,66726.4038792146,628.452139860519,468.54786013948,112782.986768928,87338.484183079,0.225605858780632,19439.5422811561,0.427117465943009,FALSE
"DEPT OF INFO TECH & TELECOMM",2016,1213,1213,81837.3487221764,90577.0404868374,69484.011788601,710.405220359828,502.594779640174,117876.109274603,90425.8399524675,0.232873900326889,21093.0286982364,0.414340296488189,FALSE
"DEPT OF INFO TECH & TELECOMM",2017,1312,1312,86091.6394817073,95127.3432869173,72613.1938749401,785.449199634027,526.550800365974,121652.141115372,92860.2671207672,0.236673795714776,22514.1494119772,0.401334451498455,FALSE
"DEPT OF INFO TECH & TELECOMM",2018,1319,1319,87749.8711144807,96988.9127786572,73383.9988449563,802.739021913983,516.260978086016,121866.700791586,92207.0943360072,0.243377446529076,23604.9139337009,0.391403319246411,FALSE
"DEPT OF INFO TECH & TELECOMM",2019,1356,1356,91115.2160766963,100490.481113945,76366.3462670379,829.023199746406,526.976800253595,124067.010832617,94283.002773336,0.240063880473942,24124.134846907,0.388625958889082,FALSE
"DEPT OF INFO TECH & TELECOMM",2020,1471,1471,95373.2134602318,104744.664940302,80554.1364502717,901.132122460003,569.867877539997,127072.538941934,97725.4416427321,0.230947595314927,24190.5284900306,0.387401684255606,FALSE
"DEPT OF INFO TECH & TELECOMM",2021,1426,1426,95626.2194950912,104998.873370783,80405.6306545523,882.541596366403,543.458403633598,124805.004643064,95572.6931634134,0.234223872377986,24593.2427162305,0.381106874918372,FALSE
"DEPT OF INFO TECH & TELECOMM",2022,1341,1341,97951.2073079791,107219.814308501,83084.683529558,826.016174076663,514.983825923339,121321.172891367,94011.8327953009,0.225099539060007,24135.1307789432,0.384029698675122,FALSE
"DEPT OF PARKS & RECREATION",2014,3109,3109,54492.4979092957,54311.6970809244,54820.5801585036,2004.40485787,1104.59514213,71433.1000052954,72102.4051039291,-0.00936967734263515,-508.883077579201,0.355289527864264,FALSE
"DEPT OF PARKS & RECREATION",2015,3282,3282,57349.6783638025,56886.0994034928,58157.7441408833,2085.54465126882,1196.45534873118,74458.4662764459,76122.9276789232,-0.0223542262648512,-1271.6447373905,0.364550685170988,FALSE
"DEPT OF PARKS & RECREATION",2016,3453,3453,59369.5079640892,58825.6764866998,60316.1320118565,2193.08310900234,1259.91689099766,76555.1825543066,78494.8473679061,-0.0253368191268255,-1490.45552515666,0.364876018244326,FALSE
"DEPT OF PARKS & RECREATION",2017,3503,3503,62180.1541535826,61497.6180634668,63322.7963896347,2193.03270014924,1309.96729985075,78645.2838102651,80979.3850646855,-0.029678845842197,-1825.17832616794,0.373955837810663,FALSE
"DEPT OF PARKS & RECREATION",2018,3484,3484,63319.5470723308,62641.8379285447,64416.8729700857,2153.80729862072,1330.19270137928,78709.5545373809,80939.8884807642,-0.0283362541751365,-1775.03504154095,0.3818004309355,FALSE
"DEPT OF PARKS & RECREATION",2019,3436,3436,66607.3984284044,66092.7982361453,67414.72188645,2098.42936178879,1337.57063821121,81599.1308213957,83231.1970034283,-0.0200010240992004,-1321.92365030473,0.389281326603962,FALSE
"DEPT OF PARKS & RECREATION",2020,3586,3586,66712.5476854434,65923.1633278862,67988.8639723648,2215.6502768848,1370.3497231152,79975.6602776163,82481.695556238,-0.0313349745400458,-2065.70064447859,0.382138796183825,FALSE
"DEPT OF PARKS & RECREATION",2021,3352,3352,69146.552804296,68369.449316333,70414.932112776,2078.53493044227,1273.46506955774,81266.104725111,83697.4307166371,-0.0299180820804756,-2045.48279644297,0.37991201359121,FALSE
"DEPT OF PARKS & RECREATION",2022,3094,3094,70329.8251454428,69349.4223595783,71909.2493532654,1909.01123828099,1184.98876171901,78470.1345946629,81366.6254650866,-0.0369120160859356,-2559.82699368709,0.382995721305433,FALSE
"DEPT OF PARKS & RECREATION",2023,3628,3628,72352.5176405733,71139.6933774775,74358.3531214493,2260.9320970465,1367.0679029535,76452.0637822742,79911.0775670804,-0.045244217273937,-3218.65974397185,0.376810337087513,FALSE
"DEPT OF PARKS & RECREATION",2024,3512,3512,77361.5677676538,75773.9188957948,79826.199139991,2136.02832431098,1375.97167568902,78732.1764227972,82942.6600265213,-0.0534785623239182,-4052.28024419628,0.391791479410313,FALSE
"DEPT OF PARKS & RECREATION",2025,3782,3782,77780.3098889476,76133.6418368031,80380.7494328796,2315.66121946973,1466.33878053026,76133.6418368031,80380.7494328796,-0.0557848999944131,-4247.10759607653,0.387715172006944,FALSE
"DEPT OF RECORDS & INFO SERVICE",2014,35,35,52445.9685714286,47188.5701677924,56661.7234586864,15.5757451107496,19.4242548892504,62064.4544927454,74523.956639873,-0.200751013586755,-9473.15329089403,0.554978711121439,FALSE
"DEPT OF RECORDS & INFO SERVICE",2015,38,38,55288.6842105263,48200.1366440916,60677.1625264734,16.4111365910624,21.5888634089376,63089.3713309128,79420.605510007,-0.258858724291839,-12477.0258823818,0.568127984445726,FALSE
"DEPT OF RECORDS & INFO SERVICE",2016,41,41,61471.2195121951,61290.8552118975,61590.7204591963,16.339135232184,24.660864767816,79763.3429802929,80153.5847950868,-0.00489249572814858,-299.865247298781,0.601484506532099,FALSE
"DEPT OF RECORDS & INFO SERVICE",2017,43,43,65771.4651162791,68337.3115692696,63262.2174060122,21.2602265239986,21.7397734760014,87392.1207427776,80901.9145624132,0.0742653470953871,5075.09416325742,0.505576127348869,FALSE
"DEPT OF RECORDS & INFO SERVICE",2018,54,54,68256.9444444444,68830.8028720853,67724.7693357392,25.9824453108537,28.0175546891462,86485.997404674,85096.2647622744,0.0160688745473666,1106.03353634606,0.51884360535456,FALSE
"DEPT OF RECORDS & INFO SERVICE",2019,53,53,71900.3396226415,67649.4026503494,75701.4220922002,25.0194839122625,27.9805160877375,83520.9372908084,93462.0777077182,-0.11902572863013,-8052.01944185086,0.527934265806368,FALSE
"DEPT OF RECORDS & INFO SERVICE",2020,51,51,75956.8235294117,75231.1716996119,76603.8554951325,24.0394986517948,26.9605013482052,91267.8082544324,92933.0998963567,-0.0182462105070162,-1372.6837955206,0.528637281337357,FALSE
"DEPT OF RECORDS & INFO SERVICE",2021,44,44,76512.1136363636,70908.2102845717,81199.6463986328,20.0410748562143,23.9589251437857,84283.7568603846,96516.4855627537,-0.145137439977107,-10291.4361140611,0.54452102599513,FALSE
"DEPT OF RECORDS & INFO SERVICE",2022,45,45,76261.4,72851.3131175254,79109.8946972415,20.4810402713778,24.5189597286222,82432.5877739711,89514.2868310386,-0.0859089742091489,-6258.58157971612,0.54486577174716,FALSE
"DEPT OF RECORDS & INFO SERVICE",2023,42,42,83954.5714285714,82981.6254068447,84654.7755785652,17.5767691369258,24.4232308630742,89178.2943833915,90976.3873687936,-0.0201628994794604,-1673.15017172045,0.581505496739862,FALSE
"DEPT OF RECORDS & INFO SERVICE",2024,43,43,89423.1441860465,87494.6366384433,90976.4855389766,19.1833936750567,23.8166063249433,90910.4777507917,94528.2600419689,-0.0397949981199577,-3481.84890053324,0.553874565696355,FALSE
"DEPT OF RECORDS & INFO SERVICE",2025,43,43,94406.8837209302,97239.8840056608,92505.3801282945,17.2699519529849,25.7300480470151,97239.8840056608,92505.3801282945,0.0486889091423705,4734.50387736627,0.598373210395701,FALSE
"DEPT OF YOUTH & COMM DEV SRVS",2014,351,351,71211.7663817664,74853.1401639476,69077.1861181937,129.716695558689,221.283304441311,98450.097021911,90853.3117039791,0.0771638174845177,5775.95404575387,0.630436764790061,FALSE
"DEPT OF YOUTH & COMM DEV SRVS",2015,404,404,73953.0866336634,77101.1693771768,72240.2163133792,142.358833815646,261.641166184354,100918.060477751,94555.5375843301,0.0630464246270756,4860.95306379757,0.647626648971174,FALSE
"DEPT OF YOUTH & COMM DEV SRVS",2016,425,425,78106.1929411765,81506.3432146835,76180.1236513977,153.688641339267,271.311358660732,106071.589088225,99140.097002726,0.0653473012432514,5326.21956328576,0.638379667437018,FALSE
"DEPT OF YOUTH & COMM DEV SRVS",2017,431,431,80020.102088167,83035.1437961293,78318.8013411048,155.472302738039,275.527697261961,106188.217620613,100156.79554929,0.0567993531341889,4716.3424550245,0.639275399679723,FALSE
"DEPT OF YOUTH & COMM DEV SRVS",2018,428,428,81003.3481308411,84671.8346366653,78963.1179647757,152.96231382017,275.03768617983,106390.275357452,99217.265096528,0.0674216721107592,5708.71667188968,0.642611416308014,FALSE
"DEPT OF YOUTH & COMM DEV SRVS",2019,423,423,85028.5130023641,87791.3628405821,83399.6149438334,156.890580916221,266.109419083779,108388.494550069,102966.378665658,0.050024828806036,4391.74789674871,0.629100281521937,FALSE
"DEPT OF YOUTH & COMM DEV SRVS",2020,488,488,86071.213114754,86476.6215564284,85807.4559743359,192.349230098827,295.650769901173,104910.392014324,104098.583894669,0.00773810967691227,669.165582092479,0.605841741600764,FALSE
"DEPT OF YOUTH & COMM DEV SRVS",2021,436,436,87081.7660550459,87896.8041888679,86580.4942451445,166.035750287484,269.964249712516,104476.94058739,102912.33266957,0.0149756291581993,1316.30994372335,0.61918405897366,FALSE
"DEPT OF YOUTH & COMM DEV SRVS",2022,402,402,88014.2985074627,90142.7100813422,86716.4582182776,152.274793886794,249.725206113206,101998.118400097,98121.2520081049,0.0380091951969584,3426.25186306456,0.62120698038111,FALSE
"DEPT OF YOUTH & COMM DEV SRVS",2023,413,413,94205.5617433414,96075.1057331919,93092.0460484759,154.164525884523,258.835474115477,103249.532893379,100043.712647962,0.0310492469610205,2983.05968471603,0.626720276308661,FALSE
"DEPT OF YOUTH & COMM DEV SRVS",2024,464,464,104251.049568965,107025.863209706,102601.203274437,173.014128059684,290.985871940316,111204.214679945,106606.813467088,0.0413419691518736,4424.6599352683,0.627124724009301,FALSE
"DEPT OF YOUTH & COMM DEV SRVS",2025,491,491,107482.610997963,109094.393165296,106540.903741133,181.077022966446,309.922977033554,109094.393165296,106540.903741133,0.0234062388549582,2553.48942416365,0.631207692532696,FALSE
"DEPT. OF DESIGN & CONSTRUCTION",2014,969,969,72869.4551083591,75642.7785527909,67764.3038994145,627.899655594793,341.100344405206,99488.6636848939,89126.5520579035,0.104153691920215,7878.47465337643,0.352012739324259,FALSE
"DEPT. OF DESIGN & CONSTRUCTION",2015,980,980,76711.2591836735,80246.4192649787,70549.0986549904,622.740812744629,357.25918725537,105034.891920892,92342.0262264233,0.12084427814738,9697.32060998832,0.364550191076909,FALSE
"DEPT. OF DESIGN & CONSTRUCTION",2016,1116,1116,76894.9492473118,79989.4600019654,71712.9286997025,698.738966836378,417.261033163621,104097.531530392,93326.5314739042,0.103470273484275,8276.53130226285,0.373889814662743,FALSE
"DEPT. OF DESIGN & CONSTRUCTION",2017,1081,1081,80338.0212765957,83701.6945329303,74778.9537988722,673.487230272377,407.512769727623,107040.625787309,95629.915917681,0.106601673763578,8922.74073405813,0.37697758531695,FALSE
"DEPT. OF DESIGN & CONSTRUCTION",2018,1090,1090,80723.4201834862,83612.0920824691,75982.4084347164,677.315475285964,412.684524714036,105058.707397069,95471.9995188496,0.0912509597323232,7629.68364775268,0.37860965570095,FALSE
"DEPT. OF DESIGN & CONSTRUCTION",2019,1042,1042,87046.999040307,90329.0475017288,81856.950059448,638.334376451554,403.665623548446,111521.556974035,101061.782142679,0.0937915064599637,8472.09744228076,0.387395032196205,FALSE
"DEPT. OF DESIGN & CONSTRUCTION",2020,1005,1005,91733.5721393034,95259.1587558762,86539.8117247197,598.637627107306,406.362372892694,115565.056869302,104987.052101265,0.0915328997760926,8719.34703115652,0.404340669544969,FALSE
"DEPT. OF DESIGN & CONSTRUCTION",2021,964,964,92986.8713692946,96135.0840245751,88297.3315461554,576.787338201026,387.212661798975,114269.222353267,104953.020159305,0.0815285341240887,7837.7524784197,0.401672885683583,FALSE
"DEPT. OF DESIGN & CONSTRUCTION",2022,865,865,93971.3287398844,96108.6096067671,90740.7565389776,520.58894282201,344.41105717799,108748.642381551,102674.818860285,0.0558519480174807,5367.8530677895,0.39816307188207,FALSE
"DEPT. OF DESIGN & CONSTRUCTION",2023,826,826,100416.214285714,103064.389700442,96447.4548920849,495.42505013007,330.57494986993,110760.742996877,103649.687297952,0.0642019501361199,6616.93480835743,0.400211803716622,FALSE
"DEPT. OF DESIGN & CONSTRUCTION",2024,848,848,106480.408018868,110162.650180986,101187.232072511,500.100736061775,347.899263938225,114463.463624997,105137.640013359,0.081474239170253,8975.41810847457,0.410258565964888,FALSE
"DEPT. OF DESIGN & CONSTRUCTION",2025,872,872,109008.808486239,112215.168778705,104334.962573414,517.193780188971,354.80621981103,112215.168778705,104334.962573414,0.0702240730112989,7880.206205291,0.406887866755768,FALSE
"DEPT. OF HOMELESS SERVICES",2014,1576,1576,54149.1085025381,53206.2893974998,55018.0870592466,755.88474049151,820.11525950849,69979.2198682221,72362.174747501,-0.0340523213000441,-1811.79766174679,0.520377702733814,FALSE
"DEPT. OF HOMELESS SERVICES",2015,1658,1658,55143.5189143547,54225.4216409083,56027.526262902,813.318031596879,844.681968403121,70975.89342411,73334.6761079356,-0.0332335750919133,-1802.10462199379,0.509458364537468,FALSE
"DEPT. OF HOMELESS SERVICES",2016,2017,2017,54621.7585523054,52918.4594105252,56258.7407920434,988.477556358129,1028.52244364187,68867.585765569,73214.5965645474,-0.0631212892198034,-3340.28138151819,0.509926843649911,FALSE
"DEPT. OF HOMELESS SERVICES",2017,1935,1935,52092.5638242894,49978.7541942089,54140.9636226855,952.295572341543,982.704427658457,63914.561764499,69237.3393303309,-0.0832795754032409,-4162.20942847666,0.507857585353208,FALSE
"DEPT. OF HOMELESS SERVICES",2018,1942,1942,53327.6678681771,50964.3081316766,55528.6119248816,936.44804372649,1005.55195627351,64036.7224685498,69771.7763912372,-0.0895588297090631,-4564.30379320504,0.51779194452807,FALSE
"DEPT. OF HOMELESS SERVICES",2019,1873,1873,56778.4030966361,54329.4036688891,59077.7654163123,906.987684139706,966.012315860294,67075.8726478254,72938.2691835406,-0.0873994821728967,-4748.36174742318,0.515756708948368,FALSE
"DEPT. OF HOMELESS SERVICES",2020,1722,1722,61012.4541231128,58450.017182834,63346.1406261707,820.773455729552,901.226544270448,70909.5025398718,76849.3070852634,-0.0837659880923814,-4896.12344333676,0.523360362526393,FALSE
"DEPT. OF HOMELESS SERVICES",2021,1616,1616,62173.3669554455,59353.9937716296,64757.5680089383,772.834557099434,843.165442900567,70550.047161877,76972.9075805305,-0.0910397749829519,-5403.57423730869,0.521760793874113,FALSE
"DEPT. OF HOMELESS SERVICES",2022,1461,1461,63629.5160848734,60988.5562903959,66091.2310986552,704.839279452772,756.160720547228,69009.6623448017,74783.4318352059,-0.0836661026039542,-5102.6748082593,0.517563805987152,FALSE
"DEPT. OF HOMELESS SERVICES",2023,1415,1415,67281.8035335689,64233.1482117879,70047.9594962071,673.127724303108,741.872275696893,69029.7710163961,75278.8044616126,-0.0905266431165222,-5814.8112844192,0.524291360916532,FALSE
"DEPT. OF HOMELESS SERVICES",2024,1413,1413,72659.3021939137,69641.9238397272,75225.877165715,649.462884705207,763.537115294793,72360.784740628,78162.7388272698,-0.0801809171561453,-5583.95332598775,0.540365969776924,FALSE
"DEPT. OF HOMELESS SERVICES",2025,1391,1391,76301.9151689431,72776.0279004761,79276.3343073855,636.495691522403,754.504308477597,72776.0279004761,79276.3343073855,-0.0893193348749234,-6500.3064069094,0.542418625792665,FALSE
"DISTRICT ATTORNEY KINGS COUNTY",2015,889,889,68675.8155230596,73204.6164426695,65527.3724546024,364.579514759326,524.420485240675,95817.8451648592,85769.0666657934,0.104873768365135,7677.24398806704,0.589899308482198,FALSE
"DISTRICT ATTORNEY KINGS COUNTY",2016,908,908,69297.4372246696,73155.0806977803,66528.1951200675,379.434924821283,528.565075178717,95203.3345313051,86579.167917887,0.0905868124879801,6626.88557771288,0.582120126848807,FALSE
"DISTRICT ATTORNEY KINGS COUNTY",2017,903,903,70720.0177187154,74209.0401189686,68141.6370634172,383.735464813726,519.264535186274,94901.090566151,87141.8854079504,0.0817609693620131,6067.40305555139,0.5750437820446,FALSE
"DISTRICT ATTORNEY KINGS COUNTY",2018,931,931,69864.7432867884,73350.6516177814,67308.7257578342,393.856590533717,537.143409466284,92165.1934997166,84573.505440902,0.0823704456155444,6041.92585994721,0.576953178803742,FALSE
"DISTRICT ATTORNEY KINGS COUNTY",2019,932,932,76050.4946351932,80013.712696285,73048.6044560347,401.682436291194,530.317563708807,98786.0944619392,90186.8704367935,0.0870489320585384,6965.10824025032,0.569010261490136,FALSE
"DISTRICT ATTORNEY KINGS COUNTY",2020,961,961,77592.6982310093,81430.3732428569,74702.1948617926,412.856731865938,548.143268134063,98788.461262983,90626.0721826097,0.0826249237615339,6728.1783810643,0.570388416372594,FALSE
"DISTRICT ATTORNEY KINGS COUNTY",2021,960,960,78147.2822916667,81870.2089798326,75310.6578061293,415.144181972816,544.855818027184,97313.5376012509,89516.6461831926,0.080121343959426,6559.55117370325,0.567558143778317,FALSE
"DISTRICT ATTORNEY KINGS COUNTY",2022,933,933,80392.5359056806,84000.2453081537,77803.3677793537,389.82436729402,543.175632705981,95047.8076246746,88035.9278251535,0.0737721360939696,6196.87752879995,0.582181814261501,FALSE
"DISTRICT ATTORNEY KINGS COUNTY",2023,967,967,89462.2926577043,94446.3323100478,85803.1519853137,409.385075546312,557.614924453688,101499.130498863,92210.519006513,0.0915141976753568,8643.18032473416,0.576644182475376,FALSE
"DISTRICT ATTORNEY KINGS COUNTY",2024,1065,1065,92208.6544600941,96835.7893888318,88603.9511181086,466.361088855187,598.638911144813,100616.31449585,92063.10050799,0.0850082218844659,8231.83827072322,0.56210226398574,FALSE
"DISTRICT ATTORNEY KINGS COUNTY",2025,1087,1087,94503.4949402023,98453.0575264844,91380.7742208489,479.957783822441,607.042216177559,98453.0575264844,91380.7742208489,0.0718340647138668,7072.28330563553,0.558456500623329,FALSE
"DISTRICT ATTORNEY QNS COUNTY",2015,535,535,77384.3495327103,84198.8986722656,73085.3574239152,206.951207253291,328.048792746709,110208.309640542,95661.7465094902,0.131991527485514,11113.5412483503,0.613175313545251,FALSE
"DISTRICT ATTORNEY QNS COUNTY",2016,538,538,78777.9776951673,85904.9490708629,74180.0649809064,210.976673312392,327.023326687608,111795.893412721,96537.2394448804,0.136486712544171,11724.8840899565,0.60785004960522,FALSE
"DISTRICT ATTORNEY QNS COUNTY",2017,553,553,78678.4828209765,86264.1320740876,73623.3845365754,221.147471142671,331.85252885733,110317.559659161,94152.133924532,0.146535381897262,12640.7475375122,0.600094988892097,FALSE
"DISTRICT ATTORNEY QNS COUNTY",2018,567,567,77899.7001763669,84884.8088322362,73052.8300805391,232.266757911488,334.733242088512,106657.877723788,91790.980333195,0.139388648151184,11831.9787516971,0.590358451655224,FALSE
"DISTRICT ATTORNEY QNS COUNTY",2019,576,576,82737.5399305555,90161.9603353703,78050.7208963499,222.901031500111,353.098968499889,111315.268726145,96362.5562102841,0.134327596626902,12111.2394390204,0.613019042534529,FALSE
"DISTRICT ATTORNEY QNS COUNTY",2020,614,614,81853.5472312705,86627.3655717911,78904.5042444316,234.461337212441,379.538662787559,105093.26934534,95724.1659420942,0.0891503657808837,7722.86132735951,0.618141144605145,FALSE
"DISTRICT ATTORNEY QNS COUNTY",2021,638,638,82034.34169279,86503.3909090738,79393.2552331012,236.987483512531,401.01251648747,102820.685188913,94369.3514977506,0.0821948781573929,7110.13567597265,0.628546264086943,FALSE
"DISTRICT ATTORNEY QNS COUNTY",2022,643,643,87216.3763608087,90128.7352957875,85421.8011261065,245.151479565243,397.848520434757,101982.305675692,96656.3239262265,0.0522245669400953,4706.93416968099,0.6187379789032,FALSE
"DISTRICT ATTORNEY QNS COUNTY",2023,685,685,91530.1109489051,91725.1712742592,91397.400783163,277.34791875036,407.65208124964,98574.7662347932,98222.5194186835,0.0035733974278026,327.770491096191,0.595112527371737,FALSE
"DISTRICT ATTORNEY QNS COUNTY",2024,689,689,96802.9419448477,97525.7909160727,96311.2873530768,278.920559849427,410.079440150574,101333.254080953,100071.3355979,0.0124531526644174,1214.5035629959,0.595180609797639,FALSE
"DISTRICT ATTORNEY QNS COUNTY",2025,715,715,102771.545454545,104261.021372278,101758.594756341,289.422972327615,425.577027672385,104261.021372278,101758.594756341,0.0240015547804972,2502.42661593732,0.595212626115224,FALSE
"DISTRICT ATTORNEY RICHMOND COU",2015,94,94,73411.0319148936,85758.7527385398,63963.8045745322,40.7451930287447,53.2548069712553,112250.009504089,83722.5057749971,0.25414255067883,21794.9481640076,0.566540499694205,FALSE
"DISTRICT ATTORNEY RICHMOND COU",2016,90,90,74228.4777777778,88101.4524643068,64108.1211134059,37.9618855953185,52.0381144046814,114654.402286891,83429.7063487238,0.272337523159695,23993.3313509009,0.578201271163127,FALSE
"DISTRICT ATTORNEY RICHMOND COU",2017,125,125,78370.736,87759.7791790641,71088.687434836,54.6008674543255,70.3991325456746,112230.244975355,90910.6754873348,0.189962781358105,16671.0917442282,0.563193060365396,FALSE
"DISTRICT ATTORNEY RICHMOND COU",2018,137,137,78766.6642335766,88708.9833836448,71650.8428029218,57.1496952663994,79.8503047336006,111462.958247733,90029.381412451,0.192293270986442,17058.140580723,0.582848939661318,FALSE
"DISTRICT ATTORNEY RICHMOND COU",2019,145,145,81015.2583448276,90714.7604426235,74272.6972079898,59.4615986381869,85.5384013618131,111997.763785722,91698.1531675901,0.181250142252574,16442.0632346337,0.589920009391814,FALSE
"DISTRICT ATTORNEY RICHMOND COU",2020,177,177,79546.4858757062,89196.3347761406,73175.4860006027,70.3874678359832,106.612532164017,108209.852318291,88773.922754979,0.179613308279382,16020.8487755379,0.602330690192185,FALSE
"DISTRICT ATTORNEY RICHMOND COU",2021,185,185,79037.2378378378,89027.2234927956,72644.4916374793,72.1893062470257,112.810693752974,105820.592970946,86347.5561694121,0.184019350627531,16382.7318553163,0.609787533799861,FALSE
"DISTRICT ATTORNEY RICHMOND COU",2022,185,185,83333.3405405406,93560.0379243487,77314.3688030086,68.5419457411401,116.45805425886,105864.887100842,87482.6165763375,0.173638975376176,16245.6691213401,0.629502995993837,FALSE
"DISTRICT ATTORNEY RICHMOND COU",2023,183,183,86752.7049180328,94637.1410475816,82029.2010645687,68.5600666206031,114.439933379397,101704.18791589,88154.7475685759,0.133224015893231,12607.9399830129,0.625354827209819,FALSE
"DISTRICT ATTORNEY RICHMOND COU",2024,204,204,101120.279411765,110283.611297977,96419.317160485,69.1702217040923,134.829778295908,114589.147133808,100183.58295134,0.125714908809359,13864.2941374919,0.660930285764254,FALSE
"DISTRICT ATTORNEY RICHMOND COU",2025,209,209,104687.043062201,112643.586122389,100510.343329504,71.9453372057755,137.054662794225,112643.586122389,100510.343329504,0.107713569947085,12133.2427928844,0.655763936814472,FALSE
"DISTRICT ATTORNEY-MANHATTAN",2015,1141,1141,75649.2462751972,78237.9604103377,73751.5625660984,482.627084635844,658.372915364156,102406.011272296,96533.7453568815,0.057342980577578,4486.39784423931,0.577013948610128,FALSE
"DISTRICT ATTORNEY-MANHATTAN",2016,1190,1190,77457.9226890756,78900.2337433051,76340.0517743012,519.598374133998,670.401625866001,102680.022713582,99348.2259589178,0.0324483445427206,2560.18196900396,0.563362710811766,FALSE
"DISTRICT ATTORNEY-MANHATTAN",2017,1214,1214,78823.8673805602,79659.24130321,78178.0250136316,529.330280100054,684.669719899945,101870.996595932,99976.765906248,0.018594406189991,1481.2162895784,0.563978352471124,FALSE
"DISTRICT ATTORNEY-MANHATTAN",2018,1252,1252,80064.2284345047,81283.512383948,79123.9454350558,545.125177024097,706.874822975902,102132.843839483,99419.3450316275,0.0265683271496853,2159.56694889223,0.564596503974363,FALSE
"DISTRICT ATTORNEY-MANHATTAN",2019,1235,1235,82825.1311740895,85246.2240043236,81025.3868461661,526.597961897016,708.402038102984,105246.229093001,100035.122094418,0.0495134794233631,4220.83715815748,0.573604889152214,FALSE
"DISTRICT ATTORNEY-MANHATTAN",2020,1306,1306,82124.7220520673,85332.7148162311,79869.3529997053,539.139101766091,766.860898233908,103522.644639578,96894.6864750251,0.0640242353509025,5463.36181652582,0.587182923609425,FALSE
"DISTRICT ATTORNEY-MANHATTAN",2021,1291,1291,82179.587916344,84293.885124974,80737.509987764,523.488814865913,767.511185134087,100194.396250843,95967.1755077731,0.0421901912806282,3556.37513720995,0.594509051227023,FALSE
"DISTRICT ATTORNEY-MANHATTAN",2022,1269,1269,87079.0740740741,88865.9650252163,85851.5590984429,516.757378374513,752.242621625486,100553.45811327,97142.6028999361,0.0339208146326668,3014.40592677341,0.592783783786829,FALSE
"DISTRICT ATTORNEY-MANHATTAN",2023,1315,1315,88125.2975209125,90541.4380577126,86429.1370804069,542.385149232517,772.614850767482,97302.6375106445,92883.2496600298,0.0454189933970839,4112.30097730573,0.587539810469568,FALSE
"DISTRICT ATTORNEY-MANHATTAN",2024,1349,1349,96213.704966642,98752.9643466625,94418.065992849,558.794411757297,790.205588242701,102608.337070542,98104.2017830867,0.0438963871362509,4334.89835381348,0.585771377496444,FALSE
"DISTRICT ATTORNEY-MANHATTAN",2025,1431,1431,100062.780573026,103499.912498432,97703.5111435354,582.450100828285,848.549899171715,103499.912498432,97703.5111435354,0.0560039251722522,5796.40135489685,0.592976868743337,FALSE
"DISTRICT ATTORNEY-SPECIAL NARC",2015,170,170,87600.8705882353,92541.1643993662,83495.8246699706,77.1510885143544,92.8489114856456,121127.5380254,109288.052979623,0.097743958465445,9045.33972939556,0.546170067562621,FALSE
"DISTRICT ATTORNEY-SPECIAL NARC",2016,172,172,88892.25,92499.0094454654,85685.4586772553,80.9516397948527,91.0483602051474,120377.341615293,111510.250677183,0.0736607971161809,6813.55076821013,0.529350931425275,FALSE
"DISTRICT ATTORNEY-SPECIAL NARC",2017,180,180,90309.4055555555,94030.6451361016,86906.8275160263,85.9741335024234,94.0258664975766,120249.645538453,111139.460848613,0.0757605949609742,7123.81762007529,0.522365924986537,FALSE
"DISTRICT ATTORNEY-SPECIAL NARC",2018,187,187,91198.8128342246,97614.5047289025,86066.5565721129,83.1084369261405,103.89156307386,122652.757927748,108142.74536588,0.11830155967969,11547.9481567896,0.555569856009944,FALSE
"DISTRICT ATTORNEY-SPECIAL NARC",2019,182,182,94909.8516483516,102264.226142214,89209.0340196597,79.4740359760338,102.525964023966,126256.902265091,110138.772024931,0.127661378910738,13055.1921225546,0.563329472659155,FALSE
"DISTRICT ATTORNEY-SPECIAL NARC",2020,193,193,94471.518134715,100818.720589674,89305.5426965084,86.5993098365765,106.400690163424,122309.721507143,108342.339521544,0.114196826004403,11513.1778931655,0.551298912763852,FALSE
"DISTRICT ATTORNEY-SPECIAL NARC",2021,183,183,95322.8524590164,98841.0705114161,92184.6260449698,86.2766055760582,96.7233944239418,117485.644065352,109573.582193912,0.067344924857703,6656.44446644624,0.528543138928644,FALSE
"DISTRICT ATTORNEY-SPECIAL NARC",2022,173,173,107373.965317919,114404.832443047,100828.19945582,83.4093029699288,89.5906970300713,129451.1517852,114088.944262748,0.118671848883527,13576.6329872265,0.517865300751857,FALSE
"DISTRICT ATTORNEY-SPECIAL NARC",2023,167,167,113581.610778443,116357.558726313,111000.280472318,80.4666363561404,86.5333636438595,125046.581998766,119289.247951787,0.0460415147295738,5357.2782539948,0.518163854154848,FALSE
"DISTRICT ATTORNEY-SPECIAL NARC",2024,161,161,125764.086956522,132026.248048613,119649.855968278,79.5378154406856,81.4621845593143,137180.628972065,124321.055401815,0.093741905592727,12376.392080335,0.505976301610648,FALSE
"DISTRICT ATTORNEY-SPECIAL NARC",2025,176,176,124971.068181818,130535.532831737,119763.417924861,85.0850973228446,90.9149026771554,130535.532831737,119763.417924861,0.082522472411869,10772.1149068756,0.516561947029292,FALSE
"DISTRICTING COMMISSION",2022,8,8,,,,5.52698873999338,2.47301126000662,,,,,,TRUE
"DISTRICTING COMMISSION",2023,1,1,,,,0.00261960696573069,0.997380393034269,,,,,,TRUE
"EQUAL EMPLOY PRACTICES COMM",2014,4,4,,,,0.00316143622096048,3.99683856377904,,,,,,TRUE
"EQUAL EMPLOY PRACTICES COMM",2015,5,5,,,,0.00316143622096048,4.99683856377904,,,,,,TRUE
"EQUAL EMPLOY PRACTICES COMM",2016,9,9,,,,2.05227964714753,6.94772035285247,,,,,,TRUE
"EQUAL EMPLOY PRACTICES COMM",2017,8,8,,,,2.9921707221353,5.0078292778647,,,,,,TRUE
"EQUAL EMPLOY PRACTICES COMM",2018,8,8,,,,3.99395305938156,4.00604694061844,,,,,,TRUE
"EQUAL EMPLOY PRACTICES COMM",2019,10,10,,,,4.0442429655624,5.95575703443759,,,,,,TRUE
"EQUAL EMPLOY PRACTICES COMM",2020,11,11,,,,5.03774999918804,5.96225000081196,,,,,,TRUE
"EQUAL EMPLOY PRACTICES COMM",2021,10,10,,,,4.04575001564461,5.95424998435539,,,,,,TRUE
"EQUAL EMPLOY PRACTICES COMM",2022,10,10,,,,5.04425071035599,4.95574928964401,,,,,,TRUE
"EQUAL EMPLOY PRACTICES COMM",2023,10,10,,,,5.0418466269879,4.9581533730121,,,,,,TRUE
"EQUAL EMPLOY PRACTICES COMM",2024,10,10,,,,5.95442408869348,4.04557591130652,,,,,,TRUE
"EQUAL EMPLOY PRACTICES COMM",2025,11,11,,,,4.91352520605935,6.08647479394065,,,,,,TRUE
"FINANCIAL INFO SVCS AGENCY",2014,336,336,95694.9107142857,97633.337107084,92407.7690646745,211.360676065389,124.639323934611,128411.600230967,121538.706460004,0.0535223746032372,5225.56804240949,0.37095036885301,FALSE
"FINANCIAL INFO SVCS AGENCY",2015,345,345,99534.6550724637,101732.930174083,95931.9867386706,214.261798791404,130.738201208596,133158.680767377,125565.800332852,0.0570212951252458,5800.94343541241,0.378951307851002,FALSE
"FINANCIAL INFO SVCS AGENCY",2016,346,346,103363.524566474,105888.96974477,99166.0477252274,216.026153932718,129.973846067282,137802.910114108,129053.762577814,0.0634902958801746,6722.92201954228,0.375646953951683,FALSE
"FINANCIAL INFO SVCS AGENCY",2017,352,352,106720.484375,108932.24614837,103030.4783777,220.083568436,131.916431564,139306.328996139,131758.943976647,0.0541783354272514,5901.76777067031,0.374762589670455,FALSE
"FINANCIAL INFO SVCS AGENCY",2018,351,351,106801.893162393,108854.262828133,103352.629013168,220.060396074504,130.939603925496,136775.529263217,129862.718893609,0.0505412803507006,5501.63381496552,0.373047304631044,FALSE
"FINANCIAL INFO SVCS AGENCY",2019,346,346,112046.416184971,113989.695435053,108814.858701725,216.068437870142,129.931562129858,140733.337342783,134344.408581234,0.0453974081918321,5174.83673332771,0.375524746040052,FALSE
"FINANCIAL INFO SVCS AGENCY",2020,343,343,115343.201166181,117934.846331548,111304.834212484,208.922674686397,134.077325313603,143074.402516041,135031.10528782,0.0562175839058257,6630.01211906446,0.390895992167938,FALSE
"FINANCIAL INFO SVCS AGENCY",2021,330,330,116386.184848485,118098.978765909,113649.00348433,202.983116313083,127.016883686917,140376.207096731,135086.82476481,0.0376800487868761,4449.97528157971,0.384899647536111,FALSE
"FINANCIAL INFO SVCS AGENCY",2022,312,312,116700.958333333,118623.358410713,113393.732479807,197.309421349261,114.690578650739,134224.490757765,128307.073759681,0.0440859709333058,5229.62593090582,0.367598008495959,FALSE
"FINANCIAL INFO SVCS AGENCY",2023,331,331,123553.885196375,124871.36881036,121156.854756819,213.599158343914,117.400841656086,134196.162502606,130204.266391463,0.0297467232795541,3714.51405354092,0.354685322223824,FALSE
"FINANCIAL INFO SVCS AGENCY",2024,318,318,131779.616352201,132707.607742176,130086.841495747,205.398861911472,112.601138088528,137888.589341315,135165.506868037,0.0197484250603007,2620.76624642813,0.354091629209209,FALSE
"FINANCIAL INFO SVCS AGENCY",2025,308,308,135943.659090909,136468.485305146,134976.923667794,199.62601803568,108.373981964321,136468.485305146,134976.923667794,0.0109297149009678,1491.56163735216,0.351863577806235,FALSE
"FIRE DEPARTMENT",2014,14670,14670,72327.9535787315,74267.2200142642,55090.1273724637,13186.5092988478,1483.49070115263,97679.4694242257,72456.9252925054,0.25821745634369,19177.0926418005,0.101124110508016,FALSE
"FIRE DEPARTMENT",2015,15072,15072,71455.8747346072,73332.1426237943,55147.6393662907,13516.8786296018,1555.12137039845,95984.7647454942,72182.9882702139,0.247974525315495,18184.5032575036,0.103179496443632,FALSE
"FIRE DEPARTMENT",2016,15526,15526,73124.4572330285,75200.0863851833,55667.510817069,13876.1296025182,1649.87039748214,97864.6857145658,72445.1754313114,0.259741398009389,19532.5755681143,0.106265000481908,FALSE
"FIRE DEPARTMENT",2017,16235,16235,74205.0778564829,76060.0136869259,58749.9082266682,14495.2715346582,1739.72846534211,97268.1796691314,75131.4173102606,0.227584832307664,17310.1054602577,0.10715912937124,FALSE
"FIRE DEPARTMENT",2018,16135,16135,75523.7126743092,77432.494747633,60198.8400860416,14347.9038002752,1787.09619972521,97294.0349428511,75639.924426298,0.222563598367315,17233.6546615914,0.110758983559043,FALSE
"FIRE DEPARTMENT",2019,16265,16265,75381.6184445128,77316.1473307745,60560.0851648013,14387.165457289,1877.83454271143,95455.6409929653,74768.3627232936,0.216721380260805,16756.0621659732,0.115452477264763,FALSE
"FIRE DEPARTMENT",2020,16135,16135,75929.3438487738,77836.9065837856,61643.7651102978,14234.2863688738,1900.71363112658,94428.994055448,74784.0450582393,0.208039375974649,16193.1414734878,0.117800658886058,FALSE
"FIRE DEPARTMENT",2021,15789,15789,78953.7214516437,81076.5248099141,63001.0098192527,13934.7268442371,1854.27315576327,96370.139321522,74885.006577584,0.22294387966233,18075.5149906614,0.117440823089697,FALSE
"FIRE DEPARTMENT",2022,15794,15794,83345.7853615298,85314.1165651637,68590.1185234584,13935.1249300145,1858.87506998583,96534.4768840538,77610.9684734281,0.196028496983044,16723.9980417053,0.117695015194744,FALSE
"FIRE DEPARTMENT",2023,15807,15807,83217.9524160182,85015.7141200452,69492.9899010257,13976.314944038,1830.68505596242,91364.2790658837,74682.3924042403,0.182586529792609,15522.7242190195,0.115814832413638,FALSE
"FIRE DEPARTMENT",2024,15888,15888,91171.143693354,93375.9173134382,74677.2253690482,14014.6366984332,1873.36330156713,97021.3670177493,77592.6673478038,0.200251761721638,18698.69194439,0.117910580410819,FALSE
"FIRE DEPARTMENT",2025,16213,16213,92515.3740825267,94700.8919418192,76199.3829482918,14297.8156188151,1915.18438118529,94700.8919418192,76199.3829482918,0.195367843049399,18501.5089935275,0.118126465255365,FALSE
"GUTTMAN COMMUNITY COLLEGE",2014,91,91,74056.4065934066,74770.7797816057,73638.1241784173,33.6057135610133,57.3942864389867,98341.7730743176,96852.0552911749,0.0151483722183538,1132.65560318832,0.63070644438447,FALSE
"GUTTMAN COMMUNITY COLLEGE",2015,111,111,75517.954954955,74733.029074915,75927.4912687914,38.057739348216,72.942260651784,97818.3911968053,99381.8280278385,-0.0159830560685434,-1194.46219387645,0.657137483349405,FALSE
"GUTTMAN COMMUNITY COLLEGE",2016,141,141,76666.2836879433,77241.7119510648,76342.5096902016,50.7695939707174,90.2304060292826,100521.638039435,99351.4246675718,0.0116414077077013,899.202260863167,0.639931957654487,FALSE
"GUTTMAN COMMUNITY COLLEGE",2017,142,142,82877.7042253521,84566.7939334135,81862.5619799813,53.3054121558253,88.6945878441746,108146.944861405,104688.679384408,0.0319774680776172,2704.23195343216,0.624609773550526,FALSE
"GUTTMAN COMMUNITY COLLEGE",2018,151,151,84591.4635761589,83507.6166862738,85357.3723113526,62.5229719246341,88.4770280753659,104927.433919685,107251.654377888,-0.0221507414350964,-1849.75562507879,0.585940583280569,FALSE
"GUTTMAN COMMUNITY COLLEGE",2019,143,143,85887.4055944057,87438.5252256043,84846.506955182,57.4257161330592,85.5742838669408,107952.876094328,104752.732605412,0.0296438928233818,2592.01827042238,0.598421565503083,FALSE
"GUTTMAN COMMUNITY COLLEGE",2020,142,142,89164.3943661971,90995.4574941276,88025.1639680073,54.462872143907,87.537127856093,110392.484643985,106789.029136423,0.0326422176218196,2970.29352612035,0.616458646873894,FALSE
"GUTTMAN COMMUNITY COLLEGE",2021,136,136,90646.3382352941,89813.5211393608,91160.0204846514,51.8832676428197,84.1167323571803,106755.211393792,108355.703395715,-0.014992167417657,-1346.49934529058,0.618505384979267,FALSE
"GUTTMAN COMMUNITY COLLEGE",2022,127,127,95195.8897637795,96416.5180579676,94423.8660542767,49.2042819946747,77.7957180053253,109097.046402615,106842.324364424,0.0206671226448233,1992.65200369083,0.612564708703348,FALSE
"GUTTMAN COMMUNITY COLLEGE",2023,139,139,94236.2446043165,95123.0586365366,93699.3855965194,52.4161095885441,86.5838904114559,102226.391495074,100696.405394586,0.0149666448958188,1423.67304001719,0.622905686413352,FALSE
"GUTTMAN COMMUNITY COLLEGE",2024,143,143,96597.3216783217,97852.9716433737,95807.0902041145,55.234432769739,87.765567230261,101673.208132681,99547.4543012425,0.0209077088298903,2045.88143925917,0.613745225386441,FALSE
"GUTTMAN COMMUNITY COLLEGE",2025,148,148,99260.2297297297,101154.979558881,98179.8894751751,53.7430306899908,94.2569693100092,101154.979558881,98179.8894751751,0.0294112074035266,2975.09008370574,0.636871414256819,FALSE
"HOUSING PRESERVATION & DVLPMNT",2014,1752,1752,59785.6147260274,63555.1680990123,55877.2949557009,891.832426741394,860.167573258607,83590.5140637675,73492.2422447717,0.120806432788441,7677.87314331142,0.49096322674578,FALSE
"HOUSING PRESERVATION & DVLPMNT",2015,1865,1865,63212.9190348526,67389.543988648,59078.2459492815,927.793139900174,937.206860099826,88206.4711955929,77327.7765537227,0.123332160264604,8311.29803936653,0.502523785576314,FALSE
"HOUSING PRESERVATION & DVLPMNT",2016,1962,1962,65450.352196738,69016.9798816895,61992.6475295496,965.788094431076,996.211905568924,89818.0490178337,80676.6489072587,0.101776872360702,7024.33235213983,0.507753264815965,FALSE
"HOUSING PRESERVATION & DVLPMNT",2017,1996,1996,67666.4549098196,70703.7338157492,64753.9522542118,977.070374847701,1018.9296251523,90418.3834672499,82809.5967491487,0.0841508820035205,5949.78156153743,0.510485784144438,FALSE
"HOUSING PRESERVATION & DVLPMNT",2018,2026,2026,68204.5904540967,70933.2224180674,65638.7653461328,981.849809736093,1044.15019026391,89127.6904230635,82475.1979127926,0.074640019041148,5294.45707193454,0.515375217306963,FALSE
"HOUSING PRESERVATION & DVLPMNT",2019,2070,2070,71698.3629033822,73841.3284023353,69642.8969184468,1013.42956414626,1056.57043585374,91165.5789606532,85982.134333684,0.0568574750038729,4198.43148388855,0.510420500412433,FALSE
"HOUSING PRESERVATION & DVLPMNT",2020,2116,2116,73374.6687334597,75401.4858204159,71361.5936021203,1054.40114432329,1061.59885567671,91474.4273482124,86573.372373019,0.0535784165834275,4039.89221829564,0.501700782455913,FALSE
"HOUSING PRESERVATION & DVLPMNT",2021,2028,2028,74316.3151084813,76450.481290185,72220.0686383921,1004.91091325078,1023.08908674922,90871.4766747303,85843.0734766821,0.0553353305355315,4230.41265179285,0.504481798199812,FALSE
"HOUSING PRESERVATION & DVLPMNT",2022,1912,1912,74931.2826046025,77552.0990387466,72462.5372222807,927.435669555748,984.564330444252,87751.6126683142,81992.6807669765,0.0656276474724823,5089.5618164659,0.514939503370425,FALSE
"HOUSING PRESERVATION & DVLPMNT",2023,2016,2016,79985.3370535714,81729.8529651258,78212.187429754,1016.2050955871,999.794904412896,87833.0455917306,84052.6977000411,0.0430401549464775,3517.66553537184,0.495930012109571,FALSE
"HOUSING PRESERVATION & DVLPMNT",2024,2057,2057,84986.1541079239,86865.8932451615,83101.1025310332,1029.95130090851,1027.04869909149,90257.1878525533,86345.4175360776,0.0433402636349225,3764.79071412834,0.4992944575068,FALSE
"HOUSING PRESERVATION & DVLPMNT",2025,2054,2054,88220.3291139241,90081.209608579,86405.2314822832,1014.20911858011,1039.79088141989,90081.209608579,86405.2314822832,0.0408073797217941,3675.97812629581,0.506227303515039,FALSE
"HRA/DEPT OF SOCIAL SERVICES",2014,11677,11677,49082.0459878395,53170.0706633658,47385.6417102265,3424.523476762,8252.47652323796,69931.5834179448,62323.6515341839,0.108791071386046,5784.42895313936,0.706729170440866,FALSE
"HRA/DEPT OF SOCIAL SERVICES",2015,11563,11563,51260.6887485947,55528.4476314477,49507.3124051666,3367.18739857664,8195.81260142329,72681.4298871699,64800.3394469206,0.108433343324207,6021.13522628104,0.708796385144283,FALSE
"HRA/DEPT OF SOCIAL SERVICES",2016,11361,11361,52904.450840595,57336.2886619286,51111.3142334482,3272.59577173397,8088.40422826597,74616.9072359547,66515.7840151118,0.108569539008438,6224.97442848033,0.711944743267848,FALSE
"HRA/DEPT OF SOCIAL SERVICES",2017,11381,11381,55762.1441876812,60687.2691899611,53729.9893054695,3324.28119874969,8056.71880125024,77608.981606228,68711.7711403097,0.11464150516831,6957.27988449155,0.707909568689069,FALSE
"HRA/DEPT OF SOCIAL SERVICES",2018,11137,11137,55754.7237137467,60504.8083900373,53816.3834504872,3227.56040578123,7909.43959421869,76024.3740163207,67620.3589848774,0.11054369260099,6688.42493955012,0.710194809573381,FALSE
"HRA/DEPT OF SOCIAL SERVICES",2019,10762,10762,58056.6160564956,63003.9051524008,56028.1412266796,3129.47031334928,7632.52968665067,77785.5384548991,69173.1587653553,0.110719548397,6975.76392572121,0.70921108405972,FALSE
"HRA/DEPT OF SOCIAL SERVICES",2020,10491,10491,60129.2946334953,65171.3559427122,58027.3614584686,3086.7018427639,7404.29815723602,79063.594032678,70396.7514988125,0.109618625865687,7143.99448424366,0.70577620410219,FALSE
"HRA/DEPT OF SOCIAL SERVICES",2021,9976,9976,60592.2783680833,65657.1949669797,58481.8723853109,2934.1412660562,7041.85873394379,78042.2328320396,69513.415908849,0.109284634917428,7175.32258166878,0.705879985359242,FALSE
"HRA/DEPT OF SOCIAL SERVICES",2022,9003,9003,61650.6251249583,67418.1733626855,59230.044773543,2661.47321290156,6341.52678709841,76284.8911771147,67019.8745323198,0.12145283950506,8188.12858914255,0.704379294357262,FALSE
"HRA/DEPT OF SOCIAL SERVICES",2023,8872,8872,65392.5214156898,71567.0765086223,62764.6218890617,2648.66172083822,6223.33827916175,76911.3618316537,67451.5822056111,0.122995866940297,8802.4546195606,0.701458327227431,FALSE
"HRA/DEPT OF SOCIAL SERVICES",2024,9072,9072,68879.6048280424,75056.6541711034,66141.5764189319,2786.22289316569,6285.77710683428,77986.9092692809,68723.7817362809,0.118777979789082,8915.07775217143,0.692876665215421,FALSE
"HRA/DEPT OF SOCIAL SERVICES",2025,8832,8832,71627.4328577901,77821.0441737272,68847.119322233,2736.34218610064,6095.65781389933,77821.0441737272,68847.119322233,0.115314886182469,8973.92485149422,0.690178647407082,FALSE
"HUMAN RIGHTS COMMISSION",2014,56,56,63873.6964285714,65956.43465179,61462.3328200142,30.0474637945274,25.9525362054726,86748.76399929,80837.9263190589,0.0681374282206424,4494.10183177584,0.463438146526296,FALSE
"HUMAN RIGHTS COMMISSION",2015,56,56,68237.4285714286,69241.9361731797,67149.3735978263,29.1179242328927,26.8820757671073,90631.0754917038,87892.111112319,0.0302210292057663,2092.56257535347,0.480037067269773,FALSE
"HUMAN RIGHTS COMMISSION",2016,76,76,72734.1842105263,68963.6127575002,76606.0502637584,38.5036606193607,37.4963393806393,89748.5975439418,99694.3938933259,-0.110818404092773,-7642.43750625815,0.493372886587359,FALSE
"HUMAN RIGHTS COMMISSION",2017,89,89,73142.3595505618,70886.262779957,75214.0786995742,42.6041697906619,46.3958302093381,90651.8078281562,96186.368710264,-0.061052956523487,-4327.81591961719,0.521301463026271,FALSE
"HUMAN RIGHTS COMMISSION",2018,107,107,72411.6261682243,71382.9380474725,73458.7855404277,53.9760522899771,53.0239477100229,89692.758722933,92301.0639205618,-0.0290804434467895,-2075.8474929552,0.495550913177784,FALSE
"HUMAN RIGHTS COMMISSION",2019,101,101,75703.5544554456,74987.1149135883,76369.9783274601,48.673506290122,52.3264937098779,92580.1836667674,94287.4869680057,-0.0184413470963029,-1382.86341387183,0.518084096137405,FALSE
"HUMAN RIGHTS COMMISSION",2020,104,104,76790.9423076923,78417.2729103883,75333.5681129658,49.150916254449,54.849083745551,95133.0740453925,91392.0319772429,0.0393243055129762,3083.70479742254,0.527395036014914,FALSE
"HUMAN RIGHTS COMMISSION",2021,94,94,78578.4361702128,77796.3850071459,79296.3884313741,44.9915723251727,49.0084276748273,92471.2606938526,94254.2125324341,-0.019281145571101,-1500.0034242282,0.521366251859865,FALSE
"HUMAN RIGHTS COMMISSION",2022,80,80,82752.1,80830.4068374559,84426.3740805581,37.2478160643919,42.7521839356081,91461.0776566976,95529.9800925555,-0.044487803337838,-3595.96724310218,0.534402299195102,FALSE
"HUMAN RIGHTS COMMISSION",2023,76,76,89105.5789473684,87663.2207913995,90182.2427004991,32.4834194344825,43.5165805655175,94209.4888115657,96916.6191704435,-0.0287352197005609,-2519.02190909964,0.572586586388389,FALSE
"HUMAN RIGHTS COMMISSION",2024,82,82,92442.9268292683,91637.8424597726,92990.8793413215,33.2083379256663,48.7916620743337,95215.4367186584,96621.2969409754,-0.0147650451519841,-1353.03688154895,0.595020269199191,FALSE
"HUMAN RIGHTS COMMISSION",2025,80,80,99468.06875,99695.5440583615,99321.392350088,31.3619094433786,48.6380905566214,99695.5440583615,99321.392350088,0.00375294314111408,374.151708273464,0.607976131957768,FALSE
"HUNTER COLLEGE HIGH SCHOOL",2014,163,163,64918.6920245399,71268.8882519835,62327.6724586283,47.2347607981285,115.765239201872,93735.9334248868,81976.0585496089,0.12545748941308,8941.21579335517,0.710216191422524,FALSE
"HUNTER COLLEGE HIGH SCHOOL",2015,159,159,65932.3459119497,69897.6619858216,64097.5715508408,50.2973404788424,108.702659521158,91489.3578984633,83897.5939599634,0.0829797488241785,5800.09043498081,0.683664525290299,FALSE
"HUNTER COLLEGE HIGH SCHOOL",2016,161,161,66332.0409937888,70785.6808204774,64071.9300404127,54.1988934969144,106.801106503086,92119.8197978691,83382.6076264428,0.0948461708956606,6713.75078006469,0.663360909957054,FALSE
"HUNTER COLLEGE HIGH SCHOOL",2017,162,162,74324.7716049383,75631.3786868428,73661.4050424904,54.5516857165257,107.448314283474,96720.026386223,94200.7558642501,0.0260470413015906,1969.97364435243,0.663261199280705,FALSE
"HUNTER COLLEGE HIGH SCHOOL",2018,163,163,77607.0797546012,79544.7073832749,76588.8509853991,56.1499839773066,106.850016022693,99948.0329917157,96233.995408421,0.0371596866103656,2955.85639787573,0.65552157069137,FALSE
"HUNTER COLLEGE HIGH SCHOOL",2019,160,160,78737.875,80325.5556816615,77925.2572682986,54.1677802844762,105.832219715524,99171.1003512126,96207.656988706,0.0298821264663957,2400.29841336292,0.661451373222024,FALSE
"HUNTER COLLEGE HIGH SCHOOL",2020,166,166,81835.1686746988,84836.7247856208,80469.853916217,51.9003782538957,114.099621746104,102920.927000636,97623.1930404104,0.051473826699919,4366.87086940376,0.687347118952435,FALSE
"HUNTER COLLEGE HIGH SCHOOL",2021,163,163,84259.1411042945,84542.3920784238,84126.83917353,51.8952327384401,111.10476726156,100489.779529572,99995.8401132744,0.0049153199321392,415.552904893804,0.681624339027975,FALSE
"HUNTER COLLEGE HIGH SCHOOL",2022,155,155,84900.2903225806,84082.4231647252,85263.9958558567,47.7112902836327,107.288709716367,95140.7933662491,96477.7643885269,-0.0140525528006808,-1181.57269113149,0.692185223976564,FALSE
"HUNTER COLLEGE HIGH SCHOOL",2023,157,157,85828.8407643312,82822.7173921548,87248.3701523006,50.3577948812811,106.642205118719,89007.5198818748,93763.6591205068,-0.0534352518185433,-4425.65276014584,0.679249714131968,FALSE
"HUNTER COLLEGE HIGH SCHOOL",2024,155,155,87313.9225806451,83635.0400441322,89237.422503972,53.2170893816851,101.782910618315,86900.2002778526,92721.3029823686,-0.0669860677639844,-5602.38245983979,0.656663939473,FALSE
"HUNTER COLLEGE HIGH SCHOOL",2025,152,152,89245.0197368421,85503.879956807,91303.8232605652,53.9553783919137,98.0446216080864,85503.879956807,91303.8232605652,-0.0678325159827608,-5799.94330375818,0.645030405316357,FALSE
"INDEPENDENT BUDGET OFFICE",2014,27,27,,,,12.9471580975013,14.0528419024987,,,,,,TRUE
"INDEPENDENT BUDGET OFFICE",2015,28,28,,,,13.9643103268785,14.0356896731215,,,,,,TRUE
"INDEPENDENT BUDGET OFFICE",2016,29,29,,,,14.1765937626021,14.8234062373979,,,,,,TRUE
"INDEPENDENT BUDGET OFFICE",2017,30,30,100266.433333333,121618.956669179,78042.5859954532,15.2999299810527,14.7000700189473,155530.533785632,99803.5617991775,0.358302454380199,43576.370673726,0.490002333964912,FALSE
"INDEPENDENT BUDGET OFFICE",2018,27,27,,,,14.944547316902,12.055452683098,,,,,,TRUE
"INDEPENDENT BUDGET OFFICE",2019,29,29,,,,14.9458548879594,14.0541451120406,,,,,,TRUE
"INDEPENDENT BUDGET OFFICE",2020,31,31,102139.032258065,116900.066939695,84366.5069523574,16.9347678118026,14.0652321881974,141819.044597407,102350.475283954,0.278302321281997,32533.5599873381,0.453717167361208,FALSE
"INDEPENDENT BUDGET OFFICE",2021,31,31,104459.548387097,118524.36587503,87525.2798811425,16.9347678118026,14.0652321881974,140881.83576135,104035.334963805,0.261541884363019,30999.0859938872,0.453717167361208,FALSE
"INDEPENDENT BUDGET OFFICE",2022,23,23,,,,9.00470481479963,13.9952951852004,,,,,,TRUE
"INDEPENDENT BUDGET OFFICE",2023,27,27,,,,9.28664830613485,17.7133516938651,,,,,,TRUE
"INDEPENDENT BUDGET OFFICE",2024,38,38,119044.657894737,107266.340777617,126265.344527171,14.4421305269196,23.5578694730804,111454.0806309,131194.816452211,-0.177119901842671,-18999.003749554,0.619943933502117,FALSE
"INDEPENDENT BUDGET OFFICE",2025,42,42,116890.69047619,110579.063456258,120606.289840319,15.5631445143667,26.4368554856333,110579.063456258,120606.289840319,-0.0906792485905578,-10027.2263840611,0.629448940134125,FALSE
"KINGS DA",2014,917,917,62421.4460196292,65571.8600509854,59816.9483485141,415.006256896512,501.993743103489,86242.9548017271,78673.8452864831,0.0877649604265686,5754.91170247122,0.547430472304786,FALSE
"LANDMARKS PRESERVATION COMM",2014,57,57,62654.4385964912,68129.7312592813,59637.0106365192,20.2518605471879,36.7481394528121,89607.1779735905,78437.183402092,0.124655131699277,8492.72062276205,0.644704200926529,FALSE
"LANDMARKS PRESERVATION COMM",2015,65,65,66773.3384615385,66579.1907008891,66890.1471650372,24.4168126500316,40.5831873499684,87145.7962050186,87552.8084917107,-0.00467047527725401,-310.956464148083,0.624356728461052,FALSE
"LANDMARKS PRESERVATION COMM",2016,63,63,69860.746031746,71624.5718505543,68951.0634029431,21.4362537981846,41.5637462018154,93211.5447007731,89732.265931856,0.0373266935988053,2673.50844761125,0.659742003203419,FALSE
"LANDMARKS PRESERVATION COMM",2017,60,60,72820.5666666667,75353.5387475961,71446.3470706146,21.1029257276733,38.8970742723267,96364.7150495573,91368.0630162999,0.0518514689810248,3907.19167698143,0.648284571205444,FALSE
"LANDMARKS PRESERVATION COMM",2018,63,63,70244.0952380952,76920.417527896,66956.3751327275,20.787383114568,42.212616885432,96650.6092199314,84130.7764013303,0.129537029509167,9964.04239516851,0.670041537863999,FALSE
"LANDMARKS PRESERVATION COMM",2019,65,65,74447.1076923077,80115.7230588747,71875.2218245937,20.286700608206,44.7132993917939,98912.037940567,88738.1951589756,0.102857478153513,8240.50123428108,0.687896913719907,FALSE
"LANDMARKS PRESERVATION COMM",2020,66,66,78061.5757575758,87010.3376143755,74452.189699614,18.9693162910958,47.0306837089042,105557.877541115,90322.7747237392,0.144329378083998,12558.1479147615,0.712586116801579,FALSE
"LANDMARKS PRESERVATION COMM",2021,64,64,79178.921875,86253.5015715642,75917.7204676956,20.193625229675,43.806374770325,102523.658764467,90238.2201950191,0.119830278371864,10335.7811038685,0.684474605786328,FALSE
"LANDMARKS PRESERVATION COMM",2022,59,59,84183.2881355932,89736.7113830818,81127.1445293369,20.9432687883353,38.0567312116647,101538.723477778,91796.8417601169,0.0959425269886591,8609.56685374484,0.645029342570587,FALSE
"LANDMARKS PRESERVATION COMM",2023,68,68,86450.9705882353,89684.7837366875,84261.0561451651,27.4560585162014,40.5439414837986,96382.0123619971,90553.2668603187,0.0604754492963525,5423.72759152239,0.596234433585274,FALSE
"LANDMARKS PRESERVATION COMM",2024,66,66,92083.5454545455,97260.2391162226,88573.0899891374,26.6704366792271,39.3295633207729,101057.334985572,92031.0345427319,0.0893186075422286,8687.1491270852,0.595902474557165,FALSE
"LANDMARKS PRESERVATION COMM",2025,62,62,97480.0161290323,102769.332460456,94214.6799794256,23.6655833447992,38.3344166552008,102769.332460456,94214.6799794256,0.0832412965640504,8554.6524810303,0.618297042825819,FALSE
"LAW DEPARTMENT",2014,1253,1253,72275.2833200319,77135.5824255336,69140.2338648414,491.312784869212,761.687215130788,101452.064095141,90936.2348353387,0.103653181959323,7995.34856069223,0.607890834102784,FALSE
"LAW DEPARTMENT",2015,1264,1264,76414.8259493671,81631.5931536849,73073.7929753027,493.475611861707,770.524388138294,106847.952129989,95646.6097517223,0.1048344133413,8557.80017838223,0.609592079223333,FALSE
"LAW DEPARTMENT",2016,1317,1317,78599.8663629461,83190.2401993447,75609.1083288804,519.556762521179,797.44323747882,108262.99679932,98396.9830282274,0.0911300634821826,7581.1318704643,0.60549980066729,FALSE
"LAW DEPARTMENT",2017,1475,1475,80502.853559322,85329.1321202241,77389.6819746889,578.368527185253,896.631472814746,109121.849336555,98968.6055255722,0.0930450122749283,7939.45014553523,0.607885744281184,FALSE
"LAW DEPARTMENT",2018,1455,1455,81640.1807560137,85459.0917261826,79105.5571466009,580.444995695373,874.555004304627,107379.46496094,99396.2401221799,0.0743459174588339,6353.53457958168,0.601068731480843,FALSE
"LAW DEPARTMENT",2019,1567,1567,86101.6158264197,90041.579700581,83609.3150254065,607.163347966843,959.836652033157,111166.645042042,103225.277438992,0.0714366040285394,6432.26467517458,0.612531366964363,FALSE
"LAW DEPARTMENT",2020,1578,1578,89232.8282636244,94568.5494233524,85844.0318347077,612.930252073945,965.069747926055,114727.233946761,104142.95644046,0.0922560157879536,8724.51758864467,0.611577787025383,FALSE
"LAW DEPARTMENT",2021,1486,1486,89508.7422611037,94170.0727872533,86540.3616891639,578.13637675052,907.863623249478,111933.547419579,102864.629835485,0.081020550077796,7629.71109808935,0.610944564770847,FALSE
"LAW DEPARTMENT",2022,1296,1296,91447.5740740741,94598.427731059,89394.0820532241,511.366043642369,784.63395635763,107039.844081331,101151.032150075,0.0550151392857267,5204.34567783496,0.605427435461135,FALSE
"LAW DEPARTMENT",2023,1244,1244,95379.8153536978,99373.3695964207,92807.8188089667,487.326015017567,756.673984982434,106794.095250491,99738.2606841997,0.0660695195716757,6565.55078745408,0.608258830371731,FALSE
"LAW DEPARTMENT",2024,1272,1272,112405.108333333,117517.897077212,108965.404651104,511.582222562358,760.417777437641,122105.863605171,113219.476938631,0.0727760846544851,8552.49242610825,0.597812718111354,FALSE
"LAW DEPARTMENT",2025,1232,1232,118049.272727273,121763.873748616,115448.019251854,507.412620629422,724.587379370578,121763.873748616,115448.019251854,0.0518696909216335,6315.85449676149,0.588139106631962,FALSE
"MANHATTAN COMMUNITY BOARD #1",2014,3,3,,,,1.11792231075182,1.88207768924818,,,,,,TRUE
"MANHATTAN COMMUNITY BOARD #1",2015,3,3,,,,1.11792231075182,1.88207768924818,,,,,,TRUE
"MANHATTAN COMMUNITY BOARD #1",2016,3,3,,,,0.995613923808142,2.00438607619186,,,,,,TRUE
"MANHATTAN COMMUNITY BOARD #1",2017,3,3,,,,0.995613923808142,2.00438607619186,,,,,,TRUE
"MANHATTAN COMMUNITY BOARD #1",2018,3,3,,,,1.00279699131276,1.99720300868724,,,,,,TRUE
"MANHATTAN COMMUNITY BOARD #1",2019,3,3,,,,1.00279699131276,1.99720300868724,,,,,,TRUE
"MANHATTAN COMMUNITY BOARD #1",2020,3,3,,,,1.00279699131276,1.99720300868724,,,,,,TRUE
"MANHATTAN COMMUNITY BOARD #1",2021,3,3,,,,1.00279699131276,1.99720300868724,,,,,,TRUE
"MANHATTAN COMMUNITY BOARD #1",2022,2,2,,,,0.999324571896419,1.00067542810358,,,,,,TRUE
"MANHATTAN COMMUNITY BOARD #1",2023,1,1,,,,0.00153131625887659,0.998468683741123,,,,,,TRUE
"MANHATTAN COMMUNITY BOARD #1",2024,2,2,,,,0.9987678018783,1.0012321981217,,,,,,TRUE
"MANHATTAN COMMUNITY BOARD #1",2025,2,2,,,,0.9987678018783,1.0012321981217,,,,,,TRUE
"MANHATTAN COMMUNITY BOARD #10",2014,1,1,,,,0.996282266011698,0.00371773398830199,,,,,,TRUE
"MANHATTAN COMMUNITY BOARD #10",2015,2,2,,,,1.81035879464761,0.189641205352386,,,,,,TRUE
"MANHATTAN COMMUNITY BOARD #10",2016,2,2,,,,1.81035879464761,0.189641205352386,,,,,,TRUE
"MANHATTAN COMMUNITY BOARD #10",2017,2,2,,,,1.99134901006277,0.00865098993722828,,,,,,TRUE
"MANHATTAN COMMUNITY BOARD #10",2018,2,2,,,,0.0082767588641369,1.99172324113586,,,,,,TRUE
"MANHATTAN COMMUNITY BOARD #10",2019,1,1,,,,0.00474901162094166,0.995250988379058,,,,,,TRUE
"MANHATTAN COMMUNITY BOARD #10",2020,1,1,,,,0.00474901162094166,0.995250988379058,,,,,,TRUE
"MANHATTAN COMMUNITY BOARD #10",2021,2,2,,,,0.017651813434782,1.98234818656522,,,,,,TRUE
"MANHATTAN COMMUNITY BOARD #10",2022,2,2,,,,0.017651813434782,1.98234818656522,,,,,,TRUE
"MANHATTAN COMMUNITY BOARD #10",2023,3,3,,,,1.01069632416852,1.98930367583148,,,,,,TRUE
"MANHATTAN COMMUNITY BOARD #10",2024,3,3,,,,0.997793522354676,2.00220647764532,,,,,,TRUE
"MANHATTAN COMMUNITY BOARD #10",2025,3,3,,,,0.997793522354676,2.00220647764532,,,,,,TRUE
"MANHATTAN COMMUNITY BOARD #11",2014,2,2,,,,0.730694199036937,1.26930580096306,,,,,,TRUE
"MANHATTAN COMMUNITY BOARD #11",2015,3,3,,,,0.731953012339793,2.26804698766021,,,,,,TRUE
"MANHATTAN COMMUNITY BOARD #11",2016,3,3,,,,0.731953012339793,2.26804698766021,,,,,,TRUE
"MANHATTAN COMMUNITY BOARD #11",2017,3,3,,,,1.7270986404453,1.2729013595547,,,,,,TRUE
"MANHATTAN COMMUNITY BOARD #11",2018,2,2,,,,1.72252371803642,0.277476281963585,,,,,,TRUE
"MANHATTAN COMMUNITY BOARD #11",2019,1,1,,,,0.726119276628051,0.273880723371949,,,,,,TRUE
"MANHATTAN COMMUNITY BOARD #11",2020,3,3,,,,0.728520741521636,2.27147925847836,,,,,,TRUE
"MANHATTAN COMMUNITY BOARD #11",2021,3,3,,,,0.728520741521636,2.27147925847836,,,,,,TRUE
"MANHATTAN COMMUNITY BOARD #11",2022,2,2,,,,0.726119276628051,1.27388072337195,,,,,,TRUE
"MANHATTAN COMMUNITY BOARD #11",2023,3,3,,,,1.72611927662805,1.27388072337195,,,,,,TRUE
"MANHATTAN COMMUNITY BOARD #11",2024,3,3,,,,1.72611927662805,1.27388072337195,,,,,,TRUE
"MANHATTAN COMMUNITY BOARD #11",2025,3,3,,,,1.72611927662805,1.27388072337195,,,,,,TRUE
"MANHATTAN COMMUNITY BOARD #12",2014,3,3,,,,0.981811445470153,2.01818855452985,,,,,,TRUE
"MANHATTAN COMMUNITY BOARD #12",2015,3,3,,,,0.981811445470153,2.01818855452985,,,,,,TRUE
"MANHATTAN COMMUNITY BOARD #12",2016,3,3,,,,0.981811445470153,2.01818855452985,,,,,,TRUE
"MANHATTAN COMMUNITY BOARD #12",2017,3,3,,,,1.85849139956385,1.14150860043615,,,,,,TRUE
"MANHATTAN COMMUNITY BOARD #12",2018,3,3,,,,1.85849139956385,1.14150860043615,,,,,,TRUE
"MANHATTAN COMMUNITY BOARD #12",2019,2,2,,,,0.979584381675118,1.02041561832488,,,,,,TRUE
"MANHATTAN COMMUNITY BOARD #12",2020,2,2,,,,0.979584381675118,1.02041561832488,,,,,,TRUE
"MANHATTAN COMMUNITY BOARD #12",2021,2,2,,,,0.979584381675118,1.02041561832488,,,,,,TRUE
"MANHATTAN COMMUNITY BOARD #12",2022,2,2,,,,0.979584381675118,1.02041561832488,,,,,,TRUE
"MANHATTAN COMMUNITY BOARD #12",2023,2,2,,,,0.979584381675118,1.02041561832488,,,,,,TRUE
"MANHATTAN COMMUNITY BOARD #12",2024,2,2,,,,0.979584381675118,1.02041561832488,,,,,,TRUE
"MANHATTAN COMMUNITY BOARD #12",2025,3,3,,,,0.982552251260906,2.01744774873909,,,,,,TRUE
"MANHATTAN COMMUNITY BOARD #2",2014,4,4,,,,2.73040685132362,1.26959314867638,,,,,,TRUE
"MANHATTAN COMMUNITY BOARD #2",2015,4,4,,,,2.73040685132362,1.26959314867638,,,,,,TRUE
"MANHATTAN COMMUNITY BOARD #2",2016,4,4,,,,2.7330302347514,1.2669697652486,,,,,,TRUE
"MANHATTAN COMMUNITY BOARD #2",2017,4,4,,,,2.7330302347514,1.2669697652486,,,,,,TRUE
"MANHATTAN COMMUNITY BOARD #2",2018,4,4,,,,2.7330302347514,1.2669697652486,,,,,,TRUE
"MANHATTAN COMMUNITY BOARD #2",2019,4,4,,,,2.7330302347514,1.2669697652486,,,,,,TRUE
"MANHATTAN COMMUNITY BOARD #2",2020,4,4,,,,2.7330302347514,1.2669697652486,,,,,,TRUE
"MANHATTAN COMMUNITY BOARD #2",2021,4,4,,,,2.7330302347514,1.2669697652486,,,,,,TRUE
"MANHATTAN COMMUNITY BOARD #2",2022,3,3,,,,1.73698036722,1.26301963278,,,,,,TRUE
"MANHATTAN COMMUNITY BOARD #2",2023,3,3,,,,1.73782196355642,1.26217803644358,,,,,,TRUE
"MANHATTAN COMMUNITY BOARD #2",2024,3,3,,,,1.73782196355642,1.26217803644358,,,,,,TRUE
"MANHATTAN COMMUNITY BOARD #2",2025,3,3,,,,1.73782196355642,1.26217803644358,,,,,,TRUE
"MANHATTAN COMMUNITY BOARD #3",2014,3,3,,,,0.998191307310743,2.00180869268926,,,,,,TRUE
"MANHATTAN COMMUNITY BOARD #3",2015,3,3,,,,0.998191307310743,2.00180869268926,,,,,,TRUE
"MANHATTAN COMMUNITY BOARD #3",2016,3,3,,,,0.997468561466532,2.00253143853347,,,,,,TRUE
"MANHATTAN COMMUNITY BOARD #3",2017,3,3,,,,0.997468561466532,2.00253143853347,,,,,,TRUE
"MANHATTAN COMMUNITY BOARD #3",2018,2,2,,,,0.997468561466532,1.00253143853347,,,,,,TRUE
"MANHATTAN COMMUNITY BOARD #3",2019,3,3,,,,1.99294075609277,1.00705924390723,,,,,,TRUE
"MANHATTAN COMMUNITY BOARD #3",2020,3,3,,,,1.99294075609277,1.00705924390723,,,,,,TRUE
"MANHATTAN COMMUNITY BOARD #3",2021,2,2,,,,0.997468561466532,1.00253143853347,,,,,,TRUE
"MANHATTAN COMMUNITY BOARD #3",2022,3,3,,,,1.88969765836158,1.11030234163842,,,,,,TRUE
"MANHATTAN COMMUNITY BOARD #3",2023,3,3,,,,1.99118924404211,1.00881075595789,,,,,,TRUE
"MANHATTAN COMMUNITY BOARD #3",2024,2,2,,,,0.997468561466532,1.00253143853347,,,,,,TRUE
"MANHATTAN COMMUNITY BOARD #3",2025,3,3,,,,1.98826728351126,1.01173271648874,,,,,,TRUE
"MANHATTAN COMMUNITY BOARD #4",2014,3,3,,,,1.01030721189637,1.98969278810363,,,,,,TRUE
"MANHATTAN COMMUNITY BOARD #4",2015,3,3,,,,0.985102576360356,2.01489742363964,,,,,,TRUE
"MANHATTAN COMMUNITY BOARD #4",2016,3,3,,,,0.985102576360356,2.01489742363964,,,,,,TRUE
"MANHATTAN COMMUNITY BOARD #4",2017,3,3,,,,0.982288058537492,2.01771194146251,,,,,,TRUE
"MANHATTAN COMMUNITY BOARD #4",2018,3,3,,,,0.982288058537492,2.01771194146251,,,,,,TRUE
"MANHATTAN COMMUNITY BOARD #4",2019,3,3,,,,0.982288058537492,2.01771194146251,,,,,,TRUE
"MANHATTAN COMMUNITY BOARD #4",2020,3,3,,,,0.982288058537492,2.01771194146251,,,,,,TRUE
"MANHATTAN COMMUNITY BOARD #4",2021,3,3,,,,0.982288058537492,2.01771194146251,,,,,,TRUE
"MANHATTAN COMMUNITY BOARD #4",2022,3,3,,,,0.982288058537492,2.01771194146251,,,,,,TRUE
"MANHATTAN COMMUNITY BOARD #4",2023,3,3,,,,0.982288058537492,2.01771194146251,,,,,,TRUE
"MANHATTAN COMMUNITY BOARD #4",2024,3,3,,,,0.982288058537492,2.01771194146251,,,,,,TRUE
"MANHATTAN COMMUNITY BOARD #4",2025,3,3,,,,0.982288058537492,2.01771194146251,,,,,,TRUE
"MANHATTAN COMMUNITY BOARD #5",2014,3,3,,,,2.14177203428328,0.858227965716725,,,,,,TRUE
"MANHATTAN COMMUNITY BOARD #5",2015,3,3,,,,2.14177203428328,0.858227965716725,,,,,,TRUE
"MANHATTAN COMMUNITY BOARD #5",2016,2,2,,,,1.15701694575109,0.842983054248911,,,,,,TRUE
"MANHATTAN COMMUNITY BOARD #5",2017,3,3,,,,2.15301556345539,0.846984436544613,,,,,,TRUE
"MANHATTAN COMMUNITY BOARD #5",2018,2,2,,,,1.15701694575109,0.842983054248911,,,,,,TRUE
"MANHATTAN COMMUNITY BOARD #5",2019,3,3,,,,2.1552708821202,0.844729117879796,,,,,,TRUE
"MANHATTAN COMMUNITY BOARD #5",2020,3,3,,,,2.1552708821202,0.844729117879796,,,,,,TRUE
"MANHATTAN COMMUNITY BOARD #5",2021,3,3,,,,1.16234554086814,1.83765445913186,,,,,,TRUE
"MANHATTAN COMMUNITY BOARD #5",2022,3,3,,,,1.15917323968898,1.84082676031102,,,,,,TRUE
"MANHATTAN COMMUNITY BOARD #5",2023,3,3,,,,1.15917323968898,1.84082676031102,,,,,,TRUE
"MANHATTAN COMMUNITY BOARD #5",2024,3,3,,,,1.16014147203042,1.83985852796958,,,,,,TRUE
"MANHATTAN COMMUNITY BOARD #5",2025,2,2,,,,0.997403075248779,1.00259692475122,,,,,,TRUE
"MANHATTAN COMMUNITY BOARD #6",2014,3,3,,,,0.997434288476653,2.00256571152335,,,,,,TRUE
"MANHATTAN COMMUNITY BOARD #6",2015,2,2,,,,0.997434288476653,1.00256571152335,,,,,,TRUE
"MANHATTAN COMMUNITY BOARD #6",2016,2,2,,,,0.99193899178734,1.00806100821266,,,,,,TRUE
"MANHATTAN COMMUNITY BOARD #6",2017,1,1,,,,0.989128058113263,0.0108719418867374,,,,,,TRUE
"MANHATTAN COMMUNITY BOARD #6",2018,3,3,,,,2.96822778307799,0.031772216922013,,,,,,TRUE
"MANHATTAN COMMUNITY BOARD #6",2019,3,3,,,,2.96821054576054,0.0317894542394566,,,,,,TRUE
"MANHATTAN COMMUNITY BOARD #6",2020,3,3,,,,2.96821054576054,0.0317894542394566,,,,,,TRUE
"MANHATTAN COMMUNITY BOARD #6",2021,2,2,,,,1.98560085523941,0.0143991447605938,,,,,,TRUE
"MANHATTAN COMMUNITY BOARD #6",2022,3,3,,,,1.98912878638588,1.01087121361412,,,,,,TRUE
"MANHATTAN COMMUNITY BOARD #6",2023,3,3,,,,2.9817283204477,0.0182716795523019,,,,,,TRUE
"MANHATTAN COMMUNITY BOARD #6",2024,3,3,,,,2.9817283204477,0.0182716795523019,,,,,,TRUE
"MANHATTAN COMMUNITY BOARD #6",2025,3,3,,,,2.9817283204477,0.0182716795523019,,,,,,TRUE
"MANHATTAN COMMUNITY BOARD #7",2014,3,3,,,,1.99630585074814,1.00369414925186,,,,,,TRUE
"MANHATTAN COMMUNITY BOARD #7",2015,3,3,,,,1.99630585074814,1.00369414925186,,,,,,TRUE
"MANHATTAN COMMUNITY BOARD #7",2016,3,3,,,,1.99630585074814,1.00369414925186,,,,,,TRUE
"MANHATTAN COMMUNITY BOARD #7",2017,2,2,,,,0.996305850748143,1.00369414925186,,,,,,TRUE
"MANHATTAN COMMUNITY BOARD #7",2018,3,3,,,,1.99630585074814,1.00369414925186,,,,,,TRUE
"MANHATTAN COMMUNITY BOARD #7",2019,3,3,,,,1.99630585074814,1.00369414925186,,,,,,TRUE
"MANHATTAN COMMUNITY BOARD #7",2020,3,3,,,,1.99630585074814,1.00369414925186,,,,,,TRUE
"MANHATTAN COMMUNITY BOARD #7",2021,2,2,,,,1.00396457499756,0.99603542500244,,,,,,TRUE
"MANHATTAN COMMUNITY BOARD #7",2022,2,2,,,,1.99328564772945,0.00671435227054729,,,,,,TRUE
"MANHATTAN COMMUNITY BOARD #7",2023,3,3,,,,1.99681357887593,1.00318642112407,,,,,,TRUE
"MANHATTAN COMMUNITY BOARD #7",2024,3,3,,,,1.99681357887593,1.00318642112407,,,,,,TRUE
"MANHATTAN COMMUNITY BOARD #7",2025,3,3,,,,1.99681357887593,1.00318642112407,,,,,,TRUE
"MANHATTAN COMMUNITY BOARD #8",2014,3,3,,,,0.996750284357752,2.00324971564225,,,,,,TRUE
"MANHATTAN COMMUNITY BOARD #8",2015,3,3,,,,0.996750284357752,2.00324971564225,,,,,,TRUE
"MANHATTAN COMMUNITY BOARD #8",2016,2,2,,,,0.00340443928074465,1.99659556071926,,,,,,TRUE
"MANHATTAN COMMUNITY BOARD #8",2017,2,2,,,,0.00340443928074465,1.99659556071926,,,,,,TRUE
"MANHATTAN COMMUNITY BOARD #8",2018,2,2,,,,1.00471223603389,0.995287763966107,,,,,,TRUE
"MANHATTAN COMMUNITY BOARD #8",2019,3,3,,,,2.98554664826265,0.0144533517373496,,,,,,TRUE
"MANHATTAN COMMUNITY BOARD #8",2020,1,1,,,,0.992626526793041,0.00737347320695905,,,,,,TRUE
"MANHATTAN COMMUNITY BOARD #8",2021,2,2,,,,0.992626526793041,1.00737347320696,,,,,,TRUE
"MANHATTAN COMMUNITY BOARD #8",2022,3,3,,,,1.98986301241246,1.01013698758754,,,,,,TRUE
"MANHATTAN COMMUNITY BOARD #8",2023,4,4,,,,2.98400972523737,1.01599027476263,,,,,,TRUE
"MANHATTAN COMMUNITY BOARD #8",2024,2,2,,,,1.98814106483332,0.0118589351666781,,,,,,TRUE
"MANHATTAN COMMUNITY BOARD #8",2025,3,3,,,,2.07506593374625,0.924934066253752,,,,,,TRUE
"MANHATTAN COMMUNITY BOARD #9",2014,1,1,,,,0,1,,,,,,TRUE
"MANHATTAN COMMUNITY BOARD #9",2015,1,1,,,,0,1,,,,,,TRUE
"MANHATTAN COMMUNITY BOARD #9",2016,1,1,,,,0,1,,,,,,TRUE
"MANHATTAN COMMUNITY BOARD #9",2017,1,1,,,,0,1,,,,,,TRUE
"MANHATTAN COMMUNITY BOARD #9",2018,1,1,,,,0,1,,,,,,TRUE
"MANHATTAN COMMUNITY BOARD #9",2019,1,1,,,,0,1,,,,,,TRUE
"MANHATTAN COMMUNITY BOARD #9",2020,1,1,,,,0,1,,,,,,TRUE
"MANHATTAN COMMUNITY BOARD #9",2021,1,1,,,,0,1,,,,,,TRUE
"MANHATTAN COMMUNITY BOARD #9",2022,1,1,,,,0,1,,,,,,TRUE
"MANHATTAN COMMUNITY BOARD #9",2023,2,2,,,,0.0183994855906939,1.98160051440931,,,,,,TRUE
"MANHATTAN COMMUNITY BOARD #9",2024,2,2,,,,0.0183994855906939,1.98160051440931,,,,,,TRUE
"MANHATTAN COMMUNITY BOARD #9",2025,2,2,,,,0.0181164798874529,1.98188352011255,,,,,,TRUE
"MANHATTAN DA",2014,1094,1094,73053.9670932358,75561.678893827,71209.9006174548,463.58260839204,630.41739160796,99381.9978953762,93658.3503291112,0.057592397893738,4351.77827637215,0.576249900921353,FALSE
"MAYORS OFFICE OF CONTRACT SVCS",2017,91,91,78575.8571428571,88528.7764569859,72257.6646729178,35.3359698092328,55.6640301907672,113213.66532684,92405.6040642726,0.183794608208257,16271.1117840681,0.61169263945898,FALSE
"MAYORS OFFICE OF CONTRACT SVCS",2018,135,135,82300.3777777778,88901.4512726735,77628.2553350188,55.9501079605721,79.0498920394279,111704.794412015,97540.0083870968,0.126805533276146,11273.1959376546,0.585554755847614,FALSE
"MAYORS OFFICE OF CONTRACT SVCS",2019,151,151,89457.5364238411,99260.7672245848,82502.0979521089,62.6703225748656,88.3296774251344,122548.788163753,101858.291122437,0.168834774715756,16758.6692724758,0.58496475115983,FALSE
"MAYORS OFFICE OF CONTRACT SVCS",2020,166,166,92439.6867469879,100492.610772109,86783.0089556532,68.4927633882436,97.5072366117564,121914.096560369,105282.090417689,0.136423978948522,13709.6018164563,0.587392991637087,FALSE
"MAYORS OFFICE OF CONTRACT SVCS",2021,140,140,94010.5142857143,101716.458438257,88479.9182909274,58.4959083455327,81.5040916544673,120903.421723716,105170.04857873,0.130131744169646,13236.5401473298,0.582172083246195,FALSE
"MAYORS OFFICE OF CONTRACT SVCS",2022,141,141,98884.870212766,102791.259596457,95288.9550977648,67.5824383432534,73.4175616567466,116310.182568879,107821.188374666,0.0729858212473026,7502.30449869207,0.520691926643593,FALSE
"MAYORS OFFICE OF CONTRACT SVCS",2023,153,153,99437.0784313726,105117.647547678,95204.5815267284,65.325099726164,87.6749002738361,112967.328272207,102314.002122907,0.0943044888485819,9913.06602094912,0.573038563881281,FALSE
"MAYORS OFFICE OF CONTRACT SVCS",2024,162,162,109496.709876543,118455.085214695,103952.966719783,61.927944645486,100.072055354514,123079.640108443,108011.350537517,0.122427150076565,14502.1184949118,0.617728736756259,FALSE
"MAYORS OFFICE OF CONTRACT SVCS",2025,161,161,112319.720496894,121558.686281948,105883.05961968,66.1091529900987,94.8908470099012,121558.686281948,105883.05961968,0.128955216132477,15675.6266622686,0.589384142918641,FALSE
"MUNICIPAL WATER FIN AUTHORITY",2014,12,12,,,,4.0268072946086,7.9731927053914,,,,,,TRUE
"MUNICIPAL WATER FIN AUTHORITY",2015,11,11,,,,4.02298136363431,6.97701863636569,,,,,,TRUE
"MUNICIPAL WATER FIN AUTHORITY",2016,9,9,,,,3.02520900464611,5.97479099535389,,,,,,TRUE
"MUNICIPAL WATER FIN AUTHORITY",2017,10,10,,,,3.0091071861283,6.9908928138717,,,,,,TRUE
"MUNICIPAL WATER FIN AUTHORITY",2018,10,10,,,,3.98886683984855,6.01113316015145,,,,,,TRUE
"MUNICIPAL WATER FIN AUTHORITY",2019,10,10,,,,3.98886683984855,6.01113316015145,,,,,,TRUE
"MUNICIPAL WATER FIN AUTHORITY",2020,9,9,,,,3.98965886288061,5.01034113711939,,,,,,TRUE
"MUNICIPAL WATER FIN AUTHORITY",2021,9,9,,,,2.98965886288061,6.01034113711939,,,,,,TRUE
"MUNICIPAL WATER FIN AUTHORITY",2022,9,9,,,,2.98965886288061,6.01034113711939,,,,,,TRUE
"MUNICIPAL WATER FIN AUTHORITY",2023,6,6,,,,1.98857382717044,4.01142617282956,,,,,,TRUE
"MUNICIPAL WATER FIN AUTHORITY",2024,7,7,,,,3.00120756739855,3.99879243260145,,,,,,TRUE
"MUNICIPAL WATER FIN AUTHORITY",2025,9,9,,,,3.9994033795622,5.0005966204378,,,,,,TRUE
"NYC DEPT OF VETERANS' SERVICES",2017,30,30,87039.8333333333,85999.3876053649,88208.0387385449,15.8676767144688,14.1323232855312,109978.995263733,112803.494824473,-0.0256821728000563,-2208.65113318,0.471077442851039,FALSE
"NYC DEPT OF VETERANS' SERVICES",2018,32,32,87886.75,87565.643212456,88165.6889624485,14.8756103988134,17.1243896011866,110026.349767924,110780.30806873,-0.00685252489422878,-600.04574999251,0.535137175037081,FALSE
"NYC DEPT OF VETERANS' SERVICES",2019,37,37,95849.4054054054,96548.7163370851,95345.0270073008,15.5040011306028,21.4959988693972,119200.450658467,117714.358289697,0.0124671707242785,1203.68932978438,0.580972942416141,FALSE
"NYC DEPT OF VETERANS' SERVICES",2020,35,35,99076.7714285714,95933.3868306732,101551.361110736,15.4167026330333,19.5832973669667,116383.006626831,123198.535187497,-0.058561200283469,-5617.97428006257,0.559522781913334,FALSE
"NYC DEPT OF VETERANS' SERVICES",2021,33,33,98066.2727272727,95926.2883177004,99940.731116158,15.408645717154,17.591354282846,114021.041126846,118792.735679525,-0.0418492455911783,-4014.44279845762,0.533071341904425,FALSE
"NYC DEPT OF VETERANS' SERVICES",2022,29,29,,,,15.4547914434655,13.5452085565345,,,,,,TRUE
"NYC DEPT OF VETERANS' SERVICES",2023,27,27,,,,13.9642005816724,13.0357994183276,,,,,,TRUE
"NYC DEPT OF VETERANS' SERVICES",2024,31,31,108145.158387097,99735.1795366283,117083.991656501,15.9724959517038,15.0275040482962,103628.898508415,121655.018266405,-0.173948773145804,-17348.812119873,0.484758195106329,FALSE
"NYC DEPT OF VETERANS' SERVICES",2025,30,30,108370.424666667,102465.598848818,114259.444058187,14.9798965993946,15.0201034006054,102465.598848818,114259.444058187,-0.115100534636704,-11793.845209369,0.500670113353513,FALSE
"NYC EMPLOYEES RETIREMENT SYS",2014,323,323,62082.8761609907,64761.4161930427,59946.6315354798,143.310046682188,179.689953317812,85177.0238832579,78844.4102395489,0.0743465004411091,4814.7846575629,0.556315644946785,FALSE
"NYC EMPLOYEES RETIREMENT SYS",2015,317,317,65574.8927444795,68895.9331205862,62785.4527615392,144.710795655021,172.289204344979,90178.1905709018,82180.1558925204,0.0886914521986664,6110.48035904699,0.543499067334317,FALSE
"NYC EMPLOYEES RETIREMENT SYS",2016,339,339,67057.5427728614,71299.433155913,63695.3471973623,149.891033098133,189.108966901867,92788.4122591197,82892.526253506,0.106650019810432,7604.08595855072,0.557843560182498,FALSE
"NYC EMPLOYEES RETIREMENT SYS",2017,343,343,68689.9096209913,74226.0781727221,64428.8530099081,149.179220984825,193.820779015175,94922.8794193653,82393.8485764568,0.131991685456103,9797.22516281401,0.565075157478645,FALSE
"NYC EMPLOYEES RETIREMENT SYS",2018,340,340,69750.8764705883,74456.9769193604,66329.7544878808,143.121648746209,196.878351253791,93555.292745528,83343.4267090037,0.109153269011735,8127.22243147952,0.579053974275856,FALSE
"NYC EMPLOYEES RETIREMENT SYS",2019,339,339,73484.1209439528,79835.8991302148,68902.9950645034,142.04841310224,196.95158689776,98566.5632448201,85068.6407339851,0.136942205008294,10932.9040657114,0.580978132441769,FALSE
"NYC EMPLOYEES RETIREMENT SYS",2020,354,354,77705.872881356,85812.0592720905,71790.5295360617,149.344014787023,204.655985212977,104104.168453401,87093.7423431787,0.163398126731463,14021.5297360289,0.578124252014059,FALSE
"NYC EMPLOYEES RETIREMENT SYS",2021,365,365,79033.1671232877,85735.0959113427,74059.6155789907,155.483651378197,209.516348621803,101907.465287777,88029.6175517963,0.136180874451058,11675.480332352,0.574017393484393,FALSE
"NYC EMPLOYEES RETIREMENT SYS",2022,368,368,81104.3016304348,88227.6951114182,75882.38609476,155.659523348934,212.340476651066,99831.2440797662,85862.302058491,0.139925552867135,12345.3090166582,0.57701216481268,FALSE
"NYC EMPLOYEES RETIREMENT SYS",2023,386,386,85412.5466321244,95570.8584178718,78753.828166965,152.837052036161,233.162947963839,102707.630811958,84634.7855643874,0.175963997073003,16817.0302509068,0.60404908798922,FALSE
"NYC EMPLOYEES RETIREMENT SYS",2024,397,397,91142.6851385391,102021.838664201,84309.7282461299,153.154187855486,243.845812144514,106004.830128085,87601.228696656,0.173610970454763,17712.1104180713,0.614221189280891,FALSE
"NYC EMPLOYEES RETIREMENT SYS",2025,390,390,94066.2025641025,104214.341915134,87349.1867911003,155.328316413637,234.671683586363,104214.341915134,87349.1867911003,0.161831421799577,16865.1551240334,0.601722265606059,FALSE
"NYC FIRE PENSION FUND",2018,29,29,,,,8.85424610744333,20.1457538925567,,,,,,TRUE
"NYC FIRE PENSION FUND",2019,32,32,89538.25,101709.984640879,83273.6889131127,10.8734399654088,21.1265600345912,125572.627639397,102810.908555014,0.181263381297934,18436.2957277667,0.660205001080976,FALSE
"NYC FIRE PENSION FUND",2020,32,32,101939.3125,127672.807960752,90453.3047258782,9.87525938894066,22.1247406110593,154888.154644108,109734.763997352,0.291522555423984,37219.5032348742,0.691398144095604,FALSE
"NYC FIRE PENSION FUND",2021,39,39,94896.5897435897,114250.077217605,85326.1150307834,12.904473854191,26.095526145809,135801.280145749,101421.337588893,0.253163611712332,28923.9621868217,0.669116055020743,FALSE
"NYC FIRE PENSION FUND",2022,42,42,95054.7142857143,114492.662798802,82077.2691871564,16.8146251953457,25.1853748046543,129550.533432561,92871.9251168927,0.283122016898231,32415.393611646,0.599651781063197,FALSE
"NYC FIRE PENSION FUND",2023,41,41,100511.512195122,113402.020001799,89603.7251223337,18.7920719635344,22.2079280364656,121870.337846594,96294.9006798902,0.209857768663093,23798.2948794649,0.541656781377209,FALSE
"NYC FIRE PENSION FUND",2024,43,43,103544.674418605,106575.555232729,100462.18857936,21.681488875605,21.318511124395,110736.32641965,104384.290403772,0.0573618090942074,6113.36665336897,0.495779328474303,FALSE
"NYC FIRE PENSION FUND",2025,44,44,108622.591818182,114147.259690682,102742.363965417,22.6858738347321,21.3141261652679,114147.259690682,102742.363965417,0.0999138810355152,11404.8957252649,0.484411958301542,FALSE
"NYC HOUSING AUTHORITY",2014,7748,7748,49707.5249096541,51266.5265621394,48098.6364103849,3935.00642231355,3812.99357768644,67427.9596415639,63261.4130930574,0.0617925645482288,3167.89015175449,0.492126171616733,FALSE
"NYC HOUSING AUTHORITY",2015,7610,7610,52279.9679369251,53665.1253246951,50833.3291417599,3887.61073185587,3722.38926814413,70242.5191059014,66535.9685988382,0.0527679040308166,2831.79618293526,0.48914445047886,FALSE
"NYC HOUSING AUTHORITY",2016,7262,7262,54425.616772239,55722.352292803,53064.9436159008,3718.36238333015,3543.63761666985,72516.5456124482,69058.2189338319,0.0476901740066238,2657.40867690217,0.48796992793581,FALSE
"NYC HOUSING AUTHORITY",2017,7269,7269,55555.2695006191,57297.0313645401,53814.5055716612,3633.4585160773,3635.5414839227,73273.4280618723,68819.8534685452,0.0607802133887547,3482.52579287892,0.500143277469074,FALSE
"NYC HOUSING AUTHORITY",2018,7006,7006,54998.9069369113,56346.6655559923,53652.0153868194,3501.8728248646,3504.1271751354,70799.661891114,67413.830289371,0.0478227086302944,2694.65016917286,0.5001608871161,FALSE
"NYC HOUSING AUTHORITY",2019,7043,7043,55808.6010222926,56930.1473924963,54688.7185731802,3518.88582011673,3524.11417988327,70286.7887082601,67519.4880592435,0.0393715618521574,2241.4288193161,0.500371174198959,FALSE
"NYC HOUSING AUTHORITY",2020,7242,7242,57274.1971831003,58211.0850497511,56333.9908472996,3627.40147775406,3614.59852224594,70619.6384899655,68342.4139050702,0.032246335914323,1877.0942024515,0.499116062171491,FALSE
"NYC HOUSING AUTHORITY",2021,7467,7467,58789.5437257266,59828.1907856032,57728.4463765942,3773.41826556441,3693.58173443559,71113.6928337851,68617.8697615675,0.0350962377674676,2099.74440900894,0.494654042377875,FALSE
"NYC HOUSING AUTHORITY",2022,7590,7590,58901.2785243742,59452.6270829965,58322.636247537,3886.66415989893,3703.33584010107,67271.7304697876,65993.1252567624,0.0190065753340393,1129.99083545952,0.487923035586439,FALSE
"NYC HOUSING AUTHORITY",2023,7226,7226,61335.8076390811,61974.8869579305,60693.6698593023,3621.62478291128,3604.37521708872,66602.873665281,65225.9814312433,0.020673165559753,1281.21709862827,0.498806423621468,FALSE
"NYC HOUSING AUTHORITY",2024,7163,7163,67549.9324305455,67657.3491466916,67437.2232931608,3667.60895251255,3495.39104748745,70298.7311061683,70070.0114122685,0.00325353943521267,220.125853530713,0.487978646864086,FALSE
"NYC HOUSING AUTHORITY",2025,7326,7326,70747.3155883155,70583.1659567039,70923.1018940707,3788.39167737717,3537.60832262283,70583.1659567039,70923.1018940707,-0.00481610498423079,-339.93593736687,0.482884018922036,FALSE
"NYC POLICE PENSION FUND",2014,123,123,71899.0243902439,82395.4864900743,62071.5542470983,59.4756375466989,63.5243624533011,108370.118091884,81639.2007675708,0.246663174267736,20323.9322429761,0.516458231327651,FALSE
"NYC POLICE PENSION FUND",2015,122,122,76124.131147541,86675.9132512095,65903.5614095624,60.0273631767309,61.9726368232691,113450.48494218,86261.4620472693,0.239655413626198,20772.351841647,0.507972432977616,FALSE
"NYC POLICE PENSION FUND",2016,122,122,77260.3442622951,89614.5668356711,66076.3643413674,57.9672789663261,64.0327210336739,116623.555110004,85991.1595886527,0.262660450476388,23538.2024943037,0.524858369128474,FALSE
"NYC POLICE PENSION FUND",2017,124,124,79458.4677419355,91590.1171742734,68546.8064389938,58.7175175090286,65.2824824909714,117128.613858709,87660.0300375612,0.251591672182643,23043.3107352796,0.526471632991705,FALSE
"NYC POLICE PENSION FUND",2018,127,127,77827.7165354331,89564.4608724345,67384.3286737328,59.7972206186207,67.2027793813793,112537.866875673,84668.5006075331,0.247644344449219,22180.1321987017,0.529155743160467,FALSE
"NYC POLICE PENSION FUND",2019,130,130,81021.123076923,93435.7956490198,70449.2170249172,59.7891408388933,70.2108591611067,115357.193461904,86977.6288748097,0.246014693452699,22986.5786241027,0.540083532008513,FALSE
"NYC POLICE PENSION FUND",2020,126,126,83945.9523809524,96215.8935052289,73891.4915612385,56.7478612176205,69.2521387823795,116725.733775982,89642.5554871415,0.232024056844384,22324.4019439904,0.549620149066504,FALSE
"NYC POLICE PENSION FUND",2021,131,131,80046.9389312977,94873.4694570814,67964.0559066597,58.8217083684,72.1782916316,112769.627101442,80784.2412083675,0.283634758003605,26909.4135504217,0.550979325432061,FALSE
"NYC POLICE PENSION FUND",2022,128,128,83759.1015625,95132.7707370186,72962.3826224062,62.334498484542,65.665501515458,107644.462925595,82558.2649418668,0.233046803355485,22170.3881146124,0.513011730589516,FALSE
"NYC POLICE PENSION FUND",2023,129,129,87393.519379845,103612.456292036,74947.2370292752,56.0110986246421,72.9889013753579,111349.736567528,80543.9364949728,0.276658041789559,28665.219262761,0.565805437018278,FALSE
"NYC POLICE PENSION FUND",2024,128,128,94459.4453125,110666.58012442,80717.5682990534,58.731829550093,69.268170449907,114987.067284269,83868.8287520118,0.270623812461683,29949.0118253669,0.541157581639898,FALSE
"NYC POLICE PENSION FUND",2025,123,123,94938.7317073171,106698.374636812,82491.8296432448,63.246074740849,59.753925259151,106698.374636812,82491.8296432448,0.226868919755933,24206.5449935674,0.485804270399601,FALSE
"OFF OF PAYROLL ADMINISTRATION",2014,128,128,77919.23015625,81923.5112537458,74727.6943203942,56.7713979904246,71.2286020095754,107749.355787101,98285.1052067142,0.0878357973581441,7195.81693335166,0.556473453199808,FALSE
"OFF OF PAYROLL ADMINISTRATION",2015,137,137,81542.102189781,88814.8161831434,75940.5052103673,59.6085326665217,77.3914673334783,116250.104418572,99398.8620333357,0.14495679354026,12874.310972776,0.56490122141225,FALSE
"OFF OF PAYROLL ADMINISTRATION",2016,132,132,83575.9924242424,90147.7051930617,78634.6429824296,56.6537480981337,75.3462519018663,117317.376358043,102334.385393319,0.127713314343118,11513.0622106322,0.570804938650502,FALSE
"OFF OF PAYROLL ADMINISTRATION",2017,141,141,87176.4893617021,95095.8352844088,81522.8236561632,58.7317602249805,82.2682397750194,121611.847590556,104254.210249842,0.142729821843953,13573.0116282456,0.583462693439854,FALSE
"OFF OF PAYROLL ADMINISTRATION",2018,129,129,87373.1782945736,94476.4988079599,82095.8596016988,54.9869921931476,74.0130078068524,118709.849221033,103153.559223214,0.131044644567397,12380.6392062612,0.573744246564748,FALSE
"OFF OF PAYROLL ADMINISTRATION",2019,129,129,89713.9302325581,94994.0123188252,85926.057232108,53.8859767593934,75.1140232406065,117280.990445551,106085.561092419,0.0954581753667034,9067.95508671721,0.582279249927183,FALSE
"OFF OF PAYROLL ADMINISTRATION",2020,129,129,90025.5968992248,95389.5812501942,86049.7981977439,54.9132704272495,74.0867295727505,115723.280846605,104392.584946072,0.0979119829444823,9339.78305245032,0.574315733122097,FALSE
"OFF OF PAYROLL ADMINISTRATION",2021,125,125,91259.776,96195.6291500625,87646.9276109929,52.8274436254383,72.1725563745617,114341.188217518,104179.929329453,0.0888678790772691,8548.70153906957,0.577380450996494,FALSE
"OFF OF PAYROLL ADMINISTRATION",2022,121,121,94535.9256198347,101199.995127624,90011.307852792,48.9314551711247,72.0685448288753,114509.637837626,101849.43438501,0.110560156260105,11188.6872748319,0.595607808503101,FALSE
"OFF OF PAYROLL ADMINISTRATION",2023,122,122,98002.7704918033,105097.403720163,93087.7784857627,49.9290371708999,72.0709628291001,112945.572732946,100039.126404175,0.114271378828517,12009.6252344003,0.590745596959837,FALSE
"OFF OF PAYROLL ADMINISTRATION",2024,119,119,106716.445378151,113292.300492576,101658.928159744,51.7343150181789,67.2656849818211,117715.297291045,105627.751388078,0.102684580348818,11633.3723328323,0.565257856990093,FALSE
"OFF OF PAYROLL ADMINISTRATION",2025,115,115,109858.573913043,116626.487254153,105072.397860204,47.637700151847,67.3622998481531,116626.487254153,105072.397860204,0.0990691708717099,11554.0893939489,0.585759129114374,FALSE
"OFFICE OF COLLECTIVE BARGAININ",2014,14,14,,,,5.2701316313064,8.7298683686936,,,,,,TRUE
"OFFICE OF COLLECTIVE BARGAININ",2015,14,14,,,,4.07471186957237,9.92528813042763,,,,,,TRUE
"OFFICE OF COLLECTIVE BARGAININ",2016,15,15,,,,5.07246407646003,9.92753592353997,,,,,,TRUE
"OFFICE OF COLLECTIVE BARGAININ",2017,15,15,,,,5.07246407646003,9.92753592353997,,,,,,TRUE
"OFFICE OF COLLECTIVE BARGAININ",2018,13,13,,,,4.06899165704369,8.93100834295631,,,,,,TRUE
"OFFICE OF COLLECTIVE BARGAININ",2019,14,14,,,,4.9750767459224,9.0249232540776,,,,,,TRUE
"OFFICE OF COLLECTIVE BARGAININ",2020,12,12,,,,3.27210980607294,8.72789019392706,,,,,,TRUE
"OFFICE OF COLLECTIVE BARGAININ",2021,14,14,,,,5.25237770086864,8.74762229913136,,,,,,TRUE
"OFFICE OF COLLECTIVE BARGAININ",2022,14,14,,,,5.26082760700861,8.73917239299139,,,,,,TRUE
"OFFICE OF COLLECTIVE BARGAININ",2023,12,12,,,,4.98497997381048,7.01502002618952,,,,,,TRUE
"OFFICE OF COLLECTIVE BARGAININ",2024,13,13,,,,5.98041921225326,7.01958078774674,,,,,,TRUE
"OFFICE OF COLLECTIVE BARGAININ",2025,13,13,,,,5.98041921225326,7.01958078774674,,,,,,TRUE
"OFFICE OF CRIMINAL JUSTICE",2024,45,45,122639.777777778,115923.597855853,129022.893695182,21.9279127524381,23.0720872475619,120449.322022051,134060.021931275,-0.11299938995698,-13099.2958393296,0.512713049945821,FALSE
"OFFICE OF CRIMINAL JUSTICE",2025,90,90,128762.433333333,130691.364807608,127314.626544549,38.5883064779037,51.4116935220963,130691.364807608,127314.626544549,0.0258375009552432,3376.73826305861,0.571241039134403,FALSE
"OFFICE OF EMERGENCY MANAGEMENT",2014,109,109,78677.1559633028,83107.5767470452,73851.7050386471,56.8259983887026,52.1740016112974,109306.690087843,97132.9661035415,0.111372176529346,9255.87170839806,0.478660565241261,FALSE
"OFFICE OF EMERGENCY MANAGEMENT",2015,141,141,82989.3971631206,86066.074313465,79904.2392380901,70.5970319081982,70.4029680918018,112652.264068254,104587.010975288,0.0715942387813875,6161.83507537485,0.499311830438311,FALSE
"OFFICE OF EMERGENCY MANAGEMENT",2016,148,148,85179.3918918919,88192.9315518528,81851.6900959189,77.6661587839616,70.3338412160384,114773.452311731,106521.020274002,0.0719019239337284,6341.24145593384,0.475228656865125,FALSE
"OFFICE OF EMERGENCY MANAGEMENT",2017,159,159,86261.8427672956,89194.2928627644,82807.4469816281,85.9968973955287,73.0031026044713,114064.750755203,105897.031048465,0.0716059926722357,6386.84588113635,0.459139010091015,FALSE
"OFFICE OF EMERGENCY MANAGEMENT",2018,173,173,85249.6878612717,88645.3232667662,81284.0713256606,93.197687859285,79.802312140715,111382.96922431,102133.546150505,0.0830416278019863,7361.25194110555,0.461285041275809,FALSE
"OFFICE OF EMERGENCY MANAGEMENT",2019,170,170,89484.6882352941,91179.2914112603,87530.1951223377,91.0537302650052,78.9462697349948,112571.280481822,108066.053083282,0.0400211082192274,3649.09628892252,0.464389821970558,FALSE
"OFFICE OF EMERGENCY MANAGEMENT",2020,180,180,91285.15,90840.6800521442,91723.4228619659,89.3681764111954,90.6318235888046,110204.714101829,111275.626593083,-0.0097174835031501,-882.742809821648,0.503510131048915,FALSE
"OFFICE OF EMERGENCY MANAGEMENT",2021,180,180,94031.6111111111,95345.5646160646,92745.1200392341,89.0495398368024,90.9504601631976,113330.774441574,110239.803204775,0.0272738914211884,2600.44457683044,0.505280334239987,FALSE
"OFFICE OF EMERGENCY MANAGEMENT",2022,183,183,94220.7868852459,95369.8736739507,92976.1430467797,95.1526541265405,87.8473458734595,107912.749217547,105204.199411269,0.0250994421504073,2393.73062717098,0.480040141385025,FALSE
"OFFICE OF EMERGENCY MANAGEMENT",2023,183,183,95118.0109289618,97345.0433495612,92662.0316915671,95.9733251306344,87.0266748693656,104614.303347632,99581.5868855242,0.0481073457554242,4683.0116579941,0.475555600379047,FALSE
"OFFICE OF EMERGENCY MANAGEMENT",2024,195,195,106439.425641026,108442.224672452,104302.555787852,100.657717557811,94.3422824421885,112675.871711657,108374.587764571,0.0381739575806732,4139.6688846,0.483806576626608,FALSE
"OFFICE OF EMERGENCY MANAGEMENT",2025,192,192,108294.036458333,114008.888089147,102444.264498399,97.1199976803387,94.8800023196613,114008.888089147,102444.264498399,0.101436158045018,11564.6235907475,0.494166678748236,FALSE
"OFFICE OF LABOR RELATIONS",2014,86,86,73706.3488372093,95512.0296294652,64568.1074744568,25.397192807684,60.602807192316,125621.564615528,84922.7758709731,0.323979317317975,30943.9221550083,0.704683804561814,FALSE
"OFFICE OF LABOR RELATIONS",2015,90,90,79255.8555555556,96903.510566876,73279.7438123758,22.7673284483187,67.2326715516813,126837.432154294,95916.1797102468,0.243786490461527,23623.7667545002,0.74702968390757,FALSE
"OFFICE OF LABOR RELATIONS",2016,102,102,80654.0784313726,91466.8714978569,75512.9143958336,32.8695086912622,69.1304913087378,119034.126989987,98271.7971477607,0.174423338644497,15953.9571020233,0.677749914791547,FALSE
"OFFICE OF LABOR RELATIONS",2017,110,110,81780.4636363636,91037.1937759146,77248.3583434485,36.1547271096491,73.8452728903509,116421.516267638,98787.8759715181,0.151463757400156,13788.8354324661,0.671320662639553,FALSE
"OFFICE OF LABOR RELATIONS",2018,116,116,81696.7068965517,93744.4534199207,76639.366192073,34.2969032490194,81.7030967509805,117790.033195529,96297.4678342972,0.182465059039032,17105.0872278477,0.704337040956729,FALSE
"OFFICE OF LABOR RELATIONS",2019,115,115,84997.3652173913,98561.4066839199,79406.765462854,33.5646574817969,81.4353425182031,121685.347459591,98036.7485721577,0.194342206199365,19154.6412210659,0.708133413201766,FALSE
"OFFICE OF LABOR RELATIONS",2020,140,140,84068.3785714286,96866.322811979,78957.6834221968,39.9526343302597,100.04736566974,117514.811706186,95788.6810478642,0.184879934221758,17908.6393897823,0.714624040498145,FALSE
"OFFICE OF LABOR RELATIONS",2021,136,136,85130.6323529412,97001.3414393828,80196.0398262178,39.9340993147453,96.0659006852547,115298.883503014,95323.5668303045,0.173248136198887,16805.301613165,0.706366916803343,FALSE
"OFFICE OF LABOR RELATIONS",2022,129,129,85587.2186046512,93288.8280926947,82624.4891598653,35.8383300441461,93.1616699558539,105558.008236258,93491.1144835858,0.114315284593703,10664.3389328294,0.722183488029875,FALSE
"OFFICE OF LABOR RELATIONS",2023,136,136,87105.945,95460.0002596963,83715.4117332315,39.2617011010188,96.7382988989811,102588.494299313,89966.8763460633,0.123031515760675,11744.5885264648,0.711311021316038,FALSE
"OFFICE OF LABOR RELATIONS",2024,141,141,97391.2775177305,104742.856131512,94027.6583580214,44.2614603616856,96.7385396383144,108832.077687769,97698.5524088696,0.102300034286224,10715.1977734907,0.686088933605066,FALSE
"OFFICE OF LABOR RELATIONS",2025,145,145,100588.921655172,106496.831493831,97908.0608177582,45.2596577654579,99.7403422345421,106496.831493831,97908.0608177582,0.0806481334289311,8588.77067607288,0.687864429203739,FALSE
"OFFICE OF MANAGEMENT & BUDGET",2014,285,285,80008.9368421053,85815.9095450601,74269.6407581714,141.664758902769,143.335241097231,112868.806869426,97682.653291627,0.13454694878956,11546.2687868887,0.5029306705166,FALSE
"OFFICE OF MANAGEMENT & BUDGET",2015,292,292,83940.2157534247,87708.9068967199,80166.4190733855,146.098827917535,145.901172082465,114802.574878466,104930.179317456,0.0859945482186433,7542.48782333448,0.499661548227621,FALSE
"OFFICE OF MANAGEMENT & BUDGET",2016,315,315,84710.8825396825,86425.5182136364,82911.0900340404,161.316325247097,153.683674752903,112473.357202979,107899.71339756,0.0406642419072188,3514.42817959606,0.487884681755246,FALSE
"OFFICE OF MANAGEMENT & BUDGET",2017,342,342,87644.8421052632,90054.4886268319,84980.9478704488,179.569234200061,162.430765799939,115164.798889224,108676.579259369,0.0563385660586761,5073.54075638307,0.474943759648944,FALSE
"OFFICE OF MANAGEMENT & BUDGET",2018,351,351,87835.3931623932,90018.6158245242,85087.0596079513,195.61068256046,155.38931743954,113108.513190532,106912.006098494,0.0547837374681037,4931.55621657282,0.442704608089857,FALSE
"OFFICE OF MANAGEMENT & BUDGET",2019,356,356,91154.1713483145,92965.4093320645,88839.7651099089,199.709082147152,156.290917852848,114776.447667533,109682.867253471,0.0443782720024303,4125.64422215564,0.439019432170921,FALSE
"OFFICE OF MANAGEMENT & BUDGET",2020,358,358,93927.6452513966,96518.5489032739,90707.8751580028,198.372468317134,159.627531682866,117092.904646938,110043.599880956,0.0602026637500975,5810.67374527114,0.445886960008006,FALSE
"OFFICE OF MANAGEMENT & BUDGET",2021,334,334,95733.9491017964,99365.1305099691,90693.0104537225,194.147855142287,139.852144857713,118108.558468649,107800.600400727,0.0872752847174745,8672.12005624657,0.418718996579978,FALSE
"OFFICE OF MANAGEMENT & BUDGET",2022,334,334,99246.5898203593,102573.765598436,95140.0874652217,184.50782533719,149.49217466281,116064.084148481,107652.74193683,0.0724715339233635,7433.67813321418,0.447581361265898,FALSE
"OFFICE OF MANAGEMENT & BUDGET",2023,364,364,98833.1071428571,101348.874004855,95704.7558364888,201.753372546363,162.246627453637,108917.120833894,102851.527046288,0.0556899938335359,5644.11816836619,0.445732493004497,FALSE
"OFFICE OF MANAGEMENT & BUDGET",2024,384,384,112388.2421875,113498.612695278,110923.510985294,218.421190691777,165.578809308223,117929.664041215,115254.02887424,0.022688398111941,2575.10170998346,0.431194815906831,FALSE
"OFFICE OF MANAGEMENT & BUDGET",2025,368,368,120854.817934783,121478.929940371,120081.76226406,203.615136285683,164.384863714317,121478.929940371,120081.76226406,0.0115013169526333,1397.16767631094,0.446697999223687,FALSE
"OFFICE OF RACIAL EQUITY",2024,7,7,,,,1.02086858331667,5.97913141668333,,,,,,TRUE
"OFFICE OF RACIAL EQUITY",2025,21,21,,,,3.33744511971459,17.6625548802854,,,,,,TRUE
"OFFICE OF THE ACTUARY",2014,26,26,,,,15.9082459173384,10.0917540826616,,,,,,TRUE
"OFFICE OF THE ACTUARY",2015,25,25,,,,13.9168928225797,11.0831071774203,,,,,,TRUE
"OFFICE OF THE ACTUARY",2016,27,27,,,,13.9499573091013,13.0500426908987,,,,,,TRUE
"OFFICE OF THE ACTUARY",2017,30,30,108355,120047.778123578,95086.5581536439,15.9468670149192,14.0531329850808,153521.256247307,121599.983674441,0.207927379915676,24961.219969934,0.468437766169358,FALSE
"OFFICE OF THE ACTUARY",2018,33,33,107471.121212121,121652.799350483,90397.297009503,18.0267842935185,14.9732157064815,152856.907806957,113584.326614387,0.256923823437324,31255.5023409796,0.453733809287318,FALSE
"OFFICE OF THE ACTUARY",2019,35,35,114062.342857143,125786.658977781,98406.1658082379,20.0130141308486,14.9869858691514,155298.040262138,121493.684814618,0.217674063307299,27380.4931695432,0.42819959626147,FALSE
"OFFICE OF THE ACTUARY",2020,35,35,114636.657142857,124385.233733659,101741.03072977,19.9321179191223,15.0678820808777,150899.785363105,123428.635690129,0.182048964528827,22644.2030038886,0.430510916596506,FALSE
"OFFICE OF THE ACTUARY",2021,34,34,117138.5,125852.502779997,104792.040884128,19.9321179191223,14.0678820808777,149592.29265568,124559.156962718,0.167342416166998,21060.4618958685,0.413761237672874,FALSE
"OFFICE OF THE ACTUARY",2022,35,35,115725.685714286,134152.086093791,93949.7987303351,18.9580268791142,16.0419731208858,151795.528985839,106305.908552281,0.299676945279471,40202.2873634559,0.458342089168166,FALSE
"OFFICE OF THE ACTUARY",2023,30,30,124164.466666667,142422.748563202,100001.279149573,17.0879423917344,12.9120576082656,153058.19494364,107468.894071346,0.297855994506408,42421.4694136284,0.430401920275519,FALSE
"OFFICE OF THE ACTUARY",2024,33,33,132114.333333333,153882.241564406,105624.095487717,18.1146173231798,14.8853826768202,159889.893089015,109747.721137052,0.313604387264472,48258.146076689,0.451072202327884,FALSE
"OFFICE OF THE ACTUARY",2025,31,31,143756.419354839,161771.446015369,118450.875870194,18.1085300907877,12.8914699092123,161771.446015369,118450.875870194,0.2677887304108,43320.5701451749,0.415853868039107,FALSE
"OFFICE OF THE COMPTROLLER",2014,637,637,73108.546310832,77804.6691108599,69320.799522535,284.397901102293,352.602098897707,102332.075928208,91173.7226211524,0.109040622950748,8483.86958832499,0.553535477076463,FALSE
"OFFICE OF THE COMPTROLLER",2015,633,633,77472.3838862559,83255.6890351878,72623.7139515364,288.677131438817,344.322868561183,108973.738388682,95057.4993334613,0.12770268562858,10631.9750836514,0.543953978769641,FALSE
"OFFICE OF THE COMPTROLLER",2016,645,645,83546.119379845,89526.5825711907,78470.3916744158,296.109609590478,348.890390409522,116509.053215058,102120.630284653,0.1234961793385,11056.1908967748,0.540915333968251,FALSE
"OFFICE OF THE COMPTROLLER",2017,663,663,86546.6138763198,93681.872372675,80747.389766758,297.258553108305,365.741446891695,119803.622849628,103262.558536674,0.13806814785322,12934.482605917,0.551646224572692,FALSE
"OFFICE OF THE COMPTROLLER",2018,661,661,85722.5098335855,92010.6474325737,80675.3809022981,294.316169334912,366.683830665088,115611.503614804,101368.725805855,0.123195161066355,11335.2665302756,0.554741044879104,FALSE
"OFFICE OF THE COMPTROLLER",2019,661,661,88038.7428139182,93357.6356109113,83695.6102655195,297.123068080211,363.876931919789,115260.695941072,103331.818798644,0.103494752005721,9662.02534539174,0.550494601996654,FALSE
"OFFICE OF THE COMPTROLLER",2020,657,657,90939.9132420092,95859.7977725187,86994.9067740696,292.374632681855,364.625367318145,116293.730972902,105539.15738905,0.0924776726473599,8864.8909984491,0.554985338383782,FALSE
"OFFICE OF THE COMPTROLLER",2021,650,650,92231.1538461538,97263.2534868653,88314.4726584406,284.490459742517,365.509540257483,115610.200503404,104973.394631237,0.0920057730706405,8948.78082842471,0.562322369626897,FALSE
"OFFICE OF THE COMPTROLLER",2022,576,576,93701.5381944444,99256.050798312,89295.8465897374,254.781760611559,321.218239388441,112310.029420201,101039.876933788,0.100348584579631,9960.20420857458,0.557670554493821,FALSE
"OFFICE OF THE COMPTROLLER",2023,584,584,99006.4880136986,103925.830235291,95157.69611465,256.34809391809,327.65190608191,111686.511770793,102263.615533585,0.0843691515457639,8768.13412064056,0.561047784386832,FALSE
"OFFICE OF THE COMPTROLLER",2024,589,589,107154.876061121,112481.433354749,102992.05457347,258.383811284195,330.616188715805,116872.773432161,107012.923826417,0.0843639567727699,9489.37878127924,0.561317807666902,FALSE
"OFFICE OF THE COMPTROLLER",2025,607,607,109660.044481054,115441.946355244,105339.296838205,259.60455371497,347.395446285031,115441.946355244,105339.296838205,0.0875128134616767,10102.6495170394,0.572315397504169,FALSE
"OFFICE OF THE MAYOR",2014,381,381,81645.217847769,88093.3875714641,77636.7470753385,146.053349052393,234.946650947607,115864.2447652,102111.217582746,0.11869949362139,10456.6404961256,0.616657876502904,FALSE
"OFFICE OF THE MAYOR",2015,413,413,89340.5060532687,93414.7436796238,86680.6773483308,163.127180680511,249.872819319489,122270.969796271,113456.720689904,0.072087831813662,6734.06633129307,0.60501893297697,FALSE
"OFFICE OF THE MAYOR",2016,484,484,92385.9400826446,97616.132162093,89034.959490124,189.003842339394,294.996157660606,127036.717029578,115869.259557479,0.087907321073938,8581.17267196908,0.609496193513648,FALSE
"OFFICE OF THE MAYOR",2017,425,425,99551.9717647059,103375.794164107,96904.9563973695,173.854077581858,251.145922418142,132200.545763534,123925.414324622,0.0625952895362038,6470.83776673727,0.590931582160334,FALSE
"OFFICE OF THE MAYOR",2018,420,420,99733.8071428572,102496.22573358,97984.1606647442,162.86367984428,257.13632015572,128786.647008273,123117.23111379,0.0440217679874766,4512.06506883568,0.612229333704096,FALSE
"OFFICE OF THE MAYOR",2019,442,442,105804.839366516,109433.29576706,103834.174426268,155.566177364911,286.433822635089,135107.939984743,128195.183270468,0.0511646962795522,5599.12134079206,0.648040322703822,FALSE
"OFFICE OF THE MAYOR",2020,461,461,107880.73318872,111492.064995931,105974.67591646,159.258734494802,301.741265505198,135258.247081002,128564.744943604,0.0494868319074781,5517.38907947126,0.654536367690235,FALSE
"OFFICE OF THE MAYOR",2021,395,395,108296.997468354,108653.248047276,108110.765336716,135.601910559153,259.398089440847,129148.710759383,128503.898533911,0.00499278871372403,542.482710559896,0.656704023900878,FALSE
"OFFICE OF THE MAYOR",2022,404,404,116396.745049505,120116.409231794,114163.174453657,151.575161126959,252.424838873041,135913.904957632,129177.711368422,0.0495622106605676,5953.23477813711,0.624813957606537,FALSE
"OFFICE OF THE MAYOR",2023,385,385,117980.257142857,116720.088341703,118817.859242542,153.723558778416,231.276441221584,125436.18358352,127690.605933368,-0.0179726637517396,-2097.77090083878,0.600718029146972,FALSE
"OFFICE OF THE MAYOR",2024,306,306,135080.918300654,132719.528160732,136681.960193942,123.640939513961,182.359060486039,137900.975139892,142018.102806616,-0.0298556820395783,-3962.43203320968,0.595944642111238,FALSE
"OFFICE OF THE MAYOR",2025,303,303,140056.719471947,141876.757635714,138752.595576447,126.481767859814,176.518232140186,141876.757635714,138752.595576447,0.0220202527272907,3124.16205926699,0.582568422904903,FALSE
"POLICE DEPARTMENT",2014,44331,44331,67534.5157564682,73467.3511827904,54561.460985497,30419.5404210212,13911.4595789782,96627.4472393102,71761.6003271829,0.257337305523029,18905.8901972934,0.313808837584949,FALSE
"POLICE DEPARTMENT",2015,44452,44452,68620.5521236389,74423.8928917204,55998.4237736038,30451.2653555239,14000.7346444752,97413.7614838809,73296.5837314053,0.247574648438827,18425.4691181166,0.314962985793113,FALSE
"POLICE DEPARTMENT",2016,45392,45392,69535.0250484668,74964.7076845139,57561.9433651207,31229.643394348,14162.356605651,97558.3660855232,74910.5721460589,0.232146097235942,17402.7643193932,0.312001158919001,FALSE
"POLICE DEPARTMENT",2017,46011,46011,73104.6598639455,79052.5115158386,60279.4129783469,31433.4063327274,14577.5936672717,101095.089531134,77087.4009576398,0.23747630755198,18773.0985374917,0.316828446833844,FALSE
"POLICE DEPARTMENT",2018,46449,46449,74401.3118689303,80361.5551369963,61642.4986717893,31659.4009583583,14789.5990416405,100974.403305018,77453.8834023671,0.232935468126465,18719.056465207,0.318405111878423,FALSE
"POLICE DEPARTMENT",2019,46186,46186,75119.5535660153,81197.4332292095,62295.2386041167,31335.1873990335,14850.8126009658,100247.533063417,76910.6084182615,0.23279300679043,18902.1946250929,0.321543597647902,FALSE
"POLICE DEPARTMENT",2020,45607,45607,75951.4054421458,81910.934306851,63612.2685269686,30753.6639042433,14853.3360957558,99371.4610229548,77172.1640828692,0.223397107293792,18298.6657798823,0.325681059831959,FALSE
"POLICE DEPARTMENT",2021,42733,42733,75580.9560058976,81270.90664838,63943.0467167968,28700.7616413543,14032.238358645,96601.1877649312,76004.7416337515,0.213211106485528,17327.8599315832,0.328370073681821,FALSE
"POLICE DEPARTMENT",2022,41892,41892,77448.9576291417,83437.8748249285,65145.1837456715,28176.8107979921,13715.1892020075,94411.4751793665,73712.9620231186,0.219237260268662,18292.6910792569,0.327393994127939,FALSE
"POLICE DEPARTMENT",2023,41210,41210,84514.9263770929,91224.0708008366,70972.718198495,27557.3888815462,13652.611118453,98036.2459863006,76272.6196994077,0.221995712585059,20251.3526023416,0.331293645194208,FALSE
"POLICE DEPARTMENT",2024,40408,40408,89758.904276381,96538.1053116314,76074.5376808371,27021.5778289171,13386.4221710825,100307.008660465,79044.5315387112,0.211973992702017,20463.5676307943,0.331281483148946,FALSE
"POLICE DEPARTMENT",2025,39806,39806,92148.8448977538,98529.1178667444,79410.7212739947,26521.7716615258,13284.2283384737,98529.1178667444,79410.7212739947,0.19403803674165,19118.3965927497,0.333724271177055,FALSE
"PRESIDENT BOROUGH OF MANHATTAN",2014,44,44,69607.2213636364,73952.2183767741,65873.6873205905,20.3348228473139,23.6651771526861,97265.1656060463,86639.9311197735,0.109239874523098,8078.53105618352,0.537844935288319,FALSE
"PRESIDENT BOROUGH OF MANHATTAN",2015,49,49,69986.3416326531,72518.0396776062,68183.9004475644,20.3776605645617,28.6223394354383,94919.1818104771,89246.2078663773,0.0597663595059942,4334.13923004176,0.584129376233434,FALSE
"PRESIDENT BOROUGH OF MANHATTAN",2016,51,51,72610.5047058824,74977.8628399908,70628.2836167653,23.2420816719837,27.7579183280163,97575.4860812358,91914.9845561283,0.0580115124447846,4349.57922322548,0.544272908392476,FALSE
"PRESIDENT BOROUGH OF MANHATTAN",2017,50,50,75674.5748,77354.4642542676,74136.2727151696,23.9001014411587,26.0998985588413,98923.5678850115,94808.0330900385,0.0416031779176915,3218.191539098,0.521997971176825,FALSE
"PRESIDENT BOROUGH OF MANHATTAN",2018,49,49,75708.2395918367,77235.4425296571,74331.6344649123,23.2293766376134,25.7706233623866,97046.4385630143,93397.7997810737,0.0375968333919985,2903.80806474479,0.525931089028298,FALSE
"PRESIDENT BOROUGH OF MANHATTAN",2019,52,52,75654.4757692308,73590.9786079659,77219.2766565417,22.4263952549618,29.5736047450382,90856.4934601591,95336.0430484051,-0.0493035711334189,-3628.29804857576,0.568723168173811,FALSE
"PRESIDENT BOROUGH OF MANHATTAN",2020,53,53,78292.6554716981,75892.8630410579,80300.4868723493,24.1434088542294,28.8565911457706,92070.5488885387,97417.7229070187,-0.0580769212634243,-4407.62383129136,0.544463983882464,FALSE
"PRESIDENT BOROUGH OF MANHATTAN",2021,50,50,81634.3184,75575.1911110216,86407.9420326661,22.033293607481,27.966706392519,89831.0788936155,102707.231614786,-0.14333739369221,-10832.7509216445,0.559334127850379,FALSE
"PRESIDENT BOROUGH OF MANHATTAN",2022,46,46,86198.2008695652,80076.0064892693,91275.52475967,20.8541915201915,25.1458084798085,90607.4599213757,103279.918842763,-0.139861098991012,-11199.5182704006,0.54664801043062,FALSE
"PRESIDENT BOROUGH OF MANHATTAN",2023,43,43,89813.7497674419,86686.1587767848,92068.2654786045,18.0123102255139,24.9876897744861,93159.4645014495,98943.4810654118,-0.0620872671919685,-5382.10670181965,0.581109064522932,FALSE
"PRESIDENT BOROUGH OF MANHATTAN",2024,47,47,96011.8987234042,94398.0145333772,97412.5792007962,21.8379732068527,25.1620267931473,98083.3675030643,101215.622514971,-0.0319346194124987,-3014.56466741892,0.535362272194624,FALSE
"PRESIDENT BOROUGH OF MANHATTAN",2025,47,47,100595.643404255,99780.8697965091,101365.515511835,22.834119138609,24.165880861391,99780.8697965091,101365.515511835,-0.015881257785759,-1584.64571532562,0.514167677901936,FALSE
"PUBLIC ADMINISTRATOR-BRONX",2014,7,7,,,,2.04041485119393,4.95958514880607,,,,,,TRUE
"PUBLIC ADMINISTRATOR-BRONX",2015,8,8,,,,2.04909621273065,5.95090378726935,,,,,,TRUE
"PUBLIC ADMINISTRATOR-BRONX",2016,8,8,,,,2.04909621273065,5.95090378726935,,,,,,TRUE
"PUBLIC ADMINISTRATOR-BRONX",2017,7,7,,,,1.01769832465145,5.98230167534855,,,,,,TRUE
"PUBLIC ADMINISTRATOR-BRONX",2018,5,5,,,,1.00956846182459,3.99043153817541,,,,,,TRUE
"PUBLIC ADMINISTRATOR-BRONX",2019,7,7,,,,1.99947164626918,5.00052835373082,,,,,,TRUE
"PUBLIC ADMINISTRATOR-BRONX",2020,8,8,,,,2.99596168071276,5.00403831928724,,,,,,TRUE
"PUBLIC ADMINISTRATOR-BRONX",2021,7,7,,,,1.88658262360394,5.11341737639606,,,,,,TRUE
"PUBLIC ADMINISTRATOR-BRONX",2022,7,7,,,,2.88128761520491,4.11871238479509,,,,,,TRUE
"PUBLIC ADMINISTRATOR-BRONX",2023,8,8,,,,2.88998632768707,5.11001367231293,,,,,,TRUE
"PUBLIC ADMINISTRATOR-BRONX",2024,7,7,,,,1.83456026278915,5.16543973721085,,,,,,TRUE
"PUBLIC ADMINISTRATOR-BRONX",2025,9,9,,,,2.58195172507923,6.41804827492077,,,,,,TRUE
"PUBLIC ADMINISTRATOR-KINGS",2014,6,6,,,,2.99471214067715,3.00528785932285,,,,,,TRUE
"PUBLIC ADMINISTRATOR-KINGS",2015,7,7,,,,3.98877835103623,3.01122164896377,,,,,,TRUE
"PUBLIC ADMINISTRATOR-KINGS",2016,8,8,,,,4.9884959522841,3.0115040477159,,,,,,TRUE
"PUBLIC ADMINISTRATOR-KINGS",2017,9,9,,,,5.9884959522841,3.0115040477159,,,,,,TRUE
"PUBLIC ADMINISTRATOR-KINGS",2018,9,9,,,,6.92384993146948,2.07615006853052,,,,,,TRUE
"PUBLIC ADMINISTRATOR-KINGS",2019,8,8,,,,4.92690396672696,3.07309603327304,,,,,,TRUE
"PUBLIC ADMINISTRATOR-KINGS",2020,9,9,,,,5.98442028291727,3.01557971708273,,,,,,TRUE
"PUBLIC ADMINISTRATOR-KINGS",2021,9,9,,,,5.00060707568196,3.99939292431803,,,,,,TRUE
"PUBLIC ADMINISTRATOR-KINGS",2022,11,11,,,,7.92758468682726,3.07241531317274,,,,,,TRUE
"PUBLIC ADMINISTRATOR-KINGS",2023,10,10,,,,5.93076789782895,4.06923210217105,,,,,,TRUE
"PUBLIC ADMINISTRATOR-KINGS",2024,10,10,,,,5.44188138560045,4.55811861439955,,,,,,TRUE
"PUBLIC ADMINISTRATOR-KINGS",2025,13,13,,,,6.91324506202807,6.08675493797193,,,,,,TRUE
"PUBLIC ADMINISTRATOR-NEW YORK",2014,10,10,,,,5.01395490437561,4.98604509562439,,,,,,TRUE
"PUBLIC ADMINISTRATOR-NEW YORK",2015,8,8,,,,5.00467671940415,2.99532328059585,,,,,,TRUE
"PUBLIC ADMINISTRATOR-NEW YORK",2016,9,9,,,,5.00467671940415,3.99532328059585,,,,,,TRUE
"PUBLIC ADMINISTRATOR-NEW YORK",2017,9,9,,,,5.00467671940415,3.99532328059585,,,,,,TRUE
"PUBLIC ADMINISTRATOR-NEW YORK",2018,9,9,,,,5.00467671940415,3.99532328059585,,,,,,TRUE
"PUBLIC ADMINISTRATOR-NEW YORK",2019,10,10,,,,5.94178363764315,4.05821636235685,,,,,,TRUE
"PUBLIC ADMINISTRATOR-NEW YORK",2020,9,9,,,,5.92343360554803,3.07656639445197,,,,,,TRUE
"PUBLIC ADMINISTRATOR-NEW YORK",2021,9,9,,,,5.92343360554803,3.07656639445197,,,,,,TRUE
"PUBLIC ADMINISTRATOR-NEW YORK",2022,9,9,,,,4.98447525824843,4.01552474175157,,,,,,TRUE
"PUBLIC ADMINISTRATOR-NEW YORK",2023,11,11,,,,5.98305818882165,5.01694181117835,,,,,,TRUE
"PUBLIC ADMINISTRATOR-NEW YORK",2024,11,11,,,,6.97650568775626,4.02349431224374,,,,,,TRUE
"PUBLIC ADMINISTRATOR-NEW YORK",2025,11,11,,,,6.97650568775626,4.02349431224374,,,,,,TRUE
"PUBLIC ADMINISTRATOR-QUEENS",2014,7,7,,,,2.0053427556814,4.9946572443186,,,,,,TRUE
"PUBLIC ADMINISTRATOR-QUEENS",2015,8,8,,,,2.01284290031954,5.98715709968046,,,,,,TRUE
"PUBLIC ADMINISTRATOR-QUEENS",2016,7,7,,,,1.02033544849174,5.97966455150826,,,,,,TRUE
"PUBLIC ADMINISTRATOR-QUEENS",2017,8,8,,,,1.02320448516345,6.97679551483655,,,,,,TRUE
"PUBLIC ADMINISTRATOR-QUEENS",2018,8,8,,,,2.01879228044203,5.98120771955797,,,,,,TRUE
"PUBLIC ADMINISTRATOR-QUEENS",2019,8,8,,,,2.01879228044203,5.98120771955797,,,,,,TRUE
"PUBLIC ADMINISTRATOR-QUEENS",2020,8,8,,,,2.01879228044203,5.98120771955797,,,,,,TRUE
"PUBLIC ADMINISTRATOR-QUEENS",2021,8,8,,,,2.01879228044203,5.98120771955797,,,,,,TRUE
"PUBLIC ADMINISTRATOR-QUEENS",2022,7,7,,,,1.02233157871446,5.97766842128554,,,,,,TRUE
"PUBLIC ADMINISTRATOR-QUEENS",2023,7,7,,,,1.02264950628688,5.97735049371312,,,,,,TRUE
"PUBLIC ADMINISTRATOR-QUEENS",2024,7,7,,,,1.02264950628688,5.97735049371312,,,,,,TRUE
"PUBLIC ADMINISTRATOR-QUEENS",2025,7,7,,,,1.02264950628688,5.97735049371312,,,,,,TRUE
"PUBLIC ADMINISTRATOR-RICHMOND",2014,5,5,,,,3.00279970617616,1.99720029382384,,,,,,TRUE
"PUBLIC ADMINISTRATOR-RICHMOND",2015,5,5,,,,3.00279970617616,1.99720029382384,,,,,,TRUE
"PUBLIC ADMINISTRATOR-RICHMOND",2016,5,5,,,,3.00167085702061,1.99832914297939,,,,,,TRUE
"PUBLIC ADMINISTRATOR-RICHMOND",2017,5,5,,,,3.00167085702061,1.99832914297939,,,,,,TRUE
"PUBLIC ADMINISTRATOR-RICHMOND",2018,5,5,,,,3.00167085702061,1.99832914297939,,,,,,TRUE
"PUBLIC ADMINISTRATOR-RICHMOND",2019,5,5,,,,2.00022307509034,2.99977692490966,,,,,,TRUE
"PUBLIC ADMINISTRATOR-RICHMOND",2020,5,5,,,,2.00022307509034,2.99977692490966,,,,,,TRUE
"PUBLIC ADMINISTRATOR-RICHMOND",2021,5,5,,,,2.00022307509034,2.99977692490966,,,,,,TRUE
"PUBLIC ADMINISTRATOR-RICHMOND",2022,5,5,,,,2.00022307509034,2.99977692490966,,,,,,TRUE
"PUBLIC ADMINISTRATOR-RICHMOND",2023,5,5,,,,2.00022307509034,2.99977692490966,,,,,,TRUE
"PUBLIC ADMINISTRATOR-RICHMOND",2024,5,5,,,,2.00022307509034,2.99977692490966,,,,,,TRUE
"PUBLIC ADMINISTRATOR-RICHMOND",2025,5,5,,,,2.00022307509034,2.99977692490966,,,,,,TRUE
"PUBLIC ADVOCATE",2014,22,22,,,,13.9792127542032,8.02078724579676,,,,,,TRUE
"PUBLIC ADVOCATE",2015,39,39,70597.6153846154,66266.8618301958,76014.2463752644,21.6723376059053,17.3276623940947,86736.9875693494,99495.3821691377,-0.147092894938131,-9747.38454506865,0.444299035746018,FALSE
"PUBLIC ADVOCATE",2016,38,38,73242.3157894737,65947.0974967821,81124.6292119425,19.7349553059821,18.2650446940179,85822.9329319192,105574.830072288,-0.230147076842934,-15177.5317151604,0.480659070895208,FALSE
"PUBLIC ADVOCATE",2017,42,42,75417.2130952381,72043.9886385854,78979.7172171231,21.5731009979513,20.4268990020487,92132.3477513829,101001.997660866,-0.0962707466591188,-6935.72857853769,0.486354738144017,FALSE
"PUBLIC ADVOCATE",2018,34,34,74019.2497058824,71257.5174798214,77099.691290077,17.9274046381095,16.0725953618905,89535.1676091329,96875.8669458877,-0.0819867715979577,-5842.1738102556,0.472723392996779,FALSE
"PUBLIC ADVOCATE",2019,20,20,,,,13.0509641005995,6.94903589940052,,,,,,TRUE
"PUBLIC ADVOCATE",2020,51,51,75300,78144.551471696,72527.5739745441,25.1725643141611,25.8274356858389,94802.217999805,87987.8987010646,0.0718793235275822,5616.97749715183,0.506420307565468,FALSE
"PUBLIC ADVOCATE",2021,43,43,78600,80691.9572814375,76193.7662650164,23.0021469134092,19.9978530865908,95913.030110379,90566.3370205649,0.0557452213078966,4498.19101642107,0.465066350850948,FALSE
"PUBLIC ADVOCATE",2022,41,41,78690.243902439,81266.8702364611,75862.1111424253,21.4539521823495,19.5460478176505,91954.9439428217,85839.3605806174,0.0665063029781956,5404.75909403579,0.476732873601232,FALSE
"PUBLIC ADVOCATE",2023,46,46,80093.4782608696,82946.479220118,76429.2890025521,25.8627875289415,20.1372124710585,89140.5236483522,82136.6609868876,0.0785710289193952,6517.1902175659,0.437765488501272,FALSE
"PUBLIC ADVOCATE",2024,45,45,85166.0673333333,90224.0368823414,80284.9764572305,22.09958286094,22.90041713906,93746.4353554991,83419.3482750115,0.110159784116867,9939.06042511098,0.508898158645778,FALSE
"PUBLIC ADVOCATE",2025,43,43,91939.1162790698,95082.6798249227,88693.1800782042,21.8444733030783,21.1555266969217,95082.6798249227,88693.1800782042,0.0671994074891831,6389.49974671852,0.491988992951668,FALSE
"QUEENS COMMUNITY BOARD #1",2014,2,2,,,,0.00748405717402164,1.99251594282598,,,,,,TRUE
"QUEENS COMMUNITY BOARD #1",2015,3,3,,,,1.00361152238231,1.99638847761769,,,,,,TRUE
"QUEENS COMMUNITY BOARD #1",2016,2,2,,,,0.110437757991365,1.88956224200864,,,,,,TRUE
"QUEENS COMMUNITY BOARD #1",2017,2,2,,,,0.110437757991365,1.88956224200864,,,,,,TRUE
"QUEENS COMMUNITY BOARD #1",2018,2,2,,,,0.110437757991365,1.88956224200864,,,,,,TRUE
"QUEENS COMMUNITY BOARD #1",2019,2,2,,,,0.110437757991365,1.88956224200864,,,,,,TRUE
"QUEENS COMMUNITY BOARD #1",2020,2,2,,,,0.110437757991365,1.88956224200864,,,,,,TRUE
"QUEENS COMMUNITY BOARD #1",2021,2,2,,,,0.110437757991365,1.88956224200864,,,,,,TRUE
"QUEENS COMMUNITY BOARD #1",2022,2,2,,,,0.110437757991365,1.88956224200864,,,,,,TRUE
"QUEENS COMMUNITY BOARD #1",2023,1,1,,,,0.00426960155279594,0.995730398447204,,,,,,TRUE
"QUEENS COMMUNITY BOARD #1",2024,1,1,,,,0.00426960155279594,0.995730398447204,,,,,,TRUE
"QUEENS COMMUNITY BOARD #1",2025,1,1,,,,0.00426960155279594,0.995730398447204,,,,,,TRUE
"QUEENS COMMUNITY BOARD #10",2014,3,3,,,,0.00737591389722292,2.99262408610278,,,,,,TRUE
"QUEENS COMMUNITY BOARD #10",2015,3,3,,,,0.00737591389722292,2.99262408610278,,,,,,TRUE
"QUEENS COMMUNITY BOARD #10",2016,3,3,,,,0.00737591389722292,2.99262408610278,,,,,,TRUE
"QUEENS COMMUNITY BOARD #10",2017,3,3,,,,0.00737591389722292,2.99262408610278,,,,,,TRUE
"QUEENS COMMUNITY BOARD #10",2018,3,3,,,,0.00737591389722292,2.99262408610278,,,,,,TRUE
"QUEENS COMMUNITY BOARD #10",2019,2,2,,,,0.00372562210002258,1.99627437789998,,,,,,TRUE
"QUEENS COMMUNITY BOARD #10",2020,3,3,,,,0.00607243322824944,2.99392756677175,,,,,,TRUE
"QUEENS COMMUNITY BOARD #10",2021,2,2,,,,0.00372562210002258,1.99627437789998,,,,,,TRUE
"QUEENS COMMUNITY BOARD #10",2022,2,2,,,,0.00372562210002258,1.99627437789998,,,,,,TRUE
"QUEENS COMMUNITY BOARD #10",2023,1,1,,,,0.000353606789250354,0.99964639321075,,,,,,TRUE
"QUEENS COMMUNITY BOARD #10",2024,1,1,,,,0.000353606789250354,0.99964639321075,,,,,,TRUE
"QUEENS COMMUNITY BOARD #10",2025,1,1,,,,0.000353606789250354,0.99964639321075,,,,,,TRUE
"QUEENS COMMUNITY BOARD #11",2014,2,2,,,,0.00523029969216118,1.99476970030784,,,,,,TRUE
"QUEENS COMMUNITY BOARD #11",2015,2,2,,,,0.00523029969216118,1.99476970030784,,,,,,TRUE
"QUEENS COMMUNITY BOARD #11",2016,2,2,,,,0.00523029969216118,1.99476970030784,,,,,,TRUE
"QUEENS COMMUNITY BOARD #11",2017,2,2,,,,0.00523029969216118,1.99476970030784,,,,,,TRUE
"QUEENS COMMUNITY BOARD #11",2018,2,2,,,,0.998972881607517,1.00102711839248,,,,,,TRUE
"QUEENS COMMUNITY BOARD #11",2019,2,2,,,,0.998972881607517,1.00102711839248,,,,,,TRUE
"QUEENS COMMUNITY BOARD #11",2020,2,2,,,,0.998972881607517,1.00102711839248,,,,,,TRUE
"QUEENS COMMUNITY BOARD #11",2021,2,2,,,,0.998972881607517,1.00102711839248,,,,,,TRUE
"QUEENS COMMUNITY BOARD #11",2022,2,2,,,,0.998972881607517,1.00102711839248,,,,,,TRUE
"QUEENS COMMUNITY BOARD #11",2023,2,2,,,,0.998972881607517,1.00102711839248,,,,,,TRUE
"QUEENS COMMUNITY BOARD #11",2024,2,2,,,,0.998972881607517,1.00102711839248,,,,,,TRUE
"QUEENS COMMUNITY BOARD #11",2025,2,2,,,,0.998972881607517,1.00102711839248,,,,,,TRUE
"QUEENS COMMUNITY BOARD #12",2014,3,3,,,,0.00931896963703054,2.99068103036297,,,,,,TRUE
"QUEENS COMMUNITY BOARD #12",2015,3,3,,,,0.00931896963703054,2.99068103036297,,,,,,TRUE
"QUEENS COMMUNITY BOARD #12",2016,3,3,,,,0.00931896963703054,2.99068103036297,,,,,,TRUE
"QUEENS COMMUNITY BOARD #12",2017,3,3,,,,0.00795982607768971,2.99204017392231,,,,,,TRUE
"QUEENS COMMUNITY BOARD #12",2018,3,3,,,,0.00795982607768971,2.99204017392231,,,,,,TRUE
"QUEENS COMMUNITY BOARD #12",2019,3,3,,,,0.00795982607768971,2.99204017392231,,,,,,TRUE
"QUEENS COMMUNITY BOARD #12",2020,3,3,,,,0.00795982607768971,2.99204017392231,,,,,,TRUE
"QUEENS COMMUNITY BOARD #12",2021,3,3,,,,0.00795982607768971,2.99204017392231,,,,,,TRUE
"QUEENS COMMUNITY BOARD #12",2022,3,3,,,,0.00795982607768971,2.99204017392231,,,,,,TRUE
"QUEENS COMMUNITY BOARD #12",2023,3,3,,,,0.00795982607768971,2.99204017392231,,,,,,TRUE
"QUEENS COMMUNITY BOARD #12",2024,3,3,,,,0.00795982607768971,2.99204017392231,,,,,,TRUE
"QUEENS COMMUNITY BOARD #13",2014,2,2,,,,0.995280097203668,1.00471990279633,,,,,,TRUE
"QUEENS COMMUNITY BOARD #13",2015,2,2,,,,0.995280097203668,1.00471990279633,,,,,,TRUE
"QUEENS COMMUNITY BOARD #13",2016,2,2,,,,0.999960564959344,1.00003943504066,,,,,,TRUE
"QUEENS COMMUNITY BOARD #13",2017,3,3,,,,1.95329843259883,1.04670156740117,,,,,,TRUE
"QUEENS COMMUNITY BOARD #13",2018,3,3,,,,1.95329843259883,1.04670156740117,,,,,,TRUE
"QUEENS COMMUNITY BOARD #13",2019,3,3,,,,1.95329843259883,1.04670156740117,,,,,,TRUE
"QUEENS COMMUNITY BOARD #13",2020,3,3,,,,1.95329843259883,1.04670156740117,,,,,,TRUE
"QUEENS COMMUNITY BOARD #13",2021,3,3,,,,1.95329843259883,1.04670156740117,,,,,,TRUE
"QUEENS COMMUNITY BOARD #13",2022,1,1,,,,0.996710256740462,0.0032897432595385,,,,,,TRUE
"QUEENS COMMUNITY BOARD #13",2023,1,1,,,,0.996710256740462,0.0032897432595385,,,,,,TRUE
"QUEENS COMMUNITY BOARD #13",2024,1,1,,,,0.996710256740462,0.0032897432595385,,,,,,TRUE
"QUEENS COMMUNITY BOARD #13",2025,1,1,,,,0.996710256740462,0.0032897432595385,,,,,,TRUE
"QUEENS COMMUNITY BOARD #14",2014,2,2,,,,0.999563104568803,1.0004368954312,,,,,,TRUE
"QUEENS COMMUNITY BOARD #14",2015,2,2,,,,0.999563104568803,1.0004368954312,,,,,,TRUE
"QUEENS COMMUNITY BOARD #14",2016,2,2,,,,0.999563104568803,1.0004368954312,,,,,,TRUE
"QUEENS COMMUNITY BOARD #14",2017,2,2,,,,0.999563104568803,1.0004368954312,,,,,,TRUE
"QUEENS COMMUNITY BOARD #14",2018,2,2,,,,0.999563104568803,1.0004368954312,,,,,,TRUE
"QUEENS COMMUNITY BOARD #14",2019,2,2,,,,0.999563104568803,1.0004368954312,,,,,,TRUE
"QUEENS COMMUNITY BOARD #14",2020,2,2,,,,0.999563104568803,1.0004368954312,,,,,,TRUE
"QUEENS COMMUNITY BOARD #14",2021,2,2,,,,0.999563104568803,1.0004368954312,,,,,,TRUE
"QUEENS COMMUNITY BOARD #14",2022,2,2,,,,0.999563104568803,1.0004368954312,,,,,,TRUE
"QUEENS COMMUNITY BOARD #14",2023,2,2,,,,0.999563104568803,1.0004368954312,,,,,,TRUE
"QUEENS COMMUNITY BOARD #14",2024,2,2,,,,0.00670377703868834,1.99329622296131,,,,,,TRUE
"QUEENS COMMUNITY BOARD #14",2025,2,2,,,,0.00632833476306725,1.99367166523693,,,,,,TRUE
"QUEENS COMMUNITY BOARD #2",2014,3,3,,,,0.0214774079646951,2.9785225920353,,,,,,TRUE
"QUEENS COMMUNITY BOARD #2",2015,3,3,,,,0.0214774079646951,2.9785225920353,,,,,,TRUE
"QUEENS COMMUNITY BOARD #2",2016,3,3,,,,0.0214774079646951,2.9785225920353,,,,,,TRUE
"QUEENS COMMUNITY BOARD #2",2017,3,3,,,,0.0214774079646951,2.9785225920353,,,,,,TRUE
"QUEENS COMMUNITY BOARD #2",2018,3,3,,,,0.0214774079646951,2.9785225920353,,,,,,TRUE
"QUEENS COMMUNITY BOARD #2",2019,3,3,,,,0.0214774079646951,2.9785225920353,,,,,,TRUE
"QUEENS COMMUNITY BOARD #2",2020,3,3,,,,0.0214774079646951,2.9785225920353,,,,,,TRUE
"QUEENS COMMUNITY BOARD #2",2021,3,3,,,,0.0214774079646951,2.9785225920353,,,,,,TRUE
"QUEENS COMMUNITY BOARD #2",2022,2,2,,,,0.0057269769293308,1.99427302307067,,,,,,TRUE
"QUEENS COMMUNITY BOARD #2",2023,2,2,,,,0.0057269769293308,1.99427302307067,,,,,,TRUE
"QUEENS COMMUNITY BOARD #2",2024,2,2,,,,0.0057269769293308,1.99427302307067,,,,,,TRUE
"QUEENS COMMUNITY BOARD #2",2025,3,3,,,,0.999412147085089,2.00058785291491,,,,,,TRUE
"QUEENS COMMUNITY BOARD #3",2014,4,4,,,,0.0146472745382612,3.98535272546174,,,,,,TRUE
"QUEENS COMMUNITY BOARD #3",2015,2,2,,,,0.0019698258494874,1.99803017415051,,,,,,TRUE
"QUEENS COMMUNITY BOARD #3",2016,3,3,,,,0.00533919641392329,2.99466080358608,,,,,,TRUE
"QUEENS COMMUNITY BOARD #3",2017,3,3,,,,0.00533919641392329,2.99466080358608,,,,,,TRUE
"QUEENS COMMUNITY BOARD #3",2018,3,3,,,,0.00533919641392329,2.99466080358608,,,,,,TRUE
"QUEENS COMMUNITY BOARD #3",2019,3,3,,,,0.00533919641392329,2.99466080358608,,,,,,TRUE
"QUEENS COMMUNITY BOARD #3",2020,3,3,,,,0.00533919641392329,2.99466080358608,,,,,,TRUE
"QUEENS COMMUNITY BOARD #3",2021,3,3,,,,0.00533919641392329,2.99466080358608,,,,,,TRUE
"QUEENS COMMUNITY BOARD #3",2022,3,3,,,,0.00533919641392329,2.99466080358608,,,,,,TRUE
"QUEENS COMMUNITY BOARD #3",2023,3,3,,,,0.00533919641392329,2.99466080358608,,,,,,TRUE
"QUEENS COMMUNITY BOARD #3",2024,2,2,,,,0.0019698258494874,1.99803017415051,,,,,,TRUE
"QUEENS COMMUNITY BOARD #3",2025,2,2,,,,0.0019698258494874,1.99803017415051,,,,,,TRUE
"QUEENS COMMUNITY BOARD #4",2014,3,3,,,,0.965137054981126,2.03486294501887,,,,,,TRUE
"QUEENS COMMUNITY BOARD #4",2015,3,3,,,,0.965137054981126,2.03486294501887,,,,,,TRUE
"QUEENS COMMUNITY BOARD #4",2016,3,3,,,,0.965137054981126,2.03486294501887,,,,,,TRUE
"QUEENS COMMUNITY BOARD #4",2017,3,3,,,,0.965137054981126,2.03486294501887,,,,,,TRUE
"QUEENS COMMUNITY BOARD #4",2018,3,3,,,,0.965137054981126,2.03486294501887,,,,,,TRUE
"QUEENS COMMUNITY BOARD #4",2019,3,3,,,,0.965137054981126,2.03486294501887,,,,,,TRUE
"QUEENS COMMUNITY BOARD #4",2020,3,3,,,,0.965137054981126,2.03486294501887,,,,,,TRUE
"QUEENS COMMUNITY BOARD #4",2021,3,3,,,,0.965137054981126,2.03486294501887,,,,,,TRUE
"QUEENS COMMUNITY BOARD #4",2022,3,3,,,,0.965137054981126,2.03486294501887,,,,,,TRUE
"QUEENS COMMUNITY BOARD #4",2023,2,2,,,,0.96100798897212,1.03899201102788,,,,,,TRUE
"QUEENS COMMUNITY BOARD #4",2024,2,2,,,,0.96100798897212,1.03899201102788,,,,,,TRUE
"QUEENS COMMUNITY BOARD #4",2025,2,2,,,,0.96100798897212,1.03899201102788,,,,,,TRUE
"QUEENS COMMUNITY BOARD #5",2014,2,2,,,,0.999091799997298,1.0009082000027,,,,,,TRUE
"QUEENS COMMUNITY BOARD #5",2015,2,2,,,,0.999091799997298,1.0009082000027,,,,,,TRUE
"QUEENS COMMUNITY BOARD #5",2016,2,2,,,,0.999091799997298,1.0009082000027,,,,,,TRUE
"QUEENS COMMUNITY BOARD #5",2017,2,2,,,,0.999091799997298,1.0009082000027,,,,,,TRUE
"QUEENS COMMUNITY BOARD #5",2018,2,2,,,,0.999091799997298,1.0009082000027,,,,,,TRUE
"QUEENS COMMUNITY BOARD #5",2019,2,2,,,,0.999091799997298,1.0009082000027,,,,,,TRUE
"QUEENS COMMUNITY BOARD #5",2020,2,2,,,,0.999091799997298,1.0009082000027,,,,,,TRUE
"QUEENS COMMUNITY BOARD #5",2021,2,2,,,,0.999091799997298,1.0009082000027,,,,,,TRUE
"QUEENS COMMUNITY BOARD #5",2022,2,2,,,,0.999091799997298,1.0009082000027,,,,,,TRUE
"QUEENS COMMUNITY BOARD #5",2023,2,2,,,,0.999091799997298,1.0009082000027,,,,,,TRUE
"QUEENS COMMUNITY BOARD #5",2024,3,3,,,,1.99491377830517,1.00508622169483,,,,,,TRUE
"QUEENS COMMUNITY BOARD #5",2025,3,3,,,,1.99491377830517,1.00508622169483,,,,,,TRUE
"QUEENS COMMUNITY BOARD #6",2014,2,2,,,,0.998440727222892,1.00155927277711,,,,,,TRUE
"QUEENS COMMUNITY BOARD #6",2015,2,2,,,,0.998440727222892,1.00155927277711,,,,,,TRUE
"QUEENS COMMUNITY BOARD #6",2016,2,2,,,,0.998440727222892,1.00155927277711,,,,,,TRUE
"QUEENS COMMUNITY BOARD #6",2017,2,2,,,,0.998440727222892,1.00155927277711,,,,,,TRUE
"QUEENS COMMUNITY BOARD #6",2018,2,2,,,,0.998440727222892,1.00155927277711,,,,,,TRUE
"QUEENS COMMUNITY BOARD #6",2019,3,3,,,,1.00594087186103,1.99405912813897,,,,,,TRUE
"QUEENS COMMUNITY BOARD #6",2020,3,3,,,,1.00594087186103,1.99405912813897,,,,,,TRUE
"QUEENS COMMUNITY BOARD #6",2021,3,3,,,,1.00594087186103,1.99405912813897,,,,,,TRUE
"QUEENS COMMUNITY BOARD #6",2022,3,3,,,,1.00594087186103,1.99405912813897,,,,,,TRUE
"QUEENS COMMUNITY BOARD #6",2023,3,3,,,,1.00594087186103,1.99405912813897,,,,,,TRUE
"QUEENS COMMUNITY BOARD #6",2024,2,2,,,,0.0109496216940128,1.98905037830599,,,,,,TRUE
"QUEENS COMMUNITY BOARD #6",2025,2,2,,,,0.0109496216940128,1.98905037830599,,,,,,TRUE
"QUEENS COMMUNITY BOARD #7",2014,3,3,,,,0.00933779396469355,2.99066220603531,,,,,,TRUE
"QUEENS COMMUNITY BOARD #7",2015,3,3,,,,0.00933779396469355,2.99066220603531,,,,,,TRUE
"QUEENS COMMUNITY BOARD #7",2016,3,3,,,,0.00933779396469355,2.99066220603531,,,,,,TRUE
"QUEENS COMMUNITY BOARD #7",2017,2,2,,,,0.00649404288094695,1.99350595711905,,,,,,TRUE
"QUEENS COMMUNITY BOARD #7",2018,2,2,,,,0.00649404288094695,1.99350595711905,,,,,,TRUE
"QUEENS COMMUNITY BOARD #7",2019,2,2,,,,0.00649404288094695,1.99350595711905,,,,,,TRUE
"QUEENS COMMUNITY BOARD #7",2020,2,2,,,,0.00649404288094695,1.99350595711905,,,,,,TRUE
"QUEENS COMMUNITY BOARD #7",2021,2,2,,,,0.00649404288094695,1.99350595711905,,,,,,TRUE
"QUEENS COMMUNITY BOARD #7",2022,3,3,,,,0.00902814278461433,2.99097185721539,,,,,,TRUE
"QUEENS COMMUNITY BOARD #7",2023,3,3,,,,0.00902814278461433,2.99097185721539,,,,,,TRUE
"QUEENS COMMUNITY BOARD #7",2024,3,3,,,,0.00902814278461433,2.99097185721539,,,,,,TRUE
"QUEENS COMMUNITY BOARD #7",2025,3,3,,,,0.00902814278461433,2.99097185721539,,,,,,TRUE
"QUEENS COMMUNITY BOARD #8",2014,2,2,,,,1.00004330943844,0.999956690561561,,,,,,TRUE
"QUEENS COMMUNITY BOARD #8",2015,3,3,,,,1.01341545151218,1.98658454848782,,,,,,TRUE
"QUEENS COMMUNITY BOARD #8",2016,2,2,,,,0.0174162529410167,1.98258374705898,,,,,,TRUE
"QUEENS COMMUNITY BOARD #8",2017,2,2,,,,0.0174162529410167,1.98258374705898,,,,,,TRUE
"QUEENS COMMUNITY BOARD #8",2018,2,2,,,,0.0174162529410167,1.98258374705898,,,,,,TRUE
"QUEENS COMMUNITY BOARD #8",2019,2,2,,,,0.00404411086728014,1.99595588913272,,,,,,TRUE
"QUEENS COMMUNITY BOARD #8",2020,2,2,,,,0.00404411086728014,1.99595588913272,,,,,,TRUE
"QUEENS COMMUNITY BOARD #8",2021,2,2,,,,0.00404411086728014,1.99595588913272,,,,,,TRUE
"QUEENS COMMUNITY BOARD #8",2022,2,2,,,,0.00710939155339289,1.99289060844661,,,,,,TRUE
"QUEENS COMMUNITY BOARD #8",2023,3,3,,,,0.015230041205365,2.98476995879463,,,,,,TRUE
"QUEENS COMMUNITY BOARD #8",2024,3,3,,,,0.0139414256380668,2.98605857436193,,,,,,TRUE
"QUEENS COMMUNITY BOARD #8",2025,3,3,,,,0.0139414256380668,2.98605857436193,,,,,,TRUE
"QUEENS COMMUNITY BOARD #9",2014,3,3,,,,0.00651932846891162,2.99348067153109,,,,,,TRUE
"QUEENS COMMUNITY BOARD #9",2015,2,2,,,,0.00286903667171128,1.99713096332829,,,,,,TRUE
"QUEENS COMMUNITY BOARD #9",2016,3,3,,,,0.997429869854542,2.00257013014546,,,,,,TRUE
"QUEENS COMMUNITY BOARD #9",2017,3,3,,,,0.997429869854542,2.00257013014546,,,,,,TRUE
"QUEENS COMMUNITY BOARD #9",2018,3,3,,,,0.997429869854542,2.00257013014546,,,,,,TRUE
"QUEENS COMMUNITY BOARD #9",2019,3,3,,,,1.99003302780907,1.00996697219093,,,,,,TRUE
"QUEENS COMMUNITY BOARD #9",2020,3,3,,,,1.99003302780907,1.00996697219093,,,,,,TRUE
"QUEENS COMMUNITY BOARD #9",2021,3,3,,,,1.99003302780907,1.00996697219093,,,,,,TRUE
"QUEENS COMMUNITY BOARD #9",2022,2,2,,,,0.995472194626241,1.00452780537376,,,,,,TRUE
"QUEENS COMMUNITY BOARD #9",2023,2,2,,,,0.995472194626241,1.00452780537376,,,,,,TRUE
"QUEENS COMMUNITY BOARD #9",2024,3,3,,,,0.995472194626241,2.00452780537376,,,,,,TRUE
"QUEENS COMMUNITY BOARD #9",2025,3,3,,,,0.995472194626241,2.00452780537376,,,,,,TRUE
"QUEENS DA",2014,520,520,75239.3788461538,83151.4564774042,70340.980077521,198.83470998099,321.16529001901,109364.402612684,92515.5083418085,0.154061960458436,12810.4763998832,0.617625557728864,FALSE
"RICHMOND DA",2014,95,95,73224.9157894737,85760.5263548779,62083.8756798069,44.7022184405805,50.2977815594195,112795.964495214,81655.4064503646,0.276078653914702,23676.650675071,0.529450332204416,FALSE
"SPEC NARCS-DA",2014,176,176,81758.1875,89240.4667185615,75671.4103605793,78.9496887827313,97.0503112172687,117372.933018975,99526.3214805255,0.152050486252778,13569.0563579822,0.55142222282539,FALSE
"STATEN ISLAND COMMUNITY BD #1",2014,3,3,,,,1.00159874467027,1.99840125532973,,,,,,TRUE
"STATEN ISLAND COMMUNITY BD #1",2015,3,3,,,,1.00159874467027,1.99840125532973,,,,,,TRUE
"STATEN ISLAND COMMUNITY BD #1",2016,3,3,,,,1.00144277947109,1.99855722052891,,,,,,TRUE
"STATEN ISLAND COMMUNITY BD #1",2017,3,3,,,,1.00144277947109,1.99855722052891,,,,,,TRUE
"STATEN ISLAND COMMUNITY BD #1",2018,3,3,,,,1.00144277947109,1.99855722052891,,,,,,TRUE
"STATEN ISLAND COMMUNITY BD #1",2019,3,3,,,,1.00144277947109,1.99855722052891,,,,,,TRUE
"STATEN ISLAND COMMUNITY BD #1",2020,3,3,,,,1.00144277947109,1.99855722052891,,,,,,TRUE
"STATEN ISLAND COMMUNITY BD #1",2021,3,3,,,,1.00144277947109,1.99855722052891,,,,,,TRUE
"STATEN ISLAND COMMUNITY BD #1",2022,2,2,,,,0.00544358089992721,1.99455641910007,,,,,,TRUE
"STATEN ISLAND COMMUNITY BD #1",2023,2,2,,,,0.0183249752635803,1.98167502473642,,,,,,TRUE
"STATEN ISLAND COMMUNITY BD #1",2024,2,2,,,,0.0183249752635803,1.98167502473642,,,,,,TRUE
"STATEN ISLAND COMMUNITY BD #1",2025,2,2,,,,0.0183249752635803,1.98167502473642,,,,,,TRUE
"STATEN ISLAND COMMUNITY BD #2",2014,1,1,,,,0.00207668513213045,0.99792331486787,,,,,,TRUE
"STATEN ISLAND COMMUNITY BD #2",2015,1,1,,,,0.00207668513213045,0.99792331486787,,,,,,TRUE
"STATEN ISLAND COMMUNITY BD #2",2016,1,1,,,,0.00207668513213045,0.99792331486787,,,,,,TRUE
"STATEN ISLAND COMMUNITY BD #2",2017,1,1,,,,0.00207668513213045,0.99792331486787,,,,,,TRUE
"STATEN ISLAND COMMUNITY BD #2",2018,1,1,,,,0.00207668513213045,0.99792331486787,,,,,,TRUE
"STATEN ISLAND COMMUNITY BD #2",2019,1,1,,,,0.00207668513213045,0.99792331486787,,,,,,TRUE
"STATEN ISLAND COMMUNITY BD #2",2020,1,1,,,,0.00207668513213045,0.99792331486787,,,,,,TRUE
"STATEN ISLAND COMMUNITY BD #2",2021,1,1,,,,0.00207668513213045,0.99792331486787,,,,,,TRUE
"STATEN ISLAND COMMUNITY BD #2",2022,1,1,,,,0.00207668513213045,0.99792331486787,,,,,,TRUE
"STATEN ISLAND COMMUNITY BD #2",2023,2,2,,,,0.00494572180384173,1.99505427819616,,,,,,TRUE
"STATEN ISLAND COMMUNITY BD #2",2024,1,1,,,,0.00207668513213045,0.99792331486787,,,,,,TRUE
"STATEN ISLAND COMMUNITY BD #2",2025,1,1,,,,0.00207668513213045,0.99792331486787,,,,,,TRUE
"STATEN ISLAND COMMUNITY BD #3",2014,3,3,,,,0.0924427374605934,2.90755726253941,,,,,,TRUE
"STATEN ISLAND COMMUNITY BD #3",2015,3,3,,,,0.0924427374605934,2.90755726253941,,,,,,TRUE
"STATEN ISLAND COMMUNITY BD #3",2016,3,3,,,,0.0924427374605934,2.90755726253941,,,,,,TRUE
"STATEN ISLAND COMMUNITY BD #3",2017,3,3,,,,0.0924427374605934,2.90755726253941,,,,,,TRUE
"STATEN ISLAND COMMUNITY BD #3",2018,3,3,,,,0.0915566642120259,2.90844333578797,,,,,,TRUE
"STATEN ISLAND COMMUNITY BD #3",2019,3,3,,,,0.0915566642120259,2.90844333578797,,,,,,TRUE
"STATEN ISLAND COMMUNITY BD #3",2020,3,3,,,,0.0915566642120259,2.90844333578797,,,,,,TRUE
"STATEN ISLAND COMMUNITY BD #3",2021,3,3,,,,0.0915566642120259,2.90844333578797,,,,,,TRUE
"STATEN ISLAND COMMUNITY BD #3",2022,3,3,,,,0.0915566642120259,2.90844333578797,,,,,,TRUE
"STATEN ISLAND COMMUNITY BD #3",2023,3,3,,,,0.0915566642120259,2.90844333578797,,,,,,TRUE
"STATEN ISLAND COMMUNITY BD #3",2024,3,3,,,,0.0915566642120259,2.90844333578797,,,,,,TRUE
"STATEN ISLAND COMMUNITY BD #3",2025,2,2,,,,0.088708277427944,1.91129172257206,,,,,,TRUE
"TAX COMMISSION",2014,32,32,91996.375,93110.7589593886,90877.1816582532,16.0344515131367,15.9655484868633,122463.309264755,119525.611507238,0.023988391095701,2233.57730113536,0.498923390214479,FALSE
"TAX COMMISSION",2015,34,34,88714.1470588235,90211.9432320862,87523.7289222093,15.0561718595781,18.9438281404219,118078.810171796,114560.194611321,0.0297988737806149,2688.21430987693,0.557171415894762,FALSE
"TAX COMMISSION",2016,34,34,96017.1176470588,92764.5752078765,98588.8247538156,15.0127567405993,18.9872432594007,120722.946402789,128302.570027382,-0.062785276953918,-5824.24954593908,0.558448331158845,FALSE
"TAX COMMISSION",2017,34,34,101821.029411765,100697.629351173,102709.048599857,15.0106211894383,18.9893788105617,128775.615848583,131347.888444749,-0.0199748421253175,-2011.41924868342,0.558511141487109,FALSE
"TAX COMMISSION",2018,37,37,102924.756756757,106372.239253133,99990.4171548961,17.0124712970051,19.9875287029949,133656.863266181,125638.095121766,0.0599951842985072,6381.8220982366,0.540203478459323,FALSE
"TAX COMMISSION",2019,41,41,106141.975609756,106516.894961627,105787.289945519,19.9314860954453,21.0685139045547,131507.309096035,130606.52812222,0.00684966470690306,729.605016107555,0.513866192794017,FALSE
"TAX COMMISSION",2020,41,41,110257.902439024,118067.569337561,103495.710918603,19.0263893846632,21.9736106153368,143235.417393121,125557.351904489,0.123419652837069,14571.8584189584,0.535941722325289,FALSE
"TAX COMMISSION",2021,37,37,110466.72972973,118744.676475943,103414.568023916,17.0207525883882,19.9792474116118,141143.703957523,122921.848854587,0.129101437697992,15330.1084520272,0.539979659773291,FALSE
"TAX COMMISSION",2022,38,38,113678.526315789,123049.737665617,103499.163014849,19.7853931327047,18.2146068672953,139233.019510873,117111.1881812,0.15888351346101,19550.5746507688,0.479331759665665,FALSE
"TAX COMMISSION",2023,36,36,119751.932222222,133220.487216501,108075.227284005,16.7173208351914,19.2826791648086,143168.752945541,116145.765849146,0.188749196597909,25145.2599324967,0.535629976800238,FALSE
"TAX COMMISSION",2024,32,32,123633.15625,144426.498186922,100285.738131839,16.9257932769809,15.0742067230191,150064.992032642,104200.95122894,0.305627849523527,44140.7600550825,0.471068960094346,FALSE
"TAX COMMISSION",2025,31,31,132209.461290323,154118.332418475,105859.610627987,16.9263780768724,14.0736219231276,154118.332418475,105859.610627987,0.313127718378446,48258.721790488,0.453987803971859,FALSE
"TAXI & LIMOUSINE COMMISSION",2014,432,432,50419.3472222222,49719.4641066718,51644.0736030603,274.903453149766,157.096546850233,65393.1959896165,67924.525887517,-0.0387093773227178,-1924.60949638848,0.36364941400517,FALSE
"TAXI & LIMOUSINE COMMISSION",2015,484,484,51917.1838842975,51499.6421480008,52579.5192736699,296.858152502862,187.141847497139,67408.1086299705,68821.5645601096,-0.0209686335793506,-1079.87712566911,0.386656709704832,FALSE
"TAXI & LIMOUSINE COMMISSION",2016,466,466,55359.8715665236,55565.6217825606,55037.3435334336,284.50549245273,181.49450754727,72312.577999324,71625.0816505054,0.00950728583933218,528.278249127026,0.389473192161524,FALSE
"TAXI & LIMOUSINE COMMISSION",2017,455,455,57554.7296703297,57067.0907014274,58318.6551962382,277.721296608804,177.278703391196,72979.3719784094,74579.9159994747,-0.0219314578582399,-1251.56449481071,0.389623523936695,FALSE
"TAXI & LIMOUSINE COMMISSION",2018,472,472,57772.2690677966,56875.9135538417,59120.9417853413,283.548114785131,188.451885214869,71464.6627200819,74285.5437457431,-0.0394723898258667,-2245.02823149953,0.399262468675571,FALSE
"TAXI & LIMOUSINE COMMISSION",2019,487,487,59012.9260780287,57670.3068197045,61138.9329458596,298.494362602675,188.505637397325,71200.6003116623,75483.0166201284,-0.0601457893574091,-3468.6261261551,0.387075230795329,FALSE
"TAXI & LIMOUSINE COMMISSION",2020,512,512,63398.5625,63007.9248629217,64025.077017644,315.366222786285,196.633777213715,76438.9956314941,77672.9688067817,-0.0161432416150058,-1017.15215472227,0.384050346120538,FALSE
"TAXI & LIMOUSINE COMMISSION",2021,454,454,65178.9207048458,64241.554349742,66578.0423433093,271.8615398886,182.1384601114,76359.5573124334,79136.7813485035,-0.0363703527602555,-2336.48799356724,0.401186035487664,FALSE
"TAXI & LIMOUSINE COMMISSION",2022,422,422,67766.4300947867,67051.0702213717,68897.0139181789,258.462039929331,163.537960070669,75869.507285961,77958.2262026316,-0.0275304136192417,-1845.94369680718,0.387530711067935,FALSE
"TAXI & LIMOUSINE COMMISSION",2023,367,367,73430.4713896458,72036.8792135819,75394.4066039855,214.671137374109,152.328862625891,77416.2471447532,81024.4985444301,-0.0466084514912001,-3357.52739040367,0.415065020778994,FALSE
"TAXI & LIMOUSINE COMMISSION",2024,358,358,78869.7597765363,77865.7743154857,80308.1250448285,210.835716534114,147.164283465886,80905.699085398,83443.4005968297,-0.0313661650553579,-2442.35072934277,0.411073417502474,FALSE
"TAXI & LIMOUSINE COMMISSION",2025,334,334,83776.8502994012,83372.3455957515,84340.6920423316,194.479096612417,139.520903387583,83372.3455957515,84340.6920423316,-0.0116147199609251,-968.346446580123,0.417727255651447,FALSE
"TEACHERS RETIREMENT SYSTEM",2014,320,320,71993.43384375,77506.5348049276,67338.0994030811,146.503071725619,173.496928274381,101939.956756182,88565.9894158647,0.13119455575506,10168.4354018466,0.54217790085744,FALSE
"TEACHERS RETIREMENT SYSTEM",2015,313,313,76190.7438977636,83247.2988483392,70784.6011827405,135.774991515126,177.225008484874,108962.75643613,92650.2765231455,0.149706931492196,12462.6976655987,0.56621408461621,FALSE
"TEACHERS RETIREMENT SYSTEM",2016,310,310,78313.9158709678,85777.2335953846,72484.8861834092,135.942820868132,174.057179131868,111629.685693164,94331.1496885829,0.154963582466136,13292.3474119754,0.561474771393121,FALSE
"TEACHERS RETIREMENT SYSTEM",2017,296,296,81305.2466216216,90679.4534719489,74715.0282205618,122.190721933081,173.809278066919,115964.025577402,95548.1656742201,0.176053390709126,15964.4252513871,0.587193506982835,FALSE
"TEACHERS RETIREMENT SYSTEM",2018,297,297,83894.4444444444,92277.9987112882,77750.2552259959,125.609610310552,171.390389689448,115947.430860052,97693.3014160046,0.157434531396216,14527.7434852923,0.577072019156392,FALSE
"TEACHERS RETIREMENT SYSTEM",2019,292,292,87183.9589041096,95885.679131459,80997.0569972782,121.339324788645,170.660675211355,118381.855272506,100000.14565058,0.15527472161686,14888.6221341808,0.584454367162176,FALSE
"TEACHERS RETIREMENT SYSTEM",2020,283,283,90873.5053003534,101222.546662293,83871.6137311627,114.203387330588,168.796612669412,122799.629077785,101750.088255572,0.171413716639814,17350.9329311307,0.59645446172937,FALSE
"TEACHERS RETIREMENT SYSTEM",2021,285,285,91902.1859649123,101868.656725579,85216.3651660376,114.426229018762,170.573770981238,121084.329454876,101290.885404603,0.163468255053178,16652.2915595416,0.598504459583291,FALSE
"TEACHERS RETIREMENT SYSTEM",2022,288,288,91023.5486111111,99732.3415594998,84762.1737848623,120.457965275098,167.542034724902,112848.961092088,95909.9435745434,0.150103442279116,14970.1677746375,0.581743176128134,FALSE
"TEACHERS RETIREMENT SYSTEM",2023,299,299,94775.491638796,105470.126657474,87751.5424485769,118.528703146666,180.471296853334,113346.128827912,94304.4059056282,0.167996235241472,17718.5842088967,0.603582932619847,FALSE
"TEACHERS RETIREMENT SYSTEM",2024,309,309,102351.537216828,111390.637833692,95876.7238467547,128.962770648165,180.037229351835,115739.392624405,99619.8064814807,0.139274846509993,15513.9139869378,0.582644755183933,FALSE
"TEACHERS RETIREMENT SYSTEM",2025,311,311,106437.861736334,116338.797912138,99335.8772854007,129.902221666977,181.097778333023,116338.797912138,99335.8772854007,0.146150045658698,17002.9206267369,0.582307968916471,FALSE
"TECHNOLOGY & INNOVATION",2023,1265,1265,102892.561264822,112940.971191256,87063.0219034467,773.800391577886,491.199608422114,121374.860126676,93564.4699552103,0.229128092443861,25877.9492878097,0.388300085709181,FALSE
"TECHNOLOGY & INNOVATION",2024,1286,1286,109408.149300156,120151.958260633,93409.7804703054,769.342814055651,516.657185944349,124842.760057454,97056.5522118058,0.222569637461245,26742.1777903277,0.4017551990236,FALSE
"TECHNOLOGY & INNOVATION",2025,1283,1283,113734.448947779,123965.316853011,98108.706265245,775.346319798639,507.653680201361,123965.316853011,98108.706265245,0.208579393367136,25856.6105877658,0.395677069525613,FALSE
