"pay_basis","title","fiscal_year","n","median_rate","real_median_rate","median_hours","median_gross","real_median_gross","pct_substantial","suppressed"
"per Day","ADJUNCT ASSISTANT PROFESSOR",2014,146,112.51,147.978032607244,70,6934.275,9120.25928413113,0,FALSE
"per Day","ADJUNCT ASSISTANT PROFESSOR",2015,131,130.94,171.387943214106,160.72,14317.2,18739.846193562,0,FALSE
"per Day","ADJUNCT ASSISTANT PROFESSOR",2016,124,130.94,170.404085466443,183.57,17647.28,22966.0043483294,0,FALSE
"per Day","ADJUNCT ASSISTANT PROFESSOR",2017,232,121.8,155.762058267111,30.72,7508.745,9602.44315437504,0,FALSE
"per Day","ADJUNCT ASSISTANT PROFESSOR",2018,139,144.57,181.652401585809,185.72,24981.72,31389.5651500605,0,FALSE
"per Day","ADJUNCT ASSISTANT PROFESSOR",2019,152,144.57,178.488226519023,185.72,25150.395,31051.0437836543,0,FALSE
"per Day","ADJUNCT ASSISTANT PROFESSOR",2020,146,189.045,229.342736815944,190,29725.42,36061.8327689354,0,FALSE
"per Day","ADJUNCT ASSISTANT PROFESSOR",2021,200,188.01,223.474673295607,200,30469.04,36216.4712495654,0,FALSE
"per Day","ADJUNCT ASSISTANT PROFESSOR",2022,177,178.26,201.704436993232,200,32357.2,36612.7611840985,0,FALSE
"per Day","ADJUNCT ASSISTANT PROFESSOR",2023,163,212.82,228.712374789274,190,31622.08,33983.4649590095,0,FALSE
"per Day","ADJUNCT ASSISTANT PROFESSOR",2024,140,199.52,207.309375954003,200,34420.03,35763.8078368989,0,FALSE
"per Day","ADJUNCT ASSISTANT PROFESSOR",2025,157,229.86,229.86,210,34500,34500,0,FALSE
"per Day","ADJUNCT ASSOCIATE PROFESSOR",2014,22,,,,,,,TRUE
"per Day","ADJUNCT ASSOCIATE PROFESSOR",2015,14,,,,,,,TRUE
"per Day","ADJUNCT ASSOCIATE PROFESSOR",2016,11,,,,,,,TRUE
"per Day","ADJUNCT ASSOCIATE PROFESSOR",2017,21,,,,,,,TRUE
"per Day","ADJUNCT ASSOCIATE PROFESSOR",2018,10,,,,,,,TRUE
"per Day","ADJUNCT ASSOCIATE PROFESSOR",2019,13,,,,,,,TRUE
"per Day","ADJUNCT ASSOCIATE PROFESSOR",2020,15,,,,,,,TRUE
"per Day","ADJUNCT ASSOCIATE PROFESSOR",2021,20,,,,,,,TRUE
"per Day","ADJUNCT ASSOCIATE PROFESSOR",2022,18,,,,,,,TRUE
"per Day","ADJUNCT ASSOCIATE PROFESSOR",2023,15,,,,,,,TRUE
"per Day","ADJUNCT ASSOCIATE PROFESSOR",2024,11,,,,,,,TRUE
"per Day","ADJUNCT ASSOCIATE PROFESSOR",2025,14,,,,,,,TRUE
"per Day","ADJUNCT COLLEGE LAB TECH",2017,1,,,,,,,TRUE
"per Day","ADJUNCT LECTURER",2014,667,109.92,144.571552254806,80,6052.5,7960.51055333163,0,FALSE
"per Day","ADJUNCT LECTURER",2015,422,129.68,169.738723659732,180.72,14026.655,18359.5505622717,0,FALSE
"per Day","ADJUNCT LECTURER",2016,360,129.68,168.764333307532,183.57,14531.72,18911.4438433971,0,FALSE
"per Day","ADJUNCT LECTURER",2017,890,100.025,127.915434139309,0,226.395,289.521766678018,0,FALSE
"per Day","ADJUNCT LECTURER",2018,342,148.88,187.067922446533,185.72,23788.75,29890.5967228638,0,FALSE
"per Day","ADJUNCT LECTURER",2019,387,161.08,198.871712856639,190.72,21821,26940.5242503397,0,FALSE
"per Day","ADJUNCT LECTURER",2020,333,189.46,229.846200201797,200,27381.8,33218.6355150721,0,FALSE
"per Day","ADJUNCT LECTURER",2021,429,161.18,191.583680877538,200,31577.76,37534.3311494447,0,FALSE
"per Day","ADJUNCT LECTURER",2022,382,175.47,198.54750117358,200,28573.22,32331.1188891717,0,FALSE
"per Day","ADJUNCT LECTURER",2023,341,189.07,203.188838931529,200,32705.46,35147.7465706963,0,FALSE
"per Day","ADJUNCT LECTURER",2024,315,177.12,184.034867025727,200,30996.01,32206.112119908,0,FALSE
"per Day","ADJUNCT LECTURER",2025,333,195.73,195.73,210,35424,35424,0,FALSE
"per Day","ADJUNCT PROFESSOR",2014,24,,,,,,,TRUE
"per Day","ADJUNCT PROFESSOR",2015,16,,,,,,,TRUE
"per Day","ADJUNCT PROFESSOR",2016,10,,,,,,,TRUE
"per Day","ADJUNCT PROFESSOR",2017,19,,,,,,,TRUE
"per Day","ADJUNCT PROFESSOR",2018,11,,,,,,,TRUE
"per Day","ADJUNCT PROFESSOR",2019,12,,,,,,,TRUE
"per Day","ADJUNCT PROFESSOR",2020,7,,,,,,,TRUE
"per Day","ADJUNCT PROFESSOR",2021,10,,,,,,,TRUE
"per Day","ADJUNCT PROFESSOR",2022,7,,,,,,,TRUE
"per Day","ADJUNCT PROFESSOR",2023,9,,,,,,,TRUE
"per Day","ADJUNCT PROFESSOR",2024,12,,,,,,,TRUE
"per Day","ADJUNCT PROFESSOR",2025,11,,,,,,,TRUE
"per Day","ASSISTANT PRINCIPAL",2014,14,,,,,,,TRUE
"per Day","ASSISTANT PRINCIPAL",2015,13,,,,,,,TRUE
"per Day","ASSISTANT PRINCIPAL",2016,3,,,,,,,TRUE
"per Day","ASSISTANT PROFESSOR",2014,243,147.06,193.419691362734,30,4687.53,6165.24279786181,0,FALSE
"per Day","ASSISTANT PROFESSOR",2015,187,165.44,216.545145298165,30.72,6617.7,8661.93670236742,0,FALSE
"per Day","ASSISTANT PROFESSOR",2016,155,158.58,206.374521714285,41.42,6617.69,8612.19957499942,0,FALSE
"per Day","ASSISTANT PROFESSOR",2017,181,162.4,207.682744356148,30.72,7925.04,10134.8156178094,0,FALSE
"per Day","ASSISTANT PROFESSOR",2018,137,182.7,229.562798434858,35.72,7308,9182.5119373943,0,FALSE
"per Day","ASSISTANT PROFESSOR",2019,141,182.7,225.564079581002,40.72,8120,10025.0702036001,0,FALSE
"per Day","ASSISTANT PROFESSOR",2020,138,253.44,307.464483158152,40,8562.75,10388.0267643721,0,FALSE
"per Day","ASSISTANT PROFESSOR",2021,135,225.61,268.167230691038,40,10929.6,12991.2706199227,0,FALSE
"per Day","ASSISTANT PROFESSOR",2022,119,263.67,298.347407730312,50,12876.6,14570.1074463539,0,FALSE
"per Day","ASSISTANT PROFESSOR",2023,115,299.28,321.628792063405,50,15820.2,17001.5765042819,0,FALSE
"per Day","ASSISTANT PROFESSOR",2024,89,270,280.540955831901,50,13850,14390.7119935994,0,FALSE
"per Day","ASSISTANT PROFESSOR",2025,86,279.03,279.03,80,18274.06,18274.06,0,FALSE
"per Day","ASSOCIATE PROFESSOR",2014,93,160.84,211.543745129758,30.72,8231.4,10826.294352531,0,FALSE
"per Day","ASSOCIATE PROFESSOR",2015,72,153.625,201.080439714885,80.72,9856.84,12901.6613272532,0,FALSE
"per Day","ASSOCIATE PROFESSOR",2016,72,142.72,185.734466761652,102.495,11644.59,15154.1599937505,0,FALSE
"per Day","ASSOCIATE PROFESSOR",2017,100,150.485,192.445429707112,40.72,8808.12,11264.128905285,0,FALSE
"per Day","ASSOCIATE PROFESSOR",2018,82,196.97,247.493072839156,114.36,12153.47,15270.8515812484,0,FALSE
"per Day","ASSOCIATE PROFESSOR",2019,108,204.86,252.923138166197,163.22,15608.14,19270.0368531551,0,FALSE
"per Day","ASSOCIATE PROFESSOR",2020,122,273.24,331.485145904882,110,15758.42,19117.5602142088,0,FALSE
"per Day","ASSOCIATE PROFESSOR",2021,155,273.24,324.781765498068,50,13798.5,16401.336521831,0,FALSE
"per Day","ASSOCIATE PROFESSOR",2022,150,236.72,267.852991837977,80,15630.8,17686.5349139112,0,FALSE
"per Day","ASSOCIATE PROFESSOR",2023,149,259.99,279.40480369074,80,18626.45,20017.3837674733,0,FALSE
"per Day","ASSOCIATE PROFESSOR",2024,110,259.99,270.140159654578,85,16292.315,16928.3763807942,0,FALSE
"per Day","ASSOCIATE PROFESSOR",2025,108,312.23,312.23,110,25999.21,25999.21,0,FALSE
"per Day","AUTO MACHINIST",2014,36,292.08,384.156286231657,2085.72,75940.8,99880.6344202307,1,FALSE
"per Day","AUTO MACHINIST",2015,39,292.08,382.304799556867,2085.72,75940.8,99399.2478847854,0.897435897435897,FALSE
"per Day","AUTO MACHINIST",2016,31,313.04,407.387314147054,2091.42,86420.91,112467.360117059,0.967741935483871,FALSE
"per Day","AUTO MACHINIST",2017,24,,,,,,,TRUE
"per Day","AUTO MACHINIST",2018,20,,,,,,,TRUE
"per Day","AUTO MACHINIST",2019,15,,,,,,,TRUE
"per Day","AUTO MACHINIST",2020,11,,,,,,,TRUE
"per Day","AUTO MACHINIST",2021,7,,,,,,,TRUE
"per Day","AUTO MACHINIST",2022,6,,,,,,,TRUE
"per Day","AUTO MACHINIST",2023,6,,,,,,,TRUE
"per Day","AUTO MACHINIST",2024,6,,,,,,,TRUE
"per Day","AUTO MACHINIST",2025,6,,,,,,,TRUE
"per Day","AUTO MECHANIC",2014,839,292.08,384.156286231657,2085.72,75940.8,99880.6344202307,0.961859356376639,FALSE
"per Day","AUTO MECHANIC",2015,884,292.08,382.304799556867,2085.72,75940.8,99399.2478847854,0.969457013574661,FALSE
"per Day","AUTO MECHANIC",2016,932,313.04,407.387314147054,2091.42,86978.23,113192.651127539,0.947424892703863,FALSE
"per Day","AUTO MECHANIC",2017,923,322.4,412.296285593733,2085.72,85906.09,109859.683054842,0.982665222101842,FALSE
"per Day","AUTO MECHANIC",2018,930,322.4,405.096038398457,2045.72,83824,105324.969983599,0.956989247311828,FALSE
"per Day","AUTO MECHANIC",2019,965,322.4,398.03973320698,2085.72,83824,103490.330633815,0.981347150259067,FALSE
"per Day","AUTO MECHANIC",2020,965,347.2,421.210813417417,2080,93555.6,113498.359377173,0.976165803108808,FALSE
"per Day","AUTO MECHANIC",2021,938,347.2,412.692976800356,2080,90272,107300.173968093,0.990405117270789,FALSE
"per Day","AUTO MECHANIC",2022,920,347.2,392.863124223326,2080,90272,102144.412298065,0.96195652173913,FALSE
"per Day","AUTO MECHANIC",2023,951,347.2,373.127227360379,2080,90272,97013.0791136985,0.961093585699264,FALSE
"per Day","AUTO MECHANIC",2024,930,390.72,405.973934306076,2080,107954.4,112169.002082442,0.996774193548387,FALSE
"per Day","AUTO MECHANIC",2025,927,403.44,403.44,2080,102367.49,102367.49,0.990291262135922,FALSE
"per Day","BLACKSMITH",2014,15,,,,,,,TRUE
"per Day","BLACKSMITH",2015,18,,,,,,,TRUE
"per Day","BLACKSMITH",2016,18,,,,,,,TRUE
"per Day","BLACKSMITH",2017,16,,,,,,,TRUE
"per Day","BLACKSMITH",2018,18,,,,,,,TRUE
"per Day","BLACKSMITH",2019,17,,,,,,,TRUE
"per Day","BLACKSMITH",2020,19,,,,,,,TRUE
"per Day","BLACKSMITH",2021,17,,,,,,,TRUE
"per Day","BLACKSMITH",2022,15,,,,,,,TRUE
"per Day","BLACKSMITH",2023,13,,,,,,,TRUE
"per Day","BLACKSMITH S HELPER",2014,5,,,,,,,TRUE
"per Day","BLACKSMITH S HELPER",2015,5,,,,,,,TRUE
"per Day","BLACKSMITH S HELPER",2016,4,,,,,,,TRUE
"per Day","BLACKSMITH S HELPER",2017,7,,,,,,,TRUE
"per Day","BLACKSMITH S HELPER",2018,6,,,,,,,TRUE
"per Day","BLACKSMITH S HELPER",2019,6,,,,,,,TRUE
"per Day","BLACKSMITH S HELPER",2020,3,,,,,,,TRUE
"per Day","BLACKSMITH S HELPER",2021,6,,,,,,,TRUE
"per Day","BLACKSMITH S HELPER",2022,5,,,,,,,TRUE
"per Day","BLACKSMITH S HELPER",2023,11,,,,,,,TRUE
"per Day","BLACKSMITH S HELPER",2024,8,,,,,,,TRUE
"per Day","BLACKSMITH S HELPER",2025,7,,,,,,,TRUE
"per Day","BOILER MAKER",2014,9,,,,,,,TRUE
"per Day","BOILER MAKER",2015,10,,,,,,,TRUE
"per Day","BOILER MAKER",2016,9,,,,,,,TRUE
"per Day","BOILER MAKER",2017,9,,,,,,,TRUE
"per Day","BOILER MAKER",2018,8,,,,,,,TRUE
"per Day","BOILER MAKER",2019,8,,,,,,,TRUE
"per Day","BOILER MAKER",2020,7,,,,,,,TRUE
"per Day","BOILER MAKER",2021,8,,,,,,,TRUE
"per Day","BOILER MAKER",2022,7,,,,,,,TRUE
"per Day","BOILER MAKER",2023,7,,,,,,,TRUE
"per Day","BRICKLAYER",2014,85,320.39,421.390826300193,1825,83301.4,109561.61483805,0.952941176470588,FALSE
"per Day","BRICKLAYER",2015,77,320.39,419.35988335396,1825,83301.4,109033.56967203,1,FALSE
"per Day","BRICKLAYER",2016,78,320.39,416.952535074031,1830,83301.4,108407.659119248,0.987179487179487,FALSE
"per Day","BRICKLAYER",2017,77,353.78,452.426116368954,1825,108462.01,138704.974724039,1,FALSE
"per Day","BRICKLAYER",2018,79,353.78,444.525051068877,1825,91982.8,115576.513277908,0.987341772151899,FALSE
"per Day","BRICKLAYER",2019,73,353.78,436.781938008577,1825,91982.8,113563.30388223,0.931506849315068,FALSE
"per Day","BRICKLAYER",2020,80,380.94,462.142993269674,1820,104723.49,127046.850250031,0.9625,FALSE
"per Day","BRICKLAYER",2021,79,380.94,452.797415271681,1820,99044.4,117727.327970637,1,FALSE
"per Day","BRICKLAYER",2022,73,380.94,431.040548795028,1890,102853.8,116380.948174658,0.972602739726027,FALSE
"per Day","BRICKLAYER",2023,73,380.94,409.386768406287,1820,99044.4,106440.559785634,0.876712328767123,FALSE
"per Day","BRICKLAYER",2024,74,428.68,445.415914614887,1820,121134.855,125864.02965281,0.986486486486487,FALSE
"per Day","BRICKLAYER",2025,69,442.61,442.61,1820,113086.61,113086.61,0.971014492753623,FALSE
"per Day","BRIDGE PAINTER",2014,22,,,,,,,TRUE
"per Day","BRIDGE PAINTER",2015,22,,,,,,,TRUE
"per Day","BRIDGE PAINTER",2016,29,,,,,,,TRUE
"per Day","BRIDGE PAINTER",2017,36,367.85,470.419319651534,1825,101771.475,130148.886854514,0.944444444444444,FALSE
"per Day","BRIDGE PAINTER",2018,34,367.85,462.204025201217,1790,95641,120173.046552316,1,FALSE
"per Day","BRIDGE PAINTER",2019,32,367.85,454.152964826884,1825,95641,118079.77085499,1,FALSE
"per Day","BRIDGE PAINTER",2020,31,367.85,446.262666231558,1820,95641,116028.293220205,1,FALSE
"per Day","BRIDGE PAINTER",2021,30,367.85,437.238224412474,1820,95641,113681.938347243,1,FALSE
"per Day","BRIDGE PAINTER",2022,35,395.15,447.119422629168,1820,116979.38,132364.299241093,0.771428571428571,FALSE
"per Day","BRIDGE PAINTER",2023,33,395.15,424.657902913173,1820,102739,110411.054757425,1,FALSE
"per Day","BRIDGE PAINTER",2024,32,431.76,448.616159592525,1820,117731.92,122328.242106389,1,FALSE
"per Day","BRIDGE PAINTER",2025,33,444.71,444.71,1820,114237.1,114237.1,0.96969696969697,FALSE
"per Day","BRIDGE REPAIRER AND RIVETER",2014,40,325.52,428.138024836103,2085.72,84635.2,111315.886457387,1,FALSE
"per Day","BRIDGE REPAIRER AND RIVETER",2015,38,325.52,426.074562968198,2085.72,84635.2,110779.386371731,0.973684210526316,FALSE
"per Day","BRIDGE REPAIRER AND RIVETER",2016,35,386,502.336772491576,2091.42,150929.55,196418.297980844,1,FALSE
"per Day","BRIDGE REPAIRER AND RIVETER",2017,40,386,493.630168235673,2085.72,104220,133280.145423632,0.95,FALSE
"per Day","BRIDGE REPAIRER AND RIVETER",2018,39,386,485.009524881527,2045.72,100360,126102.476469197,1,FALSE
"per Day","BRIDGE REPAIRER AND RIVETER",2019,38,386,476.561219038133,2085.72,100360,123905.916949915,1,FALSE
"per Day","BRIDGE REPAIRER AND RIVETER",2020,38,386,468.281607082728,2080,100360,121753.217841509,1,FALSE
"per Day","BRIDGE REPAIRER AND RIVETER",2021,38,386,458.811892410534,2080,100360,119291.092026739,1,FALSE
"per Day","BRIDGE REPAIRER AND RIVETER",2022,38,386,436.766030962568,2080,100360,113559.168050268,1,FALSE
"per Day","BRIDGE REPAIRER AND RIVETER",2023,39,439.6,472.427215286931,2080,154593.81,166138.132754543,0.897435897435897,FALSE
"per Day","BRIDGE REPAIRER AND RIVETER",2024,38,439.6,456.762237717421,2080,114296,118758.18180653,1,FALSE
"per Day","BRIDGE REPAIRER AND RIVETER",2025,35,439.6,439.6,2080,114296,114296,1,FALSE
"per Day","CARPENTER",2014,466,291.97,384.011609459932,1825,75912.2,99843.0184595822,0.944206008583691,FALSE
"per Day","CARPENTER",2015,472,291.97,382.160820071961,1825,75912.2,99361.8132187099,0.991525423728814,FALSE
"per Day","CARPENTER",2016,456,349.16,454.393542702483,1830,140962.555,183447.344354576,0.899122807017544,FALSE
"per Day","CARPENTER",2017,462,349.16,446.517900365719,1825,90781.6,116094.654095087,0.952380952380952,FALSE
"per Day","CARPENTER",2018,460,349.16,438.720014786617,1790,90781.6,114067.20384452,0.967391304347826,FALSE
"per Day","CARPENTER",2019,450,356.16,439.72032065446,1820,92531.6,114240.860351163,0.964444444444444,FALSE
"per Day","CARPENTER",2020,455,364.14,441.761824878509,1820,94595.83,114760.32978167,0.969230769230769,FALSE
"per Day","CARPENTER",2021,439,375.06,445.808260019417,1820,97133.39,115455.840627333,0.972665148063781,FALSE
"per Day","CARPENTER",2022,436,375.06,424.387221691246,1820,97515.6,110340.677639724,0.938073394495413,FALSE
"per Day","CARPENTER",2023,449,375.06,403.067678265506,1820,97515.6,104797.596349032,0.955456570155902,FALSE
"per Day","CARPENTER",2024,452,398.86,414.431724604119,1820,109465.5,113739.096298581,0.898230088495575,FALSE
"per Day","CARPENTER",2025,450,398.86,398.86,1820,103703.6,103703.6,0.946666666666667,FALSE
"per Day","CARRIAGE UPHOLSTERER",2014,1,,,,,,,TRUE
"per Day","CARRIAGE UPHOLSTERER",2015,1,,,,,,,TRUE
"per Day","CARRIAGE UPHOLSTERER",2016,2,,,,,,,TRUE
"per Day","CARRIAGE UPHOLSTERER",2017,1,,,,,,,TRUE
"per Day","CARRIAGE UPHOLSTERER",2018,1,,,,,,,TRUE
"per Day","CARRIAGE UPHOLSTERER",2019,1,,,,,,,TRUE
"per Day","CARRIAGE UPHOLSTERER",2020,1,,,,,,,TRUE
"per Day","CARRIAGE UPHOLSTERER",2021,1,,,,,,,TRUE
"per Day","CARRIAGE UPHOLSTERER",2022,1,,,,,,,TRUE
"per Day","CARRIAGE UPHOLSTERER",2023,1,,,,,,,TRUE
"per Day","CARRIAGE UPHOLSTERER",2024,1,,,,,,,TRUE
"per Day","CARRIAGE UPHOLSTERER",2025,1,,,,,,,TRUE
"per Day","CEMENT MASON",2014,40,283.22,372.503229890885,1825,73637.2,96850.8397716302,1,FALSE
"per Day","CEMENT MASON",2015,41,283.22,370.707906499917,1825,73637.2,96384.0556899785,0.951219512195122,FALSE
"per Day","CEMENT MASON",2016,43,312.69,406.931827436246,1830,87651.54,114068.89043398,0.953488372093023,FALSE
"per Day","CEMENT MASON",2017,46,312.69,399.878801309877,1825,84426.3,107967.276353667,0.978260869565217,FALSE
"per Day","CEMENT MASON",2018,45,312.69,392.895410194831,1790,81299.4,102152.806650656,1,FALSE
"per Day","CEMENT MASON",2019,55,312.69,386.051625857601,1825,81299.4,100373.422722976,0.927272727272727,FALSE
"per Day","CEMENT MASON",2020,56,336.7,408.472583172939,1820,94457.31,114592.282195625,0.946428571428571,FALSE
"per Day","CEMENT MASON",2021,61,336.7,400.212342421313,1820,87542,104055.209029541,0.967213114754098,FALSE
"per Day","CEMENT MASON",2022,59,336.7,380.982182966572,1820,87542,99055.3675713087,0.966101694915254,FALSE
"per Day","CEMENT MASON",2023,56,336.7,361.84313782327,1820,87542,94079.2158340503,0.946428571428571,FALSE
"per Day","CEMENT MASON",2024,58,378.98,393.775597930274,1820,111612.99,115970.425547616,0.982758620689655,FALSE
"per Day","CEMENT MASON",2025,62,391.3,391.3,1820,100831.6,100831.6,0.967741935483871,FALSE
"per Day","CITY CUSTODIAL ASSISTANT",2017,2,,,,,,,TRUE
"per Day","CITY CUSTODIAL ASSISTANT",2018,1,,,,,,,TRUE
"per Day","CITY LABORER",2014,179,261.92,344.488545911379,2029.72,66003.84,86811.1135696674,0.994413407821229,FALSE
"per Day","CITY LABORER",2015,183,261.92,342.828242604542,2029.72,66233.02,86692.6918486235,0.978142076502732,FALSE
"per Day","CITY LABORER",2016,202,261.92,340.860226556978,2042.87,66265.76,86237.6373189154,0.97029702970297,FALSE
"per Day","CITY LABORER",2017,218,276,352.958358634833,2051.43,76050.935,97256.569529871,0.963302752293578,FALSE
"per Day","CITY LABORER",2018,224,276,346.79437530389,2045.72,71760,90166.5375790114,0.986607142857143,FALSE
"per Day","CITY LABORER",2019,261,281.52,347.568690112993,2085.72,74184.86,91589.7080719514,0.954022988505747,FALSE
"per Day","CITY LABORER",2020,298,290,351.81778770464,2080,74515.66,90399.7746570729,0.929530201342282,FALSE
"per Day","CITY LABORER",2021,309,290,344.703235230712,2080,75400,89622.8411599851,0.951456310679612,FALSE
"per Day","CITY LABORER",2022,335,290,328.140282329391,2080,75400,85316.4734056416,0.970149253731343,FALSE
"per Day","CITY LABORER",2023,350,290,311.655806262989,2080,75400,81030.5096283772,0.937142857142857,FALSE
"per Day","CITY LABORER",2024,361,290,301.321767375005,2080,75400,78343.6595175013,0.952908587257618,FALSE
"per Day","CITY LABORER",2025,353,331.92,331.92,2080,75400,75400,0.946175637393768,FALSE
"per Day","COACH",2016,1,,,,,,,TRUE
"per Day","COACH",2018,1,,,,,,,TRUE
"per Day","COACH",2020,1,,,,,,,TRUE
"per Day","COACH",2021,22,,,,,,,TRUE
"per Day","COACH",2023,1,,,,,,,TRUE
"per Day","COACH",2024,1,,,,,,,TRUE
"per Day","COACH",2025,1,,,,,,,TRUE
"per Day","COLLEGE ASSISTANT",2014,1,,,,,,,TRUE
"per Day","COMMUNICATION ELECTRICIAN",2014,46,333.2,438.239093989277,2085.72,86632,113942.164437212,0.978260869565217,FALSE
"per Day","COMMUNICATION ELECTRICIAN",2015,45,333.2,436.126948823432,2085.72,86632,113393.006694092,1,FALSE
"per Day","COMMUNICATION ELECTRICIAN",2016,44,333.2,433.623348689619,2091.42,86632,112742.070659301,0.977272727272727,FALSE
"per Day","COMMUNICATION ELECTRICIAN",2017,46,333.2,426.10769962727,2085.72,89964,115049.078899363,0.978260869565217,FALSE
"per Day","COMMUNICATION ELECTRICIAN",2018,49,377.6,474.454913459235,2045.72,108329.79,136116.528441491,0.918367346938776,FALSE
"per Day","COMMUNICATION ELECTRICIAN",2019,53,396.8,489.895056254744,2085.72,101209.63,124954.882516058,1,FALSE
"per Day","COMMUNICATION ELECTRICIAN",2020,55,404.72,490.992051861455,2080,105261.14,127699.108296788,0.981818181818182,FALSE
"per Day","COMMUNICATION ELECTRICIAN",2021,51,413.84,491.903402992682,2080,107625.77,127927.417631712,1,FALSE
"per Day","COMMUNICATION ELECTRICIAN",2022,51,426.24,482.298323931308,2080,110574.39,125116.936389656,0.980392156862745,FALSE
"per Day","COMMUNICATION ELECTRICIAN",2023,50,426.24,458.069554694953,2080,110822.4,119098.084220688,1,FALSE
"per Day","COMMUNICATION ELECTRICIAN",2024,47,452.24,469.895710612663,2080,116472.01,121019.144492825,1,FALSE
"per Day","COMMUNICATION ELECTRICIAN",2025,45,465.84,465.84,2080,119029.83,119029.83,1,FALSE
"per Day","COMPOSITOR",2014,1,,,,,,,TRUE
"per Day","COMPOSITOR",2015,3,,,,,,,TRUE
"per Day","COMPOSITOR",2016,3,,,,,,,TRUE
"per Day","COMPOSITOR",2017,3,,,,,,,TRUE
"per Day","COMPOSITOR",2018,3,,,,,,,TRUE
"per Day","COMPOSITOR",2019,3,,,,,,,TRUE
"per Day","COMPOSITOR",2020,3,,,,,,,TRUE
"per Day","COMPOSITOR",2021,3,,,,,,,TRUE
"per Day","COMPOSITOR",2022,4,,,,,,,TRUE
"per Day","COMPOSITOR",2023,4,,,,,,,TRUE
"per Day","CONSTRUCTION LABORER",2014,354,296.56,390.048576571008,2085.72,77105.6,101412.629908462,0.977401129943503,FALSE
"per Day","CONSTRUCTION LABORER",2015,326,296.56,388.168691305753,2085.72,77105.6,100923.859739496,0.984662576687117,FALSE
"per Day","CONSTRUCTION LABORER",2016,313,296.56,385.940397020989,2091.42,77105.6,100344.503225457,0.990415335463259,FALSE
"per Day","CONSTRUCTION LABORER",2017,307,328,419.457759537048,2085.72,80071.2,102397.823644643,0.980456026058632,FALSE
"per Day","CONSTRUCTION LABORER",2018,306,328,412.132446013318,2045.72,116882.105,146862.523868401,0.986928104575163,FALSE
"per Day","CONSTRUCTION LABORER",2019,311,342.08,422.336947690582,2085.72,90278.97,111459.730561417,0.990353697749196,FALSE
"per Day","CONSTRUCTION LABORER",2020,338,352.32,427.422217117582,2080,91091.21,110508.648212203,0.997041420118343,FALSE
"per Day","CONSTRUCTION LABORER",2021,343,352.32,418.778771849946,2080,91603.2,108882.480680986,0.988338192419825,FALSE
"per Day","CONSTRUCTION LABORER",2022,311,352.32,398.656497483762,2080,91603.2,103650.689345778,0.993569131832797,FALSE
"per Day","CONSTRUCTION LABORER",2023,276,352.32,378.629564353711,2080,91603.2,98443.686731965,0.992753623188406,FALSE
"per Day","CONSTRUCTION LABORER",2024,295,396.48,411.95880803049,2080,110532.97,114848.240943477,0.996610169491525,FALSE
"per Day","CONSTRUCTION LABORER",2025,336,409.36,409.36,2080,103793.21,103793.21,0.994047619047619,FALSE
"per Day","CONTINUING EDUCATION TEACHER",2014,266,40.19,52.8596314148531,75.355,3434.135,4516.72332243957,0,FALSE
"per Day","CONTINUING EDUCATION TEACHER",2015,17,,,,,,,TRUE
"per Day","CONTINUING EDUCATION TEACHER",2016,19,,,,,,,TRUE
"per Day","CONTINUING EDUCATION TEACHER",2017,7,,,,,,,TRUE
"per Day","CONTINUING EDUCATION TEACHER",2018,5,,,,,,,TRUE
"per Day","CONTINUING EDUCATION TEACHER",2019,6,,,,,,,TRUE
"per Day","CONTINUING EDUCATION TEACHER",2021,5,,,,,,,TRUE
"per Day","CONTINUING EDUCATION TEACHER",2022,6,,,,,,,TRUE
"per Day","CONTINUING EDUCATION TEACHER",2023,4,,,,,,,TRUE
"per Day","CONTINUING EDUCATION TEACHER",2024,5,,,,,,,TRUE
"per Day","CONTINUING EDUCATION TEACHER",2025,6,,,,,,,TRUE
"per Day","CRANE OPERATOR AMPES",2014,6,,,,,,,TRUE
"per Day","CRANE OPERATOR AMPES",2015,6,,,,,,,TRUE
"per Day","CRANE OPERATOR AMPES",2016,7,,,,,,,TRUE
"per Day","CRANE OPERATOR AMPES",2017,7,,,,,,,TRUE
"per Day","DOCKBUILDER",2014,10,,,,,,,TRUE
"per Day","DOCKBUILDER",2015,10,,,,,,,TRUE
"per Day","DOCKBUILDER",2016,9,,,,,,,TRUE
"per Day","DOCKBUILDER",2017,7,,,,,,,TRUE
"per Day","DOCKBUILDER",2018,6,,,,,,,TRUE
"per Day","DOCKBUILDER",2019,8,,,,,,,TRUE
"per Day","DOCKBUILDER",2020,13,,,,,,,TRUE
"per Day","DOCKBUILDER",2021,13,,,,,,,TRUE
"per Day","DOCKBUILDER",2022,11,,,,,,,TRUE
"per Day","DOCKBUILDER",2023,12,,,,,,,TRUE
"per Day","DOCKBUILDER",2024,16,,,,,,,TRUE
"per Day","DOCKBUILDER",2025,14,,,,,,,TRUE
"per Day","ELECTRICIAN",2014,499,343,451.128479106609,1825,89180,117293.404567718,0.985971943887776,FALSE
"per Day","ELECTRICIAN",2015,497,343,448.954212024121,1825,89180,116728.095126272,0.983903420523139,FALSE
"per Day","ELECTRICIAN",2016,490,343,446.376976592255,1830,89180,116058.013913986,0.987755102040816,FALSE
"per Day","ELECTRICIAN",2017,506,373.03,477.043683049101,1825,102917.31,131614.220335914,0.962450592885375,FALSE
"per Day","ELECTRICIAN",2018,491,389.97,489.99783527992,1790,99681.27,125249.651301262,0.969450101832994,FALSE
"per Day","ELECTRICIAN",2019,506,409.78,505.920353205819,1825,104522.18,129044.604967159,0.948616600790514,FALSE
"per Day","ELECTRICIAN",2020,528,417.97,507.066485265201,1820,108565.73,131708.120514273,0.958333333333333,FALSE
"per Day","ELECTRICIAN",2021,487,427.35,507.961819227051,1820,110977,131910.79633172,0.993839835728953,FALSE
"per Day","ELECTRICIAN",2022,511,440.16,498.049057483119,1820,113967.63,128956.449257281,0.921722113502935,FALSE
"per Day","ELECTRICIAN",2023,497,440.16,473.029033395577,1820,114441.6,122987.54868285,0.981891348088531,FALSE
"per Day","ELECTRICIAN",2024,480,466.97,485.200778314159,1820,119232.43,123887.332882816,0.960416666666667,FALSE
"per Day","ELECTRICIAN",2025,493,480.97,480.97,1820,122378.21,122378.21,0.973630831643002,FALSE
"per Day","ELECTRICIAN S HELPER",2014,148,217.7,286.328483677868,1825,56602,74445.4057562457,0.932432432432432,FALSE
"per Day","ELECTRICIAN S HELPER",2015,149,217.7,284.948489672452,1825,56602,74086.6073148376,0.885906040268456,FALSE
"per Day","ELECTRICIAN S HELPER",2016,137,217.7,283.312734122839,1830,56602,73661.3108719383,1,FALSE
"per Day","ELECTRICIAN S HELPER",2017,122,236.74,302.751310953661,1825,64124.865,82005.0981814503,0.778688524590164,FALSE
"per Day","ELECTRICIAN S HELPER",2018,125,247.52,311.00921657688,1818,63212.53,79426.6299011899,0.976,FALSE
"per Day","ELECTRICIAN S HELPER",2019,110,260.05,321.061515572193,1825,66272.29,81820.7339659292,0.854545454545454,FALSE
"per Day","ELECTRICIAN S HELPER",2020,106,265.23,321.767695975523,1820,68892.47,83577.9185686493,0.867924528301887,FALSE
"per Day","ELECTRICIANS HELPER",2021,123,271.18,322.333183896084,1820,70421.8,83705.594106104,0.983739837398374,FALSE
"per Day","ELECTRICIANS HELPER",2022,111,279.3,316.033037429651,1820,72317.56,81828.636399216,0.846846846846847,FALSE
"per Day","ELECTRICIANS HELPER",2023,95,279.3,300.156781687079,1820,72578.1,77997.8836983995,0.863157894736842,FALSE
"per Day","ELECTRICIANS HELPER",2024,132,296.31,307.878113416854,1820,75744,78701.0894760427,0.962121212121212,FALSE
"per Day","ELECTRICIANS HELPER",2025,130,305.2,305.2,1820,77698.46,77698.46,0.953846153846154,FALSE
"per Day","ELEVATOR MECHANIC",2014,252,350.32,460.756060643228,2085.72,151354.31,199067.75415898,0.984126984126984,FALSE
"per Day","ELEVATOR MECHANIC",2015,255,350.32,458.535392292391,2085.72,91083.2,119219.201996022,0.988235294117647,FALSE
"per Day","ELEVATOR MECHANIC",2016,253,350.32,455.903155801163,2091.42,91083.2,118534.820508302,0.992094861660079,FALSE
"per Day","ELEVATOR MECHANIC",2017,252,350.32,448.001348539691,2085.72,91083.2,116480.35062032,1,FALSE
"per Day","ELEVATOR MECHANIC",2018,241,377.2,473.952312915316,2085.72,100815.61,126674.951053734,1,FALSE
"per Day","ELEVATOR MECHANIC",2019,231,386.64,477.351372354673,2085.72,99912.81,123353.809666128,1,FALSE
"per Day","ELEVATOR MECHANIC",2020,247,398.48,483.421903601879,2080,102823.36,124741.679446751,0.991902834008097,FALSE
"per Day","ELEVATOR MECHANIC",2021,245,398.48,473.646017843911,2080,103604.8,123147.964639417,1,FALSE
"per Day","ELEVATOR MECHANIC",2022,240,472.72,534.891290561205,2160,130539.74,147708.093582087,0.983333333333333,FALSE
"per Day","ELEVATOR MECHANIC",2023,238,487.12,523.495780506301,2080,123929.59,133184.056176868,1,FALSE
"per Day","ELEVATOR MECHANIC",2024,235,487.12,506.137445943836,2080,126651.2,131595.735945397,0.995744680851064,FALSE
"per Day","ELEVATOR MECHANIC",2025,2,,,,,,,TRUE
"per Day","ELEVATOR MECHANIC HELPER",2014,216,232,305.136464002138,2085.72,77834.725,102371.606737409,0.967592592592593,FALSE
"per Day","ELEVATOR MECHANIC HELPER",2015,209,232,303.665822710193,2085.72,60320,78953.1139046501,0.909090909090909,FALSE
"per Day","ELEVATOR MECHANIC HELPER",2016,200,232,301.922619735869,2091.42,60320,78499.881131326,0.95,FALSE
"per Day","ELEVATOR MECHANIC HELPER",2017,195,232,296.689634794498,2085.72,60320,77139.3050465694,0.974358974358974,FALSE
"per Day","ELEVATOR MECHANIC HELPER",2018,176,242.64,304.877489941072,2085.72,65895.61,82797.9235696332,0.994318181818182,FALSE
"per Day","ELEVATOR MECHANIC HELPER",2019,178,248,306.184410159215,2085.72,64131.6,79177.8069297045,0.99438202247191,FALSE
"per Day","ELEVATOR MECHANIC HELPER",2020,152,248,300.864866726727,2080,64480,78224.8653489489,0.921052631578947,FALSE
"per Day","ELEVATOR MECHANIC HELPER",2021,146,248,294.78069771454,2080,64480,76642.9814057804,0.863013698630137,FALSE
"per Day","ELEVATOR MECHANIC HELPER",2022,123,280,316.825100180101,2160,77424.01,87606.6775878399,0.983739837398374,FALSE
"per Day","ELEVATOR MECHANIC HELPER",2023,148,296,318.103857427051,2080,74160.02,79697.9338813083,0.918918918918919,FALSE
"per Day","ELEVATOR MECHANIC HELPER",2024,132,296,307.556010837936,2080,76960,79964.5628178634,0.977272727272727,FALSE
"per Day","ELEVATOR MECHANIC HELPER",2025,132,314,314,2080,76960,76960,1,FALSE
"per Day","EOC ADJUNCT LECTURER",2014,28,,,,,,,TRUE
"per Day","EOC ADJUNCT LECTURER",2015,21,,,,,,,TRUE
"per Day","EOC ADJUNCT LECTURER",2016,21,,,,,,,TRUE
"per Day","EOC ADJUNCT LECTURER",2017,27,,,,,,,TRUE
"per Day","EOC ADJUNCT LECTURER",2018,12,,,,,,,TRUE
"per Day","EOC ADJUNCT LECTURER",2019,19,,,,,,,TRUE
"per Day","EOC ADJUNCT LECTURER",2024,17,,,,,,,TRUE
"per Day","EOC ADJUNCT LECTURER",2025,10,,,,,,,TRUE
"per Day","FURNITURE MAINTAINER",2014,2,,,,,,,TRUE
"per Day","FURNITURE MAINTAINER",2015,2,,,,,,,TRUE
"per Day","FURNITURE MAINTAINER",2016,2,,,,,,,TRUE
"per Day","FURNITURE MAINTAINER",2017,1,,,,,,,TRUE
"per Day","GASOLINE ROLLER ENGINEER",2016,35,422.43,549.746432133721,2091.42,109831.8,142934.072354767,1,FALSE
"per Day","GASOLINE ROLLER ENGINEER L15",2014,28,,,,,,,TRUE
"per Day","GASOLINE ROLLER ENGINEER L15",2015,33,422.43,552.920489170115,2085.72,109831.8,143759.32718423,1,FALSE
"per Day","GASOLINE ROLLER ENGINEER L15",2017,33,422.43,540.218113906205,2085.72,114056.1,145858.890754675,1,FALSE
"per Day","GLAZIER",2014,32,254.8,335.124013050624,1825,66248,87132.2433931621,0.9375,FALSE
"per Day","GLAZIER",2015,34,254.8,333.508843217919,1825,66248,86712.2992366588,1,FALSE
"per Day","GLAZIER",2016,33,254.8,331.594325468532,1830,66248,86214.5246218184,1,FALSE
"per Day","GLAZIER",2017,27,,,,,,,TRUE
"per Day","GLAZIER",2018,27,,,,,,,TRUE
"per Day","GLAZIER",2019,25,,,,,,,TRUE
"per Day","GLAZIER",2020,25,,,,,,,TRUE
"per Day","GLAZIER",2021,23,,,,,,,TRUE
"per Day","GLAZIER",2022,23,,,,,,,TRUE
"per Day","GLAZIER",2023,22,,,,,,,TRUE
"per Day","GLAZIER",2024,21,,,,,,,TRUE
"per Day","GLAZIER",2025,25,,,,,,,TRUE
"per Day","GUIDANCE COUNSELOR",2014,181,273.87,360.205704294248,0,22432.9,29504.7232039377,0,FALSE
"per Day","GUIDANCE COUNSELOR",2015,188,261.08,341.728762901625,0,17788.58,23283.5507782159,0,FALSE
"per Day","GUIDANCE COUNSELOR",2016,173,291.5,379.355360573301,0,17104.11,22259.1280148728,0,FALSE
"per Day","GUIDANCE COUNSELOR",2017,167,310.89,397.576898970954,0,19113.58,24443.1080595492,0,FALSE
"per Day","GUIDANCE COUNSELOR",2018,146,325.03,408.400636974722,0,20532.07,25798.5738744411,0,FALSE
"per Day","GUIDANCE COUNSELOR",2019,130,325.03,401.286769492136,0,10421.16,12866.1158378016,0,FALSE
"per Day","GUIDANCE COUNSELOR",2020,118,328.125,398.069695139948,0,18269.305,22163.6774758666,0,FALSE
"per Day","GUIDANCE COUNSELOR",2021,85,319.53,379.803533631963,0,15752.26,18723.6378765356,0,FALSE
"per Day","GUIDANCE COUNSELOR",2022,117,329.11,372.393959715261,0,22783.64,25780.1036623834,0,FALSE
"per Day","GUIDANCE COUNSELOR",2023,123,329.11,353.686353100732,0,17355.21,18651.2136738396,0,FALSE
"per Day","GUIDANCE COUNSELOR",2024,115,349.16,362.791407919506,0,20908.92,21725.2163044917,0,FALSE
"per Day","GUIDANCE COUNSELOR",2025,135,359.63,359.63,0,18646.8,18646.8,0,FALSE
"per Day","HIGH PRESSURE PLANT TENDER",2014,79,250.8,329.863039533345,2085.72,65208,85764.3902786698,0.873417721518987,FALSE
"per Day","HIGH PRESSURE PLANT TENDER",2015,77,250.8,328.273225584984,2085.72,65208,85351.0386520959,0.896103896103896,FALSE
"per Day","HIGH PRESSURE PLANT TENDER",2016,88,269.44,350.646683886348,2091.42,74238.83,96613.7156884735,0.897727272727273,FALSE
"per Day","HIGH PRESSURE PLANT TENDER",2017,82,277.68,355.106800817828,2085.72,73778.8,94350.8846016219,0.914634146341463,FALSE
"per Day","HIGH PRESSURE PLANT TENDER",2018,92,280,351.820380743077,2040,72788.4,91458.7235774263,0.923913043478261,FALSE
"per Day","HIGH PRESSURE PLANT TENDER",2019,90,280,345.692075986211,2085.72,72800,89879.9397564148,0.944444444444444,FALSE
"per Day","HIGH PRESSURE PLANT TENDER",2020,87,280,339.686139852756,2080,72800,88318.3963617165,0.931034482758621,FALSE
"per Day","HIGH PRESSURE PLANT TENDER",2021,75,300.8,357.540459163442,2080,82894.29,98530.7929143202,0.986666666666667,FALSE
"per Day","HIGH PRESSURE PLANT TENDER",2022,70,300.8,340.360679050623,2080,78208,88493.776553162,0.928571428571429,FALSE
"per Day","HIGH PRESSURE PLANT TENDER",2023,72,300.8,323.2622983583,2080,78208,84048.1975731581,0.805555555555556,FALSE
"per Day","HIGH PRESSURE PLANT TENDER",2024,62,311.44,323.598797349212,2080,78208,81261.285458153,1,FALSE
"per Day","HIGH PRESSURE PLANT TENDER",2025,62,341.2,341.2,2080,93190.5,93190.5,0.935483870967742,FALSE
"per Day","HIGHWAY REPAIRER",2014,473,315.68,415.196029983598,2085.72,82076.8,107950.967795736,0.99154334038055,FALSE
"per Day","HIGHWAY REPAIRER",2015,484,315.68,413.19494359118,2085.72,82076.8,107430.685333707,0.997933884297521,FALSE
"per Day","HIGHWAY REPAIRER",2016,513,315.68,410.822985337152,2091.42,82076.8,106813.976187659,0.988304093567251,FALSE
"per Day","HIGHWAY REPAIRER",2017,480,354.24,453.014380300012,2085.72,85233.6,108999.679552674,0.991666666666667,FALSE
"per Day","HIGHWAY REPAIRER",2018,484,354.24,445.103041694384,2045.72,129922.5,163247.797918187,0.987603305785124,FALSE
"per Day","HIGHWAY REPAIRER",2019,442,369.52,456.214771137231,2085.72,97849.99,120807.022065464,0.98868778280543,FALSE
"per Day","HIGHWAY REPAIRER",2020,480,380.64,461.779043834118,2080,98655.03,119684.808277707,0.991666666666667,FALSE
"per Day","HIGHWAY REPAIRER",2021,458,380.64,452.440825717994,2080,98966.4,117634.614686678,0.991266375545852,FALSE
"per Day","HIGHWAY REPAIRER",2022,424,380.64,430.701093330549,2080,98966.4,111982.284265943,0.990566037735849,FALSE
"per Day","HIGHWAY REPAIRER",2023,475,380.64,409.064365848083,2080,98966.4,106356.735120502,0.99578947368421,FALSE
"per Day","HIGHWAY REPAIRER",2024,585,428.4,445.124983253283,2080,117956.67,122561.766476104,1,FALSE
"per Day","HIGHWAY REPAIRER",2025,609,442.32,442.32,2080,112427.98,112427.98,0.99671592775041,FALSE
"per Day","HORSESHOER",2014,3,,,,,,,TRUE
"per Day","HORSESHOER",2015,3,,,,,,,TRUE
"per Day","HORSESHOER",2016,3,,,,,,,TRUE
"per Day","HORSESHOER",2017,3,,,,,,,TRUE
"per Day","HORSESHOER",2018,3,,,,,,,TRUE
"per Day","HORSESHOER",2019,3,,,,,,,TRUE
"per Day","HORSESHOER",2020,3,,,,,,,TRUE
"per Day","HORSESHOER",2021,3,,,,,,,TRUE
"per Day","HORSESHOER",2022,3,,,,,,,TRUE
"per Day","HORSESHOER",2023,3,,,,,,,TRUE
"per Day","HORSESHOER",2024,3,,,,,,,TRUE
"per Day","HORSESHOER",2025,3,,,,,,,TRUE
"per Day","INSTRUCTOR",2014,21,,,,,,,TRUE
"per Day","INSTRUCTOR",2015,14,,,,,,,TRUE
"per Day","INSTRUCTOR",2016,9,,,,,,,TRUE
"per Day","INSTRUCTOR",2017,7,,,,,,,TRUE
"per Day","INSTRUCTOR",2018,5,,,,,,,TRUE
"per Day","INSTRUCTOR",2019,4,,,,,,,TRUE
"per Day","INSTRUCTOR",2020,3,,,,,,,TRUE
"per Day","INSTRUCTOR",2021,3,,,,,,,TRUE
"per Day","INSTRUCTOR",2022,2,,,,,,,TRUE
"per Day","INSTRUCTOR",2023,1,,,,,,,TRUE
"per Day","INSTRUCTOR",2025,2,,,,,,,TRUE
"per Day","LAB SPECIALIST/ASSISTANT",2014,3,,,,,,,TRUE
"per Day","LAB SPECIALIST/ASSISTANT",2015,3,,,,,,,TRUE
"per Day","LAB SPECIALIST/ASSISTANT",2016,3,,,,,,,TRUE
"per Day","LAB SPECIALIST/ASSISTANT",2017,2,,,,,,,TRUE
"per Day","LAB SPECIALIST/ASSISTANT",2018,2,,,,,,,TRUE
"per Day","LAB SPECIALIST/ASSISTANT",2019,2,,,,,,,TRUE
"per Day","LAB SPECIALIST/ASSISTANT",2020,2,,,,,,,TRUE
"per Day","LAB SPECIALIST/ASSISTANT",2021,1,,,,,,,TRUE
"per Day","LAB SPECIALIST/ASSISTANT",2022,1,,,,,,,TRUE
"per Day","LAB SPECIALIST/ASSISTANT",2023,1,,,,,,,TRUE
"per Day","LAB SPECIALIST/ASSISTANT",2024,1,,,,,,,TRUE
"per Day","LAB SPECIALIST/ASSISTANT",2025,1,,,,,,,TRUE
"per Day","LABORER",2014,2,,,,,,,TRUE
"per Day","LABORER",2015,9,,,,,,,TRUE
"per Day","LABORER",2016,9,,,,,,,TRUE
"per Day","LABORER",2017,10,,,,,,,TRUE
"per Day","LABORER",2018,1,,,,,,,TRUE
"per Day","LECTURER",2014,121,157.84,207.598014991799,81.43,9401.81,12365.6683561204,0,FALSE
"per Day","LECTURER",2015,117,145.89,190.956064117198,122.15,10894.3,14259.5972946192,0,FALSE
"per Day","LECTURER",2016,88,151.505,197.167183202943,123.57,12762.275,16608.7047490931,0,FALSE
"per Day","LECTURER",2017,106,143.18,183.103542714984,80.72,11766.565,15047.4908303264,0,FALSE
"per Day","LECTURER",2018,94,174.29,218.995621998967,155.72,15670.295,19689.7469759155,0,FALSE
"per Day","LECTURER",2019,118,174.29,215.180971155845,160.72,15088.03,18627.9014758651,0,FALSE
"per Day","LECTURER",2020,108,231.8,281.211597206674,160,16166.505,19612.6345655724,0,FALSE
"per Day","LECTURER",2021,113,189.41,225.13875787948,160,20922.72,24869.4112890563,0,FALSE
"per Day","LECTURER",2022,111,217.06,245.607343732474,150,22484.14,25441.2139570122,0,FALSE
"per Day","LECTURER",2023,112,232.67,250.044677390378,120,21132.28,22710.3371088801,0,FALSE
"per Day","LECTURER",2024,115,275.01,285.746549123449,120,16543.56,17189.4301306015,0,FALSE
"per Day","LECTURER",2025,136,291.75,291.75,160,23330.72,23330.72,0,FALSE
"per Day","LETTERER AND SIGN PAINTER",2014,10,,,,,,,TRUE
"per Day","LETTERER AND SIGN PAINTER",2015,11,,,,,,,TRUE
"per Day","LETTERER AND SIGN PAINTER",2016,12,,,,,,,TRUE
"per Day","LETTERER AND SIGN PAINTER",2017,11,,,,,,,TRUE
"per Day","LETTERER AND SIGN PAINTER",2018,12,,,,,,,TRUE
"per Day","LETTERER AND SIGN PAINTER",2019,14,,,,,,,TRUE
"per Day","LETTERER AND SIGN PAINTER",2020,15,,,,,,,TRUE
"per Day","LETTERER AND SIGN PAINTER",2021,12,,,,,,,TRUE
"per Day","LETTERER AND SIGN PAINTER",2022,13,,,,,,,TRUE
"per Day","LETTERER AND SIGN PAINTER",2023,14,,,,,,,TRUE
"per Day","LETTERER AND SIGN PAINTER",2024,15,,,,,,,TRUE
"per Day","LETTERER AND SIGN PAINTER",2025,16,,,,,,,TRUE
"per Day","LOCKSMITH",2014,31,198.32,260.839066986655,2085.72,51563.2,67818.1574165303,1,FALSE
"per Day","LOCKSMITH",2015,33,198.32,259.581922240885,2085.72,51563.2,67491.2997826302,1,FALSE
"per Day","LOCKSMITH",2016,31,225.52,293.489608632902,2091.42,67009.37,87205.364384699,1,FALSE
"per Day","LOCKSMITH",2017,31,236.88,302.930347802244,2085.72,63806.69,81598.2049721799,1,FALSE
"per Day","LOCKSMITH",2018,32,236.88,297.640042108643,2045.72,61575.685,77369.9319329134,1,FALSE
"per Day","LOCKSMITH",2019,29,,,,,,,TRUE
"per Day","LOCKSMITH",2020,32,254.96,309.308493631638,2080,66289.6,80420.2083442259,0.90625,FALSE
"per Day","LOCKSMITH",2021,28,,,,,,,TRUE
"per Day","LOCKSMITH",2022,28,,,,,,,TRUE
"per Day","LOCKSMITH",2023,26,,,,,,,TRUE
"per Day","LOCKSMITH",2024,27,,,,,,,TRUE
"per Day","LOCKSMITH",2025,26,,,,,,,TRUE
"per Day","MACHINIST",2014,127,292.08,384.156286231657,2085.72,75940.8,99880.6344202307,0.937007874015748,FALSE
"per Day","MACHINIST",2015,118,292.08,382.304799556867,2085.72,75940.8,99399.2478847854,0.966101694915254,FALSE
"per Day","MACHINIST",2016,128,313.04,407.387314147054,2091.42,86964.655,113174.984750112,0.9453125,FALSE
"per Day","MACHINIST",2017,135,322.4,412.296285593733,2085.72,85904.74,109857.956628087,0.933333333333333,FALSE
"per Day","MACHINIST",2018,132,322.4,405.096038398457,2045.72,83824,105324.969983599,0.96969696969697,FALSE
"per Day","MACHINIST",2019,136,322.4,398.03973320698,2085.72,83824,103490.330633815,0.977941176470588,FALSE
"per Day","MACHINIST",2020,127,347.2,421.210813417417,2080,93555.6,113498.359377173,0.976377952755906,FALSE
"per Day","MACHINIST",2021,123,347.2,412.692976800356,2080,90272,107300.173968093,0.983739837398374,FALSE
"per Day","MACHINIST",2022,123,347.2,392.863124223326,2080,90272,102144.412298065,0.983739837398374,FALSE
"per Day","MACHINIST",2023,116,347.2,373.127227360379,2080,90272,97013.0791136985,0.913793103448276,FALSE
"per Day","MACHINIST",2024,122,390.72,405.973934306076,2080,107953.94,112168.524123777,0.983606557377049,FALSE
"per Day","MACHINIST",2025,121,403.44,403.44,2080,102367.49,102367.49,0.950413223140496,FALSE
"per Day","MACHINIST S HELPER",2014,22,,,,,,,TRUE
"per Day","MACHINIST S HELPER",2015,21,,,,,,,TRUE
"per Day","MACHINIST S HELPER",2016,17,,,,,,,TRUE
"per Day","MACHINIST S HELPER",2017,16,,,,,,,TRUE
"per Day","MACHINIST S HELPER",2018,18,,,,,,,TRUE
"per Day","MACHINIST S HELPER",2019,14,,,,,,,TRUE
"per Day","MACHINIST S HELPER",2020,15,,,,,,,TRUE
"per Day","MACHINIST S HELPER",2021,16,,,,,,,TRUE
"per Day","MACHINIST S HELPER",2022,16,,,,,,,TRUE
"per Day","MACHINIST S HELPER",2023,16,,,,,,,TRUE
"per Day","MACHINIST S HELPER",2024,15,,,,,,,TRUE
"per Day","MACHINIST S HELPER",2025,19,,,,,,,TRUE
"per Day","MAINTENANCE WORKER",2014,1211,209.12,275.043695483306,2085.72,54371.2,71511.3608256596,0.928158546655656,FALSE
"per Day","MAINTENANCE WORKER",2015,1324,209.12,273.718089849808,2085.72,54371.2,71166.7033609501,0.897280966767372,FALSE
"per Day","MAINTENANCE WORKER",2016,1295,224.08,291.615606165576,2091.42,62304.8,81082.8811987905,0.96988416988417,FALSE
"per Day","MAINTENANCE WORKER",2017,1254,232,296.689634794498,2085.72,59728.4,76382.7464778434,0.962519936204147,FALSE
"per Day","MAINTENANCE WORKER",2018,1231,232,291.508315472835,2085.72,60320,75792.1620229371,0.972380178716491,FALSE
"per Day","MAINTENANCE WORKER",2019,1228,232,286.430577245717,2085.72,60320,74471.9500838865,0.963355048859935,FALSE
"per Day","MAINTENANCE WORKER",2020,1234,249.28,302.417717651768,2080,65744.4,79758.7909033412,0.947325769854133,FALSE
"per Day","MAINTENANCE WORKER",2021,1305,249.28,296.302146476938,2080,64812.8,77038.5580840038,0.883524904214559,FALSE
"per Day","MAINTENANCE WORKER",2022,1265,249.28,282.064860617484,2160,65311.36,73900.9934817809,0.910671936758893,FALSE
"per Day","MAINTENANCE WORKER",2023,1554,249.28,267.895032362889,2080,63194.545,67913.6099082681,0.876447876447876,FALSE
"per Day","MAINTENANCE WORKER",2024,1467,272.32,282.951529970901,2080,65043.2,67582.5240680204,0.965235173824131,FALSE
"per Day","MAINTENANCE WORKER",2025,1444,280.48,280.48,2080,75732.785,75732.785,0.967451523545706,FALSE
"per Day","MASONS HELPER",2014,53,237.16,311.923119839427,1825,61661.6,81100.0111582509,0.962264150943396,FALSE
"per Day","MASONS HELPER",2015,56,237.16,310.419769456678,1825,61661.6,80709.1400587363,0.946428571428571,FALSE
"per Day","MASONS HELPER",2016,46,254.24,330.865546731239,1830,69983.14,91075.4007161298,1,FALSE
"per Day","MASONS HELPER",2017,54,261.87,334.888425274289,1825,66996.2,85677.0608216341,0.962962962962963,FALSE
"per Day","MASONS HELPER",2018,51,261.87,329.040011089962,1825,68086.2,85550.4028833902,1,FALSE
"per Day","MASONS HELPER",2019,46,261.87,323.308514066104,1825,68086.2,84060.2136571869,0.956521739130435,FALSE
"per Day","MASONS HELPER",2020,54,282.03,342.148864366688,1820,74852.18,90808.0288705845,0.833333333333333,FALSE
"per Day","MASONS HELPER",2021,49,282.03,335.229839421096,1820,73327.8,87159.7582494848,0.938775510204082,FALSE
"per Day","MASONS HELPER",2022,47,282.03,319.122082156407,1890,76148.1,86162.9621822299,0.808510638297872,FALSE
"per Day","MASONS HELPER",2023,55,282.03,303.090644966727,1820,73327.8,78803.567691349,0.963636363636364,FALSE
"per Day","MASONS HELPER",2024,54,308.21,320.242696285001,1820,84859.16,88172.1105833046,0.907407407407407,FALSE
"per Day","MASONS HELPER",2025,57,317.45,317.45,1820,82398.39,82398.39,0.929824561403509,FALSE
"per Day","MOTOR GRADER OPERATOR",2014,21,,,,,,,TRUE
"per Day","MOTOR GRADER OPERATOR",2015,22,,,,,,,TRUE
"per Day","MOTOR GRADER OPERATOR",2016,22,,,,,,,TRUE
"per Day","MOTOR GRADER OPERATOR",2017,20,,,,,,,TRUE
"per Day","MOTOR GRADER OPERATOR",2018,20,,,,,,,TRUE
"per Day","MOTOR GRADER OPERATOR",2019,21,,,,,,,TRUE
"per Day","MOTOR GRADER OPERATOR",2020,20,,,,,,,TRUE
"per Day","MOTOR GRADER OPERATOR",2021,20,,,,,,,TRUE
"per Day","MOTOR GRADER OPERATOR",2022,20,,,,,,,TRUE
"per Day","MOTOR GRADER OPERATOR",2023,22,,,,,,,TRUE
"per Day","NON TEACHING ADJUNCT I",2014,4,,,,,,,TRUE
"per Day","NON TEACHING ADJUNCT I",2015,5,,,,,,,TRUE
"per Day","NON TEACHING ADJUNCT I",2016,1,,,,,,,TRUE
"per Day","NON TEACHING ADJUNCT I",2017,4,,,,,,,TRUE
"per Day","NON TEACHING ADJUNCT I",2018,1,,,,,,,TRUE
"per Day","NON TEACHING ADJUNCT I",2019,1,,,,,,,TRUE
"per Day","NON TEACHING ADJUNCT II",2014,3,,,,,,,TRUE
"per Day","NON TEACHING ADJUNCT II",2015,2,,,,,,,TRUE
"per Day","NON TEACHING ADJUNCT II",2016,2,,,,,,,TRUE
"per Day","NON TEACHING ADJUNCT II",2017,2,,,,,,,TRUE
"per Day","NON TEACHING ADJUNCT II",2018,1,,,,,,,TRUE
"per Day","NON TEACHING ADJUNCT II",2019,2,,,,,,,TRUE
"per Day","NON TEACHING ADJUNCT IV",2015,1,,,,,,,TRUE
"per Day","NON TEACHING ADJUNCT V",2014,1,,,,,,,TRUE
"per Day","OILER",2014,200,369.92,486.534830877891,2085.72,96179.2,126499.056028252,0.945,FALSE
"per Day","OILER",2015,193,369.92,484.189918693769,2085.72,96179.2,125889.37886038,0.989637305699482,FALSE
"per Day","OILER",2016,200,448.16,583.231212331152,2092.57,163184.435,212366.690152231,0.905,FALSE
"per Day","OILER",2017,211,457.36,584.887807627636,2085.72,123362.34,157760.032767218,0.943127962085308,FALSE
"per Day","OILER",2018,215,457.36,574.67346191662,2045.72,118913.6,149415.100098321,0.962790697674419,FALSE
"per Day","OILER",2019,218,457.36,564.663313832333,2085.72,118913.6,146812.461596407,0.981651376146789,FALSE
"per Day","OILER",2020,222,478,579.892767320062,2080,131626.74,159684.925757151,0.963963963963964,FALSE
"per Day","OILER",2021,205,478,568.166022207863,2080,124280,147723.165774044,0.995121951219512,FALSE
"per Day","OILER",2022,198,478,540.86570673603,2080,124280,140625.083751368,0.96969696969697,FALSE
"per Day","OILER",2023,190,478,513.694742736927,2080,124280,133560.633111601,0.978947368421053,FALSE
"per Day","OILER",2024,14,,,,,,,TRUE
"per Day","PAINTER",2014,273,245,322.234627933292,1825,63700,83781.0032626559,0.838827838827839,FALSE
"per Day","PAINTER",2015,239,245,320.681580017229,1825,63700,83377.2108044796,0.98744769874477,FALSE
"per Day","PAINTER",2016,240,278.53,362.476324461343,1830,79456.035,103403.337245797,0.979166666666667,FALSE
"per Day","PAINTER",2017,244,292.53,374.097495113941,1825,74685.8,95510.7876135125,0.877049180327869,FALSE
"per Day","PAINTER",2018,322,292.53,367.564342781329,1790,76057.8,95566.7291231456,0.763975155279503,FALSE
"per Day","PAINTER",2019,292,292.53,361.161796386594,1824.875,76057.8,93902.0670605143,0.863013698630137,FALSE
"per Day","PAINTER",2020,325,292.53,354.887094611167,1820,76057.8,92270.6445989034,0.969230769230769,FALSE
"per Day","PAINTER",2021,317,292.53,347.710473800139,1820,76057.8,90404.723188036,0.867507886435331,FALSE
"per Day","PAINTER",2022,340,315.07,356.507443977659,1890,95028.205,107526.144889501,0.917647058823529,FALSE
"per Day","PAINTER",2023,381,315.07,338.597913376828,1820,81918.2,88035.4574779752,0.931758530183727,FALSE
"per Day","PAINTER",2024,406,354.62,368.464569470773,1820,96249.24,100006.865880348,0.931034482758621,FALSE
"per Day","PAINTER",2025,400,366.17,366.17,1820,92190.84,92190.84,0.9575,FALSE
"per Day","PIPE CAULKER",2014,1,,,,,,,TRUE
"per Day","PLASTERER",2014,273,324.72,427.085830132647,2085.72,84427.2,111042.315834488,0.886446886446886,FALSE
"per Day","PLASTERER",2015,280,324.72,425.027439441611,2085.72,84427.2,110507.134254819,0.992857142857143,FALSE
"per Day","PLASTERER",2016,269,358.56,466.626614364195,2091.42,99747.03,129809.847450312,0.992565055762082,FALSE
"per Day","PLASTERER",2017,259,358.56,458.538945913427,2085.72,93225.6,119220.125937491,0.980694980694981,FALSE
"per Day","PLASTERER",2018,265,358.56,450.531127568706,2085.72,93225.6,117138.093167863,0.962264150943396,FALSE
"per Day","PLASTERER",2019,249,358.56,442.683395591485,2085.72,93225.6,115097.682853786,0.983935742971888,FALSE
"per Day","PLASTERER",2020,248,358.56,434.992365377158,2080,93225.6,113098.014998061,0.987903225806452,FALSE
"per Day","PLASTERER",2021,244,358.56,426.195834566635,2080,93225.6,110810.916987325,0.991803278688525,FALSE
"per Day","PLASTERER",2022,248,386.16,436.947073876957,2160,125910.455,142469.97328249,0.979838709677419,FALSE
"per Day","PLASTERER",2023,256,386.16,414.99657291902,2080,100401.6,107899.108958945,0.98828125,FALSE
"per Day","PLASTERER",2024,254,434.64,451.608596454732,2080,127538.07,132517.229862059,0.97244094488189,FALSE
"per Day","PLASTERER",2025,252,448.8,448.8,2080,115499.31,115499.31,0.968253968253968,FALSE
"per Day","PLUMBER",2014,293,322.07,423.60043517745,1825,83738.2,110136.113146137,0.986348122866894,FALSE
"per Day","PLUMBER",2015,284,361.48,473.142765488278,1825,83738.2,109605.299117546,0.97887323943662,FALSE
"per Day","PLUMBER",2016,296,361.48,470.42667492294,1830,144796.68,188437.038597657,0.956081081081081,FALSE
"per Day","PLUMBER",2017,329,361.48,462.273143041013,1825,95792.2,122502.382905868,0.945288753799392,FALSE
"per Day","PLUMBER",2018,334,361.48,454.200111539312,1790,93984.8,118092.029000221,0.955089820359281,FALSE
"per Day","PLUMBER",2019,339,369.53,456.227117282801,1825,96716.3,119407.351888233,0.96165191740413,FALSE
"per Day","PLUMBER",2020,344,369.53,448.300783070675,1820,96077.8,116558.203598375,0.979651162790698,FALSE
"per Day","PLUMBER",2021,343,369.53,439.235125913121,1820,96077.8,114201.132737411,0.962099125364432,FALSE
"per Day","PLUMBER",2022,340,369.53,418.129925962689,1820,96077.8,108713.780750299,0.935294117647059,FALSE
"per Day","PLUMBER",2023,384,398.02,427.742220719983,1820,120143.1,129114.8093015,0.932291666666667,FALSE
"per Day","PLUMBER",2024,385,422.31,438.797226138408,1820,112171.78,116551.031031725,0.992207792207792,FALSE
"per Day","PLUMBER",2025,384,434.98,434.98,1820,112676.69,112676.69,0.971354166666667,FALSE
"per Day","PLUMBER S HELPER",2014,145,235.2,309.34524281596,1825,61152,80429.7631321496,0.931034482758621,FALSE
"per Day","PLUMBER S HELPER",2015,150,253.05,331.21826050351,1825,61152,80042.1223723005,0.986666666666667,FALSE
"per Day","PLUMBER S HELPER",2016,116,253.05,329.31689191449,1830,77535.685,100904.211802651,0.879310344827586,FALSE
"per Day","PLUMBER S HELPER",2017,99,253.05,323.609103813567,1825,65793,84138.3669915275,0.848484848484849,FALSE
"per Day","PLUMBER S HELPER",2018,101,253.05,317.957669096556,1825,65793,82668.9939651045,0.99009900990099,FALSE
"per Day","PLUMBER S HELPER",2019,95,258.65,319.333055192262,1825,67666.2,83541.6755432076,0.88421052631579,FALSE
"per Day","PLUMBER S HELPER",2020,110,258.65,313.785071688983,1820,67249,81584.1186391356,0.872727272727273,FALSE
"per Day","PLUMBER S HELPER",2021,111,258.65,307.439626870426,1820,67249,79934.3029863109,0.918918918918919,FALSE
"per Day","PLUMBER S HELPER",2022,129,258.65,292.667186291369,1785,66148.07,74847.7460873941,0.72093023255814,FALSE
"per Day","PLUMBER S HELPER",2023,168,278.53,299.329281787691,1743,69214.785,74383.4124982567,0.833333333333333,FALSE
"per Day","PLUMBER S HELPER",2024,188,295.47,307.005319332044,1820,77939.47,80982.2718919696,0.792553191489362,FALSE
"per Day","PLUMBER S HELPER",2025,192,304.36,304.36,1820,78884.68,78884.68,0.916666666666667,FALSE
"per Day","PRINCIPAL",2015,1,,,,,,,TRUE
"per Day","PRINTING PRESS OPERATOR",2014,21,,,,,,,TRUE
"per Day","PRINTING PRESS OPERATOR",2015,22,,,,,,,TRUE
"per Day","PRINTING PRESS OPERATOR",2016,24,,,,,,,TRUE
"per Day","PRINTING PRESS OPERATOR",2017,21,,,,,,,TRUE
"per Day","PRINTING PRESS OPERATOR",2018,24,,,,,,,TRUE
"per Day","PRINTING PRESS OPERATOR",2019,24,,,,,,,TRUE
"per Day","PRINTING PRESS OPERATOR",2020,24,,,,,,,TRUE
"per Day","PRINTING PRESS OPERATOR",2021,23,,,,,,,TRUE
"per Day","PRINTING PRESS OPERATOR",2022,25,,,,,,,TRUE
"per Day","PRINTING PRESS OPERATOR",2023,24,,,,,,,TRUE
"per Day","PRINTING PRESS OPERATOR",2024,23,,,,,,,TRUE
"per Day","PRINTING PRESS OPERATOR",2025,22,,,,,,,TRUE
"per Day","PROFESSOR",2014,95,205.79,270.663935030172,80,10251.45,13483.1517409255,0,FALSE
"per Day","PROFESSOR",2015,89,214.08,280.210255714647,140.72,13417.94,17562.8008154138,0,FALSE
"per Day","PROFESSOR",2016,83,200.7,261.189093883573,173.57,17197.7,22380.9251613429,0,FALSE
"per Day","PROFESSOR",2017,92,218.5,279.425367252576,52.5,14187.78,18143.8244256236,0,FALSE
"per Day","PROFESSOR",2018,84,236.38,297.011791428745,169.64,18710.265,23509.4734146566,0,FALSE
"per Day","PROFESSOR",2019,90,244.405,301.745970826464,160.72,20776.86,25651.4138066959,0,FALSE
"per Day","PROFESSOR",2020,91,288.89,350.471174793081,160,22803.99,27664.9976297887,0,FALSE
"per Day","PROFESSOR",2021,121,295.1,350.76525764339,160,26150.36,31083.1506705097,0,FALSE
"per Day","PROFESSOR",2022,137,284.23,321.611422229251,140,24299.44,27495.2589725727,0,FALSE
"per Day","PROFESSOR",2023,124,281.25,302.252398315399,140,26113.2,28063.20827623,0,FALSE
"per Day","PROFESSOR",2024,126,337.5,350.676194789876,125,23377.83,24290.5139758359,0,FALSE
"per Day","PROFESSOR",2025,136,327.255,327.255,140,26223.28,26223.28,0,FALSE
"per Day","RADIO REPAIR MECHANIC",2014,110,328,431.399828416815,2085.72,85280,112163.955388372,0.981818181818182,FALSE
"per Day","RADIO REPAIR MECHANIC",2015,115,328,429.320645900617,2085.72,85280,111623.36793416,0.947826086956522,FALSE
"per Day","RADIO REPAIR MECHANIC",2016,118,372.88,485.262527789271,2091.42,104922.29,136544.882178822,0.983050847457627,FALSE
"per Day","RADIO REPAIR MECHANIC",2017,125,391.6,500.791642178988,2051.43,102967.7,131678.660813058,0.936,FALSE
"per Day","RADIO REPAIR MECHANIC",2018,131,391.6,492.045932496389,2045.72,101816,127931.942449061,0.954198473282443,FALSE
"per Day","RADIO REPAIR MECHANIC",2019,139,421.68,520.612266435233,2040,106081.21,130969.406100104,0.949640287769784,FALSE
"per Day","RADIO REPAIR MECHANIC",2020,140,421.68,511.56732661825,2080,109631.1,133000.58988147,0.992857142857143,FALSE
"per Day","RADIO REPAIR MECHANIC",2021,137,421.68,501.222276662368,2080,109636.8,130317.791932216,0.985401459854015,FALSE
"per Day","RADIO REPAIR MECHANIC",2022,124,421.68,477.138600871233,2080,109636.8,124056.03622652,0.991935483870968,FALSE
"per Day","RADIO REPAIR MECHANIC",2023,110,421.68,453.169035810266,2080,109636.8,117823.949310669,0.990909090909091,FALSE
"per Day","RADIO REPAIR MECHANIC",2024,122,421.68,438.1426305748,2080,109636.8,113917.083949448,0.983606557377049,FALSE
"per Day","RADIO REPAIR MECHANIC",2025,115,474.64,474.64,2080,140891.58,140891.58,1,FALSE
"per Day","RIGGER",2014,7,,,,,,,TRUE
"per Day","RIGGER",2015,7,,,,,,,TRUE
"per Day","RIGGER",2016,7,,,,,,,TRUE
"per Day","RIGGER",2017,7,,,,,,,TRUE
"per Day","RIGGER",2018,7,,,,,,,TRUE
"per Day","RIGGER",2019,6,,,,,,,TRUE
"per Day","RIGGER",2020,5,,,,,,,TRUE
"per Day","RIGGER",2021,5,,,,,,,TRUE
"per Day","RIGGER",2022,4,,,,,,,TRUE
"per Day","RIGGER",2023,4,,,,,,,TRUE
"per Day","RIGGER",2024,3,,,,,,,TRUE
"per Day","RIGGER",2025,6,,,,,,,TRUE
"per Day","ROOFER",2014,43,268.87,353.62948739765,1825,69906.2,91943.6667233889,0.953488372093023,FALSE
"per Day","ROOFER",2015,44,268.87,351.925128241765,1825,69906.2,91500.533342859,0.977272727272727,FALSE
"per Day","ROOFER",2016,48,296.73,386.161633423382,1830,82267.865,107062.62638309,0.895833333333333,FALSE
"per Day","ROOFER",2017,49,296.73,379.468600571428,1825,77149.8,98661.8361485713,1,FALSE
"per Day","ROOFER",2018,49,296.73,372.841648492476,1790,77149.8,96938.8286080436,0.918367346938776,FALSE
"per Day","ROOFER",2019,45,296.73,366.347177526387,1825,77149.8,95250.2661568606,0.955555555555556,FALSE
"per Day","ROOFER",2020,48,319.55,387.666807106958,1820,89193.84,108206.82574373,0.916666666666667,FALSE
"per Day","ROOFER",2021,50,319.55,379.827306268876,1820,83083,98755.0996299077,0.94,FALSE
"per Day","ROOFER",2022,50,319.55,361.576645580541,1820,83083,94009.9278509406,1,FALSE
"per Day","ROOFER",2023,53,319.55,343.412458245994,1820,83083,89287.2391439584,0.867924528301887,FALSE
"per Day","ROOFER",2024,52,359.66,373.701333979635,1820,105083.465,109185.984123067,0.923076923076923,FALSE
"per Day","ROOFER",2025,51,371.35,371.35,1820,95515.6,95515.6,0.941176470588235,FALSE
"per Day","RUBBER TIRE REPAIRER",2014,22,,,,,,,TRUE
"per Day","RUBBER TIRE REPAIRER",2015,23,,,,,,,TRUE
"per Day","RUBBER TIRE REPAIRER",2016,21,,,,,,,TRUE
"per Day","RUBBER TIRE REPAIRER",2017,24,,,,,,,TRUE
"per Day","RUBBER TIRE REPAIRER",2018,23,,,,,,,TRUE
"per Day","RUBBER TIRE REPAIRER",2019,26,,,,,,,TRUE
"per Day","RUBBER TIRE REPAIRER",2020,25,,,,,,,TRUE
"per Day","RUBBER TIRE REPAIRER",2021,24,,,,,,,TRUE
"per Day","RUBBER TIRE REPAIRER",2022,17,,,,,,,TRUE
"per Day","RUBBER TIRE REPAIRER",2023,15,,,,,,,TRUE
"per Day","RUBBER TIRE REPAIRER",2024,14,,,,,,,TRUE
"per Day","RUBBER TIRE REPAIRER",2025,15,,,,,,,TRUE
"per Day","SCHOOL MEDICAL INSPECTOR PER SESSION",2024,1,,,,,,,TRUE
"per Day","SCHOOL MEDICAL INSPECTOR PER SESSION",2025,2,,,,,,,TRUE
"per Day","SCHOOL PSYCHOLOGIST",2014,93,315.49,414.946133741528,0,11673.13,15353.0069484365,0,FALSE
"per Day","SCHOOL PSYCHOLOGIST",2015,102,315.49,412.946251753615,0,10612.88,13891.2454160541,0,FALSE
"per Day","SCHOOL PSYCHOLOGIST",2016,86,331.55,431.476054195808,0,8918.695,11606.7058578672,0,FALSE
"per Day","SCHOOL PSYCHOLOGIST",2017,77,343.12,438.793739184,0,14286.46,18270.0198271819,0,FALSE
"per Day","SCHOOL PSYCHOLOGIST",2018,71,343.12,431.130746573445,0,9968.78,12525.7856255142,0,FALSE
"per Day","SCHOOL PSYCHOLOGIST",2019,45,376.73,465.116342093876,0,8838.21,10911.7827246503,0,FALSE
"per Day","SCHOOL PSYCHOLOGIST",2020,51,384.27,466.182832004352,0,8915.09,10815.4732447854,0,FALSE
"per Day","SCHOOL PSYCHOLOGIST",2021,34,384.27,456.755559317606,0,6954.545,8266.39365881921,0,FALSE
"per Day","SCHOOL PSYCHOLOGIST",2022,38,405.69,459.045624614519,0,12982.08,14689.4599876646,0,FALSE
"per Day","SCHOOL PSYCHOLOGIST",2023,49,405.69,435.984979458042,0,14918.51,16032.5526285947,0,FALSE
"per Day","SCHOOL PSYCHOLOGIST",2024,48,417.86,434.173495570067,0,10692.825,11110.2790594194,0,FALSE
"per Day","SCHOOL PSYCHOLOGIST",2025,41,430.4,430.4,0,12578.78,12578.78,0,FALSE
"per Day","SCHOOL SECRETARY PER SESSION",2014,751,20.45,26.896727107085,0,1731.15,2276.88357610905,0,FALSE
"per Day","SCHOOL SECRETARY PER SESSION",2015,868,20.45,26.7670951483769,0,1834.53,2401.22440403677,0,FALSE
"per Day","SCHOOL SECRETARY PER SESSION",2016,965,20.45,26.613437817235,0,2040.4,2655.35738495288,0,FALSE
"per Day","SCHOOL SECRETARY PER SESSION",2017,1047,20.45,26.1521682394288,0,2505.53,3204.15853735628,0,FALSE
"per Day","SCHOOL SECRETARY PER SESSION",2018,1104,20.45,25.6954528078426,0,2433.86,3058.1483995548,0,FALSE
"per Day","SCHOOL SECRETARY PER SESSION",2019,1212,20.45,25.2478676925643,0,2679.575,3308.24230182411,0,FALSE
"per Day","SCHOOL SECRETARY PER SESSION",2020,1326,20.45,24.8092198571031,0,2124.185,2576.98643922545,0,FALSE
"per Day","SCHOOL SECRETARY PER SESSION",2021,1236,20.45,24.3075212429933,0,1872.58,2225.80822147699,0,FALSE
"per Day","SCHOOL SECRETARY PER SESSION",2022,1580,20.45,23.1395474952967,0,3711.56,4199.69774580163,0,FALSE
"per Day","SCHOOL SECRETARY PER SESSION",2023,1589,20.45,21.9771077175108,0,4101.75,4408.04897703178,0,FALSE
"per Day","SCHOOL SECRETARY PER SESSION",2024,1645,20.45,21.2483798028236,0,4113.6,4274.19731818559,0,FALSE
"per Day","SCHOOL SECRETARY PER SESSION",2025,1590,20.45,20.45,0,4907.61,4907.61,0,FALSE
"per Day","SCHOOL SOCIAL WORKER",2014,57,280.2,368.53119488534,0,14197.05,18672.5760183687,0,FALSE
"per Day","SCHOOL SOCIAL WORKER",2015,65,315.49,412.946251753615,0,8666.75,11343.9472800585,0,FALSE
"per Day","SCHOOL SOCIAL WORKER",2016,70,321.83,418.826537541357,0,5886.34,7660.42755800016,0,FALSE
"per Day","SCHOOL SOCIAL WORKER",2017,56,343.12,438.793739184,0,15409.33,19705.9848712409,0,FALSE
"per Day","SCHOOL SOCIAL WORKER",2018,48,343.12,431.130746573445,0,9350.145,11748.4699067963,0,FALSE
"per Day","SCHOOL SOCIAL WORKER",2019,36,358.73,442.893280066191,0,11564.425,14277.6074494173,0,FALSE
"per Day","SCHOOL SOCIAL WORKER",2020,36,376.73,457.035569524031,0,14916.44,18096.0997283759,0,FALSE
"per Day","SCHOOL SOCIAL WORKER",2021,25,,,,,,,TRUE
"per Day","SCHOOL SOCIAL WORKER",2022,32,369.03,417.564166855224,0,18724.68,21187.3164887155,0,FALSE
"per Day","SCHOOL SOCIAL WORKER",2023,36,405.69,435.984979458042,0,13125.295,14105.4289505675,0,FALSE
"per Day","SCHOOL SOCIAL WORKER",2024,40,405.69,421.528371746089,0,15893.155,16513.6329440169,0,FALSE
"per Day","SCHOOL SOCIAL WORKER",2025,44,430.4,430.4,0,14401.315,14401.315,0,FALSE
"per Day","SECRETARY",2014,141,203.19,267.244302243941,0,13243.84,17418.8728767675,0,FALSE
"per Day","SECRETARY",2015,172,203.19,265.956286708983,0,12296.195,16094.5438399998,0,FALSE
"per Day","SECRETARY",2016,182,210.645,274.131423423544,0,11801.555,15358.432769642,0,FALSE
"per Day","SECRETARY",2017,185,215.94,276.151550592775,0,14158.46,18106.3289941918,0,FALSE
"per Day","SECRETARY",2018,201,220.98,277.661670487875,0,13654.01,17156.2821316778,0,FALSE
"per Day","SECRETARY",2019,186,242.64,299.566876133193,0,14022.38,17312.2344730983,0,FALSE
"per Day","SECRETARY",2020,175,247.49,300.246152686281,0,14279,17322.7799677054,0,FALSE
"per Day","SECRETARY",2021,130,247.49,294.174495473272,0,5045.59,5997.34895395768,0,FALSE
"per Day","SECRETARY",2022,137,256.53,290.268367675719,0,14984.65,16955.4044193348,0,FALSE
"per Day","SECRETARY",2023,154,261.28,280.791134691013,0,13650.13,14669.4561060159,0,FALSE
"per Day","SECRETARY",2024,149,261.28,271.480521999108,0,20326.63,21120.19336682,0,FALSE
"per Day","SECRETARY",2025,151,269.12,269.12,0,17305.29,17305.29,0,FALSE
"per Day","SENIOR SEWAGE TREATMENT WORKER",2014,162,308.16,405.305399771115,2085.72,80121.6,105379.40394049,1,FALSE
"per Day","SENIOR SEWAGE TREATMENT WORKER",2015,159,308.16,403.351982441263,2085.72,80121.6,104871.515434728,1,FALSE
"per Day","SENIOR SEWAGE TREATMENT WORKER",2016,165,350.48,456.111378297532,2091.42,98893.06,128698.498917657,1,FALSE
"per Day","SENIOR SEWAGE TREATMENT WORKER",2017,157,368.08,470.713451617063,2085.72,95177.88,121716.769214287,0.993630573248408,FALSE
"per Day","SENIOR SEWAGE TREATMENT WORKER",2018,156,368.08,462.49302051397,2085.72,95700.8,120248.185333632,1,FALSE
"per Day","SENIOR SEWAGE TREATMENT WORKER",2019,167,383.89,473.956182322666,2085.72,99329.26,122633.350341336,1,FALSE
"per Day","SENIOR SEWAGE TREATMENT WORKER",2020,168,396.4,480.898520848687,2080,100891.05,122397.469000684,1,FALSE
"per Day","SENIOR SEWAGE TREATMENT WORKER",2021,154,396.4,471.173663605015,2080,103064,122505.152537304,1,FALSE
"per Day","SENIOR SEWAGE TREATMENT WORKER",2022,163,396.4,448.533820397829,2080,103064,116618.793303436,1,FALSE
"per Day","SENIOR SEWAGE TREATMENT WORKER",2023,164,396.4,426.001246905686,2120,105046,112890.330430007,1,FALSE
"per Day","SENIOR SEWAGE TREATMENT WORKER",2024,156,433.2,450.112378023628,2080,119637.83,124308.559932794,1,FALSE
"per Day","SENIOR SEWAGE TREATMENT WORKER",2025,149,446.16,446.16,2080,115159.21,115159.21,1,FALSE
"per Day","SENIOR STATIONARY ENGINEER",2014,91,436.08,573.551332853673,2085.72,112299.2,147700.779302883,0.967032967032967,FALSE
"per Day","SENIOR STATIONARY ENGINEER",2015,102,436.08,570.787034342504,2085.72,112299.2,146988.917921106,0.970588235294118,FALSE
"per Day","SENIOR STATIONARY ENGINEER",2016,60,420.88,547.729276700141,2091.42,112299.2,146145.123526907,1,FALSE
"per Day","SENIOR STATIONARY ENGINEER",2017,54,420.88,538.235920225466,2085.72,113637.6,145323.698460876,1,FALSE
"per Day","SENIOR SUPERVISOR COMMUNICATION ELECTRICIAN",2014,1,,,,,,,TRUE
"per Day","SENIOR SUPERVISOR COMMUNICATION ELECTRICIAN",2015,1,,,,,,,TRUE
"per Day","SENIOR SUPERVISOR COMMUNICATION ELECTRICIAN",2016,1,,,,,,,TRUE
"per Day","SENIOR SUPERVISOR COMMUNICATION ELECTRICIAN",2017,1,,,,,,,TRUE
"per Day","SENIOR SUPERVISOR COMMUNICATION ELECTRICIAN",2018,2,,,,,,,TRUE
"per Day","SENIOR SUPERVISOR COMMUNICATION ELECTRICIAN",2019,2,,,,,,,TRUE
"per Day","SENIOR SUPERVISOR COMMUNICATION ELECTRICIAN",2020,1,,,,,,,TRUE
"per Day","SENIOR SUPERVISOR COMMUNICATION ELECTRICIAN",2021,1,,,,,,,TRUE
"per Day","SENIOR SUPERVISOR COMMUNICATION ELECTRICIAN",2022,1,,,,,,,TRUE
"per Day","SENIOR SUPERVISOR COMMUNICATION ELECTRICIAN",2023,1,,,,,,,TRUE
"per Day","SEWAGE TREATMENT WORKER",2014,572,279.76,367.95248779844,2085.72,72737.6,95667.6468275943,1,FALSE
"per Day","SEWAGE TREATMENT WORKER",2015,566,279.76,366.179097247429,2085.72,72737.6,95206.5652843315,0.996466431095406,FALSE
"per Day","SEWAGE TREATMENT WORKER",2016,604,318.08,413.946322782695,2091.42,89779.625,116838.360253896,0.950331125827815,FALSE
"per Day","SEWAGE TREATMENT WORKER",2017,601,334.08,427.233074104077,2085.72,86303.54,110367.955879622,0.951747088186356,FALSE
"per Day","SEWAGE TREATMENT WORKER",2018,624,334.08,419.771974280882,2085.72,86860.8,109140.713313029,0.903846153846154,FALSE
"per Day","SEWAGE TREATMENT WORKER",2019,640,348.43,430.176750128126,2085.72,90154.1,111305.564241673,0.8453125,FALSE
"per Day","SEWAGE TREATMENT WORKER",2020,613,359.84,436.545216302199,2080,91586.23,111109.189044167,0.99836867862969,FALSE
"per Day","SEWAGE TREATMENT WORKER",2021,591,359.84,427.717283329032,2080,93558.4,111206.493665548,0.998307952622673,FALSE
"per Day","SEWAGE TREATMENT WORKER",2022,531,359.84,407.165514460027,2080,93558.4,105863.033759607,0.973634651600753,FALSE
"per Day","SEWAGE TREATMENT WORKER",2023,550,359.84,386.711121812669,2120,95357.6,102478.447280357,0.990909090909091,FALSE
"per Day","SEWAGE TREATMENT WORKER",2024,568,393.2,408.55075493742,2080,108232.72,112458.187855876,0.966549295774648,FALSE
"per Day","SEWAGE TREATMENT WORKER",2025,535,404.96,404.96,2080,104525.21,104525.21,1,FALSE
"per Day","SHEET METAL WORKER",2014,31,341.04,448.550602083142,1825,88670.4,116623.156541617,0.967741935483871,FALSE
"per Day","SHEET METAL WORKER",2015,32,341.04,446.388759383983,1825,88670.4,116061.077439836,1,FALSE
"per Day","SHEET METAL WORKER",2016,36,365.54,475.710320768318,1830,98759.45,128524.620119283,1,FALSE
"per Day","SHEET METAL WORKER",2017,38,376.53,481.519604263673,1825,99237.45,126908.287924298,0.973684210526316,FALSE
"per Day","SHEET METAL WORKER",2018,36,376.53,473.110457004252,1790,97897.8,123008.718821106,0.972222222222222,FALSE
"per Day","SHEET METAL WORKER",2019,35,376.53,464.869419182457,1825,97897.8,120866.048987439,0.942857142857143,FALSE
"per Day","SHEET METAL WORKER",2020,36,405.44,491.865530506791,1820,106401.9,129083.038157139,0.916666666666667,FALSE
"per Day","SHEET METAL WORKER",2021,36,405.44,481.918895489448,1820,105414.4,125298.912827256,1,FALSE
"per Day","SHEET METAL WORKER",2022,36,405.44,458.762745060787,1820,105414.4,119278.313715805,0.944444444444444,FALSE
"per Day","SHEET METAL WORKER",2023,36,405.44,435.716310659539,1820,105414.4,113286.24077148,0.916666666666667,FALSE
"per Day","SHEET METAL WORKER",2024,37,443.03,460.326146897064,1820,122362.2,127139.290909979,0.864864864864865,FALSE
"per Day","SHEET METAL WORKER",2025,34,456.33,456.33,1820,117762.3,117762.3,1,FALSE
"per Day","SHIP CARPENTER",2014,6,,,,,,,TRUE
"per Day","SHIP CARPENTER",2015,6,,,,,,,TRUE
"per Day","SHIP CARPENTER",2016,6,,,,,,,TRUE
"per Day","SHIP CARPENTER",2017,6,,,,,,,TRUE
"per Day","SHIP CARPENTER",2018,6,,,,,,,TRUE
"per Day","SHIP CARPENTER",2019,6,,,,,,,TRUE
"per Day","SHIP CARPENTER",2020,5,,,,,,,TRUE
"per Day","SHIP CARPENTER",2021,5,,,,,,,TRUE
"per Day","SHIP CARPENTER",2022,5,,,,,,,TRUE
"per Day","SHIP CARPENTER",2023,5,,,,,,,TRUE
"per Day","SHIP CARPENTER",2024,4,,,,,,,TRUE
"per Day","SHIP CARPENTER",2025,7,,,,,,,TRUE
"per Day","STATIONARY ENGINEER",2014,374,393.68,517.785013570524,2085.72,99809.365,131273.606510339,0.975935828877005,FALSE
"per Day","STATIONARY ENGINEER",2015,370,393.68,515.2894874334,2085.72,98579.93,129031.704940359,0.956756756756757,FALSE
"per Day","STATIONARY ENGINEER",2016,368,476.96,620.711261677673,2091.42,102356.8,133206.177602502,0.932065217391304,FALSE
"per Day","STATIONARY ENGINEER",2017,388,486.72,622.434392444732,2085.72,128897.14,164838.126692479,0.958762886597938,FALSE
"per Day","STATIONARY ENGINEER",2018,401,486.72,611.564341840251,2045.72,126547.2,159006.728878465,0.965087281795511,FALSE
"per Day","STATIONARY ENGINEER",2019,251,486.72,600.911597228602,2085.72,126547.2,156237.015279436,0.964143426294821,FALSE
"per Day","STATIONARY ENGINEER",2020,29,,,,,,,TRUE
"per Day","STEAM FITTER",2014,83,341.88,449.655406521771,1825,88888.8,116910.40569566,0.939759036144578,FALSE
"per Day","STEAM FITTER",2015,90,341.88,447.4882390869,1825,88888.8,116346.942162594,0.966666666666667,FALSE
"per Day","STEAM FITTER",2016,92,385,501.035381889266,1831,127559.94,166005.3071472,0.956521739130435,FALSE
"per Day","STEAM FITTER",2017,87,385,492.351333602938,1825,103950,132934.860072793,0.988505747126437,FALSE
"per Day","STEAM FITTER",2018,93,385,483.75302352173,1790,100100,125775.78611565,0.978494623655914,FALSE
"per Day","STEAM FITTER",2019,86,385,475.32660448104,1825,100100,123584.91716507,0.930232558139535,FALSE
"per Day","STEAM FITTER",2020,103,385,467.068442297539,1820,100100,121437.79499736,0.970873786407767,FALSE
"per Day","STEAM FITTER",2021,98,385,457.623260564911,1820,100100,118982.047746877,0.989795918367347,FALSE
"per Day","STEAM FITTER",2022,85,385,435.634512747639,1820,100100,113264.973314386,0.952941176470588,FALSE
"per Day","STEAM FITTER",2023,95,430.5,462.647671021437,1820,141247.85,151795.560602289,0.936842105263158,FALSE
"per Day","STEAM FITTER",2024,92,430.5,447.306968465309,1820,111930,116299.81180098,0.989130434782609,FALSE
"per Day","STEAM FITTER",2025,97,470.47,470.47,1820,131247.65,131247.65,0.917525773195876,FALSE
"per Day","STEAM FITTER S HELPER",2014,18,,,,,,,TRUE
"per Day","STEAM FITTER S HELPER",2015,15,,,,,,,TRUE
"per Day","STEAM FITTER S HELPER",2016,12,,,,,,,TRUE
"per Day","STEAM FITTER S HELPER",2017,14,,,,,,,TRUE
"per Day","STEAM FITTER S HELPER",2018,15,,,,,,,TRUE
"per Day","STEAM FITTER S HELPER",2019,16,,,,,,,TRUE
"per Day","STEAM FITTER S HELPER",2020,14,,,,,,,TRUE
"per Day","STEAM FITTER S HELPER",2021,13,,,,,,,TRUE
"per Day","STEAM FITTER S HELPER",2022,13,,,,,,,TRUE
"per Day","STEAM FITTER S HELPER",2023,13,,,,,,,TRUE
"per Day","STEAM FITTER S HELPER",2024,13,,,,,,,TRUE
"per Day","STEAM FITTER S HELPER",2025,12,,,,,,,TRUE
"per Day","SUBSTITUTE ED PARA",2014,4865,129.61,170.468694393608,0,7634.03,10040.6074150269,0,FALSE
"per Day","SUBSTITUTE ED PARA",2015,5733,136.21,178.285869445497,0,9735.96,12743.4409623859,0,FALSE
"per Day","SUBSTITUTE ED PARA",2016,6055,140.96,183.444019301587,0,11339.32,14756.8844845834,0,FALSE
"per Day","SUBSTITUTE ED PARA",2017,6746,147.37,188.461859826143,0,13159.31,16828.5813708947,0,FALSE
"per Day","SUBSTITUTE ED PARA",2018,7820,154.77,194.468715455736,0,9505.035,11943.0894024153,0,FALSE
"per Day","SUBSTITUTE ED PARA",2019,8349,157.87,194.908600128368,0,6762.12,8348.61178881384,0,FALSE
"per Day","SUBSTITUTE ED PARA",2020,7963,161.82,196.314325539189,0,12865.51,15607.9836754894,0,FALSE
"per Day","SUBSTITUTE ED PARA",2021,6607,166.67,198.10926971001,0,9158.92,10886.5839835147,0,FALSE
"per Day","SUBSTITUTE ED PARA",2022,12178,166.67,188.590140882205,0,14592.145,16511.2778623842,0,FALSE
"per Day","SUBSTITUTE ED PARA",2023,10405,166.67,179.116114585698,0,13224.93,14212.5042135227,0,FALSE
"per Day","SUBSTITUTE ED PARA",2024,12207,176.82,183.723154852581,0,15343.1,15942.1034793498,0,FALSE
"per Day","SUBSTITUTE ED PARA",2025,13657,182.12,182.12,0,14264.27,14264.27,0,FALSE
"per Day","SUPERVISING COMMUNICATION ELECTRICIAN",2014,8,,,,,,,TRUE
"per Day","SUPERVISING COMMUNICATION ELECTRICIAN",2015,6,,,,,,,TRUE
"per Day","SUPERVISING COMMUNICATION ELECTRICIAN",2016,7,,,,,,,TRUE
"per Day","SUPERVISING COMMUNICATION ELECTRICIAN",2017,7,,,,,,,TRUE
"per Day","SUPERVISING COMMUNICATION ELECTRICIAN",2018,8,,,,,,,TRUE
"per Day","SUPERVISING COMMUNICATION ELECTRICIAN",2019,9,,,,,,,TRUE
"per Day","SUPERVISING COMMUNICATION ELECTRICIAN",2020,9,,,,,,,TRUE
"per Day","SUPERVISING COMMUNICATION ELECTRICIAN",2021,9,,,,,,,TRUE
"per Day","SUPERVISING COMMUNICATION ELECTRICIAN",2022,9,,,,,,,TRUE
"per Day","SUPERVISING COMMUNICATION ELECTRICIAN",2023,9,,,,,,,TRUE
"per Day","SUPERVISING COMMUNICATION ELECTRICIAN",2024,9,,,,,,,TRUE
"per Day","SUPERVISOR",2014,19,,,,,,,TRUE
"per Day","SUPERVISOR",2015,25,,,,,,,TRUE
"per Day","SUPERVISOR",2016,8,,,,,,,TRUE
"per Day","SUPERVISOR",2017,2,,,,,,,TRUE
"per Day","SUPERVISOR",2019,1,,,,,,,TRUE
"per Day","SUPERVISOR",2020,1,,,,,,,TRUE
"per Day","SUPERVISOR",2021,1,,,,,,,TRUE
"per Day","SUPERVISOR",2022,1,,,,,,,TRUE
"per Day","SUPERVISOR",2023,1,,,,,,,TRUE
"per Day","SUPERVISOR",2024,1,,,,,,,TRUE
"per Day","SUPERVISOR",2025,1,,,,,,,TRUE
"per Day","SUPERVISOR BOILER MAKER",2014,1,,,,,,,TRUE
"per Day","SUPERVISOR BOILER MAKER",2015,1,,,,,,,TRUE
"per Day","SUPERVISOR BOILER MAKER",2016,1,,,,,,,TRUE
"per Day","SUPERVISOR BOILER MAKER",2017,1,,,,,,,TRUE
"per Day","SUPERVISOR BOILER MAKER",2018,1,,,,,,,TRUE
"per Day","SUPERVISOR BRICKLAYER",2014,14,,,,,,,TRUE
"per Day","SUPERVISOR BRICKLAYER",2015,18,,,,,,,TRUE
"per Day","SUPERVISOR BRICKLAYER",2016,16,,,,,,,TRUE
"per Day","SUPERVISOR BRICKLAYER",2017,20,,,,,,,TRUE
"per Day","SUPERVISOR BRICKLAYER",2018,19,,,,,,,TRUE
"per Day","SUPERVISOR BRICKLAYER",2019,19,,,,,,,TRUE
"per Day","SUPERVISOR BRICKLAYER",2020,19,,,,,,,TRUE
"per Day","SUPERVISOR BRICKLAYER",2021,17,,,,,,,TRUE
"per Day","SUPERVISOR BRICKLAYER",2022,15,,,,,,,TRUE
"per Day","SUPERVISOR BRICKLAYER",2023,17,,,,,,,TRUE
"per Day","SUPERVISOR BRICKLAYER",2024,18,,,,,,,TRUE
"per Day","SUPERVISOR BRICKLAYER",2025,15,,,,,,,TRUE
"per Day","SUPERVISOR BRIDGE PAINTER",2014,6,,,,,,,TRUE
"per Day","SUPERVISOR BRIDGE PAINTER",2015,6,,,,,,,TRUE
"per Day","SUPERVISOR BRIDGE PAINTER",2016,6,,,,,,,TRUE
"per Day","SUPERVISOR BRIDGE PAINTER",2017,8,,,,,,,TRUE
"per Day","SUPERVISOR BRIDGE PAINTER",2018,7,,,,,,,TRUE
"per Day","SUPERVISOR BRIDGE PAINTER",2019,8,,,,,,,TRUE
"per Day","SUPERVISOR BRIDGE PAINTER",2020,8,,,,,,,TRUE
"per Day","SUPERVISOR BRIDGE PAINTER",2021,8,,,,,,,TRUE
"per Day","SUPERVISOR BRIDGE PAINTER",2022,9,,,,,,,TRUE
"per Day","SUPERVISOR BRIDGE PAINTER",2023,8,,,,,,,TRUE
"per Day","SUPERVISOR BRIDGE PAINTER",2024,7,,,,,,,TRUE
"per Day","SUPERVISOR BRIDGE REPAIRER AND RIVETER",2014,4,,,,,,,TRUE
"per Day","SUPERVISOR BRIDGE REPAIRER AND RIVETER",2015,4,,,,,,,TRUE
"per Day","SUPERVISOR BRIDGE REPAIRER AND RIVETER",2016,4,,,,,,,TRUE
"per Day","SUPERVISOR BRIDGE REPAIRER AND RIVETER",2017,4,,,,,,,TRUE
"per Day","SUPERVISOR BRIDGE REPAIRER AND RIVETER",2018,4,,,,,,,TRUE
"per Day","SUPERVISOR BRIDGE REPAIRER AND RIVETER",2019,4,,,,,,,TRUE
"per Day","SUPERVISOR BRIDGE REPAIRER AND RIVETER",2020,3,,,,,,,TRUE
"per Day","SUPERVISOR BRIDGE REPAIRER AND RIVETER",2021,3,,,,,,,TRUE
"per Day","SUPERVISOR BRIDGE REPAIRER AND RIVETER",2022,2,,,,,,,TRUE
"per Day","SUPERVISOR BRIDGE REPAIRER AND RIVETER",2023,4,,,,,,,TRUE
"per Day","SUPERVISOR BRIDGE REPAIRER AND RIVETER",2024,4,,,,,,,TRUE
"per Day","SUPERVISOR BRIDGE REPAIRER AND RIVETER",2025,3,,,,,,,TRUE
"per Day","SUPERVISOR CARPENTER",2014,47,312.97,411.631720425642,1825,81372.2,107024.247310667,1,FALSE
"per Day","SUPERVISOR CARPENTER",2015,45,312.97,409.647812644867,1825,81372.2,106508.431287665,1,FALSE
"per Day","SUPERVISOR CARPENTER",2016,43,370.16,481.722745350989,1830,147042.55,191359.792709666,1,FALSE
"per Day","SUPERVISOR CARPENTER",2017,43,370.16,473.373427653152,1825,98092.4,125443.958328085,1,FALSE
"per Day","SUPERVISOR CARPENTER",2018,46,370.16,465.106543342347,1790,96241.6,120927.70126901,1,FALSE
"per Day","SUPERVISOR CARPENTER",2019,43,377.58,466.165764467405,1820,98133.7,121157.294561457,1,FALSE
"per Day","SUPERVISOR CARPENTER",2020,40,386.05,468.342265321987,1820,100324.6,121710.271808114,1,FALSE
"per Day","SUPERVISOR CARPENTER",2021,41,397.6,472.600021819762,1820,103029.5,122464.14473863,1,FALSE
"per Day","SUPERVISOR CARPENTER",2022,39,397.6,449.891642255744,1820,103376,116971.826986493,1,FALSE
"per Day","SUPERVISOR CARPENTER",2023,47,397.6,427.290857138498,1820,103376,111095.62285601,1,FALSE
"per Day","SUPERVISOR CARPENTER",2024,44,422.87,439.379088861615,1820,116078.98,120610.770374786,1,FALSE
"per Day","SUPERVISOR CARPENTER",2025,45,422.87,422.87,1820,109946.2,109946.2,1,FALSE
"per Day","SUPERVISOR DOCKBUILDER",2014,1,,,,,,,TRUE
"per Day","SUPERVISOR DOCKBUILDER",2015,1,,,,,,,TRUE
"per Day","SUPERVISOR DOCKBUILDER",2016,1,,,,,,,TRUE
"per Day","SUPERVISOR DOCKBUILDER",2017,1,,,,,,,TRUE
"per Day","SUPERVISOR DOCKBUILDER",2018,1,,,,,,,TRUE
"per Day","SUPERVISOR DOCKBUILDER",2019,1,,,,,,,TRUE
"per Day","SUPERVISOR DOCKBUILDER",2022,1,,,,,,,TRUE
"per Day","SUPERVISOR DOCKBUILDER",2023,1,,,,,,,TRUE
"per Day","SUPERVISOR DOCKBUILDER",2024,1,,,,,,,TRUE
"per Day","SUPERVISOR DOCKBUILDER",2025,1,,,,,,,TRUE
"per Day","SUPERVISOR ELECTRICIAN",2014,71,369.25,485.653617813747,1825,96005,126269.940631574,1,FALSE
"per Day","SUPERVISOR ELECTRICIAN",2015,72,369.25,483.312952740253,1825,96005,125661.367712466,0.986111111111111,FALSE
"per Day","SUPERVISOR ELECTRICIAN",2016,73,369.25,480.538479902887,1830,96005,124940.004774751,1,FALSE
"per Day","SUPERVISOR ELECTRICIAN",2017,70,401.66,513.656718584301,1825,110837.6,141742.961489218,1,FALSE
"per Day","SUPERVISOR ELECTRICIAN",2018,72,419.93,527.642616019429,1790,107336.54,134868.508465873,0.986111111111111,FALSE
"per Day","SUPERVISOR ELECTRICIAN",2019,78,441.28,544.810711754268,1825,112555.1,138962.164935127,1,FALSE
"per Day","SUPERVISOR ELECTRICIAN",2020,79,450.1,546.045469813305,1820,116911.34,141832.72067719,1,FALSE
"per Day","SUPERVISOR ELECTRICIAN",2021,71,460.25,547.067806948052,1820,119520,142065.278188878,1,FALSE
"per Day","SUPERVISOR ELECTRICIAN",2022,72,474.04,536.384894604911,1820,122740.17,138882.738058474,1,FALSE
"per Day","SUPERVISOR ELECTRICIAN",2023,80,474.04,509.439028968646,1820,123250.4,132454.147531848,1,FALSE
"per Day","SUPERVISOR ELECTRICIAN",2025,1,,,,,,,TRUE
"per Day","SUPERVISOR ELEVATOR MECHANIC",2014,33,394.08,518.311110922252,2085.72,189296.34,248970.757914424,1,FALSE
"per Day","SUPERVISOR ELEVATOR MECHANIC",2015,31,394.08,515.813049196693,2085.72,102460.8,134111.39279114,1,FALSE
"per Day","SUPERVISOR ELEVATOR MECHANIC",2016,29,,,,,,,TRUE
"per Day","SUPERVISOR ELEVATOR MECHANIC",2017,29,,,,,,,TRUE
"per Day","SUPERVISOR ELEVATOR MECHANIC",2018,28,,,,,,,TRUE
"per Day","SUPERVISOR ELEVATOR MECHANIC",2019,28,,,,,,,TRUE
"per Day","SUPERVISOR ELEVATOR MECHANIC",2020,28,,,,,,,TRUE
"per Day","SUPERVISOR ELEVATOR MECHANIC",2021,28,,,,,,,TRUE
"per Day","SUPERVISOR GLAZIER",2014,4,,,,,,,TRUE
"per Day","SUPERVISOR GLAZIER",2015,3,,,,,,,TRUE
"per Day","SUPERVISOR GLAZIER",2016,3,,,,,,,TRUE
"per Day","SUPERVISOR GLAZIER",2017,4,,,,,,,TRUE
"per Day","SUPERVISOR GLAZIER",2018,4,,,,,,,TRUE
"per Day","SUPERVISOR GLAZIER",2019,4,,,,,,,TRUE
"per Day","SUPERVISOR GLAZIER",2020,4,,,,,,,TRUE
"per Day","SUPERVISOR GLAZIER",2021,4,,,,,,,TRUE
"per Day","SUPERVISOR GLAZIER",2022,5,,,,,,,TRUE
"per Day","SUPERVISOR GLAZIER",2023,5,,,,,,,TRUE
"per Day","SUPERVISOR GLAZIER",2024,5,,,,,,,TRUE
"per Day","SUPERVISOR GLAZIER",2025,5,,,,,,,TRUE
"per Day","SUPERVISOR HIGHWAY REPAIRER",2014,126,311.52,409.724617525629,2085.72,80995.2,106528.400556664,0.992063492063492,FALSE
"per Day","SUPERVISOR HIGHWAY REPAIRER",2015,142,311.52,407.749901252928,2085.72,80995.2,106014.974325761,1,FALSE
"per Day","SUPERVISOR HIGHWAY REPAIRER",2016,144,354.24,461.004606962217,2091.42,104820.505,136412.420136365,1,FALSE
"per Day","SUPERVISOR HIGHWAY REPAIRER",2017,151,372,475.726483377384,2085.72,100178.13,128111.262086619,1,FALSE
"per Day","SUPERVISOR HIGHWAY REPAIRER",2018,145,372,467.418505844373,2045.72,108284.69,136059.860230164,1,FALSE
"per Day","SUPERVISOR HIGHWAY REPAIRER",2019,162,372,459.276615238823,2085.72,96720,119411.919962094,1,FALSE
"per Day","SUPERVISOR HIGHWAY REPAIRER",2020,161,399.68,484.877701344105,2080,110181.62,133668.461359011,1,FALSE
"per Day","SUPERVISOR HIGHWAY REPAIRER",2021,156,399.68,475.072376058659,2080,103916.8,123518.817775251,1,FALSE
"per Day","SUPERVISOR HIGHWAY REPAIRER",2022,163,399.68,452.245200142796,2080,103916.8,117583.752037127,0.993865030674847,FALSE
"per Day","SUPERVISOR HIGHWAY REPAIRER",2023,158,399.68,429.52618154204,2080,103916.8,111676.80720093,1,FALSE
"per Day","SUPERVISOR HIGHWAY REPAIRER",2024,155,449.84,467.40201322749,2080,127943.46,132938.446521632,0.993548387096774,FALSE
"per Day","SUPERVISOR HIGHWAY REPAIRER",2025,153,464.48,464.48,2080,118363.82,118363.82,0.993464052287582,FALSE
"per Day","SUPERVISOR LOCKSMITH",2014,2,,,,,,,TRUE
"per Day","SUPERVISOR LOCKSMITH",2015,2,,,,,,,TRUE
"per Day","SUPERVISOR LOCKSMITH",2016,2,,,,,,,TRUE
"per Day","SUPERVISOR LOCKSMITH",2017,2,,,,,,,TRUE
"per Day","SUPERVISOR LOCKSMITH",2018,2,,,,,,,TRUE
"per Day","SUPERVISOR LOCKSMITH",2019,1,,,,,,,TRUE
"per Day","SUPERVISOR OF MECHANICS",2014,46,395.92,520.7311587402,2085.72,102939.2,135390.101272452,1,FALSE
"per Day","SUPERVISOR OF MECHANICS",2015,45,430.56,563.561882009054,2085.72,102939.2,134737.572660039,1,FALSE
"per Day","SUPERVISOR OF MECHANICS",2016,45,450.16,585.833993535771,2091.42,131026.91,170517.18932369,1,FALSE
"per Day","SUPERVISOR OF MECHANICS",2017,42,476.4,609.236819034908,2085.72,126525.49,161805.178535754,1,FALSE
"per Day","SUPERVISOR OF MECHANICS",2018,41,476.4,598.597247807149,2045.72,123864,155635.284429859,0.975609756097561,FALSE
"per Day","SUPERVISOR OF MECHANICS",2019,42,496.88,613.455281128673,2085.72,130544.4,161172.016587051,1,FALSE
"per Day","SUPERVISOR PAINTER",2014,57,280,368.268146209476,1825,72800,95749.7180144639,1,FALSE
"per Day","SUPERVISOR PAINTER",2015,57,280,366.493234305405,1825,72800,95288.2409194053,1,FALSE
"per Day","SUPERVISOR PAINTER",2016,55,318.36,414.310712151342,1830,91297.29,118813.435222351,1,FALSE
"per Day","SUPERVISOR PAINTER",2017,55,334.32,427.539994415933,1825,85359.12,109160.198875775,1,FALSE
"per Day","SUPERVISOR PAINTER",2018,55,334.32,420.073534607234,1825,86923.2,109219.118997881,0.981818181818182,FALSE
"per Day","SUPERVISOR PAINTER",2019,91,334.32,412.756338727536,1825,83878.5,103557.617127176,1,FALSE
"per Day","SUPERVISOR PAINTER",2020,98,334.32,405.585250984191,1820,86923.2,105452.16525589,1,FALSE
"per Day","SUPERVISOR PAINTER",2021,90,334.32,397.38339862873,1820,86923.2,103319.68364347,0.988888888888889,FALSE
"per Day","SUPERVISOR PAINTER",2022,94,360.08,407.43707883161,1890,112739.1,127566.345184694,0.978723404255319,FALSE
"per Day","SUPERVISOR PAINTER",2023,101,360.08,386.969043859231,1820,93620.8,100611.9514034,0.99009900990099,FALSE
"per Day","SUPERVISOR PAINTER",2024,98,405.3,421.123145920998,1820,110812.37,115138.548880734,0.979591836734694,FALSE
"per Day","SUPERVISOR PAINTER",2025,94,418.46,418.46,1820,105366.16,105366.16,0.98936170212766,FALSE
"per Day","SUPERVISOR PER SESSION",2014,975,34.78,45.7441647327342,0,2402.15,3159.41188363248,0,FALSE
"per Day","SUPERVISOR PER SESSION",2015,1007,34.78,45.5236953183642,0,1980.32,2592.04957771314,0,FALSE
"per Day","SUPERVISOR PER SESSION",2016,942,34.78,45.2623651483342,0,2327.965,3029.59177350609,0,FALSE
"per Day","SUPERVISOR PER SESSION",2017,1007,34.78,44.47786852652,0,2641.85,3378.4892744907,0,FALSE
"per Day","SUPERVISOR PER SESSION",2018,1003,34.78,43.7011172937293,0,2669.75,3354.54450531725,0,FALSE
"per Day","SUPERVISOR PER SESSION",2019,1187,34.78,42.9398942957157,0,2425.73,2994.84156957868,0,FALSE
"per Day","SUPERVISOR PER SESSION",2020,1145,34.78,42.193871228853,0,1799.39,2182.95658282018,0,FALSE
"per Day","SUPERVISOR PER SESSION",2021,1098,34.78,41.340615590773,0,1353.965,1609.36591685914,0,FALSE
"per Day","SUPERVISOR PER SESSION",2022,1384,34.78,39.3542035152283,0,4856.585,5495.31438985063,0,FALSE
"per Day","SUPERVISOR PER SESSION",2023,1344,34.78,37.3772032476785,0,4973.38,5344.76811638698,0,FALSE
"per Day","SUPERVISOR PER SESSION",2024,1337,34.78,36.1378312734575,0,4412.17,4584.42366330681,0,FALSE
"per Day","SUPERVISOR PER SESSION",2025,1305,34.78,34.78,0,5180.76,5180.76,0,FALSE
"per Day","SUPERVISOR PLASTERER",2014,29,,,,,,,TRUE
"per Day","SUPERVISOR PLASTERER",2015,29,,,,,,,TRUE
"per Day","SUPERVISOR PLASTERER",2016,29,,,,,,,TRUE
"per Day","SUPERVISOR PLASTERER",2017,28,,,,,,,TRUE
"per Day","SUPERVISOR PLASTERER",2018,26,,,,,,,TRUE
"per Day","SUPERVISOR PLASTERER",2019,30,368.08,454.436926175016,2085.72,95700.8,118153.600805504,1,FALSE
"per Day","SUPERVISOR PLASTERER",2020,28,,,,,,,TRUE
"per Day","SUPERVISOR PLASTERER",2021,30,368.08,437.511609736967,2080,95700.8,113753.018531611,1,FALSE
"per Day","SUPERVISOR PLASTERER",2022,32,396.4,448.533820397829,2160,129245.53,146243.671393144,1,FALSE
"per Day","SUPERVISOR PLASTERER",2023,32,396.4,426.001246905686,2080,103064,110760.324195478,1,FALSE
"per Day","SUPERVISOR PLASTERER",2024,30,446.16,463.578343903559,2080,130929.04,136040.585287975,1,FALSE
"per Day","SUPERVISOR PLASTERER",2025,32,460.64,460.64,2080,118550.86,118550.86,1,FALSE
"per Day","SUPERVISOR PLUMBER",2014,43,339.57,446.617194315543,1825,88288.2,116120.470522041,0.976744186046512,FALSE
"per Day","SUPERVISOR PLUMBER",2015,46,378.98,496.048592632366,1825,88288.2,115560.814175009,0.978260869565217,FALSE
"per Day","SUPERVISOR PLUMBER",2016,47,378.98,493.201010463361,1830,154689.97,201312.073229582,1,FALSE
"per Day","SUPERVISOR PLUMBER",2017,45,378.98,484.652749113874,1825,100429.7,128432.978515177,1,FALSE
"per Day","SUPERVISOR PLUMBER",2018,48,378.98,476.188885335754,1790,98534.8,123809.110187296,0.979166666666667,FALSE
"per Day","SUPERVISOR PLUMBER",2019,47,387.03,477.83287203194,1825,101229.8,124979.784691675,0.978723404255319,FALSE
"per Day","SUPERVISOR PLUMBER",2020,50,387.03,469.531166811472,1820,100627.8,122078.103370983,1,FALSE
"per Day","SUPERVISOR PLUMBER",2021,49,387.03,460.036183211526,1820,100627.8,119609.407634997,1,FALSE
"per Day","SUPERVISOR PLUMBER",2022,51,387.03,437.931494723945,1820,100627.8,113862.188628226,1,FALSE
"per Day","SUPERVISOR PLUMBER",2023,52,416.78,447.903127359616,1820,126078.495,135493.431074653,1,FALSE
"per Day","SUPERVISOR PLUMBER",2024,54,442.19,459.453352812253,1820,117458.145,122043.778772378,1,FALSE
"per Day","SUPERVISOR PLUMBER",2025,55,455.49,455.49,1820,117988.49,117988.49,1,FALSE
"per Day","SUPERVISOR ROOFER",2014,10,,,,,,,TRUE
"per Day","SUPERVISOR ROOFER",2015,10,,,,,,,TRUE
"per Day","SUPERVISOR ROOFER",2016,10,,,,,,,TRUE
"per Day","SUPERVISOR ROOFER",2017,9,,,,,,,TRUE
"per Day","SUPERVISOR ROOFER",2018,9,,,,,,,TRUE
"per Day","SUPERVISOR ROOFER",2019,10,,,,,,,TRUE
"per Day","SUPERVISOR ROOFER",2020,9,,,,,,,TRUE
"per Day","SUPERVISOR ROOFER",2021,9,,,,,,,TRUE
"per Day","SUPERVISOR ROOFER",2022,8,,,,,,,TRUE
"per Day","SUPERVISOR ROOFER",2023,7,,,,,,,TRUE
"per Day","SUPERVISOR ROOFER",2024,7,,,,,,,TRUE
"per Day","SUPERVISOR ROOFER",2025,7,,,,,,,TRUE
"per Day","SUPERVISOR SHEET METAL WORKER",2014,2,,,,,,,TRUE
"per Day","SUPERVISOR SHEET METAL WORKER",2015,4,,,,,,,TRUE
"per Day","SUPERVISOR SHEET METAL WORKER",2016,4,,,,,,,TRUE
"per Day","SUPERVISOR SHEET METAL WORKER",2017,4,,,,,,,TRUE
"per Day","SUPERVISOR SHEET METAL WORKER",2018,4,,,,,,,TRUE
"per Day","SUPERVISOR SHEET METAL WORKER",2019,4,,,,,,,TRUE
"per Day","SUPERVISOR SHEET METAL WORKER",2020,3,,,,,,,TRUE
"per Day","SUPERVISOR SHEET METAL WORKER",2021,3,,,,,,,TRUE
"per Day","SUPERVISOR SHEET METAL WORKER",2022,4,,,,,,,TRUE
"per Day","SUPERVISOR SHEET METAL WORKER",2023,3,,,,,,,TRUE
"per Day","SUPERVISOR SHEET METAL WORKER",2024,3,,,,,,,TRUE
"per Day","SUPERVISOR SHEET METAL WORKER",2025,4,,,,,,,TRUE
"per Day","SUPERVISOR SHIP CARPENTER",2014,1,,,,,,,TRUE
"per Day","SUPERVISOR SHIP CARPENTER",2015,1,,,,,,,TRUE
"per Day","SUPERVISOR SHIP CARPENTER",2016,1,,,,,,,TRUE
"per Day","SUPERVISOR SHIP CARPENTER",2017,1,,,,,,,TRUE
"per Day","SUPERVISOR SHIP CARPENTER",2018,1,,,,,,,TRUE
"per Day","SUPERVISOR SHIP CARPENTER",2019,1,,,,,,,TRUE
"per Day","SUPERVISOR SHIP CARPENTER",2020,1,,,,,,,TRUE
"per Day","SUPERVISOR SHIP CARPENTER",2021,1,,,,,,,TRUE
"per Day","SUPERVISOR SHIP CARPENTER",2024,1,,,,,,,TRUE
"per Day","SUPERVISOR STEAMFITTER",2014,9,,,,,,,TRUE
"per Day","SUPERVISOR STEAMFITTER",2015,7,,,,,,,TRUE
"per Day","SUPERVISOR STEAMFITTER",2016,6,,,,,,,TRUE
"per Day","SUPERVISOR STEAMFITTER",2017,7,,,,,,,TRUE
"per Day","SUPERVISOR STEAMFITTER",2018,8,,,,,,,TRUE
"per Day","SUPERVISOR STEAMFITTER",2019,8,,,,,,,TRUE
"per Day","SUPERVISOR STEAMFITTER",2020,6,,,,,,,TRUE
"per Day","SUPERVISOR STEAMFITTER",2021,6,,,,,,,TRUE
"per Day","SUPERVISOR STEAMFITTER",2022,7,,,,,,,TRUE
"per Day","SUPERVISOR STEAMFITTER",2023,6,,,,,,,TRUE
"per Day","SUPERVISOR STEAMFITTER",2024,6,,,,,,,TRUE
"per Day","SUPERVISOR STEAMFITTER",2025,7,,,,,,,TRUE
"per Day","SUPERVISOR THERMOSTAT REPAIR",2014,2,,,,,,,TRUE
"per Day","SUPERVISOR THERMOSTAT REPAIR",2015,2,,,,,,,TRUE
"per Day","SUPERVISOR THERMOSTAT REPAIR",2016,3,,,,,,,TRUE
"per Day","SUPERVISOR THERMOSTAT REPAIR",2017,2,,,,,,,TRUE
"per Day","SUPERVISOR THERMOSTAT REPAIR",2018,3,,,,,,,TRUE
"per Day","SUPERVISOR THERMOSTAT REPAIR",2019,3,,,,,,,TRUE
"per Day","SUPERVISOR THERMOSTAT REPAIR",2020,3,,,,,,,TRUE
"per Day","SUPERVISOR THERMOSTAT REPAIR",2021,2,,,,,,,TRUE
"per Day","SUPERVISOR THERMOSTAT REPAIR",2022,3,,,,,,,TRUE
"per Day","SUPERVISOR THERMOSTAT REPAIR",2023,2,,,,,,,TRUE
"per Day","SUPERVISOR THERMOSTAT REPAIR",2024,2,,,,,,,TRUE
"per Day","SUPERVISOR THERMOSTAT REPAIR",2025,2,,,,,,,TRUE
"per Day","TEACHER",2014,7,,,,,,,TRUE
"per Day","TEACHER",2015,5,,,,,,,TRUE
"per Day","TEACHER",2016,6,,,,,,,TRUE
"per Day","TEACHER",2017,6,,,,,,,TRUE
"per Day","TEACHER",2018,4,,,,,,,TRUE
"per Day","TEACHER",2020,2,,,,,,,TRUE
"per Day","TEACHER",2021,11,,,,,,,TRUE
"per Day","TEACHER",2022,12,,,,,,,TRUE
"per Day","TEACHER",2023,10,,,,,,,TRUE
"per Day","TEACHER",2024,10,,,,,,,TRUE
"per Day","TEACHER",2025,15,,,,,,,TRUE
"per Day","TEACHER GENERAL ED",2014,12656,110.29,145.058192305154,0,6198.8,8152.93065972608,0,FALSE
"per Day","TEACHER GENERAL ED",2015,12486,110.29,144.359067184083,0,6396.8,8372.79971858863,0,FALSE
"per Day","TEACHER GENERAL ED",2016,10948,110.29,143.530369528746,0,7625.765,9924.09890642285,0,FALSE
"per Day","TEACHER GENERAL ED",2017,10741,110.29,141.042671644333,0,8859.33,11329.6180268273,0,FALSE
"per Day","TEACHER GENERAL ED",2018,11271,110.29,138.579534971978,0,8993.61,11300.4831944812,0,FALSE
"per Day","TEACHER GENERAL ED",2019,10933,110.29,136.165639501854,0,10242.98,12646.1322160187,0,FALSE
"per Day","TEACHER GENERAL ED",2020,10421,110.29,133.79994415843,0,9060,10991.272953807,0,FALSE
"per Day","TEACHER GENERAL ED",2021,11428,110.29,131.094206253777,0,12971.92,15418.8372108758,0,FALSE
"per Day","TEACHER GENERAL ED",2022,15954,110.29,124.795143924512,0,11860.645,13420.5358583058,0,FALSE
"per Day","TEACHER GENERAL ED",2023,14139,110.29,118.525927147397,0,11557.66,12420.7305028052,0,FALSE
"per Day","TEACHER GENERAL ED",2024,14720,110.29,114.595785254446,0,11391.155,11835.8722656642,0,FALSE
"per Day","TEACHER GENERAL ED",2025,15485,110.29,110.29,0,11645.3,11645.3,0,FALSE
"per Day","TEACHER PER SESSION",2014,73769,33.18,43.639775325823,0,2063.05,2713.41285370522,0,FALSE
"per Day","TEACHER PER SESSION",2015,76562,33.18,43.4294482651905,0,2021.785,2646.32329900055,0,FALSE
"per Day","TEACHER PER SESSION",2016,72340,33.18,43.1801401846386,0,2199.84,2862.85110258515,0,FALSE
"per Day","TEACHER PER SESSION",2017,73856,33.18,42.4317331141441,0,2356.49,3013.56102369347,0,FALSE
"per Day","TEACHER PER SESSION",2018,74982,33.18,41.6907151180546,0,2386.305,2998.39547738967,0,FALSE
"per Day","TEACHER PER SESSION",2019,79933,33.18,40.964511004366,0,2467.63,3046.5719195209,0,FALSE
"per Day","TEACHER PER SESSION",2020,78526,33.18,40.2528075725516,0,1751.26,2124.56696170906,0,FALSE
"per Day","TEACHER PER SESSION",2021,68467,33.18,39.4388046377759,0,983.76,1169.32846445023,0,FALSE
"per Day","TEACHER PER SESSION",2022,87224,33.18,37.543774371342,0,2806.96,3176.12636857692,0,FALSE
"per Day","TEACHER PER SESSION",2023,79125,33.18,35.657722937262,0,2986.9,3209.94733698939,0,FALSE
"per Day","TEACHER PER SESSION",2024,81461,33.18,34.4753663500092,0,2862.9,2974.66926833759,0,FALSE
"per Day","TEACHER PER SESSION",2025,78402,33.18,33.18,0,3349.71,3349.71,0,FALSE
"per Day","TEACHER SPECIAL ED",2014,212,306.67,403.345687135929,0,13660.475,17966.8493021103,0,FALSE
"per Day","TEACHER SPECIAL ED",2015,242,306.67,401.401714872995,0,15781.385,20656.3243945314,0,FALSE
"per Day","TEACHER SPECIAL ED",2016,242,312.83,407.114022120569,0,17693.765,23026.4994904777,0,FALSE
"per Day","TEACHER SPECIAL ED",2017,242,322.27,412.130037091477,0,15496.11,19816.9621406697,0,FALSE
"per Day","TEACHER SPECIAL ED",2018,231,333.52,419.068333519396,0,18213.96,22885.8655072827,0,FALSE
"per Day","TEACHER SPECIAL ED",2019,219,355.53,438.942513483491,0,18004.43,22228.5313701729,0,FALSE
"per Day","TEACHER SPECIAL ED",2020,222,366.19,444.248812688145,0,16945.76,20557.9992902544,0,FALSE
"per Day","TEACHER SPECIAL ED",2021,156,373.52,443.977766977157,0,8576.99,10194.8834535913,0,FALSE
"per Day","TEACHER SPECIAL ED",2022,142,382.86,433.213063767691,0,18167.86,20557.2645162788,0,FALSE
"per Day","TEACHER SPECIAL ED",2023,163,394.35,423.798162757965,0,17781.82,19109.6808583564,0,FALSE
"per Day","TEACHER SPECIAL ED",2024,178,394.35,409.745651601149,0,17308.445,17984.1766824588,0,FALSE
"per Day","TEACHER SPECIAL ED",2025,149,406.18,406.18,0,17579.8,17579.8,0,FALSE
"per Day","THERMOSTAT REPAIRER",2014,26,,,,,,,TRUE
"per Day","THERMOSTAT REPAIRER",2015,33,361.48,473.142765488278,1825,83738.2,109605.299117546,1,FALSE
"per Day","THERMOSTAT REPAIRER",2016,40,361.48,470.42667492294,1830,141370.415,183978.129525634,0.95,FALSE
"per Day","THERMOSTAT REPAIRER",2017,39,361.48,462.273143041013,1825,97599.6,124813.748621074,0.897435897435897,FALSE
"per Day","THERMOSTAT REPAIRER",2018,46,361.48,454.200111539312,1790,93984.8,118092.029000221,0.847826086956522,FALSE
"per Day","THERMOSTAT REPAIRER",2019,42,369.53,456.227117282801,1825,96716.3,119407.351888233,1,FALSE
"per Day","THERMOSTAT REPAIRER",2020,39,369.53,448.300783070675,1820,96077.8,116558.203598375,1,FALSE
"per Day","THERMOSTAT REPAIRER",2021,36,369.53,439.235125913121,1820,96077.8,114201.132737411,0.972222222222222,FALSE
"per Day","THERMOSTAT REPAIRER",2022,38,369.53,418.129925962689,1820,96077.8,108713.780750299,0.921052631578947,FALSE
"per Day","THERMOSTAT REPAIRER",2023,36,398.02,427.742220719983,1820,120452.43,129447.238579263,0.916666666666667,FALSE
"per Day","THERMOSTAT REPAIRER",2024,34,422.31,438.797226138408,1820,112171.78,116551.031031725,1,FALSE
"per Day","THERMOSTAT REPAIRER",2025,31,434.98,434.98,1820,112676.69,112676.69,0.967741935483871,FALSE
"per Day","TRACTOR OPERATOR",2014,17,,,,,,,TRUE
"per Day","TRACTOR OPERATOR",2015,15,,,,,,,TRUE
"per Day","TRACTOR OPERATOR",2016,15,,,,,,,TRUE
"per Day","TRACTOR OPERATOR",2017,17,,,,,,,TRUE
"per Day","TRACTOR OPERATOR",2018,14,,,,,,,TRUE
"per Day","TRACTOR OPERATOR",2019,18,,,,,,,TRUE
"per Day","TRACTOR OPERATOR",2020,19,,,,,,,TRUE
"per Day","TRACTOR OPERATOR",2021,18,,,,,,,TRUE
"per Day","TRACTOR OPERATOR",2022,17,,,,,,,TRUE
"per Day","TRACTOR OPERATOR",2023,18,,,,,,,TRUE
"per Day","WELDER",2014,35,403.84,531.14788630441,2085.72,104998.4,138098.450439147,0.914285714285714,FALSE
"per Day","WELDER",2015,36,403.84,528.587956221053,2085.72,104998.4,137432.868617474,0.944444444444444,FALSE
"per Day","WELDER",2016,34,403.84,525.553580836782,2091.42,104998.4,136643.931017563,1,FALSE
"per Hour","ACCOUNTANT",2014,4,,,,,,,TRUE
"per Hour","ACCOUNTANT",2015,3,,,,,,,TRUE
"per Hour","ACCOUNTANT",2016,1,,,,,,,TRUE
"per Hour","ACCOUNTANT",2017,2,,,,,,,TRUE
"per Hour","ACCOUNTANT",2018,2,,,,,,,TRUE
"per Hour","ACCOUNTANT",2019,2,,,,,,,TRUE
"per Hour","ACCOUNTANT",2020,2,,,,,,,TRUE
"per Hour","ACCOUNTANT",2021,2,,,,,,,TRUE
"per Hour","ACCOUNTANT",2023,1,,,,,,,TRUE
"per Hour","ACCOUNTANT",2024,1,,,,,,,TRUE
"per Hour","ADJUNCT ASSISTANT PROFESSOR",2014,348,73.53,96.7098456813671,105,7367.72,9690.3449506803,0,FALSE
"per Hour","ADJUNCT ASSISTANT PROFESSOR",2015,316,73.53,96.2437411374158,105,8474.09,11091.7737567682,0,FALSE
"per Hour","ADJUNCT ASSISTANT PROFESSOR",2016,310,73.53,95.6912509878382,120,9080.975,11817.8955248101,0,FALSE
"per Hour","ADJUNCT ASSISTANT PROFESSOR",2017,518,81.2,103.841372178074,30,3620.19,4629.62434908057,0,FALSE
"per Hour","ADJUNCT ASSISTANT PROFESSOR",2018,265,81.2,102.027910415492,105,10119.9,12715.6681110066,0,FALSE
"per Hour","ADJUNCT ASSISTANT PROFESSOR",2019,235,84.44,104.250853200984,195,17052,21052.6474275602,0,FALSE
"per Hour","ADJUNCT ASSISTANT PROFESSOR",2020,59,86.13,104.489882948278,36,3483.54,4226.10805579525,0,FALSE
"per Hour","ADJUNCT ASSISTANT PROFESSOR",2021,3,,,,,,,TRUE
"per Hour","ADJUNCT ASSISTANT PROFESSOR",2022,3,,,,,,,TRUE
"per Hour","ADJUNCT ASSISTANT PROFESSOR",2023,3,,,,,,,TRUE
"per Hour","ADJUNCT ASSISTANT PROFESSOR",2024,6,,,,,,,TRUE
"per Hour","ADJUNCT ASSISTANT PROFESSOR",2025,9,,,,,,,TRUE
"per Hour","ADJUNCT ASSOCIATE PROFESSOR",2014,61,79.29,104.285647546248,60,6161.8,8104.26665469126,0,FALSE
"per Hour","ADJUNCT ASSOCIATE PROFESSOR",2015,38,80.88,105.864188537933,74.5,7794.51,10202.2684990208,0,FALSE
"per Hour","ADJUNCT ASSOCIATE PROFESSOR",2016,38,82.47,107.325682972488,70.5,7233.185,9413.19898376808,0,FALSE
"per Hour","ADJUNCT ASSOCIATE PROFESSOR",2017,60,91.05,116.437893310513,3.25,1171.22,1497.79669855177,0,FALSE
"per Hour","ADJUNCT ASSOCIATE PROFESSOR",2018,25,,,,,,,TRUE
"per Hour","ADJUNCT ASSOCIATE PROFESSOR",2019,27,,,,,,,TRUE
"per Hour","ADJUNCT ASSOCIATE PROFESSOR",2020,11,,,,,,,TRUE
"per Hour","ADJUNCT ASSOCIATE PROFESSOR",2021,2,,,,,,,TRUE
"per Hour","ADJUNCT ASSOCIATE PROFESSOR",2022,1,,,,,,,TRUE
"per Hour","ADJUNCT ASSOCIATE PROFESSOR",2023,1,,,,,,,TRUE
"per Hour","ADJUNCT ASSOCIATE PROFESSOR",2024,1,,,,,,,TRUE
"per Hour","ADJUNCT ASSOCIATE PROFESSOR",2025,1,,,,,,,TRUE
"per Hour","ADJUNCT COLLEGE LAB TECH",2014,443,25.6,33.6702305105807,195,5231.21,6880.31431833027,0,FALSE
"per Hour","ADJUNCT COLLEGE LAB TECH",2015,461,25.6,33.5079528507799,193,5281.92,6913.52837193716,0,FALSE
"per Hour","ADJUNCT COLLEGE LAB TECH",2016,441,25.6,33.3155994191304,225,5878.6,7650.35479473828,0,FALSE
"per Hour","ADJUNCT COLLEGE LAB TECH",2017,757,28.28,36.1654434137431,49,2086.48,2668.26288450872,0.00132100396301189,FALSE
"per Hour","ADJUNCT COLLEGE LAB TECH",2018,429,28.28,35.5338584550507,240,7642.67,9603.02524747746,0.00233100233100233,FALSE
"per Hour","ADJUNCT COLLEGE LAB TECH",2019,395,29.38,36.2729756874102,280,8766.8,10823.6188991283,0,FALSE
"per Hour","ADJUNCT COLLEGE LAB TECH",2020,377,30.57,37.0864474832098,240,7985.72,9687.99428837482,0,FALSE
"per Hour","ADJUNCT COLLEGE LAB TECH",2021,188,30.57,36.3364755206995,302.5,9939.92,11814.9054549464,0,FALSE
"per Hour","ADJUNCT COLLEGE LAB TECH",2022,238,31.8,35.9822792347401,241.75,8398.6,9503.16887990214,0,FALSE
"per Hour","ADJUNCT COLLEGE LAB TECH",2023,253,32.44,34.8624632936944,281,9929.71,10671.2130207161,0,FALSE
"per Hour","ADJUNCT COLLEGE LAB TECH",2024,249,32.44,33.7064763229143,264,9740.64,10120.9202074609,0.00401606425702811,FALSE
"per Hour","ADJUNCT COLLEGE LAB TECH",2025,261,32.44,32.44,255,9678.2,9678.2,0.00383141762452107,FALSE
"per Hour","ADJUNCT LECTURER",2014,1046,67.42,88.6737086337246,147,9249.75,12165.6724478611,0,FALSE
"per Hour","ADJUNCT LECTURER",2015,982,67.42,88.2463352031086,120.375,8793.6,11509.9818042429,0,FALSE
"per Hour","ADJUNCT LECTURER",2016,954,67.42,87.7397544077255,120,8493.39,11053.2179277519,0,FALSE
"per Hour","ADJUNCT LECTURER",2017,1533,71.59,91.5517713574918,45,3730.15,4770.2450052961,0,FALSE
"per Hour","ADJUNCT LECTURER",2018,866,74.44,93.5339612232665,120,8590.82,10794.3770117687,0,FALSE
"per Hour","ADJUNCT LECTURER",2019,752,74.44,91.9047076300483,135,10694.4,13203.4619193819,0,FALSE
"per Hour","ADJUNCT LECTURER",2020,232,77.45,93.9596126128427,45,3372.52,4091.42250134363,0,FALSE
"per Hour","ADJUNCT LECTURER",2021,36,92.72,110.209944726178,53.25,4540.37,5396.82837291196,0,FALSE
"per Hour","ADJUNCT LECTURER",2022,36,95.52,108.082619890012,18.5,1653.6,1871.07852020648,0,FALSE
"per Hour","ADJUNCT LECTURER",2023,37,98.4,105.748039090614,6,550.02,591.092850209549,0,FALSE
"per Hour","ADJUNCT LECTURER",2024,34,91.67,95.2488497078162,9,825.03,857.239647370346,0,FALSE
"per Hour","ADJUNCT LECTURER",2025,38,95.035,95.035,0,0,0,0,FALSE
"per Hour","ADJUNCT PROFESSOR",2014,21,,,,,,,TRUE
"per Hour","ADJUNCT PROFESSOR",2015,20,,,,,,,TRUE
"per Hour","ADJUNCT PROFESSOR",2016,24,,,,,,,TRUE
"per Hour","ADJUNCT PROFESSOR",2017,25,,,,,,,TRUE
"per Hour","ADJUNCT PROFESSOR",2018,12,,,,,,,TRUE
"per Hour","ADJUNCT PROFESSOR",2019,7,,,,,,,TRUE
"per Hour","ADJUNCT PROFESSOR",2020,2,,,,,,,TRUE
"per Hour","ADJUNCT SENIOR COLLEGE LAB TECH",2014,43,31.57,41.5222334851185,136,4463.69,5870.83871983492,0,FALSE
"per Hour","ADJUNCT SENIOR COLLEGE LAB TECH",2015,38,32.84,42.9844207663911,164.5,5487.35,7182.41660452059,0,FALSE
"per Hour","ADJUNCT SENIOR COLLEGE LAB TECH",2016,43,31.57,41.0849013149198,162,5387.5,7011.24186994395,0,FALSE
"per Hour","ADJUNCT SENIOR COLLEGE LAB TECH",2017,67,34.87,44.5929636434661,16,1185.34,1515.85384356599,0,FALSE
"per Hour","ADJUNCT SENIOR COLLEGE LAB TECH",2018,48,36.27,45.5733043198264,128,5264,6614.22315796984,0,FALSE
"per Hour","ADJUNCT SENIOR COLLEGE LAB TECH",2019,47,36.27,44.7794699857852,140,5930.19,7321.49890033095,0,FALSE
"per Hour","ADJUNCT SENIOR COLLEGE LAB TECH",2020,43,37.74,45.7848389930107,119,5063.95,6143.40581395487,0,FALSE
"per Hour","ADJUNCT SENIOR COLLEGE LAB TECH",2021,30,37.74,44.8589658538175,113,4927.33,5856.78135189429,0,FALSE
"per Hour","ADJUNCT SENIOR COLLEGE LAB TECH",2022,37,39.26,44.4234051181099,68,2792.76,3160.05880992493,0,FALSE
"per Hour","ADJUNCT SENIOR COLLEGE LAB TECH",2023,37,38.5,41.3749949693968,78,3134.72,3368.80582416799,0,FALSE
"per Hour","ADJUNCT SENIOR COLLEGE LAB TECH",2024,35,38.5,40.0030622204748,146,5510.04,5725.15514174818,0,FALSE
"per Hour","ADJUNCT SENIOR COLLEGE LAB TECH",2025,36,38.5,38.5,155,6305.91,6305.91,0,FALSE
"per Hour","ADM MANAGER NON MGRL",2015,14,,,,,,,TRUE
"per Hour","ADM MANAGER NON MGRL",2016,12,,,,,,,TRUE
"per Hour","ADM MANAGER NON MGRL",2017,14,,,,,,,TRUE
"per Hour","ADM MANAGER NON MGRL",2020,14,,,,,,,TRUE
"per Hour","ADM MANAGER NON MGRL",2021,13,,,,,,,TRUE
"per Hour","ADM MANAGER NON MGRL",2022,11,,,,,,,TRUE
"per Hour","ADM MANAGER NON MGRL",2023,9,,,,,,,TRUE
"per Hour","ADM MANAGER NON MGRL",2024,13,,,,,,,TRUE
"per Hour","ADM MANAGER NON MGRL",2025,12,,,,,,,TRUE
"per Hour","ADM MANAGER NON MGRL FROM M1/M2",2014,13,,,,,,,TRUE
"per Hour","ADM MANAGER NON MGRL FROM M1/M2",2018,17,,,,,,,TRUE
"per Hour","ADM MANAGER NON MGRL FROM M1/M2",2019,17,,,,,,,TRUE
"per Hour","ADMIN ASST CAMPAIGN FIN BOARD",2014,1,,,,,,,TRUE
"per Hour","ADMIN ASST CAMPAIGN FIN BOARD",2015,1,,,,,,,TRUE
"per Hour","ADMIN ASST CAMPAIGN FIN BOARD",2016,1,,,,,,,TRUE
"per Hour","ADMIN ASST CAMPAIGN FIN BOARD",2017,4,,,,,,,TRUE
"per Hour","ADMIN ASST CAMPAIGN FIN BOARD",2018,4,,,,,,,TRUE
"per Hour","ADMIN ASST CAMPAIGN FIN BOARD",2019,4,,,,,,,TRUE
"per Hour","ADMIN ASST CAMPAIGN FIN BOARD",2020,2,,,,,,,TRUE
"per Hour","ADMIN ASST CAMPAIGN FIN BOARD",2021,3,,,,,,,TRUE
"per Hour","ADMIN ASST CAMPAIGN FIN BOARD",2022,1,,,,,,,TRUE
"per Hour","ADMIN COMMUNITY RELATIONS SPECIALIST",2016,2,,,,,,,TRUE
"per Hour","ADMIN COMMUNITY RELATIONS SPECIALIST",2017,3,,,,,,,TRUE
"per Hour","ADMIN COMMUNITY RELATIONS SPECIALIST",2018,2,,,,,,,TRUE
"per Hour","ADMIN COMMUNITY RELATIONS SPECIALIST",2019,3,,,,,,,TRUE
"per Hour","ADMIN COMMUNITY RELATIONS SPECIALIST",2020,3,,,,,,,TRUE
"per Hour","ADMIN COMMUNITY RELATIONS SPECIALIST",2021,3,,,,,,,TRUE
"per Hour","ADMIN COMMUNITY RELATIONS SPECIALIST",2022,6,,,,,,,TRUE
"per Hour","ADMIN COMMUNITY RELATIONS SPECIALIST",2023,6,,,,,,,TRUE
"per Hour","ADMIN COMMUNITY RELATIONS SPECIALIST",2024,4,,,,,,,TRUE
"per Hour","ADMIN COMMUNITY RELATIONS SPECIALIST",2025,4,,,,,,,TRUE
"per Hour","ADMIN CONTRACT SPECIALIST",2014,1,,,,,,,TRUE
"per Hour","ADMIN CONTRACT SPECIALIST",2018,1,,,,,,,TRUE
"per Hour","ADMINISTRATIVE ACCOUNTANT",2014,1,,,,,,,TRUE
"per Hour","ADMINISTRATIVE ACCOUNTANT",2015,1,,,,,,,TRUE
"per Hour","ADMINISTRATIVE ACCOUNTANT",2016,1,,,,,,,TRUE
"per Hour","ADMINISTRATIVE ACCOUNTANT",2022,1,,,,,,,TRUE
"per Hour","ADMINISTRATIVE ACCOUNTANT",2023,2,,,,,,,TRUE
"per Hour","ADMINISTRATIVE ARCHITECT",2024,1,,,,,,,TRUE
"per Hour","ADMINISTRATIVE ARCHITECT",2025,1,,,,,,,TRUE
"per Hour","ADMINISTRATIVE ASSESSOR",2014,1,,,,,,,TRUE
"per Hour","ADMINISTRATIVE ASSESSOR",2015,1,,,,,,,TRUE
"per Hour","ADMINISTRATIVE ASSESSOR",2016,1,,,,,,,TRUE
"per Hour","ADMINISTRATIVE BUSINESS PROMOTION COORDINATOR",2017,2,,,,,,,TRUE
"per Hour","ADMINISTRATIVE BUSINESS PROMOTION COORDINATOR",2018,2,,,,,,,TRUE
"per Hour","ADMINISTRATIVE BUSINESS PROMOTION COORDINATOR",2020,3,,,,,,,TRUE
"per Hour","ADMINISTRATIVE BUSINESS PROMOTION COORDINATOR",2021,1,,,,,,,TRUE
"per Hour","ADMINISTRATIVE CLAIM EXAMINER",2014,1,,,,,,,TRUE
"per Hour","ADMINISTRATIVE CLAIM EXAMINER",2016,1,,,,,,,TRUE
"per Hour","ADMINISTRATIVE CLAIM EXAMINER",2017,1,,,,,,,TRUE
"per Hour","ADMINISTRATIVE CLAIM EXAMINER",2018,1,,,,,,,TRUE
"per Hour","ADMINISTRATIVE CONTRACT SPECIALIST",2022,1,,,,,,,TRUE
"per Hour","ADMINISTRATIVE CONTRACT SPECIALIST",2023,1,,,,,,,TRUE
"per Hour","ADMINISTRATIVE CONTRACT SPECIALIST",2024,1,,,,,,,TRUE
"per Hour","ADMINISTRATIVE CONTRACT SPECIALIST",2025,1,,,,,,,TRUE
"per Hour","ADMINISTRATIVE DIRECTOR OF SOCIAL SERVICES",2014,1,,,,,,,TRUE
"per Hour","ADMINISTRATIVE DIRECTOR OF SOCIAL SERVICES",2015,1,,,,,,,TRUE
"per Hour","ADMINISTRATIVE DIRECTOR OF SOCIAL SERVICES",2016,2,,,,,,,TRUE
"per Hour","ADMINISTRATIVE DIRECTOR OF SOCIAL SERVICES",2017,1,,,,,,,TRUE
"per Hour","ADMINISTRATIVE DIRECTOR OF SOCIAL SERVICES",2018,1,,,,,,,TRUE
"per Hour","ADMINISTRATIVE DIRECTOR OF SOCIAL SERVICES",2020,1,,,,,,,TRUE
"per Hour","ADMINISTRATIVE DIRECTOR OF SOCIAL SERVICES",2021,1,,,,,,,TRUE
"per Hour","ADMINISTRATIVE DIRECTOR OF SOCIAL SERVICES",2023,1,,,,,,,TRUE
"per Hour","ADMINISTRATIVE ENGINEER",2014,2,,,,,,,TRUE
"per Hour","ADMINISTRATIVE ENGINEER",2015,2,,,,,,,TRUE
"per Hour","ADMINISTRATIVE ENGINEER",2016,2,,,,,,,TRUE
"per Hour","ADMINISTRATIVE ENGINEER",2017,2,,,,,,,TRUE
"per Hour","ADMINISTRATIVE ENGINEER",2018,1,,,,,,,TRUE
"per Hour","ADMINISTRATIVE ENGINEER",2019,1,,,,,,,TRUE
"per Hour","ADMINISTRATIVE ENGINEER",2024,2,,,,,,,TRUE
"per Hour","ADMINISTRATIVE ENGINEER",2025,2,,,,,,,TRUE
"per Hour","ADMINISTRATIVE GRAPHIC ARTIST",2015,1,,,,,,,TRUE
"per Hour","ADMINISTRATIVE HORTICULTURIST",2015,1,,,,,,,TRUE
"per Hour","ADMINISTRATIVE HORTICULTURIST",2018,1,,,,,,,TRUE
"per Hour","ADMINISTRATIVE HORTICULTURIST",2024,1,,,,,,,TRUE
"per Hour","ADMINISTRATIVE HOUSING DEVELOPMENT SPECIALIST",2015,1,,,,,,,TRUE
"per Hour","ADMINISTRATIVE HOUSING DEVELOPMENT SPECIALIST",2016,1,,,,,,,TRUE
"per Hour","ADMINISTRATIVE HOUSING DEVELOPMENT SPECIALIST",2017,1,,,,,,,TRUE
"per Hour","ADMINISTRATIVE HOUSING DEVELOPMENT SPECIALIST",2018,1,,,,,,,TRUE
"per Hour","ADMINISTRATIVE INVESTIGATOR",2019,1,,,,,,,TRUE
"per Hour","ADMINISTRATIVE LANDMARKS PRESERVATIONIST",2014,1,,,,,,,TRUE
"per Hour","ADMINISTRATIVE LANDMARKS PRESERVATIONIST",2015,1,,,,,,,TRUE
"per Hour","ADMINISTRATIVE LANDMARKS PRESERVATIONIST",2016,1,,,,,,,TRUE
"per Hour","ADMINISTRATIVE LANDMARKS PRESERVATIONIST",2017,1,,,,,,,TRUE
"per Hour","ADMINISTRATIVE LANDMARKS PRESERVATIONIST",2018,1,,,,,,,TRUE
"per Hour","ADMINISTRATIVE LANDMARKS PRESERVATIONIST",2019,1,,,,,,,TRUE
"per Hour","ADMINISTRATIVE LANDMARKS PRESERVATIONIST",2020,1,,,,,,,TRUE
"per Hour","ADMINISTRATIVE LANDMARKS PRESERVATIONIST",2021,1,,,,,,,TRUE
"per Hour","ADMINISTRATIVE LANDMARKS PRESERVATIONIST",2022,1,,,,,,,TRUE
"per Hour","ADMINISTRATIVE LANDMARKS PRESERVATIONIST",2023,1,,,,,,,TRUE
"per Hour","ADMINISTRATIVE LANDMARKS PRESERVATIONIST",2024,1,,,,,,,TRUE
"per Hour","ADMINISTRATIVE LANDMARKS PRESERVATIONIST",2025,1,,,,,,,TRUE
"per Hour","ADMINISTRATIVE MANAGER",2014,2,,,,,,,TRUE
"per Hour","ADMINISTRATIVE MANAGER",2015,3,,,,,,,TRUE
"per Hour","ADMINISTRATIVE MANAGER",2016,2,,,,,,,TRUE
"per Hour","ADMINISTRATIVE PARKS & RECREATION MANAGER",2014,5,,,,,,,TRUE
"per Hour","ADMINISTRATIVE PARKS & RECREATION MANAGER",2015,2,,,,,,,TRUE
"per Hour","ADMINISTRATIVE PARKS & RECREATION MANAGER",2016,2,,,,,,,TRUE
"per Hour","ADMINISTRATIVE PARKS & RECREATION MANAGER",2017,2,,,,,,,TRUE
"per Hour","ADMINISTRATIVE PARKS & RECREATION MANAGER",2019,1,,,,,,,TRUE
"per Hour","ADMINISTRATIVE PARKS & RECREATION MANAGER",2020,1,,,,,,,TRUE
"per Hour","ADMINISTRATIVE PARKS & RECREATION MANAGER",2021,1,,,,,,,TRUE
"per Hour","ADMINISTRATIVE PARKS & RECREATION MANAGER",2022,1,,,,,,,TRUE
"per Hour","ADMINISTRATIVE PARKS & RECREATION MANAGER",2023,1,,,,,,,TRUE
"per Hour","ADMINISTRATIVE PARKS & RECREATION MANAGER",2024,1,,,,,,,TRUE
"per Hour","ADMINISTRATIVE PARKS & RECREATION MANAGER",2025,1,,,,,,,TRUE
"per Hour","ADMINISTRATIVE PROCUREMENT ANALYST",2017,1,,,,,,,TRUE
"per Hour","ADMINISTRATIVE PROCUREMENT ANALYST",2019,3,,,,,,,TRUE
"per Hour","ADMINISTRATIVE PROCUREMENT ANALYST NON MGRL",2020,3,,,,,,,TRUE
"per Hour","ADMINISTRATIVE PROCUREMENT ANALYST NON MGRL",2021,2,,,,,,,TRUE
"per Hour","ADMINISTRATIVE PROCUREMENT ANALYST NON MGRL",2022,1,,,,,,,TRUE
"per Hour","ADMINISTRATIVE PROCUREMENT ANALYST NON MGRL",2023,2,,,,,,,TRUE
"per Hour","ADMINISTRATIVE PROCUREMENT ANALYST NON MGRL",2024,2,,,,,,,TRUE
"per Hour","ADMINISTRATIVE PROCUREMENT ANALYST NON MGRL",2025,2,,,,,,,TRUE
"per Hour","ADMINISTRATIVE PROGRAM OFFICER",2016,1,,,,,,,TRUE
"per Hour","ADMINISTRATIVE PROGRAM OFFICER",2017,1,,,,,,,TRUE
"per Hour","ADMINISTRATIVE PROGRAM OFFICER",2018,1,,,,,,,TRUE
"per Hour","ADMINISTRATIVE PROGRAM OFFICER",2019,1,,,,,,,TRUE
"per Hour","ADMINISTRATIVE PROGRAM OFFICER",2020,4,,,,,,,TRUE
"per Hour","ADMINISTRATIVE PROGRAM OFFICER",2021,3,,,,,,,TRUE
"per Hour","ADMINISTRATIVE PROGRAM OFFICER",2022,6,,,,,,,TRUE
"per Hour","ADMINISTRATIVE PROGRAM OFFICER",2023,4,,,,,,,TRUE
"per Hour","ADMINISTRATIVE PROGRAM OFFICER",2024,2,,,,,,,TRUE
"per Hour","ADMINISTRATIVE PROGRAM OFFICER",2025,1,,,,,,,TRUE
"per Hour","ADMINISTRATIVE PROJECT MANAGER",2014,2,,,,,,,TRUE
"per Hour","ADMINISTRATIVE PROJECT MANAGER",2015,4,,,,,,,TRUE
"per Hour","ADMINISTRATIVE PROJECT MANAGER",2016,2,,,,,,,TRUE
"per Hour","ADMINISTRATIVE PROJECT MANAGER",2017,2,,,,,,,TRUE
"per Hour","ADMINISTRATIVE PROJECT MANAGER",2018,3,,,,,,,TRUE
"per Hour","ADMINISTRATIVE PROJECT MANAGER",2019,2,,,,,,,TRUE
"per Hour","ADMINISTRATIVE PROJECT MANAGER",2020,3,,,,,,,TRUE
"per Hour","ADMINISTRATIVE PROJECT MANAGER",2021,2,,,,,,,TRUE
"per Hour","ADMINISTRATIVE PROJECT MANAGER",2022,3,,,,,,,TRUE
"per Hour","ADMINISTRATIVE PROJECT MANAGER",2023,2,,,,,,,TRUE
"per Hour","ADMINISTRATIVE PROJECT MANAGER",2024,6,,,,,,,TRUE
"per Hour","ADMINISTRATIVE PROJECT MANAGER",2025,3,,,,,,,TRUE
"per Hour","ADMINISTRATIVE PSYCHOLOGIST",2014,1,,,,,,,TRUE
"per Hour","ADMINISTRATIVE PSYCHOLOGIST",2023,1,,,,,,,TRUE
"per Hour","ADMINISTRATIVE PSYCHOLOGIST",2024,3,,,,,,,TRUE
"per Hour","ADMINISTRATIVE PSYCHOLOGIST",2025,4,,,,,,,TRUE
"per Hour","ADMINISTRATIVE PUBLIC HEALTH NURSE",2021,1,,,,,,,TRUE
"per Hour","ADMINISTRATIVE PUBLIC HEALTH NURSE",2025,1,,,,,,,TRUE
"per Hour","ADMINISTRATIVE PUBLIC INFORMATION SPECIALIST",2015,1,,,,,,,TRUE
"per Hour","ADMINISTRATIVE PUBLIC INFORMATION SPECIALIST",2018,1,,,,,,,TRUE
"per Hour","ADMINISTRATIVE PUBLIC INFORMATION SPECIALIST",2019,2,,,,,,,TRUE
"per Hour","ADMINISTRATIVE PUBLIC INFORMATION SPECIALIST",2020,1,,,,,,,TRUE
"per Hour","ADMINISTRATIVE PUBLIC INFORMATION SPECIALIST",2021,1,,,,,,,TRUE
"per Hour","ADMINISTRATIVE PUBLIC INFORMATION SPECIALIST",2025,1,,,,,,,TRUE
"per Hour","ADMINISTRATIVE QUALITY ASSURANCE SPECIALIST",2014,1,,,,,,,TRUE
"per Hour","ADMINISTRATIVE QUALITY ASSURANCE SPECIALIST",2015,1,,,,,,,TRUE
"per Hour","ADMINISTRATIVE QUALITY ASSURANCE SPECIALIST",2016,1,,,,,,,TRUE
"per Hour","ADMINISTRATIVE QUALITY ASSURANCE SPECIALIST",2017,1,,,,,,,TRUE
"per Hour","ADMINISTRATIVE QUALITY ASSURANCE SPECIALIST",2018,1,,,,,,,TRUE
"per Hour","ADMINISTRATIVE QUALITY ASSURANCE SPECIALIST",2019,1,,,,,,,TRUE
"per Hour","ADMINISTRATIVE QUALITY ASSURANCE SPECIALIST",2020,1,,,,,,,TRUE
"per Hour","ADMINISTRATIVE QUALITY ASSURANCE SPECIALIST",2021,1,,,,,,,TRUE
"per Hour","ADMINISTRATIVE QUALITY ASSURANCE SPECIALIST",2022,1,,,,,,,TRUE
"per Hour","ADMINISTRATIVE QUALITY ASSURANCE SPECIALIST",2023,1,,,,,,,TRUE
"per Hour","ADMINISTRATIVE QUALITY ASSURANCE SPECIALIST",2024,1,,,,,,,TRUE
"per Hour","ADMINISTRATIVE QUALITY ASSURANCE SPECIALIST",2025,1,,,,,,,TRUE
"per Hour","ADMINISTRATIVE SPACE ANALYST",2017,1,,,,,,,TRUE
"per Hour","ADMINISTRATIVE STAFF ANALYST",2014,18,,,,,,,TRUE
"per Hour","ADMINISTRATIVE STAFF ANALYST",2015,20,,,,,,,TRUE
"per Hour","ADMINISTRATIVE STAFF ANALYST",2016,12,,,,,,,TRUE
"per Hour","ADMINISTRATIVE STAFF ANALYST",2017,12,,,,,,,TRUE
"per Hour","ADMINISTRATIVE STAFF ANALYST",2018,10,,,,,,,TRUE
"per Hour","ADMINISTRATIVE STAFF ANALYST",2019,8,,,,,,,TRUE
"per Hour","ADMINISTRATIVE STAFF ANALYST",2020,8,,,,,,,TRUE
"per Hour","ADMINISTRATIVE STAFF ANALYST",2021,11,,,,,,,TRUE
"per Hour","ADMINISTRATIVE STAFF ANALYST",2022,12,,,,,,,TRUE
"per Hour","ADMINISTRATIVE STAFF ANALYST",2023,8,,,,,,,TRUE
"per Hour","ADMINISTRATIVE STAFF ANALYST",2024,8,,,,,,,TRUE
"per Hour","ADMINISTRATIVE STAFF ANALYST",2025,8,,,,,,,TRUE
"per Hour","ADMINISTRATOR SUPT CAMPUS B/G",2015,1,,,,,,,TRUE
"per Hour","ADMINISTRATOR SUPT CAMPUS B/G",2016,1,,,,,,,TRUE
"per Hour","ADMINISTRATOR SUPT CAMPUS B/G",2017,1,,,,,,,TRUE
"per Hour","ADMINISTRATOR SUPT CAMPUS B/G",2018,1,,,,,,,TRUE
"per Hour","ADMINISTRATOR SUPT CAMPUS B/G",2019,2,,,,,,,TRUE
"per Hour","ADMINISTRATOR SUPT CAMPUS B/G",2020,2,,,,,,,TRUE
"per Hour","ADMINISTRATOR SUPT CAMPUS B/G",2021,2,,,,,,,TRUE
"per Hour","ADMINISTRATOR SUPT CAMPUS B/G",2022,2,,,,,,,TRUE
"per Hour","ADMINISTRATOR SUPT CAMPUS B/G",2023,1,,,,,,,TRUE
"per Hour","ADMINISTRATOR SUPT CAMPUS B/G",2024,1,,,,,,,TRUE
"per Hour","ADMINISTRATOR SUPT CAMPUS B/G",2025,1,,,,,,,TRUE
"per Hour","AGENCY ATTORNEY",2014,12,,,,,,,TRUE
"per Hour","AGENCY ATTORNEY",2015,10,,,,,,,TRUE
"per Hour","AGENCY ATTORNEY",2016,7,,,,,,,TRUE
"per Hour","AGENCY ATTORNEY",2017,9,,,,,,,TRUE
"per Hour","AGENCY ATTORNEY",2018,7,,,,,,,TRUE
"per Hour","AGENCY ATTORNEY",2019,4,,,,,,,TRUE
"per Hour","AGENCY ATTORNEY",2020,4,,,,,,,TRUE
"per Hour","AGENCY ATTORNEY",2021,4,,,,,,,TRUE
"per Hour","AGENCY ATTORNEY",2022,5,,,,,,,TRUE
"per Hour","AGENCY ATTORNEY",2023,7,,,,,,,TRUE
"per Hour","AGENCY ATTORNEY",2024,8,,,,,,,TRUE
"per Hour","AGENCY ATTORNEY",2025,8,,,,,,,TRUE
"per Hour","AGENCY ATTORNEY INTERN",2015,2,,,,,,,TRUE
"per Hour","AGENCY ATTORNEY INTERNE",2014,3,,,,,,,TRUE
"per Hour","AGENCY ATTORNEY INTERNE",2016,4,,,,,,,TRUE
"per Hour","AGENCY ATTORNEY INTERNE",2017,3,,,,,,,TRUE
"per Hour","AGENCY ATTORNEY INTERNE",2018,1,,,,,,,TRUE
"per Hour","AGENCY ATTORNEY INTERNE",2019,2,,,,,,,TRUE
"per Hour","AGENCY ATTORNEY INTERNE",2020,3,,,,,,,TRUE
"per Hour","AGENCY ATTORNEY INTERNE",2021,2,,,,,,,TRUE
"per Hour","AGENCY ATTORNEY INTERNE",2022,1,,,,,,,TRUE
"per Hour","AGENCY ATTORNEY INTERNE",2023,1,,,,,,,TRUE
"per Hour","AGENCY ATTORNEY INTERNE",2024,1,,,,,,,TRUE
"per Hour","AGENCY ATTORNEY INTERNE",2025,1,,,,,,,TRUE
"per Hour","ANALYST",2014,5,,,,,,,TRUE
"per Hour","ANALYST",2015,1,,,,,,,TRUE
"per Hour","ANALYST",2016,2,,,,,,,TRUE
"per Hour","ANALYST",2017,7,,,,,,,TRUE
"per Hour","ANALYST",2018,5,,,,,,,TRUE
"per Hour","ANALYST",2019,2,,,,,,,TRUE
"per Hour","ANALYST",2020,3,,,,,,,TRUE
"per Hour","ANALYST",2023,1,,,,,,,TRUE
"per Hour","APPRENTICE INSPECTOR",2014,1,,,,,,,TRUE
"per Hour","APPRENTICE INSPECTOR",2015,1,,,,,,,TRUE
"per Hour","ARCHITECT",2014,3,,,,,,,TRUE
"per Hour","ARCHITECTURAL INTERN",2019,1,,,,,,,TRUE
"per Hour","ARTS PROGRAM SPECIALIST",2014,2,,,,,,,TRUE
"per Hour","ARTS PROGRAM SPECIALIST",2015,1,,,,,,,TRUE
"per Hour","ARTS PROGRAM SPECIALIST",2020,1,,,,,,,TRUE
"per Hour","ARTS PROGRAM SPECIALIST",2021,1,,,,,,,TRUE
"per Hour","ARTS PROGRAM SPECIALIST",2022,1,,,,,,,TRUE
"per Hour","ASSISTANT ARCHITECT",2019,1,,,,,,,TRUE
"per Hour","ASSISTANT ARCHITECT",2020,1,,,,,,,TRUE
"per Hour","ASSISTANT ARCHITECT",2021,1,,,,,,,TRUE
"per Hour","ASSISTANT BUDGET ANALYST",2015,1,,,,,,,TRUE
"per Hour","ASSISTANT BUDGET ANALYST",2021,22,,,,,,,TRUE
"per Hour","ASSISTANT BUDGET ANALYST",2022,1,,,,,,,TRUE
"per Hour","ASSISTANT BUDGET ANALYST",2023,2,,,,,,,TRUE
"per Hour","ASSISTANT BUDGET ANALYST",2024,1,,,,,,,TRUE
"per Hour","ASSISTANT BUDGET ANALYST",2025,1,,,,,,,TRUE
"per Hour","ASSISTANT CITY HIGHWAY REPAIRER",2014,185,22.03,28.9748116464099,1511.5,33966.6,44674.3457679957,0.718918918918919,FALSE
"per Hour","ASSISTANT CITY HIGHWAY REPAIRER",2015,195,23.05,30.1702466097842,1512,37579.99,49188.6145723742,0.861538461538462,FALSE
"per Hour","ASSISTANT CITY HIGHWAY REPAIRER",2016,426,20.54,26.7305629714429,1504.135,29669.29,38611.3351832036,0.596244131455399,FALSE
"per Hour","ASSISTANT CITY HIGHWAY REPAIRER",2017,468,24.34,31.1268349607676,1512,36979.705,47290.9274623201,0.948717948717949,FALSE
"per Hour","ASSISTANT CITY HIGHWAY REPAIRER",2018,447,24.34,30.5832430974517,1424,37410.44,47006.268730593,0.937360178970917,FALSE
"per Hour","ASSISTANT CITY HIGHWAY REPAIRER",2019,517,25.39,31.3468636046067,1504,39872.55,49227.2306584428,0.827852998065764,FALSE
"per Hour","ASSISTANT CITY HIGHWAY REPAIRER",2020,479,26.15,31.724259132677,1504,38351.32,46526.4708894921,0.947807933194154,FALSE
"per Hour","ASSISTANT CITY HIGHWAY REPAIRER",2021,339,26.15,31.0827227630452,1504,35854.88,42618.2521889964,0.896755162241888,FALSE
"per Hour","ASSISTANT CITY HIGHWAY REPAIRER",2022,468,26.15,29.5892013203916,1477.89,34456.57,38988.2365789738,0.782051282051282,FALSE
"per Hour","ASSISTANT CITY HIGHWAY REPAIRER",2023,545,24.84,26.694931819216,1493.03,37057.48,39824.7545085331,0.796330275229358,FALSE
"per Hour","ASSISTANT CITY HIGHWAY REPAIRER",2024,497,29.43,30.5789641856772,1495,37638.08,39107.4923662132,0.853118712273642,FALSE
"per Hour","ASSISTANT CITY HIGHWAY REPAIRER",2025,482,30.39,30.39,1493.875,40540.21,40540.21,0.815352697095436,FALSE
"per Hour","ASSISTANT CIVIL ENGINEER",2018,1,,,,,,,TRUE
"per Hour","ASSISTANT COACH",2025,6,,,,,,,TRUE
"per Hour","ASSISTANT CORPORATION COUNSEL",2014,21,,,,,,,TRUE
"per Hour","ASSISTANT CORPORATION COUNSEL",2015,25,,,,,,,TRUE
"per Hour","ASSISTANT CORPORATION COUNSEL",2016,25,,,,,,,TRUE
"per Hour","ASSISTANT CORPORATION COUNSEL",2017,23,,,,,,,TRUE
"per Hour","ASSISTANT CORPORATION COUNSEL",2018,25,,,,,,,TRUE
"per Hour","ASSISTANT CORPORATION COUNSEL",2019,23,,,,,,,TRUE
"per Hour","ASSISTANT CORPORATION COUNSEL",2020,22,,,,,,,TRUE
"per Hour","ASSISTANT CORPORATION COUNSEL",2021,22,,,,,,,TRUE
"per Hour","ASSISTANT CORPORATION COUNSEL",2022,18,,,,,,,TRUE
"per Hour","ASSISTANT CORPORATION COUNSEL",2023,15,,,,,,,TRUE
"per Hour","ASSISTANT CORPORATION COUNSEL",2024,16,,,,,,,TRUE
"per Hour","ASSISTANT CORPORATION COUNSEL",2025,12,,,,,,,TRUE
"per Hour","ASSISTANT DISTRICT ATTORNEY",2014,1,,,,,,,TRUE
"per Hour","ASSISTANT DISTRICT ATTORNEY",2015,1,,,,,,,TRUE
"per Hour","ASSISTANT DISTRICT ATTORNEY",2016,1,,,,,,,TRUE
"per Hour","ASSISTANT DISTRICT ATTORNEY",2017,4,,,,,,,TRUE
"per Hour","ASSISTANT DISTRICT ATTORNEY",2018,5,,,,,,,TRUE
"per Hour","ASSISTANT DISTRICT ATTORNEY",2019,5,,,,,,,TRUE
"per Hour","ASSISTANT DISTRICT ATTORNEY",2020,3,,,,,,,TRUE
"per Hour","ASSISTANT DISTRICT ATTORNEY",2021,2,,,,,,,TRUE
"per Hour","ASSISTANT DISTRICT ATTORNEY",2022,7,,,,,,,TRUE
"per Hour","ASSISTANT DISTRICT ATTORNEY",2023,7,,,,,,,TRUE
"per Hour","ASSISTANT DISTRICT ATTORNEY",2024,8,,,,,,,TRUE
"per Hour","ASSISTANT DISTRICT ATTORNEY",2025,7,,,,,,,TRUE
"per Hour","ASSISTANT ENVIRONMENTAL ENGINEER",2014,1,,,,,,,TRUE
"per Hour","ASSISTANT ENVIRONMENTAL ENGINEER",2015,1,,,,,,,TRUE
"per Hour","ASSISTANT ENVIRONMENTAL ENGINEER",2016,1,,,,,,,TRUE
"per Hour","ASSISTANT ENVIRONMENTAL ENGINEER",2017,1,,,,,,,TRUE
"per Hour","ASSISTANT LANDSCAPE ARCHITECT",2014,6,,,,,,,TRUE
"per Hour","ASSISTANT LANDSCAPE ARCHITECT",2017,2,,,,,,,TRUE
"per Hour","ASSISTANT LANDSCAPE ARCHITECT",2018,1,,,,,,,TRUE
"per Hour","ASSISTANT LANDSCAPE ARCHITECT",2022,1,,,,,,,TRUE
"per Hour","ASSISTANT LANDSCAPE ARCHITECT",2023,1,,,,,,,TRUE
"per Hour","ASSISTANT MECHANICAL ENGINEER",2017,1,,,,,,,TRUE
"per Hour","ASSISTANT MECHANICAL ENGINEER",2018,1,,,,,,,TRUE
"per Hour","ASSISTANT MEDIA SERVICES TECHNICAN",2019,2,,,,,,,TRUE
"per Hour","ASSISTANT MEDIA SERVICES TECHNICAN",2020,3,,,,,,,TRUE
"per Hour","ASSISTANT MEDIA SERVICES TECHNICAN",2021,3,,,,,,,TRUE
"per Hour","ASSISTANT MEDIA SERVICES TECHNICAN",2022,4,,,,,,,TRUE
"per Hour","ASSISTANT MEDIA SERVICES TECHNICAN",2023,3,,,,,,,TRUE
"per Hour","ASSISTANT MEDIA SERVICES TECHNICAN",2024,3,,,,,,,TRUE
"per Hour","ASSISTANT MEDIA SERVICES TECHNICAN",2025,3,,,,,,,TRUE
"per Hour","ASSISTANT PRINTING PRESS OPERATOR",2014,2,,,,,,,TRUE
"per Hour","ASSISTANT PRINTING PRESS OPERATOR",2015,2,,,,,,,TRUE
"per Hour","ASSISTANT PRINTING PRESS OPERATOR",2016,2,,,,,,,TRUE
"per Hour","ASSISTANT PRINTING PRESS OPERATOR",2017,1,,,,,,,TRUE
"per Hour","ASSISTANT PRINTING PRESS OPERATOR",2018,2,,,,,,,TRUE
"per Hour","ASSISTANT PRINTING PRESS OPERATOR",2019,2,,,,,,,TRUE
"per Hour","ASSISTANT PRINTING PRESS OPERATOR",2020,2,,,,,,,TRUE
"per Hour","ASSISTANT PRINTING PRESS OPERATOR",2021,2,,,,,,,TRUE
"per Hour","ASSISTANT PRINTING PRESS OPERATOR",2022,2,,,,,,,TRUE
"per Hour","ASSISTANT PRINTING PRESS OPERATOR",2023,2,,,,,,,TRUE
"per Hour","ASSISTANT PRINTING PRESS OPERATOR",2024,1,,,,,,,TRUE
"per Hour","ASSISTANT PRINTING PRESS OPERATOR",2025,2,,,,,,,TRUE
"per Hour","ASSISTANT PROFESSOR",2014,108,73.53,96.7098456813671,6,2102.95,2765.89106454007,0,FALSE
"per Hour","ASSISTANT PROFESSOR",2015,127,73.53,96.2437411374158,18.57,2705.9,3541.76443823927,0,FALSE
"per Hour","ASSISTANT PROFESSOR",2016,139,73.53,95.6912509878382,16,3308.85,4306.10629445272,0,FALSE
"per Hour","ASSISTANT PROFESSOR",2017,189,81.2,103.841372178074,0,2051.5,2623.52924905565,0,FALSE
"per Hour","ASSISTANT PROFESSOR",2018,132,81.2,102.027910415492,3,2393,3006.80775399351,0,FALSE
"per Hour","ASSISTANT PROFESSOR",2019,31,81.2,100.250702036001,76,6090,7518.80265270008,0,FALSE
"per Hour","ASSISTANT PROFESSOR",2020,17,,,,,,,TRUE
"per Hour","ASSISTANT PROFESSOR",2021,6,,,,,,,TRUE
"per Hour","ASSISTANT PROFESSOR",2022,4,,,,,,,TRUE
"per Hour","ASSISTANT PROFESSOR",2023,3,,,,,,,TRUE
"per Hour","ASSISTANT PROFESSOR",2024,4,,,,,,,TRUE
"per Hour","ASSISTANT PROFESSOR",2025,2,,,,,,,TRUE
"per Hour","ASSISTANT RETIREMENT BENEFITS EXAMINER",2020,6,,,,,,,TRUE
"per Hour","ASSISTANT RETIREMENT BENEFITS EXAMINER",2021,9,,,,,,,TRUE
"per Hour","ASSISTANT RETIREMENT BENEFITS EXAMINER",2022,15,,,,,,,TRUE
"per Hour","ASSISTANT RETIREMENT BENEFITS EXAMINER",2023,22,,,,,,,TRUE
"per Hour","ASSISTANT RETIREMENT BENEFITS EXAMINER",2024,20,,,,,,,TRUE
"per Hour","ASSISTANT RETIREMENT BENEFITS EXAMINER",2025,15,,,,,,,TRUE
"per Hour","ASSISTANT TO THE PRESIDENT",2015,1,,,,,,,TRUE
"per Hour","ASSISTANT TO THE PRESIDENT",2016,1,,,,,,,TRUE
"per Hour","ASSISTANT TO THE PRESIDENT",2017,1,,,,,,,TRUE
"per Hour","ASSISTANT TO THE PRESIDENT",2018,1,,,,,,,TRUE
"per Hour","ASSISTANT TO THE PRESIDENT",2023,1,,,,,,,TRUE
"per Hour","ASSISTANT TO THE PRESIDENT",2024,1,,,,,,,TRUE
"per Hour","ASSISTANT TO THE PUBLIC ADVOCATE",2016,1,,,,,,,TRUE
"per Hour","ASSISTANT TO THE PUBLIC ADVOCATE",2017,18,,,,,,,TRUE
"per Hour","ASSISTANT TO THE PUBLIC ADVOCATE",2018,17,,,,,,,TRUE
"per Hour","ASSISTANT TO THE PUBLIC ADVOCATE",2019,19,,,,,,,TRUE
"per Hour","ASSISTANT TO THE PUBLIC ADVOCATE",2020,3,,,,,,,TRUE
"per Hour","ASSISTANT TO THE PUBLIC ADVOCATE",2021,2,,,,,,,TRUE
"per Hour","ASSISTANT TO THE PUBLIC ADVOCATE",2022,11,,,,,,,TRUE
"per Hour","ASSISTANT URBAN DESIGNER",2014,1,,,,,,,TRUE
"per Hour","ASSISTANT URBAN DESIGNER",2015,1,,,,,,,TRUE
"per Hour","ASSISTANT URBAN DESIGNER",2016,1,,,,,,,TRUE
"per Hour","ASSISTANT URBAN DESIGNER",2018,2,,,,,,,TRUE
"per Hour","ASSOCIATE ARTS PROGRAMS SPECIALIST",2015,1,,,,,,,TRUE
"per Hour","ASSOCIATE ARTS PROGRAMS SPECIALIST",2016,1,,,,,,,TRUE
"per Hour","ASSOCIATE ARTS PROGRAMS SPECIALIST",2017,1,,,,,,,TRUE
"per Hour","ASSOCIATE ARTS PROGRAMS SPECIALIST",2018,1,,,,,,,TRUE
"per Hour","ASSOCIATE ARTS PROGRAMS SPECIALIST",2019,1,,,,,,,TRUE
"per Hour","ASSOCIATE ARTS PROGRAMS SPECIALIST",2020,1,,,,,,,TRUE
"per Hour","ASSOCIATE ARTS PROGRAMS SPECIALIST",2021,1,,,,,,,TRUE
"per Hour","ASSOCIATE ARTS PROGRAMS SPECIALIST",2022,1,,,,,,,TRUE
"per Hour","ASSOCIATE CONTRACT SPECIALIST",2014,3,,,,,,,TRUE
"per Hour","ASSOCIATE CONTRACT SPECIALIST",2015,3,,,,,,,TRUE
"per Hour","ASSOCIATE CONTRACT SPECIALIST",2016,3,,,,,,,TRUE
"per Hour","ASSOCIATE CONTRACT SPECIALIST",2017,3,,,,,,,TRUE
"per Hour","ASSOCIATE CONTRACT SPECIALIST",2018,3,,,,,,,TRUE
"per Hour","ASSOCIATE CONTRACT SPECIALIST",2021,1,,,,,,,TRUE
"per Hour","ASSOCIATE CONTRACT SPECIALIST",2022,1,,,,,,,TRUE
"per Hour","ASSOCIATE CONTRACT SPECIALIST",2023,1,,,,,,,TRUE
"per Hour","ASSOCIATE CONTRACT SPECIALIST",2024,1,,,,,,,TRUE
"per Hour","ASSOCIATE CONTRACT SPECIALIST",2025,1,,,,,,,TRUE
"per Hour","ASSOCIATE HOUSING DEVELOPMENT SPECIALIST",2014,1,,,,,,,TRUE
"per Hour","ASSOCIATE INVESTIGATOR",2014,14,,,,,,,TRUE
"per Hour","ASSOCIATE INVESTIGATOR",2015,17,,,,,,,TRUE
"per Hour","ASSOCIATE INVESTIGATOR",2016,15,,,,,,,TRUE
"per Hour","ASSOCIATE INVESTIGATOR",2017,17,,,,,,,TRUE
"per Hour","ASSOCIATE INVESTIGATOR",2018,20,,,,,,,TRUE
"per Hour","ASSOCIATE INVESTIGATOR",2019,22,,,,,,,TRUE
"per Hour","ASSOCIATE INVESTIGATOR",2020,24,,,,,,,TRUE
"per Hour","ASSOCIATE INVESTIGATOR",2021,23,,,,,,,TRUE
"per Hour","ASSOCIATE INVESTIGATOR",2022,51,27.96,31.637249289413,498,21095.92,23870.4177406836,0.254901960784314,FALSE
"per Hour","ASSOCIATE INVESTIGATOR",2023,54,30.55,32.8313271770149,1022.85,33849.41,36377.1212588844,0.62962962962963,FALSE
"per Hour","ASSOCIATE INVESTIGATOR",2024,65,31.47,32.6986069630738,1002,32811.16,34092.1266235313,0.523076923076923,FALSE
"per Hour","ASSOCIATE INVESTIGATOR",2025,82,32.49,32.49,909.46,29565.83,29565.83,0.329268292682927,FALSE
"per Hour","ASSOCIATE PARK SERVICE WORKER",2014,27,,,,,,,TRUE
"per Hour","ASSOCIATE PARK SERVICE WORKER",2015,23,,,,,,,TRUE
"per Hour","ASSOCIATE PARK SERVICE WORKER",2016,22,,,,,,,TRUE
"per Hour","ASSOCIATE PARK SERVICE WORKER",2017,44,20.25,25.8964013128818,791.975,17575.84,22476.5928914074,0.386363636363636,FALSE
"per Hour","ASSOCIATE PARK SERVICE WORKER",2018,47,20.25,25.4441525358832,808,17043.55,21415.2437507631,0.404255319148936,FALSE
"per Hour","ASSOCIATE PARK SERVICE WORKER",2019,59,21.13,26.087405591388,888,16938.6,20912.6421367858,0.406779661016949,FALSE
"per Hour","ASSOCIATE PARK SERVICE WORKER",2020,11,,,,,,,TRUE
"per Hour","ASSOCIATE PARK SERVICE WORKER",2021,24,,,,,,,TRUE
"per Hour","ASSOCIATE PARK SERVICE WORKER",2022,27,,,,,,,TRUE
"per Hour","ASSOCIATE PARK SERVICE WORKER",2023,31,23.78,25.5557761135651,279.75,6506.23,6992.08398752568,0.161290322580645,FALSE
"per Hour","ASSOCIATE PARK SERVICE WORKER",2024,23,,,,,,,TRUE
"per Hour","ASSOCIATE PARK SERVICE WORKER",2025,29,,,,,,,TRUE
"per Hour","ASSOCIATE PROFESSOR",2014,60,79.29,104.285647546248,77.5,5614.535,7384.47998670794,0,FALSE
"per Hour","ASSOCIATE PROFESSOR",2015,78,79.29,103.783030528841,80,6667.875,8727.61098105055,0,FALSE
"per Hour","ASSOCIATE PROFESSOR",2016,92,79.29,103.187260857143,60,7204.685,9376.10935160225,0,FALSE
"per Hour","ASSOCIATE PROFESSOR",2017,117,87.54,111.949183749613,40,5172.56,6614.84886789925,0,FALSE
"per Hour","ASSOCIATE PROFESSOR",2018,79,87.54,109.994129036603,30,4201.92,5279.71819375696,0,FALSE
"per Hour","ASSOCIATE PROFESSOR",2019,73,87.54,108.078158327975,84.5,7222.05,8916.4480620579,0,FALSE
"per Hour","ASSOCIATE PROFESSOR",2020,29,,,,,,,TRUE
"per Hour","ASSOCIATE PROFESSOR",2021,5,,,,,,,TRUE
"per Hour","ASSOCIATE PROFESSOR",2022,3,,,,,,,TRUE
"per Hour","ASSOCIATE PROFESSOR",2023,5,,,,,,,TRUE
"per Hour","ASSOCIATE PROFESSOR",2024,2,,,,,,,TRUE
"per Hour","ASSOCIATE PROFESSOR",2025,5,,,,,,,TRUE
"per Hour","ASSOCIATE PROJECT MANAGER",2014,1,,,,,,,TRUE
"per Hour","ASSOCIATE PROJECT MANAGER",2016,2,,,,,,,TRUE
"per Hour","ASSOCIATE PROJECT MANAGER",2017,3,,,,,,,TRUE
"per Hour","ASSOCIATE PROJECT MANAGER",2018,3,,,,,,,TRUE
"per Hour","ASSOCIATE PROJECT MANAGER",2019,4,,,,,,,TRUE
"per Hour","ASSOCIATE PROJECT MANAGER",2020,3,,,,,,,TRUE
"per Hour","ASSOCIATE PROJECT MANAGER",2021,3,,,,,,,TRUE
"per Hour","ASSOCIATE PROJECT MANAGER",2022,2,,,,,,,TRUE
"per Hour","ASSOCIATE PROJECT MANAGER",2023,2,,,,,,,TRUE
"per Hour","ASSOCIATE PROJECT MANAGER",2024,2,,,,,,,TRUE
"per Hour","ASSOCIATE PROJECT MANAGER",2025,2,,,,,,,TRUE
"per Hour","ASSOCIATE PUBLIC INFORMATION SPECIALIST",2014,2,,,,,,,TRUE
"per Hour","ASSOCIATE PUBLIC INFORMATION SPECIALIST",2015,1,,,,,,,TRUE
"per Hour","ASSOCIATE PUBLIC INFORMATION SPECIALIST",2016,1,,,,,,,TRUE
"per Hour","ASSOCIATE STAFF ANALYST",2014,12,,,,,,,TRUE
"per Hour","ASSOCIATE STAFF ANALYST",2015,7,,,,,,,TRUE
"per Hour","ASSOCIATE STAFF ANALYST",2016,6,,,,,,,TRUE
"per Hour","ASSOCIATE STAFF ANALYST",2017,6,,,,,,,TRUE
"per Hour","ASSOCIATE STAFF ANALYST",2018,6,,,,,,,TRUE
"per Hour","ASSOCIATE STAFF ANALYST",2019,4,,,,,,,TRUE
"per Hour","ASSOCIATE STAFF ANALYST",2020,3,,,,,,,TRUE
"per Hour","ASSOCIATE STAFF ANALYST",2021,3,,,,,,,TRUE
"per Hour","ASSOCIATE STAFF ANALYST",2022,4,,,,,,,TRUE
"per Hour","ASSOCIATE STAFF ANALYST",2023,6,,,,,,,TRUE
"per Hour","ASSOCIATE STAFF ANALYST",2024,5,,,,,,,TRUE
"per Hour","ASSOCIATE STAFF ANALYST",2025,4,,,,,,,TRUE
"per Hour","ASSOCIATE URBAN DESIGNER",2014,2,,,,,,,TRUE
"per Hour","ASSOCIATE URBAN DESIGNER",2016,1,,,,,,,TRUE
"per Hour","ASSOCIATE URBAN DESIGNER",2017,1,,,,,,,TRUE
"per Hour","ASSOCIATE URBAN DESIGNER",2018,1,,,,,,,TRUE
"per Hour","ASSOCIATE URBAN DESIGNER",2019,1,,,,,,,TRUE
"per Hour","ASSOCIATE URBAN DESIGNER",2020,1,,,,,,,TRUE
"per Hour","ASSOCIATE URBAN DESIGNER",2021,1,,,,,,,TRUE
"per Hour","ASSOCIATE URBAN DESIGNER",2022,1,,,,,,,TRUE
"per Hour","ASSOCIATE URBAN DESIGNER",2023,1,,,,,,,TRUE
"per Hour","ASSOCIATE URBAN DESIGNER",2024,1,,,,,,,TRUE
"per Hour","ASSOCIATE URBAN DESIGNER",2025,1,,,,,,,TRUE
"per Hour","ASSOCIATE URBAN PARK RANGER",2014,1,,,,,,,TRUE
"per Hour","ASSOCIATE URBAN PARK RANGER",2015,6,,,,,,,TRUE
"per Hour","ASSOCIATE URBAN PARK RANGER",2016,3,,,,,,,TRUE
"per Hour","ASSOCIATE URBAN PARK RANGER",2017,1,,,,,,,TRUE
"per Hour","ASSOCIATE URBAN PARK RANGER",2018,1,,,,,,,TRUE
"per Hour","ASSOCIATE URBAN PARK RANGER",2021,2,,,,,,,TRUE
"per Hour","ASSOCIATE URBAN PARK RANGER",2022,4,,,,,,,TRUE
"per Hour","ASST PB HLTH ADV",2014,7,,,,,,,TRUE
"per Hour","ASST PB HLTH ADV",2015,10,,,,,,,TRUE
"per Hour","ASST PB HLTH ADV",2016,4,,,,,,,TRUE
"per Hour","ASST PB HLTH ADV",2017,1,,,,,,,TRUE
"per Hour","ASST PB HLTH ADV",2018,1,,,,,,,TRUE
"per Hour","ASST PB HLTH ADV",2019,3,,,,,,,TRUE
"per Hour","ASST PB HLTH ADV",2020,2,,,,,,,TRUE
"per Hour","ASST PB HLTH ADV",2021,2,,,,,,,TRUE
"per Hour","ASST PB HLTH ADV",2022,2,,,,,,,TRUE
"per Hour","ASST PB HLTH ADV",2023,2,,,,,,,TRUE
"per Hour","ASST PB HLTH ADV",2024,2,,,,,,,TRUE
"per Hour","ASST PB HLTH ADV",2025,1,,,,,,,TRUE
"per Hour","ASST PROJECT PLANNER",2017,1,,,,,,,TRUE
"per Hour","ASST PROJECT PLANNER",2018,1,,,,,,,TRUE
"per Hour","ASST PROJECT PLANNER",2019,1,,,,,,,TRUE
"per Hour","ASST PROJECT PLANNER",2020,1,,,,,,,TRUE
"per Hour","ATTENDING PHYSICIAN",2014,8,,,,,,,TRUE
"per Hour","ATTENDING PHYSICIAN",2015,8,,,,,,,TRUE
"per Hour","ATTENDING PHYSICIAN",2016,8,,,,,,,TRUE
"per Hour","ATTENDING PHYSICIAN",2017,6,,,,,,,TRUE
"per Hour","ATTENDING PHYSICIAN",2018,5,,,,,,,TRUE
"per Hour","ATTENDING PHYSICIAN",2019,5,,,,,,,TRUE
"per Hour","ATTENDING PHYSICIAN",2020,7,,,,,,,TRUE
"per Hour","ATTENDING PHYSICIAN",2021,7,,,,,,,TRUE
"per Hour","ATTENDING PHYSICIAN",2022,7,,,,,,,TRUE
"per Hour","ATTENDING PHYSICIAN",2023,7,,,,,,,TRUE
"per Hour","ATTENDING PHYSICIAN",2024,4,,,,,,,TRUE
"per Hour","ATTENDING PHYSICIAN",2025,8,,,,,,,TRUE
"per Hour","ATTORNEY AT LAW",2014,3,,,,,,,TRUE
"per Hour","ATTORNEY AT LAW",2015,5,,,,,,,TRUE
"per Hour","ATTORNEY AT LAW",2016,4,,,,,,,TRUE
"per Hour","ATTORNEY AT LAW",2017,4,,,,,,,TRUE
"per Hour","ATTORNEY AT LAW",2018,3,,,,,,,TRUE
"per Hour","ATTORNEY AT LAW",2019,3,,,,,,,TRUE
"per Hour","ATTORNEY AT LAW",2020,3,,,,,,,TRUE
"per Hour","ATTORNEY AT LAW",2021,3,,,,,,,TRUE
"per Hour","ATTORNEY AT LAW",2022,1,,,,,,,TRUE
"per Hour","ATTORNEY AT LAW",2023,1,,,,,,,TRUE
"per Hour","ATTORNEY AT LAW",2024,1,,,,,,,TRUE
"per Hour","ATTORNEY CAMPAIGN FIN BOARD",2021,1,,,,,,,TRUE
"per Hour","AUTO MECHANIC",2014,25,,,,,,,TRUE
"per Hour","AUTO MECHANIC",2015,35,31.37,41.0603312862877,1608,46411.92,60748.7666825847,0.742857142857143,FALSE
"per Hour","AUTO MECHANIC",2016,37,33.62,43.7527520496549,1960,69544.08,90504.0121582796,0.864864864864865,FALSE
"per Hour","AUTO MECHANIC",2017,38,35.89,45.8973749688557,1909.59,70119.2,89670.8613796653,0.947368421052632,FALSE
"per Hour","AUTO MECHANIC",2018,39,35.89,45.0958338031037,1970.72,70605.6,88716.0324092621,0.923076923076923,FALSE
"per Hour","AUTO MECHANIC",2019,35,35.89,44.3103164540897,1780.65,64395.2,79503.2513269544,0.885714285714286,FALSE
"per Hour","AUTO MECHANIC",2020,45,37.28,45.2267831918241,1256,46823.68,56804.839688931,0.688888888888889,FALSE
"per Hour","AUTO MECHANIC",2021,46,37.28,44.3121952048308,1984.5,76945.92,91460.3709027709,0.91304347826087,FALSE
"per Hour","AUTO MECHANIC",2022,52,38.65,43.7331790070033,1918.5,71748.48,81184.7120134643,0.769230769230769,FALSE
"per Hour","AUTO MECHANIC",2023,54,43.4,46.6409034200473,2044,80835.4,86871.7991779008,0.944444444444444,FALSE
"per Hour","AUTO MECHANIC",2024,52,48.84,50.7467417882595,2056.25,98847.49,102706.553059942,0.961538461538462,FALSE
"per Hour","AUTO MECHANIC",2025,38,50.43,50.43,2036,94308.8,94308.8,0.81578947368421,FALSE
"per Hour","AUTOMOTIVE SERVICE WORKER",2014,1,,,,,,,TRUE
"per Hour","AUTOMOTIVE SERVICE WORKER",2015,1,,,,,,,TRUE
"per Hour","AUTOMOTIVE SERVICE WORKER",2016,1,,,,,,,TRUE
"per Hour","AUTOMOTIVE SERVICE WORKER",2017,1,,,,,,,TRUE
"per Hour","AUTOMOTIVE SERVICE WORKER",2018,2,,,,,,,TRUE
"per Hour","AUTOMOTIVE SERVICE WORKER",2019,2,,,,,,,TRUE
"per Hour","AUTOMOTIVE SERVICE WORKER",2020,1,,,,,,,TRUE
"per Hour","AUTOMOTIVE SERVICE WORKER",2021,2,,,,,,,TRUE
"per Hour","AUTOMOTIVE SERVICE WORKER",2022,1,,,,,,,TRUE
"per Hour","AUTOMOTIVE SERVICE WORKER",2023,2,,,,,,,TRUE
"per Hour","AUTOMOTIVE SERVICE WORKER",2024,2,,,,,,,TRUE
"per Hour","AUTOMOTIVE SERVICE WORKER",2025,3,,,,,,,TRUE
"per Hour","BLACKSMITH S HELPER",2018,2,,,,,,,TRUE
"per Hour","BLACKSMITH S HELPER",2019,1,,,,,,,TRUE
"per Hour","BLACKSMITH S HELPER",2021,1,,,,,,,TRUE
"per Hour","BOOKKEEPER",2014,1,,,,,,,TRUE
"per Hour","BOOKKEEPER",2015,1,,,,,,,TRUE
"per Hour","BOOKKEEPER",2016,1,,,,,,,TRUE
"per Hour","BOOKKEEPER",2017,1,,,,,,,TRUE
"per Hour","BOOKKEEPER",2018,2,,,,,,,TRUE
"per Hour","BOOKKEEPER",2022,1,,,,,,,TRUE
"per Hour","BOOKKEEPER",2023,3,,,,,,,TRUE
"per Hour","BOOKKEEPER",2024,4,,,,,,,TRUE
"per Hour","BOOKKEEPER",2025,5,,,,,,,TRUE
"per Hour","BUDGET ANALYST",2014,5,,,,,,,TRUE
"per Hour","BUDGET ANALYST",2015,3,,,,,,,TRUE
"per Hour","BUDGET ANALYST",2016,3,,,,,,,TRUE
"per Hour","BUDGET ANALYST",2017,3,,,,,,,TRUE
"per Hour","BUDGET ANALYST",2018,4,,,,,,,TRUE
"per Hour","BUDGET ANALYST",2019,5,,,,,,,TRUE
"per Hour","BUDGET ANALYST",2020,6,,,,,,,TRUE
"per Hour","BUDGET ANALYST",2021,7,,,,,,,TRUE
"per Hour","BUDGET ANALYST",2022,6,,,,,,,TRUE
"per Hour","BUDGET ANALYST",2023,9,,,,,,,TRUE
"per Hour","BUDGET ANALYST",2024,10,,,,,,,TRUE
"per Hour","BUDGET ANALYST",2025,11,,,,,,,TRUE
"per Hour","BUSINESS DATA AND REPORTING ANALYST",2018,2,,,,,,,TRUE
"per Hour","BUSINESS DATA AND REPORTING ANALYST",2019,5,,,,,,,TRUE
"per Hour","BUSINESS DATA AND REPORTING ANALYST",2020,4,,,,,,,TRUE
"per Hour","BUSINESS DATA AND REPORTING ANALYST",2021,4,,,,,,,TRUE
"per Hour","BUSINESS DATA AND REPORTING ANALYST",2022,4,,,,,,,TRUE
"per Hour","BUSINESS DATA AND REPORTING ANALYST",2023,4,,,,,,,TRUE
"per Hour","BUSINESS DATA AND REPORTING ANALYST",2024,4,,,,,,,TRUE
"per Hour","BUSINESS DATA AND REPORTING ANALYST",2025,5,,,,,,,TRUE
"per Hour","BUSINESS PROMOTION COORDINATOR",2014,2,,,,,,,TRUE
"per Hour","BUSINESS PROMOTION COORDINATOR",2015,3,,,,,,,TRUE
"per Hour","BUSINESS PROMOTION COORDINATOR",2016,9,,,,,,,TRUE
"per Hour","BUSINESS PROMOTION COORDINATOR",2017,12,,,,,,,TRUE
"per Hour","BUSINESS PROMOTION COORDINATOR",2018,12,,,,,,,TRUE
"per Hour","BUSINESS PROMOTION COORDINATOR",2019,1,,,,,,,TRUE
"per Hour","BUSINESS PROMOTION COORDINATOR",2020,1,,,,,,,TRUE
"per Hour","BUSINESS PROMOTION COORDINATOR",2021,1,,,,,,,TRUE
"per Hour","CAMPUS SECURITY ASSISTANT",2014,23,,,,,,,TRUE
"per Hour","CAMPUS SECURITY ASSISTANT",2015,15,,,,,,,TRUE
"per Hour","CAMPUS SECURITY ASSISTANT",2016,4,,,,,,,TRUE
"per Hour","CAMPUS SECURITY ASSISTANT",2017,7,,,,,,,TRUE
"per Hour","CAMPUS SECURITY ASSISTANT",2018,5,,,,,,,TRUE
"per Hour","CAMPUS SECURITY ASSISTANT",2019,5,,,,,,,TRUE
"per Hour","CAMPUS SECURITY ASSISTANT",2020,11,,,,,,,TRUE
"per Hour","CAMPUS SECURITY ASSISTANT",2021,3,,,,,,,TRUE
"per Hour","CAMPUS SECURITY ASSISTANT",2022,7,,,,,,,TRUE
"per Hour","CAMPUS SECURITY ASSISTANT",2023,10,,,,,,,TRUE
"per Hour","CAMPUS SECURITY ASSISTANT",2024,11,,,,,,,TRUE
"per Hour","CAMPUS SECURITY ASSISTANT",2025,22,,,,,,,TRUE
"per Hour","CARPENTER",2017,1,,,,,,,TRUE
"per Hour","CARPENTER",2018,1,,,,,,,TRUE
"per Hour","CARPENTER",2021,1,,,,,,,TRUE
"per Hour","CARPENTER",2022,2,,,,,,,TRUE
"per Hour","CARPENTER",2023,5,,,,,,,TRUE
"per Hour","CARPENTER",2024,6,,,,,,,TRUE
"per Hour","CARPENTER",2025,6,,,,,,,TRUE
"per Hour","CASE MANAGEMENT NURSE",2014,4,,,,,,,TRUE
"per Hour","CASE MANAGEMENT NURSE",2015,6,,,,,,,TRUE
"per Hour","CASE MANAGEMENT NURSE",2016,7,,,,,,,TRUE
"per Hour","CASE MANAGEMENT NURSE",2017,5,,,,,,,TRUE
"per Hour","CASE MANAGEMENT NURSE",2018,3,,,,,,,TRUE
"per Hour","CASE MANAGEMENT NURSE",2019,4,,,,,,,TRUE
"per Hour","CASE MANAGEMENT NURSE",2020,5,,,,,,,TRUE
"per Hour","CASE MANAGEMENT NURSE",2021,5,,,,,,,TRUE
"per Hour","CASE MANAGEMENT NURSE",2022,5,,,,,,,TRUE
"per Hour","CASE MANAGEMENT NURSE",2023,5,,,,,,,TRUE
"per Hour","CASE MANAGEMENT NURSE",2024,3,,,,,,,TRUE
"per Hour","CASE MANAGEMENT NURSE",2025,3,,,,,,,TRUE
"per Hour","CASEWORKER",2017,2,,,,,,,TRUE
"per Hour","CASEWORKER",2018,1,,,,,,,TRUE
"per Hour","CASEWORKER",2019,1,,,,,,,TRUE
"per Hour","CASEWORKER",2024,4,,,,,,,TRUE
"per Hour","CASEWORKER",2025,3,,,,,,,TRUE
"per Hour","CASHIER",2014,3,,,,,,,TRUE
"per Hour","CASHIER",2015,2,,,,,,,TRUE
"per Hour","CASHIER",2016,4,,,,,,,TRUE
"per Hour","CASHIER",2017,6,,,,,,,TRUE
"per Hour","CASHIER",2018,6,,,,,,,TRUE
"per Hour","CASHIER",2019,5,,,,,,,TRUE
"per Hour","CASHIER",2020,3,,,,,,,TRUE
"per Hour","CASHIER",2021,2,,,,,,,TRUE
"per Hour","CASHIER",2022,3,,,,,,,TRUE
"per Hour","CASHIER",2023,3,,,,,,,TRUE
"per Hour","CASHIER",2024,2,,,,,,,TRUE
"per Hour","CASHIER",2025,2,,,,,,,TRUE
"per Hour","CEMENT MASON",2014,3,,,,,,,TRUE
"per Hour","CEMENT MASON",2015,5,,,,,,,TRUE
"per Hour","CEMENT MASON",2016,7,,,,,,,TRUE
"per Hour","CEMENT MASON",2017,5,,,,,,,TRUE
"per Hour","CEMENT MASON",2018,4,,,,,,,TRUE
"per Hour","CEMENT MASON",2019,4,,,,,,,TRUE
"per Hour","CEMENT MASON",2021,3,,,,,,,TRUE
"per Hour","CEMENT MASON",2022,4,,,,,,,TRUE
"per Hour","CEMENT MASON",2023,2,,,,,,,TRUE
"per Hour","CEMENT MASON",2024,4,,,,,,,TRUE
"per Hour","CEMENT MASON",2025,3,,,,,,,TRUE
"per Hour","CERTIFIED IT ADMINISTRATOR",2014,3,,,,,,,TRUE
"per Hour","CERTIFIED IT ADMINISTRATOR",2015,2,,,,,,,TRUE
"per Hour","CERTIFIED IT ADMINISTRATOR",2017,1,,,,,,,TRUE
"per Hour","CERTIFIED IT ADMINISTRATOR",2018,5,,,,,,,TRUE
"per Hour","CERTIFIED IT ADMINISTRATOR",2019,3,,,,,,,TRUE
"per Hour","CERTIFIED IT ADMINISTRATOR",2020,3,,,,,,,TRUE
"per Hour","CERTIFIED IT ADMINISTRATOR",2021,2,,,,,,,TRUE
"per Hour","CERTIFIED IT ADMINISTRATOR",2022,2,,,,,,,TRUE
"per Hour","CERTIFIED IT ADMINISTRATOR",2023,2,,,,,,,TRUE
"per Hour","CERTIFIED IT ADMINISTRATOR",2024,2,,,,,,,TRUE
"per Hour","CERTIFIED IT ADMINISTRATOR",2025,2,,,,,,,TRUE
"per Hour","CERTIFIED IT DEVELOPER",2017,3,,,,,,,TRUE
"per Hour","CERTIFIED IT DEVELOPER",2019,1,,,,,,,TRUE
"per Hour","CERTIFIED IT DEVELOPER",2020,3,,,,,,,TRUE
"per Hour","CERTIFIED IT DEVELOPER",2021,2,,,,,,,TRUE
"per Hour","CERTIFIED IT DEVELOPER",2022,3,,,,,,,TRUE
"per Hour","CERTIFIED IT DEVELOPER",2023,2,,,,,,,TRUE
"per Hour","CERTIFIED IT DEVELOPER",2024,3,,,,,,,TRUE
"per Hour","CERTIFIED IT DEVELOPER",2025,2,,,,,,,TRUE
"per Hour","CHAIRMAN",2014,1,,,,,,,TRUE
"per Hour","CHAIRMAN",2015,1,,,,,,,TRUE
"per Hour","CHAIRMAN",2016,1,,,,,,,TRUE
"per Hour","CHAIRMAN",2017,1,,,,,,,TRUE
"per Hour","CHAIRMAN",2018,1,,,,,,,TRUE
"per Hour","CHAIRMAN",2019,1,,,,,,,TRUE
"per Hour","CHAIRMAN",2020,1,,,,,,,TRUE
"per Hour","CHAIRMAN",2021,1,,,,,,,TRUE
"per Hour","CHAIRMAN",2022,1,,,,,,,TRUE
"per Hour","CHAIRMAN",2023,1,,,,,,,TRUE
"per Hour","CHAPLAIN",2014,11,,,,,,,TRUE
"per Hour","CHAPLAIN",2015,18,,,,,,,TRUE
"per Hour","CHAPLAIN",2016,16,,,,,,,TRUE
"per Hour","CHAPLAIN",2017,16,,,,,,,TRUE
"per Hour","CHAPLAIN",2018,13,,,,,,,TRUE
"per Hour","CHAPLAIN",2019,12,,,,,,,TRUE
"per Hour","CHAPLAIN",2020,10,,,,,,,TRUE
"per Hour","CHAPLAIN",2021,10,,,,,,,TRUE
"per Hour","CHAPLAIN",2022,12,,,,,,,TRUE
"per Hour","CHAPLAIN",2023,9,,,,,,,TRUE
"per Hour","CHAPLAIN",2024,9,,,,,,,TRUE
"per Hour","CHAPLAIN",2025,8,,,,,,,TRUE
"per Hour","CHAUFFEUR ATTENDANT",2014,1,,,,,,,TRUE
"per Hour","CHAUFFEUR ATTENDANT",2015,1,,,,,,,TRUE
"per Hour","CHIEF COLLEGE LAB TECHNICIAN",2014,8,,,,,,,TRUE
"per Hour","CHIEF COLLEGE LAB TECHNICIAN",2015,7,,,,,,,TRUE
"per Hour","CHIEF COLLEGE LAB TECHNICIAN",2016,8,,,,,,,TRUE
"per Hour","CHIEF COLLEGE LAB TECHNICIAN",2017,11,,,,,,,TRUE
"per Hour","CHIEF COLLEGE LAB TECHNICIAN",2018,7,,,,,,,TRUE
"per Hour","CHIEF COLLEGE LAB TECHNICIAN",2019,6,,,,,,,TRUE
"per Hour","CHIEF COLLEGE LAB TECHNICIAN",2020,8,,,,,,,TRUE
"per Hour","CHIEF COLLEGE LAB TECHNICIAN",2021,2,,,,,,,TRUE
"per Hour","CHIEF COLLEGE LAB TECHNICIAN",2022,3,,,,,,,TRUE
"per Hour","CHIEF COLLEGE LAB TECHNICIAN",2023,4,,,,,,,TRUE
"per Hour","CHIEF COLLEGE LAB TECHNICIAN",2024,6,,,,,,,TRUE
"per Hour","CHIEF COLLEGE LAB TECHNICIAN",2025,5,,,,,,,TRUE
"per Hour","CHIEF LIFEGUARD",2014,127,21.07,27.7121780022631,682,17266.28,22709.3604554777,0.362204724409449,FALSE
"per Hour","CHIEF LIFEGUARD",2015,138,22.045,28.8547976795095,673.875,20036.695,26226.1184119319,0.398550724637681,FALSE
"per Hour","CHIEF LIFEGUARD",2016,124,22.57,29.3723858941318,599.5,18686.445,24318.3639135786,0.298387096774194,FALSE
"per Hour","CHIEF LIFEGUARD",2017,118,23.26,29.7456935574139,611.5,19401.99,24811.9367559763,0.26271186440678,FALSE
"per Hour","CHIEF LIFEGUARD",2018,108,23.265,29.2325041356703,554.75,18756.92,23568.095485598,0.240740740740741,FALSE
"per Hour","CHIEF LIFEGUARD",2019,136,24.245,29.9332299367346,652,20985.945,25909.5531913658,0.338235294117647,FALSE
"per Hour","CHIEF LIFEGUARD",2020,100,25.015,30.3473171014882,490.625,13112.5,15907.6232457831,0.22,FALSE
"per Hour","CHIEF LIFEGUARD",2021,85,25.05,29.7752277328598,609.25,19273.6,22909.2147398022,0.352941176470588,FALSE
"per Hour","CHIEF LIFEGUARD",2022,61,25.32,28.6500412020006,763,25816.83,29212.2133967237,0.475409836065574,FALSE
"per Hour","CHIEF LIFEGUARD",2023,83,27.45,29.4998340755829,1057,29369.11,31562.2539871601,0.518072289156627,FALSE
"per Hour","CHIEF LIFEGUARD",2024,82,28.275,29.378872319063,1396,42162.805,43808.8652416817,0.536585365853659,FALSE
"per Hour","CHIEF LIFEGUARD",2025,63,29.48,29.48,1579.25,48824.72,48824.72,0.555555555555556,FALSE
"per Hour","CHILDREN S COUNSELOR",2014,45,22.01,28.9485067788235,1741,39545.46,52011.9044471464,0.933333333333333,FALSE
"per Hour","CHILDREN S COUNSELOR",2015,42,23.02,30.1309794775372,1771.6,41478.59,54291.5092983137,0.976190476190476,FALSE
"per Hour","CHILDREN S COUNSELOR",2016,15,,,,,,,TRUE
"per Hour","CHILDREN S COUNSELOR",2017,6,,,,,,,TRUE
"per Hour","CHILDREN S COUNSELOR",2018,5,,,,,,,TRUE
"per Hour","CHILDREN S COUNSELOR",2019,4,,,,,,,TRUE
"per Hour","CHILDREN S COUNSELOR",2020,3,,,,,,,TRUE
"per Hour","CHILDREN S COUNSELOR",2021,3,,,,,,,TRUE
"per Hour","CHILDREN S COUNSELOR",2022,3,,,,,,,TRUE
"per Hour","CHILDREN S COUNSELOR",2023,2,,,,,,,TRUE
"per Hour","CHILDREN S COUNSELOR",2024,1,,,,,,,TRUE
"per Hour","CITY ASSESSOR",2022,1,,,,,,,TRUE
"per Hour","CITY ASSESSOR",2023,1,,,,,,,TRUE
"per Hour","CITY ATTENDANT",2014,14,,,,,,,TRUE
"per Hour","CITY ATTENDANT",2015,14,,,,,,,TRUE
"per Hour","CITY ATTENDANT",2016,14,,,,,,,TRUE
"per Hour","CITY ATTENDANT",2017,12,,,,,,,TRUE
"per Hour","CITY ATTENDANT",2018,12,,,,,,,TRUE
"per Hour","CITY ATTENDANT",2019,11,,,,,,,TRUE
"per Hour","CITY ATTENDANT",2020,11,,,,,,,TRUE
"per Hour","CITY ATTENDANT",2021,10,,,,,,,TRUE
"per Hour","CITY ATTENDANT",2022,8,,,,,,,TRUE
"per Hour","CITY ATTENDANT",2023,7,,,,,,,TRUE
"per Hour","CITY ATTENDANT",2024,6,,,,,,,TRUE
"per Hour","CITY ATTENDANT",2025,6,,,,,,,TRUE
"per Hour","CITY CLINICIAN",2014,19,,,,,,,TRUE
"per Hour","CITY CLINICIAN",2015,17,,,,,,,TRUE
"per Hour","CITY CLINICIAN",2016,16,,,,,,,TRUE
"per Hour","CITY CLINICIAN",2017,14,,,,,,,TRUE
"per Hour","CITY CLINICIAN",2018,11,,,,,,,TRUE
"per Hour","CITY CLINICIAN",2019,6,,,,,,,TRUE
"per Hour","CITY CLINICIAN",2020,6,,,,,,,TRUE
"per Hour","CITY CLINICIAN",2021,6,,,,,,,TRUE
"per Hour","CITY CLINICIAN",2022,4,,,,,,,TRUE
"per Hour","CITY CLINICIAN",2023,3,,,,,,,TRUE
"per Hour","CITY CLINICIAN",2024,3,,,,,,,TRUE
"per Hour","CITY CLINICIAN",2025,3,,,,,,,TRUE
"per Hour","CITY CUSTODIAL ASSISTANT",2014,37,14.89,19.5839739180682,2000,29660.91,39011.3155020933,0.972972972972973,FALSE
"per Hour","CITY CUSTODIAL ASSISTANT",2015,37,15.57,20.379641636197,2000,32489.74,42525.9639083632,0.972972972972973,FALSE
"per Hour","CITY CUSTODIAL ASSISTANT",2017,32,16.44,21.0240413621618,1920,33817.92,43247.5273030583,0.875,FALSE
"per Hour","CITY CUSTODIAL ASSISTANT",2018,36,16.46,20.6820123822537,1911.39,32608.74,40972.9261512571,0.916666666666667,FALSE
"per Hour","CITY CUSTODIAL ASSISTANT",2019,35,18.63,23.0008691986539,1912,36391.7,44929.7225773835,0.942857142857143,FALSE
"per Hour","CITY CUSTODIAL ASSISTANT",2020,34,19.515,23.6749107829519,1991,38149.875,46282.0849093398,0.88235294117647,FALSE
"per Hour","CITY CUSTODIAL ASSISTANT",2021,32,19.93,23.6894326832693,1992,38838.065,46164.1608813817,0.96875,FALSE
"per Hour","CITY CUSTODIAL ASSISTANT",2022,24,,,,,,,TRUE
"per Hour","CITY CUSTODIAL ASSISTANT",2023,23,,,,,,,TRUE
"per Hour","CITY CUSTODIAL ASSISTANT",2024,18,,,,,,,TRUE
"per Hour","CITY CUSTODIAL ASSISTANT",2025,14,,,,,,,TRUE
"per Hour","CITY DEBRIS REMOVER",2014,1,,,,,,,TRUE
"per Hour","CITY DEBRIS REMOVER",2015,1,,,,,,,TRUE
"per Hour","CITY DEBRIS REMOVER",2016,1,,,,,,,TRUE
"per Hour","CITY DEBRIS REMOVER",2017,1,,,,,,,TRUE
"per Hour","CITY DEBRIS REMOVER",2018,1,,,,,,,TRUE
"per Hour","CITY DEBRIS REMOVER",2019,1,,,,,,,TRUE
"per Hour","CITY DENTIST",2014,2,,,,,,,TRUE
"per Hour","CITY DENTIST",2015,2,,,,,,,TRUE
"per Hour","CITY DENTIST",2016,2,,,,,,,TRUE
"per Hour","CITY DENTIST",2017,3,,,,,,,TRUE
"per Hour","CITY DENTIST",2018,3,,,,,,,TRUE
"per Hour","CITY DENTIST",2019,3,,,,,,,TRUE
"per Hour","CITY DENTIST",2020,3,,,,,,,TRUE
"per Hour","CITY DENTIST",2021,3,,,,,,,TRUE
"per Hour","CITY DENTIST",2022,3,,,,,,,TRUE
"per Hour","CITY DENTIST",2023,3,,,,,,,TRUE
"per Hour","CITY DENTIST",2024,3,,,,,,,TRUE
"per Hour","CITY DENTIST",2025,3,,,,,,,TRUE
"per Hour","CITY LABORER",2014,5,,,,,,,TRUE
"per Hour","CITY LABORER",2015,5,,,,,,,TRUE
"per Hour","CITY LABORER",2016,6,,,,,,,TRUE
"per Hour","CITY LABORER",2017,4,,,,,,,TRUE
"per Hour","CITY LABORER",2018,2,,,,,,,TRUE
"per Hour","CITY LABORER",2019,2,,,,,,,TRUE
"per Hour","CITY LABORER",2020,2,,,,,,,TRUE
"per Hour","CITY LABORER",2021,11,,,,,,,TRUE
"per Hour","CITY LABORER",2022,10,,,,,,,TRUE
"per Hour","CITY LABORER",2023,2,,,,,,,TRUE
"per Hour","CITY LABORER",2024,2,,,,,,,TRUE
"per Hour","CITY LABORER",2025,2,,,,,,,TRUE
"per Hour","CITY MEDICAL DIRECTOR",2014,1,,,,,,,TRUE
"per Hour","CITY MEDICAL DIRECTOR",2017,1,,,,,,,TRUE
"per Hour","CITY MEDICAL DIRECTOR",2018,1,,,,,,,TRUE
"per Hour","CITY MEDICAL DIRECTOR",2019,1,,,,,,,TRUE
"per Hour","CITY MEDICAL DIRECTOR",2020,2,,,,,,,TRUE
"per Hour","CITY MEDICAL DIRECTOR",2021,1,,,,,,,TRUE
"per Hour","CITY MEDICAL DIRECTOR",2022,1,,,,,,,TRUE
"per Hour","CITY MEDICAL DIRECTOR",2023,2,,,,,,,TRUE
"per Hour","CITY MEDICAL DIRECTOR",2024,2,,,,,,,TRUE
"per Hour","CITY MEDICAL DIRECTOR",2025,2,,,,,,,TRUE
"per Hour","CITY MEDICAL EXAMINER",2021,1,,,,,,,TRUE
"per Hour","CITY MEDICAL EXAMINER",2023,1,,,,,,,TRUE
"per Hour","CITY MEDICAL EXAMINER",2024,2,,,,,,,TRUE
"per Hour","CITY MEDICAL EXAMINER",2025,2,,,,,,,TRUE
"per Hour","CITY MEDICAL SPECIALIST",2014,104,71.18,93.6190237399662,1269.75,87436.97,115000.895900263,0.634615384615385,FALSE
"per Hour","CITY MEDICAL SPECIALIST",2015,106,74.44,97.4348441489084,1201.915,85418.965,111805.259835251,0.60377358490566,FALSE
"per Hour","CITY MEDICAL SPECIALIST",2016,122,76.3,99.2961029562363,1171,92429.2,120286.492259011,0.581967213114754,FALSE
"per Hour","CITY MEDICAL SPECIALIST",2017,121,78.59,100.503613786636,1348.5,106717.41,136473.91982377,0.710743801652893,FALSE
"per Hour","CITY MEDICAL SPECIALIST",2018,132,78.59,98.7484418664229,1202.75,97108.385,122016.817800162,0.659090909090909,FALSE
"per Hour","CITY MEDICAL SPECIALIST",2019,137,78.59,97.0283580419868,1362,107449.55,132658.778583158,0.700729927007299,FALSE
"per Hour","CITY MEDICAL SPECIALIST",2020,151,78.59,95.3426204679575,1409.5,110772.61,134385.42961541,0.728476821192053,FALSE
"per Hour","CITY MEDICAL SPECIALIST",2021,142,84.62,100.582026776631,1517.325,141112.03,167730.252658529,0.823943661971831,FALSE
"per Hour","CITY MEDICAL SPECIALIST",2022,132,84.86,96.0206357188693,1583.75,133891.52,151500.693704522,0.787878787878788,FALSE
"per Hour","CITY MEDICAL SPECIALIST",2023,142,84.86,91.1969369637147,1528.11,132084.59,141948.032384022,0.753521126760563,FALSE
"per Hour","CITY MEDICAL SPECIALIST",2024,140,84.86,88.1729833773894,1523.11,130558.76,135655.849343066,0.764285714285714,FALSE
"per Hour","CITY MEDICAL SPECIALIST",2025,143,95.51,95.51,1470,164099.31,164099.31,0.734265734265734,FALSE
"per Hour","CITY MORTUARY TECHNICIAN",2021,9,,,,,,,TRUE
"per Hour","CITY MORTUARY TECHNICIAN",2022,9,,,,,,,TRUE
"per Hour","CITY MORTUARY TECHNICIAN",2023,13,,,,,,,TRUE
"per Hour","CITY MORTUARY TECHNICIAN",2024,14,,,,,,,TRUE
"per Hour","CITY MORTUARY TECHNICIAN",2025,12,,,,,,,TRUE
"per Hour","CITY PARK WORKER",2014,166,14.02,18.4397121780602,878.25,13726.535,18053.7342797482,0.385542168674699,FALSE
"per Hour","CITY PARK WORKER",2015,246,14.66,19.1885386247044,1194.045,16007.09,20951.7506639918,0.58130081300813,FALSE
"per Hour","CITY PARK WORKER",2016,404,15.03,19.559900752716,849.485,10981.635,14291.3965869962,0.396039603960396,FALSE
"per Hour","CITY PARK WORKER",2017,705,15.48,19.7963601147363,668.88,10125.5,12948.8400737573,0.293617021276596,FALSE
"per Hour","CITY PARK WORKER",2018,734,15.48,19.450641049653,616,11328.855,14234.7217124397,0.26158038147139,FALSE
"per Hour","CITY PARK WORKER",2019,702,16.14,19.9266789514909,688.685,11700.21,14445.2495870522,0.284900284900285,FALSE
"per Hour","CITY PARK WORKER",2020,285,16.62,20.1627987298314,1132.37,17869.1,21678.1628630103,0.554385964912281,FALSE
"per Hour","CITY PARK WORKER",2021,714,16.63,19.7669475927129,511.25,8251.81,9808.36415003152,0.436974789915966,FALSE
"per Hour","CITY PARK WORKER",2022,619,16.63,18.8171479142682,1943.92,32182.8,36415.4244074149,0.801292407108239,FALSE
"per Hour","CITY PARK WORKER",2023,433,20.89,22.4499648028753,566.75,10251.61,11017.150965668,0.228637413394919,FALSE
"per Hour","CITY PARK WORKER",2024,660,21.52,22.3601532203797,709.7,14629.47,15200.6129522745,0.353030303030303,FALSE
"per Hour","CITY PARK WORKER",2025,722,22.22,22.22,692.23,14438.555,14438.555,0.227146814404432,FALSE
"per Hour","CITY PEST CONTROL AIDE",2014,4,,,,,,,TRUE
"per Hour","CITY PEST CONTROL AIDE",2015,2,,,,,,,TRUE
"per Hour","CITY PEST CONTROL AIDE",2017,14,,,,,,,TRUE
"per Hour","CITY PEST CONTROL AIDE",2018,8,,,,,,,TRUE
"per Hour","CITY PEST CONTROL AIDE",2019,7,,,,,,,TRUE
"per Hour","CITY PEST CONTROL AIDE",2020,5,,,,,,,TRUE
"per Hour","CITY PEST CONTROL AIDE",2021,5,,,,,,,TRUE
"per Hour","CITY PEST CONTROL AIDE",2022,3,,,,,,,TRUE
"per Hour","CITY PEST CONTROL AIDE",2023,4,,,,,,,TRUE
"per Hour","CITY PEST CONTROL AIDE",2024,3,,,,,,,TRUE
"per Hour","CITY PEST CONTROL AIDE",2025,3,,,,,,,TRUE
"per Hour","CITY PLANNER",2014,2,,,,,,,TRUE
"per Hour","CITY PLANNER",2015,3,,,,,,,TRUE
"per Hour","CITY PLANNER",2016,4,,,,,,,TRUE
"per Hour","CITY PLANNER",2017,2,,,,,,,TRUE
"per Hour","CITY PLANNER",2018,2,,,,,,,TRUE
"per Hour","CITY PLANNER",2019,2,,,,,,,TRUE
"per Hour","CITY PLANNER",2020,1,,,,,,,TRUE
"per Hour","CITY PLANNER",2024,1,,,,,,,TRUE
"per Hour","CITY PLANNING TECHNICIAN",2014,7,,,,,,,TRUE
"per Hour","CITY PLANNING TECHNICIAN",2015,6,,,,,,,TRUE
"per Hour","CITY PLANNING TECHNICIAN",2016,3,,,,,,,TRUE
"per Hour","CITY PLANNING TECHNICIAN",2017,3,,,,,,,TRUE
"per Hour","CITY PLANNING TECHNICIAN",2018,1,,,,,,,TRUE
"per Hour","CITY RESEARCH SCIENTIST",2014,16,,,,,,,TRUE
"per Hour","CITY RESEARCH SCIENTIST",2015,17,,,,,,,TRUE
"per Hour","CITY RESEARCH SCIENTIST",2016,20,,,,,,,TRUE
"per Hour","CITY RESEARCH SCIENTIST",2017,21,,,,,,,TRUE
"per Hour","CITY RESEARCH SCIENTIST",2018,22,,,,,,,TRUE
"per Hour","CITY RESEARCH SCIENTIST",2019,25,,,,,,,TRUE
"per Hour","CITY RESEARCH SCIENTIST",2020,29,,,,,,,TRUE
"per Hour","CITY RESEARCH SCIENTIST",2021,25,,,,,,,TRUE
"per Hour","CITY RESEARCH SCIENTIST",2022,20,,,,,,,TRUE
"per Hour","CITY RESEARCH SCIENTIST",2023,17,,,,,,,TRUE
"per Hour","CITY RESEARCH SCIENTIST",2024,16,,,,,,,TRUE
"per Hour","CITY RESEARCH SCIENTIST",2025,13,,,,,,,TRUE
"per Hour","CITY SEASONAL AIDE",2014,908,14.98,19.702345822207,526.875,9348.085,12295.0069055665,0.222466960352423,FALSE
"per Hour","CITY SEASONAL AIDE",2015,904,15.66,20.497443032938,550.625,9499.815,12434.3497309036,0.25,FALSE
"per Hour","CITY SEASONAL AIDE",2016,6056,13.5,17.5687731311821,25.5,344.25,448.003714845142,0.0394649933949802,FALSE
"per Hour","CITY SEASONAL AIDE",2017,1044,16.53,21.139136479108,600,10748.745,13745.8673644361,0.254789272030651,FALSE
"per Hour","CITY SEASONAL AIDE",2018,1012,16.53,20.7699674774395,535.5,10551.91,13258.4892634524,0.223320158102767,FALSE
"per Hour","CITY SEASONAL AIDE",2019,1042,17.25,21.2971011098648,610.65,11057.94,13652.2936954677,0.260076775431862,FALSE
"per Hour","CITY SEASONAL AIDE",2020,747,17.77,21.5579382327981,671.2,11576.7,14044.4447686907,0.287817938420348,FALSE
"per Hour","CITY SEASONAL AIDE",2021,2895,15.45,18.3643620148776,119,1800,2139.53732212166,0.202763385146805,FALSE
"per Hour","CITY SEASONAL AIDE",2022,1313,15.45,17.481956420652,1918.23,29969.52,33911.057772677,0.837776085300838,FALSE
"per Hour","CITY SEASONAL AIDE",2023,1042,19.41,20.8594455157401,646.5,12454.915,13384.9881940069,0.324376199616123,FALSE
"per Hour","CITY SEASONAL AIDE",2024,1331,18.54,19.2638123004572,896,17317.6,17993.6890989427,0.474079639368896,FALSE
"per Hour","CITY SEASONAL AIDE",2025,1098,20.64,20.64,616,12118.5,12118.5,0.235883424408015,FALSE
"per Hour","CITY SECURITY AIDE",2014,1,,,,,,,TRUE
"per Hour","CITY VETERINARIAN",2014,4,,,,,,,TRUE
"per Hour","CITY VETERINARIAN",2015,4,,,,,,,TRUE
"per Hour","CITY VETERINARIAN",2016,4,,,,,,,TRUE
"per Hour","CITY VETERINARIAN",2017,4,,,,,,,TRUE
"per Hour","CITY VETERINARIAN",2018,4,,,,,,,TRUE
"per Hour","CITY VETERINARIAN",2019,4,,,,,,,TRUE
"per Hour","CITY VETERINARIAN",2020,4,,,,,,,TRUE
"per Hour","CITY VETERINARIAN",2021,4,,,,,,,TRUE
"per Hour","CITY VETERINARIAN",2022,2,,,,,,,TRUE
"per Hour","CITY VETERINARIAN",2023,1,,,,,,,TRUE
"per Hour","CITY VETERINARIAN",2024,1,,,,,,,TRUE
"per Hour","CIVIL ENGINEERING INTERN",2017,1,,,,,,,TRUE
"per Hour","CIVIL ENGINEERING INTERN",2018,3,,,,,,,TRUE
"per Hour","CLAIM SPECIALIST",2014,2,,,,,,,TRUE
"per Hour","CLAIM SPECIALIST",2015,1,,,,,,,TRUE
"per Hour","CLAIM SPECIALIST",2016,1,,,,,,,TRUE
"per Hour","CLAIM SPECIALIST",2017,1,,,,,,,TRUE
"per Hour","CLAIM SPECIALIST",2018,2,,,,,,,TRUE
"per Hour","CLAIM SPECIALIST",2019,1,,,,,,,TRUE
"per Hour","CLAIM SPECIALIST",2020,1,,,,,,,TRUE
"per Hour","CLAIM SPECIALIST",2021,2,,,,,,,TRUE
"per Hour","CLAIM SPECIALIST",2022,2,,,,,,,TRUE
"per Hour","CLAIM SPECIALIST",2023,3,,,,,,,TRUE
"per Hour","CLAIM SPECIALIST",2024,8,,,,,,,TRUE
"per Hour","CLAIM SPECIALIST",2025,4,,,,,,,TRUE
"per Hour","CLERICAL AIDE",2014,14,,,,,,,TRUE
"per Hour","CLERICAL AIDE",2015,10,,,,,,,TRUE
"per Hour","CLERICAL AIDE",2016,6,,,,,,,TRUE
"per Hour","CLERICAL AIDE",2017,9,,,,,,,TRUE
"per Hour","CLERICAL AIDE",2018,10,,,,,,,TRUE
"per Hour","CLERICAL AIDE",2019,10,,,,,,,TRUE
"per Hour","CLERICAL AIDE",2020,9,,,,,,,TRUE
"per Hour","CLERICAL AIDE",2021,12,,,,,,,TRUE
"per Hour","CLERICAL AIDE",2022,8,,,,,,,TRUE
"per Hour","CLERICAL AIDE",2023,7,,,,,,,TRUE
"per Hour","CLERICAL AIDE",2024,4,,,,,,,TRUE
"per Hour","CLERICAL AIDE",2025,4,,,,,,,TRUE
"per Hour","CLERICAL ASSOCIATE",2014,4,,,,,,,TRUE
"per Hour","CLERICAL ASSOCIATE",2015,255,20.2,26.4398690463185,1619.75,30608.43,40063.5089561092,0.83921568627451,FALSE
"per Hour","CLERICAL ASSOCIATE",2016,260,20.71,26.9517993738356,1441.465,27069.375,35227.8302353993,0.723076923076923,FALSE
"per Hour","CLERICAL ASSOCIATE",2017,264,21.32,27.2647543699081,1548.415,32304.93,41312.6632920768,0.803030303030303,FALSE
"per Hour","CLERICAL ASSOCIATE",2018,248,21.33,26.8011740044637,1421.075,30766.645,38658.3312788824,0.705645161290323,FALSE
"per Hour","CLERICAL ASSOCIATE",2019,254,22.24,27.4578277497619,1337,29970.25,37001.7069297347,0.716535433070866,FALSE
"per Hour","CLERICAL ASSOCIATE",2020,281,21.9,26.5683087956263,1464.25,30147.27,36573.6063335671,0.758007117437722,FALSE
"per Hour","CLERICAL ASSOCIATE",2021,277,22.91,27.2315555832262,1741.17,34720.56,41269.9633138691,0.891696750902527,FALSE
"per Hour","CLERICAL ASSOCIATE",2022,248,22.91,25.9230823040219,1615.485,35673.925,40365.6959355086,0.778225806451613,FALSE
"per Hour","CLERICAL ASSOCIATE",2023,199,25.04,26.9098668580181,1601,37637.77,40448.3777768653,0.758793969849246,FALSE
"per Hour","CLERICAL ASSOCIATE",2024,202,25.79,26.7968564848323,1730.25,41517.505,43138.3723572435,0.772277227722772,FALSE
"per Hour","CLERICAL ASSOCIATE MOST MAYORAL AG",2014,275,19.31,25.3973496546607,1481.12,27266.22,35861.7153340705,0.770909090909091,FALSE
"per Hour","CLERICAL ASSOCIATE MOST MAYORAL AG",2025,184,28.76,28.76,1724,43328.915,43328.915,0.864130434782609,FALSE
"per Hour","CLERK TO THE BOARD",2017,1,,,,,,,TRUE
"per Hour","CLERK TO THE BOARD",2019,1,,,,,,,TRUE
"per Hour","CLERK TO THE BOARD",2022,1,,,,,,,TRUE
"per Hour","CLIMBER & PRUNER",2014,1,,,,,,,TRUE
"per Hour","CLOCK REPAIRER",2014,1,,,,,,,TRUE
"per Hour","CLOCK REPAIRER",2015,1,,,,,,,TRUE
"per Hour","CLOCK REPAIRER",2016,1,,,,,,,TRUE
"per Hour","CLOCK REPAIRER",2017,1,,,,,,,TRUE
"per Hour","CLOCK REPAIRER",2018,1,,,,,,,TRUE
"per Hour","CLOCK REPAIRER",2019,1,,,,,,,TRUE
"per Hour","CLOCK REPAIRER",2020,1,,,,,,,TRUE
"per Hour","CLOCK REPAIRER",2021,1,,,,,,,TRUE
"per Hour","CLOCK REPAIRER",2022,1,,,,,,,TRUE
"per Hour","CLOCK REPAIRER",2023,1,,,,,,,TRUE
"per Hour","CLOCK REPAIRER",2024,1,,,,,,,TRUE
"per Hour","CLOCK REPAIRER",2025,1,,,,,,,TRUE
"per Hour","COLLEGE AIDE",2014,849,9.6,12.6263364414678,220.5,2227.5,2929.70462743432,0.0612485276796231,FALSE
"per Hour","COLLEGE AIDE",2015,772,10.255,13.4228147064355,246.325,2590.215,3390.34383177277,0.0725388601036269,FALSE
"per Hour","COLLEGE AIDE",2016,799,10.35,13.4693927339062,287.5,3028.03,3940.64978551209,0.0913642052565707,FALSE
"per Hour","COLLEGE AIDE",2017,774,11.64,14.8856351250343,240.41,2662.08,3404.36009911093,0.111111111111111,FALSE
"per Hour","COLLEGE AIDE",2018,826,14.15,17.7794942411233,290,4037.53,5073.16193521998,0.089588377723971,FALSE
"per Hour","COLLEGE AIDE",2019,743,16,19.7538329134978,329,4836.62,5971.36145913009,0.129205921938089,FALSE
"per Hour","COLLEGE AIDE",2020,708,16.35,19.8352442378306,551.25,9051.27,10980.6820252323,0.145480225988701,FALSE
"per Hour","COLLEGE AIDE",2021,283,16.35,19.4341306759384,924.93,15635.64,18585.0196306991,0.399293286219081,FALSE
"per Hour","COLLEGE AIDE",2022,370,17,19.2358096537919,394.515,6611.475,7481.00439004727,0.159459459459459,FALSE
"per Hour","COLLEGE AIDE",2023,465,16.35,17.5709394220685,387.23,6303.34,6774.04313741293,0.118279569892473,FALSE
"per Hour","COLLEGE AIDE",2024,498,17.3,17.9754019847848,417.25,7072.94,7349.07165978403,0.118473895582329,FALSE
"per Hour","COLLEGE AIDE",2025,558,18,18,439.625,7941.685,7941.685,0.163082437275986,FALSE
"per Hour","COLLEGE AIDE ASSIGNMENT LEVELS II AND III",2014,20,,,,,,,TRUE
"per Hour","COLLEGE AIDE ASSIGNMENT LEVELS II AND III",2015,11,,,,,,,TRUE
"per Hour","COLLEGE AIDE ASSIGNMENT LEVELS II AND III",2016,29,,,,,,,TRUE
"per Hour","COLLEGE AIDE ASSIGNMENT LEVELS II AND III",2017,27,,,,,,,TRUE
"per Hour","COLLEGE AIDE ASSIGNMENT LEVELS II AND III",2018,55,17.97,22.5793294355467,694.87,11566.5,14533.3229780886,0.2,FALSE
"per Hour","COLLEGE AIDE ASSIGNMENT LEVELS II AND III",2019,63,18.74,23.1366767999342,762.25,12782.25,15781.1519224098,0.238095238095238,FALSE
"per Hour","COLLEGE AIDE ASSIGNMENT LEVELS II AND III",2020,49,19.3,23.4140803541364,799.47,15471.4,18769.357657564,0.285714285714286,FALSE
"per Hour","COLLEGE AIDE ASSIGNMENT LEVELS II AND III",2021,25,,,,,,,TRUE
"per Hour","COLLEGE AIDE ASSIGNMENT LEVELS II AND III",2022,28,,,,,,,TRUE
"per Hour","COLLEGE AIDE ASSIGNMENT LEVELS II AND III",2023,40,17.51,18.8175626471205,502.485,9140.79,9823.38026665748,0.2,FALSE
"per Hour","COLLEGE AIDE ASSIGNMENT LEVELS II AND III",2024,63,18.54,19.2638123004572,751.83,13919.1,14462.5096974808,0.206349206349206,FALSE
"per Hour","COLLEGE AIDE ASSIGNMENT LEVELS II AND III",2025,67,19.62,19.62,883.15,16492.18,16492.18,0.358208955223881,FALSE
"per Hour","COLLEGE ASSISTANT",2014,3427,11.1,14.5992015104471,389.5,4535,5964.6287252142,0.177414648380508,FALSE
"per Hour","COLLEGE ASSISTANT",2015,3801,11.03,14.4372156228165,353.57,4066.3,5322.39799520024,0.155485398579321,FALSE
"per Hour","COLLEGE ASSISTANT",2016,3872,11.11,14.4584495916617,348.75,4102.58,5339.05905722406,0.144111570247934,FALSE
"per Hour","COLLEGE ASSISTANT",2017,5226,12.13,15.5122640950744,188.375,2593.08,3316.12050945222,0.101224646000765,FALSE
"per Hour","COLLEGE ASSISTANT",2018,3994,13.5,16.9627683572555,356.5,5039.365,6331.96897501191,0.0888833249874812,FALSE
"per Hour","COLLEGE ASSISTANT",2019,3718,15,18.5192183564041,399,5979.225,7382.03822513804,0.126412049488973,FALSE
"per Hour","COLLEGE ASSISTANT",2020,4001,15.61,18.9375022967911,307.5,5064.77,6144.40060907872,0.102974256435891,FALSE
"per Hour","COLLEGE ASSISTANT",2021,2237,15.61,18.5545431101773,424,6946.45,8256.77168402889,0.154671434957532,FALSE
"per Hour","COLLEGE ASSISTANT",2022,2013,15.61,17.6629993350406,383,6294.4,7122.22825204868,0.134624937903626,FALSE
"per Hour","COLLEGE ASSISTANT",2023,2071,16.33,17.5494459181883,377,6443.76,6924.94902815586,0.112023177209078,FALSE
"per Hour","COLLEGE ASSISTANT",2024,1983,17,17.6636898116382,414,7149.5,7428.62060637103,0.126575895108422,FALSE
"per Hour","COLLEGE ASSISTANT",2025,2256,19.12,19.12,391.625,8039.55,8039.55,0.124113475177305,FALSE
"per Hour","COLLEGE GRAPH DESIGNER",2023,4,,,,,,,TRUE
"per Hour","COLLEGE GRAPH DESIGNER",2024,4,,,,,,,TRUE
"per Hour","COLLEGE GRAPH DESIGNER",2025,5,,,,,,,TRUE
"per Hour","COLLEGE LAB TECHNICIAN",2014,9,,,,,,,TRUE
"per Hour","COLLEGE LAB TECHNICIAN",2015,17,,,,,,,TRUE
"per Hour","COLLEGE LAB TECHNICIAN",2016,24,,,,,,,TRUE
"per Hour","COLLEGE LAB TECHNICIAN",2017,27,,,,,,,TRUE
"per Hour","COLLEGE LAB TECHNICIAN",2018,17,,,,,,,TRUE
"per Hour","COLLEGE LAB TECHNICIAN",2019,14,,,,,,,TRUE
"per Hour","COLLEGE LAB TECHNICIAN",2020,10,,,,,,,TRUE
"per Hour","COLLEGE LAB TECHNICIAN",2021,2,,,,,,,TRUE
"per Hour","COLLEGE LAB TECHNICIAN",2022,9,,,,,,,TRUE
"per Hour","COLLEGE LAB TECHNICIAN",2023,12,,,,,,,TRUE
"per Hour","COLLEGE LAB TECHNICIAN",2024,9,,,,,,,TRUE
"per Hour","COLLEGE LAB TECHNICIAN",2025,8,,,,,,,TRUE
"per Hour","COMMISSION MEMBER",2025,5,,,,,,,TRUE
"per Hour","COMMISSIONER",2014,11,,,,,,,TRUE
"per Hour","COMMISSIONER",2015,12,,,,,,,TRUE
"per Hour","COMMISSIONER",2016,11,,,,,,,TRUE
"per Hour","COMMISSIONER",2017,14,,,,,,,TRUE
"per Hour","COMMISSIONER",2018,13,,,,,,,TRUE
"per Hour","COMMISSIONER",2019,13,,,,,,,TRUE
"per Hour","COMMISSIONER",2020,12,,,,,,,TRUE
"per Hour","COMMISSIONER",2021,13,,,,,,,TRUE
"per Hour","COMMISSIONER",2022,14,,,,,,,TRUE
"per Hour","COMMISSIONER",2023,13,,,,,,,TRUE
"per Hour","COMMISSIONER",2024,10,,,,,,,TRUE
"per Hour","COMMISSIONER",2025,18,,,,,,,TRUE
"per Hour","COMMUNITY ASSISTANT",2014,103,17.26,22.7011007270556,1623.02,26699.73,35116.6431121198,0.776699029126214,FALSE
"per Hour","COMMUNITY ASSISTANT",2015,155,16.48,21.5707446476896,1036,16335,21380.9535084957,0.503225806451613,FALSE
"per Hour","COMMUNITY ASSISTANT",2016,90,18.5,24.075726142731,1717.875,29024.89,37772.7190790752,0.888888888888889,FALSE
"per Hour","COMMUNITY ASSISTANT",2017,108,18.635,23.8310833810149,1167.625,22863.89,29239.1343710412,0.564814814814815,FALSE
"per Hour","COMMUNITY ASSISTANT",2018,143,17.48,21.9636437692464,1200,21916.61,27538.250267134,0.545454545454545,FALSE
"per Hour","COMMUNITY ASSISTANT",2019,140,17.87,22.0625621352628,1228.6,22956.6,28342.5525413752,0.842857142857143,FALSE
"per Hour","COMMUNITY ASSISTANT",2020,142,18.41,22.3343636953187,1291.175,23676.5,28723.4960365135,0.795774647887324,FALSE
"per Hour","COMMUNITY ASSISTANT",2021,126,18.41,21.8827122779221,1300,24336,28926.5445950849,0.904761904761905,FALSE
"per Hour","COMMUNITY ASSISTANT",2022,72,20.34,23.0150804916545,1628.4,29996.565,33941.6596827997,0.791666666666667,FALSE
"per Hour","COMMUNITY ASSISTANT",2023,65,21.42,23.0195426557008,1235,26258.87,28219.7562117414,0.676923076923077,FALSE
"per Hour","COMMUNITY ASSISTANT",2024,61,21.77,22.6199133646685,1319.25,26520.06,27555.4184485903,0.754098360655738,FALSE
"per Hour","COMMUNITY ASSISTANT",2025,53,23.34,23.34,1408.2,32386.1,32386.1,0.754716981132076,FALSE
"per Hour","COMMUNITY ASSOCIATE",2014,167,20.34,26.7520503353598,1463,28903.19,38014.7292887153,0.67065868263473,FALSE
"per Hour","COMMUNITY ASSOCIATE",2015,289,22.99,30.0917123452902,672,12477.98,16332.4830278506,0.408304498269896,FALSE
"per Hour","COMMUNITY ASSOCIATE",2016,210,24,31.2333744554348,1522.25,32740.06,42607.6064030584,0.723809523809524,FALSE
"per Hour","COMMUNITY ASSOCIATE",2017,171,22.55,28.8377209681721,1429.75,33737.15,43144.2358297724,0.678362573099415,FALSE
"per Hour","COMMUNITY ASSOCIATE",2018,171,23,28.8995312753242,1386.53,33041.82,41517.0917601579,0.678362573099415,FALSE
"per Hour","COMMUNITY ASSOCIATE",2019,185,23.43,28.9270190727033,1289.5,29763.53,36746.4874084924,0.616216216216216,FALSE
"per Hour","COMMUNITY ASSOCIATE",2020,287,20.98,25.4521971932529,839,19721.62,23925.5748908675,0.463414634146341,FALSE
"per Hour","COMMUNITY ASSOCIATE",2021,256,20.98,24.9374961211736,1742,36561.43,43458.0800195214,0.83203125,FALSE
"per Hour","COMMUNITY ASSOCIATE",2022,244,24.13,27.3035345262352,1634.98,38101.555,43112.6034996166,0.819672131147541,FALSE
"per Hour","COMMUNITY ASSOCIATE",2023,188,26.37,28.3391848660518,1652.95,41020.25,44083.4451271013,0.765957446808511,FALSE
"per Hour","COMMUNITY ASSOCIATE",2024,165,27.16,28.2203420755349,1541.67,39139.9,40667.9442857964,0.727272727272727,FALSE
"per Hour","COMMUNITY ASSOCIATE",2025,152,28.04,28.04,1698.435,43682.435,43682.435,0.756578947368421,FALSE
"per Hour","COMMUNITY COORDINATOR",2014,32,28.71,37.7606374202645,1099,31898.735,41954.6000174191,0.5625,FALSE
"per Hour","COMMUNITY COORDINATOR",2015,74,32,41.8849410634749,645.5,17837.705,23347.8507072703,0.405405405405405,FALSE
"per Hour","COMMUNITY COORDINATOR",2016,74,32.8,42.6856117557608,1229.03,38373.71,49939.1855697609,0.635135135135135,FALSE
"per Hour","COMMUNITY COORDINATOR",2017,74,33.78,43.199033893785,1045.7,38563.825,49316.7549807281,0.513513513513513,FALSE
"per Hour","COMMUNITY COORDINATOR",2018,72,33.875,42.5639835631133,1032.96,38417.42,48271.540469881,0.527777777777778,FALSE
"per Hour","COMMUNITY COORDINATOR",2019,86,33.61,41.4953952639162,1079.135,36474.31,45031.714085945,0.534883720930233,FALSE
"per Hour","COMMUNITY COORDINATOR",2020,113,34.05,41.3082609356655,1326.28,42598.26,51678.7089423002,0.672566371681416,FALSE
"per Hour","COMMUNITY COORDINATOR",2021,106,34.05,40.4729143434681,1735.735,51981.76,61787.1753275394,0.754716981132076,FALSE
"per Hour","COMMUNITY COORDINATOR",2022,117,34.05,38.5281952183302,1550.15,48406.35,54772.6667432252,0.675213675213675,FALSE
"per Hour","COMMUNITY COORDINATOR",2023,135,37.21,39.9886639691235,1173.5,42740.41,45932.0584088301,0.607407407407407,FALSE
"per Hour","COMMUNITY COORDINATOR",2024,132,38.33,39.8264253223584,1256.6,47503.93,49358.5108443397,0.666666666666667,FALSE
"per Hour","COMMUNITY COORDINATOR",2025,98,39.57,39.57,1318.695,48311.24,48311.24,0.612244897959184,FALSE
"per Hour","COMMUNITY SERVICE AIDE",2014,300,8,10.5219470345565,983,7436.26,9780.49173189886,0.463333333333333,FALSE
"per Hour","COMMUNITY SERVICE AIDE",2015,312,8.75,11.4529135720439,1022.575,8385.565,10975.9029940293,0.541666666666667,FALSE
"per Hour","COMMUNITY SERVICE AIDE",2016,384,9,11.712515420788,1007.25,8863.25,11534.5502559222,0.515625,FALSE
"per Hour","COMMUNITY SERVICE AIDE",2017,404,11,14.0671809600839,908.25,9420.75,12047.5813663373,0.277227722772277,FALSE
"per Hour","COMMUNITY SERVICE AIDE",2018,376,13,16.3345176773571,788.5,9710,12200.628203626,0.0984042553191489,FALSE
"per Hour","COMMUNITY SERVICE AIDE",2019,310,15,18.5192183564041,800.5,11162,13780.7676862789,0.109677419354839,FALSE
"per Hour","COMMUNITY SERVICE AIDE",2020,285,15,18.1974717778262,880,13200,16013.7751644871,0.168421052631579,FALSE
"per Hour","COMMUNITY SERVICE AIDE",2021,248,15,17.8294776843472,1020,15300,18186.0672380341,0.891129032258065,FALSE
"per Hour","COMMUNITY SERVICE AIDE",2022,41,15,16.972773223934,759,11400,12899.3076501898,0.317073170731707,FALSE
"per Hour","COMMUNITY SERVICE AIDE",2023,11,,,,,,,TRUE
"per Hour","COMMUNITY SERVICE AIDE",2024,9,,,,,,,TRUE
"per Hour","COMMUNITY SERVICE AIDE",2025,9,,,,,,,TRUE
"per Hour","COMPUTER AIDE NON SPVR",2014,26,,,,,,,TRUE
"per Hour","COMPUTER AIDE NON SPVR",2015,15,,,,,,,TRUE
"per Hour","COMPUTER AIDE NON SPVR",2016,11,,,,,,,TRUE
"per Hour","COMPUTER AIDE NON SPVR",2017,11,,,,,,,TRUE
"per Hour","COMPUTER AIDE NON SPVR",2018,10,,,,,,,TRUE
"per Hour","COMPUTER AIDE NON SPVR",2019,8,,,,,,,TRUE
"per Hour","COMPUTER AIDE NON SPVR",2020,7,,,,,,,TRUE
"per Hour","COMPUTER AIDE NON SPVR",2021,5,,,,,,,TRUE
"per Hour","COMPUTER AIDE NON SPVR",2022,4,,,,,,,TRUE
"per Hour","COMPUTER AIDE NON SPVR",2023,6,,,,,,,TRUE
"per Hour","COMPUTER AIDE NON SPVR",2024,7,,,,,,,TRUE
"per Hour","COMPUTER AIDE NON SPVR",2025,7,,,,,,,TRUE
"per Hour","COMPUTER ASSOCIATE",2014,18,,,,,,,TRUE
"per Hour","COMPUTER ASSOCIATE",2015,16,,,,,,,TRUE
"per Hour","COMPUTER ASSOCIATE",2016,21,,,,,,,TRUE
"per Hour","COMPUTER ASSOCIATE",2017,21,,,,,,,TRUE
"per Hour","COMPUTER ASSOCIATE",2018,20,,,,,,,TRUE
"per Hour","COMPUTER ASSOCIATE",2019,13,,,,,,,TRUE
"per Hour","COMPUTER ASSOCIATE",2020,13,,,,,,,TRUE
"per Hour","COMPUTER ASSOCIATE",2021,13,,,,,,,TRUE
"per Hour","COMPUTER ASSOCIATE",2022,11,,,,,,,TRUE
"per Hour","COMPUTER ASSOCIATE",2023,10,,,,,,,TRUE
"per Hour","COMPUTER ASSOCIATE",2024,10,,,,,,,TRUE
"per Hour","COMPUTER ASSOCIATE",2025,8,,,,,,,TRUE
"per Hour","COMPUTER OPERATIONS MANAGER",2014,1,,,,,,,TRUE
"per Hour","COMPUTER OPERATIONS MANAGER",2015,1,,,,,,,TRUE
"per Hour","COMPUTER OPERATIONS MANAGER",2016,1,,,,,,,TRUE
"per Hour","COMPUTER OPERATIONS MANAGER",2017,1,,,,,,,TRUE
"per Hour","COMPUTER OPERATIONS MANAGER",2018,1,,,,,,,TRUE
"per Hour","COMPUTER OPERATIONS MANAGER",2019,1,,,,,,,TRUE
"per Hour","COMPUTER OPERATIONS MANAGER",2020,1,,,,,,,TRUE
"per Hour","COMPUTER OPERATIONS MANAGER",2021,1,,,,,,,TRUE
"per Hour","COMPUTER OPERATIONS MANAGER",2022,1,,,,,,,TRUE
"per Hour","COMPUTER OPERATIONS MANAGER",2023,1,,,,,,,TRUE
"per Hour","COMPUTER OPERATIONS MANAGER",2024,1,,,,,,,TRUE
"per Hour","COMPUTER OPERATIONS MANAGER",2025,1,,,,,,,TRUE
"per Hour","COMPUTER PROGRAMMER ANALYST",2014,2,,,,,,,TRUE
"per Hour","COMPUTER PROGRAMMER ANALYST",2015,3,,,,,,,TRUE
"per Hour","COMPUTER PROGRAMMER ANALYST",2016,4,,,,,,,TRUE
"per Hour","COMPUTER PROGRAMMER ANALYST",2017,3,,,,,,,TRUE
"per Hour","COMPUTER PROGRAMMER ANALYST",2018,3,,,,,,,TRUE
"per Hour","COMPUTER PROGRAMMER ANALYST",2019,1,,,,,,,TRUE
"per Hour","COMPUTER PROGRAMMER ANALYST",2020,2,,,,,,,TRUE
"per Hour","COMPUTER PROGRAMMER ANALYST",2021,2,,,,,,,TRUE
"per Hour","COMPUTER PROGRAMMER ANALYST",2022,2,,,,,,,TRUE
"per Hour","COMPUTER PROGRAMMER ANALYST",2023,4,,,,,,,TRUE
"per Hour","COMPUTER PROGRAMMER ANALYST",2024,4,,,,,,,TRUE
"per Hour","COMPUTER PROGRAMMER ANALYST",2025,3,,,,,,,TRUE
"per Hour","COMPUTER SERVICE TECHNICIAN",2014,12,,,,,,,TRUE
"per Hour","COMPUTER SERVICE TECHNICIAN",2015,14,,,,,,,TRUE
"per Hour","COMPUTER SERVICE TECHNICIAN",2016,12,,,,,,,TRUE
"per Hour","COMPUTER SERVICE TECHNICIAN",2017,11,,,,,,,TRUE
"per Hour","COMPUTER SERVICE TECHNICIAN",2018,5,,,,,,,TRUE
"per Hour","COMPUTER SERVICE TECHNICIAN",2019,3,,,,,,,TRUE
"per Hour","COMPUTER SERVICE TECHNICIAN",2020,3,,,,,,,TRUE
"per Hour","COMPUTER SERVICE TECHNICIAN",2021,3,,,,,,,TRUE
"per Hour","COMPUTER SERVICE TECHNICIAN",2022,3,,,,,,,TRUE
"per Hour","COMPUTER SERVICE TECHNICIAN",2023,1,,,,,,,TRUE
"per Hour","COMPUTER SERVICE TECHNICIAN",2024,1,,,,,,,TRUE
"per Hour","COMPUTER SERVICE TECHNICIAN",2025,1,,,,,,,TRUE
"per Hour","COMPUTER SPECIALIST",2014,6,,,,,,,TRUE
"per Hour","COMPUTER SPECIALIST",2015,5,,,,,,,TRUE
"per Hour","COMPUTER SPECIALIST",2016,2,,,,,,,TRUE
"per Hour","COMPUTER SPECIALIST",2017,2,,,,,,,TRUE
"per Hour","COMPUTER SPECIALIST",2018,3,,,,,,,TRUE
"per Hour","COMPUTER SPECIALIST",2019,6,,,,,,,TRUE
"per Hour","COMPUTER SPECIALIST",2020,4,,,,,,,TRUE
"per Hour","COMPUTER SPECIALIST",2021,4,,,,,,,TRUE
"per Hour","COMPUTER SPECIALIST",2022,2,,,,,,,TRUE
"per Hour","COMPUTER SPECIALIST",2023,4,,,,,,,TRUE
"per Hour","COMPUTER SPECIALIST",2024,4,,,,,,,TRUE
"per Hour","COMPUTER SPECIALIST",2025,2,,,,,,,TRUE
"per Hour","COMPUTER SYSTEMS MANAGER",2014,1,,,,,,,TRUE
"per Hour","COMPUTER SYSTEMS MANAGER",2015,3,,,,,,,TRUE
"per Hour","COMPUTER SYSTEMS MANAGER",2016,1,,,,,,,TRUE
"per Hour","COMPUTER SYSTEMS MANAGER",2017,2,,,,,,,TRUE
"per Hour","COMPUTER SYSTEMS MANAGER",2018,1,,,,,,,TRUE
"per Hour","COMPUTER SYSTEMS MANAGER",2019,2,,,,,,,TRUE
"per Hour","COMPUTER SYSTEMS MANAGER",2020,1,,,,,,,TRUE
"per Hour","COMPUTER SYSTEMS MANAGER",2021,1,,,,,,,TRUE
"per Hour","COMPUTER SYSTEMS MANAGER",2022,2,,,,,,,TRUE
"per Hour","COMPUTER SYSTEMS MANAGER",2023,3,,,,,,,TRUE
"per Hour","COMPUTER SYSTEMS MANAGER",2024,2,,,,,,,TRUE
"per Hour","COMPUTER SYSTEMS MANAGER",2025,3,,,,,,,TRUE
"per Hour","CONFIDENTIAL AGENCY INVESTIGATOR",2016,1,,,,,,,TRUE
"per Hour","CONFIDENTIAL STRATEGY PLANNER",2020,1,,,,,,,TRUE
"per Hour","CONFIDENTIAL STRATEGY PLANNER",2021,1,,,,,,,TRUE
"per Hour","CONFIDENTIAL STRATEGY PLANNER",2022,1,,,,,,,TRUE
"per Hour","CONSTRUCTION PROJECT MANAGER",2014,4,,,,,,,TRUE
"per Hour","CONSTRUCTION PROJECT MANAGER",2015,4,,,,,,,TRUE
"per Hour","CONSTRUCTION PROJECT MANAGER",2016,4,,,,,,,TRUE
"per Hour","CONSTRUCTION PROJECT MANAGER",2017,1,,,,,,,TRUE
"per Hour","CONSTRUCTION PROJECT MANAGER",2018,1,,,,,,,TRUE
"per Hour","CONSTRUCTION PROJECT MANAGER",2019,2,,,,,,,TRUE
"per Hour","CONSTRUCTION PROJECT MANAGER",2020,2,,,,,,,TRUE
"per Hour","CONSTRUCTION PROJECT MANAGER",2021,1,,,,,,,TRUE
"per Hour","CONSTRUCTION PROJECT MANAGER",2022,1,,,,,,,TRUE
"per Hour","CONSTRUCTION PROJECT MANAGER",2023,1,,,,,,,TRUE
"per Hour","CONSTRUCTION PROJECT MANAGER",2024,2,,,,,,,TRUE
"per Hour","CONSTRUCTION PROJECT MANAGER",2025,1,,,,,,,TRUE
"per Hour","CONSULTANT PUBLIC HEALTH NURSE",2024,1,,,,,,,TRUE
"per Hour","CONSULTING ENGINEER",2014,1,,,,,,,TRUE
"per Hour","CONSULTING ENGINEER",2015,1,,,,,,,TRUE
"per Hour","CONTINUING EDUCATION TEACHER",2014,826,37.75,49.6504375693133,78,3363.6,4423.95263067927,0.119854721549637,FALSE
"per Hour","CONTINUING EDUCATION TEACHER",2015,1069,37.75,49.411141410818,77.5,3300,4319.38454717085,0.109448082319925,FALSE
"per Hour","CONTINUING EDUCATION TEACHER",2016,1151,37.75,49.1274952371943,82,3450.72,4490.73457920241,0.103388357949609,FALSE
"per Hour","CONTINUING EDUCATION TEACHER",2017,2008,40.6,51.9206860890371,13.25,1161.84,1485.80122969672,0.0199203187250996,FALSE
"per Hour","CONTINUING EDUCATION TEACHER",2018,1108,41.69,52.3835416899245,67.5,3245.07,4077.43486763549,0.0243682310469314,FALSE
"per Hour","CONTINUING EDUCATION TEACHER",2019,1108,41.69,51.4710808852326,82.625,3763.1,4645.97803979896,0.0324909747292419,FALSE
"per Hour","CONTINUING EDUCATION TEACHER",2020,915,43.7,53.0153011127337,76,3400,4124.76026964061,0.039344262295082,FALSE
"per Hour","CONTINUING EDUCATION TEACHER",2021,575,44.72,53.155616136267,96.5,4574.4,5437.27751461851,0.0469565217391304,FALSE
"per Hour","CONTINUING EDUCATION TEACHER",2022,601,46.89,53.0568890980177,100,4843.82,5480.87055983706,0.0332778702163062,FALSE
"per Hour","CONTINUING EDUCATION TEACHER",2023,689,50,53.7337597005154,88,4786.85,5144.30895244824,0.034833091436865,FALSE
"per Hour","CONTINUING EDUCATION TEACHER",2024,753,50,51.9520288577595,97.5,5127.04,5327.20260069774,0.0358565737051793,FALSE
"per Hour","CONTINUING EDUCATION TEACHER",2025,784,50,50,100.625,5399,5399,0.0357142857142857,FALSE
"per Hour","CONTRACT REVIEWER",2014,9,,,,,,,TRUE
"per Hour","CONTRACT REVIEWER",2015,9,,,,,,,TRUE
"per Hour","CONTRACT REVIEWER",2016,14,,,,,,,TRUE
"per Hour","CONTRACT REVIEWER",2017,13,,,,,,,TRUE
"per Hour","CONTRACT REVIEWER",2018,9,,,,,,,TRUE
"per Hour","CONTRACT REVIEWER",2020,1,,,,,,,TRUE
"per Hour","CONTRACT REVIEWER",2021,1,,,,,,,TRUE
"per Hour","CONTRACT SPECIALIST",2024,1,,,,,,,TRUE
"per Hour","CONTRACT SPECIALIST",2025,1,,,,,,,TRUE
"per Hour","COOP EDUCATION TRAINEE COMPUTER TECH AIDE/JR",2014,76,7.25,9.5355145000668,0,714.13,939.254754473476,0,FALSE
"per Hour","COOP EDUCATION TRAINEE COMPUTER TECH AIDE/JR",2015,3,,,,,,,TRUE
"per Hour","COOP EDUCATION TRAINEE COMPUTER TECH AIDE/JR",2016,1,,,,,,,TRUE
"per Hour","COOP EDUCATION TRAINEE COMPUTER TECH AIDE/JR",2017,5,,,,,,,TRUE
"per Hour","COOP EDUCATION TRAINEE COMPUTER TECH AIDE/JR",2018,3,,,,,,,TRUE
"per Hour","COOP EDUCATION TRAINEE COMPUTER TECH AIDE/JR",2019,53,15,18.5192183564041,0,770.25,950.961862601353,0,FALSE
"per Hour","COOP EDUCATION TRAINEE COMPUTER TECH AIDE/JR",2020,22,,,,,,,TRUE
"per Hour","COOP EDUCATION TRAINEE COMPUTER TECH AIDE/JR",2021,23,,,,,,,TRUE
"per Hour","COOP EDUCATION TRAINEE COMPUTER TECH AIDE/JR",2022,127,15,16.972773223934,0,840,950.475300540304,0,FALSE
"per Hour","COOP EDUCATION TRAINEE COMPUTER TECH AIDE/JR",2023,179,15,16.1201279101546,0,630,677.045372226494,0,FALSE
"per Hour","COOP EDUCATION TRAINEE COMPUTER TECH AIDE/JR",2024,94,15,15.5856086573278,0,447.75,465.230418421236,0,FALSE
"per Hour","COOP EDUCATION TRAINEE COMPUTER TECH AIDE/JR",2025,129,16,16,0,558.86,558.86,0,FALSE
"per Hour","COOP EDUCATION TRAINEE COMPUTER TECH AIDE/SR",2014,14,,,,,,,TRUE
"per Hour","COOP EDUCATION TRAINEE COMPUTER TECH AIDE/SR",2015,21,,,,,,,TRUE
"per Hour","COOP EDUCATION TRAINEE COMPUTER TECH AIDE/SR",2016,4,,,,,,,TRUE
"per Hour","COOP EDUCATION TRAINEE COMPUTER TECH AIDE/SR",2017,1,,,,,,,TRUE
"per Hour","COOP EDUCATION TRAINEE COMPUTER TECH AIDE/SR",2018,1,,,,,,,TRUE
"per Hour","COOP EDUCATION TRAINEE COMPUTER TECH AIDE/SR",2019,8,,,,,,,TRUE
"per Hour","COOP EDUCATION TRAINEE COMPUTER TECH AIDE/SR",2020,4,,,,,,,TRUE
"per Hour","COOP EDUCATION TRAINEE COMPUTER TECH AIDE/SR",2023,22,,,,,,,TRUE
"per Hour","COOP EDUCATION TRAINEE COMPUTER TECH AIDE/SR",2024,33,15,15.5856086573278,0,2089.07,2170.62849851759,0,FALSE
"per Hour","COOP EDUCATION TRAINEE COMPUTER TECH AIDE/SR",2025,20,,,,,,,TRUE
"per Hour","COOP TRAINEE TYPIST",2014,2238,7.25,9.5355145000668,0,773.33,1017.11716252919,0,FALSE
"per Hour","COOP TRAINEE TYPIST",2015,3185,8.75,11.4529135720439,0,761.26,996.416569811902,0,FALSE
"per Hour","COOP TRAINEE TYPIST",2016,481,9,11.712515420788,0,1035,1346.93927339062,0,FALSE
"per Hour","COOP TRAINEE TYPIST",2017,350,11,14.0671809600839,0,1320,1688.06171521007,0,FALSE
"per Hour","COOP TRAINEE TYPIST",2018,321,13,16.3345176773571,0,1235,1551.77917934893,0,FALSE
"per Hour","COOP TRAINEE TYPIST",2019,10,,,,,,,TRUE
"per Hour","COOP TRAINEE TYPIST",2020,1,,,,,,,TRUE
"per Hour","COOPERATIVE EDUCATION TRAINEE LEGISLATIVE CLERICAL ASSISTANT",2014,3,,,,,,,TRUE
"per Hour","COOPERATIVE EDUCATION TRAINEE SEASONAL PARK HELP",2014,72,8.1,10.6534713724884,205.35,849.825,1117.72670483024,0,FALSE
"per Hour","COOPERATIVE EDUCATION TRAINEE SEASONAL PARK HELP",2015,1,,,,,,,TRUE
"per Hour","COOPERATIVE EDUCATION TRAINEE SEASONAL PARK HELP",2016,40,9,11.712515420788,264.5,1585.5,2063.35479996216,0,FALSE
"per Hour","COOPERATIVE EDUCATION TRAINEE SEASONAL PARK HELP",2017,22,,,,,,,TRUE
"per Hour","CORRECTION ADMINISTRATIVE AIDE",2014,4,,,,,,,TRUE
"per Hour","CORRECTION ADMINISTRATIVE AIDE",2015,7,,,,,,,TRUE
"per Hour","CORRECTION ADMINISTRATIVE AIDE",2016,7,,,,,,,TRUE
"per Hour","CORRECTION ADMINISTRATIVE AIDE",2017,5,,,,,,,TRUE
"per Hour","CORRECTION ADMINISTRATIVE AIDE",2018,9,,,,,,,TRUE
"per Hour","CORRECTION ADMINISTRATIVE AIDE",2019,7,,,,,,,TRUE
"per Hour","CORRECTION ADMINISTRATIVE AIDE",2020,4,,,,,,,TRUE
"per Hour","CORRECTION ADMINISTRATIVE AIDE",2021,4,,,,,,,TRUE
"per Hour","CORRECTION ADMINISTRATIVE AIDE",2022,5,,,,,,,TRUE
"per Hour","CORRECTION ADMINISTRATIVE AIDE",2023,1,,,,,,,TRUE
"per Hour","CORRECTION ADMINISTRATIVE AIDE",2024,1,,,,,,,TRUE
"per Hour","COUNSEL TO THE BOROUGH PRESIDENT",2014,1,,,,,,,TRUE
"per Hour","COUNSEL TO THE BOROUGH PRESIDENT",2015,1,,,,,,,TRUE
"per Hour","COUNSEL TO THE BOROUGH PRESIDENT",2016,1,,,,,,,TRUE
"per Hour","COUNSEL TO THE BOROUGH PRESIDENT",2017,1,,,,,,,TRUE
"per Hour","COUNSEL TO THE BOROUGH PRESIDENT",2018,2,,,,,,,TRUE
"per Hour","COUNSEL TO THE BOROUGH PRESIDENT",2019,2,,,,,,,TRUE
"per Hour","COUNSEL TO THE BOROUGH PRESIDENT",2022,1,,,,,,,TRUE
"per Hour","COUNSEL TO THE BOROUGH PRESIDENT",2023,1,,,,,,,TRUE
"per Hour","COUNSEL TO THE BOROUGH PRESIDENT",2024,1,,,,,,,TRUE
"per Hour","COUNSEL TO THE BOROUGH PRESIDENT",2025,1,,,,,,,TRUE
"per Hour","CRIMINALIST",2017,1,,,,,,,TRUE
"per Hour","CRIMINALIST",2018,1,,,,,,,TRUE
"per Hour","CRIMINALIST",2019,2,,,,,,,TRUE
"per Hour","CRIMINALIST",2020,2,,,,,,,TRUE
"per Hour","CRIMINALIST",2021,2,,,,,,,TRUE
"per Hour","CRIMINALIST",2022,2,,,,,,,TRUE
"per Hour","CRIMINALIST",2023,2,,,,,,,TRUE
"per Hour","CRIMINALIST",2024,7,,,,,,,TRUE
"per Hour","CRIMINALIST",2025,3,,,,,,,TRUE
"per Hour","CRIMINALIST DEPUTY DIRECTOR OF LABATORY",2014,1,,,,,,,TRUE
"per Hour","CUNY ART MODEL",2018,16,,,,,,,TRUE
"per Hour","CUNY ART MODEL",2019,15,,,,,,,TRUE
"per Hour","CUNY ART MODEL",2020,16,,,,,,,TRUE
"per Hour","CUNY ART MODEL",2021,4,,,,,,,TRUE
"per Hour","CUNY ART MODEL",2022,7,,,,,,,TRUE
"per Hour","CUNY ART MODEL",2023,13,,,,,,,TRUE
"per Hour","CUNY ART MODEL",2024,14,,,,,,,TRUE
"per Hour","CUNY ART MODEL",2025,14,,,,,,,TRUE
"per Hour","CUNY CUSTODIAL ASSISTANT",2014,93,12.7,16.7035909173584,1261,16116.3,21196.8568741278,0.623655913978495,FALSE
"per Hour","CUNY CUSTODIAL ASSISTANT",2015,100,12.7,16.6230859845666,1627.375,22432.215,29361.6250999436,0.73,FALSE
"per Hour","CUNY CUSTODIAL ASSISTANT",2017,99,14.03,17.9420498972707,1106.5,20355.57,26031.4078850596,0.595959595959596,FALSE
"per Hour","CUNY CUSTODIAL ASSISTANT",2018,90,14.03,17.6287140779477,1500.25,23451.12,29466.3641687556,0.744444444444444,FALSE
"per Hour","CUNY CUSTODIAL ASSISTANT",2019,94,15,18.5192183564041,1339.375,18657.97,23035.4013678159,0.638297872340426,FALSE
"per Hour","CUNY CUSTODIAL ASSISTANT",2020,106,15.61,18.9375022967911,1365.5,21107.75,25607.1789945607,0.584905660377358,FALSE
"per Hour","CUNY CUSTODIAL ASSISTANT",2021,60,17.15,20.3850361524369,1192.085,20444.935,24301.5008226952,0.8,FALSE
"per Hour","CUNY CUSTODIAL ASSISTANT",2022,65,15.61,17.6629993350406,1019.5,15914.95,18008.0558146832,0.523076923076923,FALSE
"per Hour","CUNY CUSTODIAL ASSISTANT",2023,73,15.61,16.7756797785009,1501.25,23434.59,25184.572554802,0.671232876712329,FALSE
"per Hour","CUNY CUSTODIAL ASSISTANT",2024,73,15.61,16.2194234093925,1554.5,24265.76,25213.1092755093,0.698630136986301,FALSE
"per Hour","CUNY CUSTODIAL ASSISTANT",2025,102,19.12,19.12,1285.5,24360.135,24360.135,0.61764705882353,FALSE
"per Hour","CUSTODIAL ASSISTANT",2016,127,14.35,18.6749551431454,1723.75,22729.9,29580.4782514411,0.826771653543307,FALSE
"per Hour","CUSTODIAN",2014,12,,,,,,,TRUE
"per Hour","CUSTODIAN",2015,9,,,,,,,TRUE
"per Hour","CUSTODIAN",2016,9,,,,,,,TRUE
"per Hour","CUSTODIAN",2017,6,,,,,,,TRUE
"per Hour","CUSTODIAN",2018,5,,,,,,,TRUE
"per Hour","CUSTODIAN",2019,5,,,,,,,TRUE
"per Hour","CUSTODIAN",2020,4,,,,,,,TRUE
"per Hour","CUSTODIAN",2021,3,,,,,,,TRUE
"per Hour","CUSTODIAN",2022,2,,,,,,,TRUE
"per Hour","CUSTODIAN",2023,2,,,,,,,TRUE
"per Hour","CUSTODIAN",2024,7,,,,,,,TRUE
"per Hour","CUSTODIAN",2025,4,,,,,,,TRUE
"per Hour","CUSTOMER INFORMATION REPRESENTATIVE",2015,10,,,,,,,TRUE
"per Hour","CUSTOMER INFORMATION REPRESENTATIVE",2016,13,,,,,,,TRUE
"per Hour","CUSTOMER INFORMATION REPRESENTATIVE",2017,12,,,,,,,TRUE
"per Hour","CUSTOMER INFORMATION REPRESENTATIVE MA L 1549",2014,9,,,,,,,TRUE
"per Hour","CUSTOMER INFORMATION REPRESENTATIVE MA L 1549",2018,14,,,,,,,TRUE
"per Hour","CUSTOMER INFORMATION REPRESENTATIVE MA L 1549",2019,17,,,,,,,TRUE
"per Hour","CUSTOMER INFORMATION REPRESENTATIVE MA L 1549",2020,24,,,,,,,TRUE
"per Hour","CUSTOMER INFORMATION REPRESENTATIVE MA L 1549",2021,23,,,,,,,TRUE
"per Hour","CUSTOMER INFORMATION REPRESENTATIVE MA L 1549",2022,19,,,,,,,TRUE
"per Hour","CUSTOMER INFORMATION REPRESENTATIVE MA L 1549",2023,17,,,,,,,TRUE
"per Hour","CUSTOMER INFORMATION REPRESENTATIVE MA L 1549",2024,14,,,,,,,TRUE
"per Hour","CUSTOMER INFORMATION REPRESENTATIVE MA L 1549",2025,15,,,,,,,TRUE
"per Hour","CYBER SECURITY ANALYST",2023,2,,,,,,,TRUE
"per Hour","CYBER SECURITY ANALYST",2024,5,,,,,,,TRUE
"per Hour","CYBER SECURITY ANALYST",2025,7,,,,,,,TRUE
"per Hour","DENTAL HYGIENIST",2019,1,,,,,,,TRUE
"per Hour","DEPARTMENT LIBRARIAN",2014,1,,,,,,,TRUE
"per Hour","DEPARTMENT LIBRARIAN",2015,1,,,,,,,TRUE
"per Hour","DEPARTMENT LIBRARIAN",2016,1,,,,,,,TRUE
"per Hour","DEPARTMENT LIBRARIAN",2017,1,,,,,,,TRUE
"per Hour","DEPARTMENT LIBRARIAN",2018,1,,,,,,,TRUE
"per Hour","DEPARTMENT LIBRARIAN",2019,1,,,,,,,TRUE
"per Hour","DEPARTMENT LIBRARIAN",2020,1,,,,,,,TRUE
"per Hour","DEPARTMENT LIBRARIAN",2021,1,,,,,,,TRUE
"per Hour","DEPUTY ASSISTANT COMMISSIONER",2017,2,,,,,,,TRUE
"per Hour","DEPUTY ASSISTANT DIRECTOR",2023,1,,,,,,,TRUE
"per Hour","DIRECTOR OF ADMINISTRATION",2021,1,,,,,,,TRUE
"per Hour","DIRECTOR OF CRIMINAL JUSTICE DATA SHARE AND INFO SERVS QN DA",2021,1,,,,,,,TRUE
"per Hour","DIRECTOR OF CRIMINAL JUSTICE DATA SHARE AND INFO SERVS QN DA",2022,1,,,,,,,TRUE
"per Hour","DIRECTOR OF PUBLIC INFORMATION",2019,1,,,,,,,TRUE
"per Hour","DIRECTOR OF REGIONAL JOINT INTEREST PARK",2015,1,,,,,,,TRUE
"per Hour","DIRECTOR OF REGIONAL JOINT INTEREST PARK",2016,1,,,,,,,TRUE
"per Hour","DIRECTOR OF REGIONAL JOINT INTEREST PARK",2017,1,,,,,,,TRUE
"per Hour","DIRECTOR OF REGIONAL JOINT INTEREST PARK",2018,1,,,,,,,TRUE
"per Hour","DISABILITY ACCOMMODATIONS SPECIALIST",2014,6,,,,,,,TRUE
"per Hour","DISABILITY ACCOMMODATIONS SPECIALIST",2015,7,,,,,,,TRUE
"per Hour","DISABILITY ACCOMMODATIONS SPECIALIST",2016,15,,,,,,,TRUE
"per Hour","DISABILITY ACCOMMODATIONS SPECIALIST",2017,12,,,,,,,TRUE
"per Hour","DISABILITY ACCOMMODATIONS SPECIALIST",2018,16,,,,,,,TRUE
"per Hour","DISABILITY ACCOMMODATIONS SPECIALIST",2019,17,,,,,,,TRUE
"per Hour","DISABILITY ACCOMMODATIONS SPECIALIST",2020,15,,,,,,,TRUE
"per Hour","DISABILITY ACCOMMODATIONS SPECIALIST",2021,13,,,,,,,TRUE
"per Hour","DISABILITY ACCOMMODATIONS SPECIALIST",2022,16,,,,,,,TRUE
"per Hour","DISABILITY ACCOMMODATIONS SPECIALIST",2023,17,,,,,,,TRUE
"per Hour","DISABILITY ACCOMMODATIONS SPECIALIST",2024,15,,,,,,,TRUE
"per Hour","DISABILITY ACCOMMODATIONS SPECIALIST",2025,15,,,,,,,TRUE
"per Hour","EDUCATION ANALYST TRAINEE",2016,10,,,,,,,TRUE
"per Hour","EDUCATION ANALYST TRAINEE",2017,2,,,,,,,TRUE
"per Hour","EDUCATION ANALYST TRAINEE",2018,8,,,,,,,TRUE
"per Hour","EDUCATION ANALYST TRAINEE",2019,1,,,,,,,TRUE
"per Hour","EDUCATION ANALYST TRAINEE",2020,1,,,,,,,TRUE
"per Hour","EDUCATION ANALYST TRAINEE",2021,1,,,,,,,TRUE
"per Hour","EDUCATION ANALYST TRAINEE",2022,1,,,,,,,TRUE
"per Hour","ELECTION WORKER",2014,4,,,,,,,TRUE
"per Hour","ELECTION WORKER",2015,5,,,,,,,TRUE
"per Hour","ELECTION WORKER",2016,3,,,,,,,TRUE
"per Hour","ELECTION WORKER",2017,2,,,,,,,TRUE
"per Hour","ELECTION WORKER",2018,3,,,,,,,TRUE
"per Hour","ELECTION WORKER",2019,3,,,,,,,TRUE
"per Hour","ELECTION WORKER",2020,4,,,,,,,TRUE
"per Hour","ELECTION WORKER",2021,7,,,,,,,TRUE
"per Hour","ELECTION WORKER",2022,3,,,,,,,TRUE
"per Hour","ELECTION WORKER",2023,5,,,,,,,TRUE
"per Hour","ELECTION WORKER",2024,6,,,,,,,TRUE
"per Hour","ELECTION WORKER",2025,8,,,,,,,TRUE
"per Hour","ELECTRICAL ENGINEERING INTERN",2017,1,,,,,,,TRUE
"per Hour","ELECTRICIAN",2014,3,,,,,,,TRUE
"per Hour","ELECTRICIAN",2015,9,,,,,,,TRUE
"per Hour","ELECTRICIAN",2016,6,,,,,,,TRUE
"per Hour","ELECTRICIAN",2017,3,,,,,,,TRUE
"per Hour","ELECTRICIAN",2018,4,,,,,,,TRUE
"per Hour","ELECTRICIAN",2019,3,,,,,,,TRUE
"per Hour","ELECTRICIAN",2021,7,,,,,,,TRUE
"per Hour","ELECTRICIAN",2022,6,,,,,,,TRUE
"per Hour","ELECTRICIAN",2023,8,,,,,,,TRUE
"per Hour","ELECTRICIAN",2024,9,,,,,,,TRUE
"per Hour","ELECTRICIAN",2025,11,,,,,,,TRUE
"per Hour","ELIGIBILITY SPECIALIST",2014,57,17.42,22.9115396677467,574.08,8154.95,10725.743996182,0,FALSE
"per Hour","ELIGIBILITY SPECIALIST",2016,52,18.6,24.2058652029619,1148.95,18993.545,24718.0209675479,0.942307692307692,FALSE
"per Hour","ELIGIBILITY SPECIALIST",2017,57,19.23,24.5919899874922,1203.82,24479.4,31305.1045085708,0.631578947368421,FALSE
"per Hour","ELIGIBILITY SPECIALIST",2018,6,,,,,,,TRUE
"per Hour","EMERGENCY PREPARDNESS MANAGER",2024,3,,,,,,,TRUE
"per Hour","EMERGENCY PREPARDNESS MANAGER",2025,3,,,,,,,TRUE
"per Hour","EMERGENCY PREPAREDNESS MANAGER",2014,1,,,,,,,TRUE
"per Hour","EMERGENCY PREPAREDNESS MANAGER",2015,1,,,,,,,TRUE
"per Hour","EMERGENCY PREPAREDNESS MANAGER",2016,1,,,,,,,TRUE
"per Hour","EMERGENCY PREPAREDNESS MANAGER",2019,1,,,,,,,TRUE
"per Hour","EMERGENCY PREPAREDNESS MANAGER",2020,2,,,,,,,TRUE
"per Hour","EMERGENCY PREPAREDNESS MANAGER",2021,2,,,,,,,TRUE
"per Hour","EMERGENCY PREPAREDNESS MANAGER",2022,2,,,,,,,TRUE
"per Hour","EMERGENCY PREPAREDNESS MANAGER",2023,2,,,,,,,TRUE
"per Hour","EMERGENCY PREPAREDNESS SPECIALIST",2014,2,,,,,,,TRUE
"per Hour","EMERGENCY PREPAREDNESS SPECIALIST",2015,3,,,,,,,TRUE
"per Hour","EMERGENCY PREPAREDNESS SPECIALIST",2016,5,,,,,,,TRUE
"per Hour","EMERGENCY PREPAREDNESS SPECIALIST",2017,6,,,,,,,TRUE
"per Hour","EMERGENCY PREPAREDNESS SPECIALIST",2018,5,,,,,,,TRUE
"per Hour","EMERGENCY PREPAREDNESS SPECIALIST",2019,4,,,,,,,TRUE
"per Hour","EMERGENCY PREPAREDNESS SPECIALIST",2020,6,,,,,,,TRUE
"per Hour","EMERGENCY PREPAREDNESS SPECIALIST",2021,4,,,,,,,TRUE
"per Hour","EMERGENCY PREPAREDNESS SPECIALIST",2022,4,,,,,,,TRUE
"per Hour","EMERGENCY PREPAREDNESS SPECIALIST",2023,7,,,,,,,TRUE
"per Hour","EMERGENCY PREPAREDNESS SPECIALIST",2024,4,,,,,,,TRUE
"per Hour","EMERGENCY PREPAREDNESS SPECIALIST",2025,4,,,,,,,TRUE
"per Hour","EMPLOYEE ASSISTANCE PROGRAM SPECIALIST",2014,12,,,,,,,TRUE
"per Hour","EMPLOYEE ASSISTANCE PROGRAM SPECIALIST",2015,11,,,,,,,TRUE
"per Hour","EMPLOYEE ASSISTANCE PROGRAM SPECIALIST",2016,10,,,,,,,TRUE
"per Hour","EMPLOYEE ASSISTANCE PROGRAM SPECIALIST",2017,11,,,,,,,TRUE
"per Hour","EMPLOYEE ASSISTANCE PROGRAM SPECIALIST",2018,11,,,,,,,TRUE
"per Hour","EMPLOYEE ASSISTANCE PROGRAM SPECIALIST",2019,10,,,,,,,TRUE
"per Hour","EMPLOYEE ASSISTANCE PROGRAM SPECIALIST",2020,9,,,,,,,TRUE
"per Hour","EMPLOYEE ASSISTANCE PROGRAM SPECIALIST",2021,6,,,,,,,TRUE
"per Hour","EMPLOYEE ASSISTANCE PROGRAM SPECIALIST",2022,5,,,,,,,TRUE
"per Hour","EMPLOYEE ASSISTANCE PROGRAM SPECIALIST",2023,4,,,,,,,TRUE
"per Hour","EMPLOYEE ASSISTANCE PROGRAM SPECIALIST",2024,2,,,,,,,TRUE
"per Hour","EMPLOYEE ASSISTANCE PROGRAM SPECIALIST",2025,1,,,,,,,TRUE
"per Hour","ENGINEERING TECHNICIAN",2014,2,,,,,,,TRUE
"per Hour","ENGINEERING TECHNICIAN",2017,1,,,,,,,TRUE
"per Hour","ENVIRONMENTAL HEALTH TECHNICIAN",2017,1,,,,,,,TRUE
"per Hour","ENVIRONMENTAL HEALTH TECHNICIAN",2018,1,,,,,,,TRUE
"per Hour","ENVIRONMENTAL HEALTH TECHNICIAN",2019,1,,,,,,,TRUE
"per Hour","EOC ADJUNCT COLLEGE LAB TECH",2014,1,,,,,,,TRUE
"per Hour","EOC ADJUNCT COLLEGE LAB TECH",2016,1,,,,,,,TRUE
"per Hour","EOC ADJUNCT COLLEGE LAB TECH",2017,1,,,,,,,TRUE
"per Hour","EOC ADJUNCT COLLEGE LAB TECH",2018,1,,,,,,,TRUE
"per Hour","EOC ADJUNCT COLLEGE LAB TECH",2019,1,,,,,,,TRUE
"per Hour","EOC ADJUNCT COLLEGE LAB TECH",2020,1,,,,,,,TRUE
"per Hour","EOC ADJUNCT COLLEGE LAB TECH",2022,1,,,,,,,TRUE
"per Hour","EOC ADJUNCT COLLEGE LAB TECH",2023,2,,,,,,,TRUE
"per Hour","EOC ADJUNCT COLLEGE LAB TECH",2024,4,,,,,,,TRUE
"per Hour","EOC ADJUNCT COLLEGE LAB TECH",2025,4,,,,,,,TRUE
"per Hour","EOC ADJUNCT LECTURER",2014,15,,,,,,,TRUE
"per Hour","EOC ADJUNCT LECTURER",2015,15,,,,,,,TRUE
"per Hour","EOC ADJUNCT LECTURER",2016,17,,,,,,,TRUE
"per Hour","EOC ADJUNCT LECTURER",2017,29,,,,,,,TRUE
"per Hour","EOC ADJUNCT LECTURER",2018,14,,,,,,,TRUE
"per Hour","EOC ADJUNCT LECTURER",2019,13,,,,,,,TRUE
"per Hour","EOC ADJUNCT LECTURER",2020,7,,,,,,,TRUE
"per Hour","EOC ADJUNCT LECTURER",2021,8,,,,,,,TRUE
"per Hour","EOC ADJUNCT LECTURER",2022,10,,,,,,,TRUE
"per Hour","EOC ADJUNCT LECTURER",2023,9,,,,,,,TRUE
"per Hour","EOC ADJUNCT LECTURER",2024,7,,,,,,,TRUE
"per Hour","EOC ADJUNCT LECTURER",2025,6,,,,,,,TRUE
"per Hour","EOC ASSISTANT",2014,1,,,,,,,TRUE
"per Hour","EOC ASSISTANT",2015,1,,,,,,,TRUE
"per Hour","EOC ASSISTANT",2016,1,,,,,,,TRUE
"per Hour","EOC ASSISTANT",2017,2,,,,,,,TRUE
"per Hour","EOC ASSISTANT",2018,1,,,,,,,TRUE
"per Hour","EOC ASSISTANT",2020,1,,,,,,,TRUE
"per Hour","EOC ASSISTANT",2023,1,,,,,,,TRUE
"per Hour","EOC ASSISTANT",2024,3,,,,,,,TRUE
"per Hour","EOC ASSISTANT",2025,3,,,,,,,TRUE
"per Hour","EXECUTIVE AGENCY COUNSEL",2014,2,,,,,,,TRUE
"per Hour","EXECUTIVE AGENCY COUNSEL",2015,4,,,,,,,TRUE
"per Hour","EXECUTIVE AGENCY COUNSEL",2016,3,,,,,,,TRUE
"per Hour","EXECUTIVE AGENCY COUNSEL",2017,3,,,,,,,TRUE
"per Hour","EXECUTIVE AGENCY COUNSEL",2018,2,,,,,,,TRUE
"per Hour","EXECUTIVE AGENCY COUNSEL",2019,1,,,,,,,TRUE
"per Hour","EXECUTIVE AGENCY COUNSEL",2020,1,,,,,,,TRUE
"per Hour","EXECUTIVE AGENCY COUNSEL",2021,2,,,,,,,TRUE
"per Hour","EXECUTIVE AGENCY COUNSEL",2022,1,,,,,,,TRUE
"per Hour","EXECUTIVE AGENCY COUNSEL",2023,1,,,,,,,TRUE
"per Hour","EXECUTIVE AGENCY COUNSEL",2025,1,,,,,,,TRUE
"per Hour","EXECUTIVE ASSISTANT MIDTOWN ENFORCEMENT",2014,1,,,,,,,TRUE
"per Hour","EXECUTIVE ASSISTANT MIDTOWN ENFORCEMENT",2015,1,,,,,,,TRUE
"per Hour","EXECUTIVE ASSISTANT MIDTOWN ENFORCEMENT",2016,1,,,,,,,TRUE
"per Hour","EXECUTIVE COOK",2018,1,,,,,,,TRUE
"per Hour","EXECUTIVE COOK",2019,1,,,,,,,TRUE
"per Hour","EXECUTIVE PROGRAM SPECIALIST",2025,1,,,,,,,TRUE
"per Hour","EXECUTIVE SECRETARY",2014,1,,,,,,,TRUE
"per Hour","EXECUTIVE SECRETARY",2015,1,,,,,,,TRUE
"per Hour","EXECUTIVE SECRETARY",2016,1,,,,,,,TRUE
"per Hour","EXECUTIVE SECRETARY",2017,1,,,,,,,TRUE
"per Hour","EXECUTIVE SECRETARY",2018,1,,,,,,,TRUE
"per Hour","EXECUTIVE SECRETARY",2019,1,,,,,,,TRUE
"per Hour","EXECUTIVE SECRETARY",2020,1,,,,,,,TRUE
"per Hour","EXECUTIVE SECRETARY",2021,1,,,,,,,TRUE
"per Hour","EXECUTIVE SECRETARY",2022,1,,,,,,,TRUE
"per Hour","EXECUTIVE SECRETARY",2023,1,,,,,,,TRUE
"per Hour","EXECUTIVE SECRETARY",2024,1,,,,,,,TRUE
"per Hour","EXECUTIVE SECRETARY",2025,1,,,,,,,TRUE
"per Hour","EXTERMINATOR",2014,1,,,,,,,TRUE
"per Hour","EXTERMINATOR",2015,1,,,,,,,TRUE
"per Hour","EXTERMINATOR",2016,1,,,,,,,TRUE
"per Hour","EXTERMINATOR",2017,1,,,,,,,TRUE
"per Hour","EXTERMINATOR",2018,1,,,,,,,TRUE
"per Hour","EXTERMINATOR",2019,1,,,,,,,TRUE
"per Hour","EXTERMINATOR",2020,1,,,,,,,TRUE
"per Hour","EXTERMINATOR",2021,1,,,,,,,TRUE
"per Hour","EXTERMINATOR",2022,1,,,,,,,TRUE
"per Hour","EXTERMINATOR",2023,1,,,,,,,TRUE
"per Hour","F/T DC 37 FAMILY PARA",2014,1587,16.07,21.1359611056653,0,28320.61,37248.4948007913,0,FALSE
"per Hour","F/T DC 37 FAMILY PARA",2015,1543,16.8,21.9895940583243,0,30706.1,40191.3496496614,0,FALSE
"per Hour","F/T DC 37 FAMILY PARA",2016,1513,17.22,22.4099461717744,0,31094.15,40465.6345968107,0,FALSE
"per Hour","F/T DC 37 FAMILY PARA",2017,1488,17.735,22.6801322115535,0,30713.69,39277.7304710837,0,FALSE
"per Hour","F/T DC 37 FAMILY PARA",2018,1483,17.72,22.2652040955976,0,31379.23,39428.0451643735,0,FALSE
"per Hour","F/T DC 37 FAMILY PARA",2019,1434,18.48,22.8156770150899,0,32964.125,40697.9885868534,0,FALSE
"per Hour","F/T DC 37 FAMILY PARA",2020,1434,19.02,23.0743942142836,0,26606.545,32278.1234495309,0,FALSE
"per Hour","F/T DC 37 FAMILY PARA",2021,1439,19.03,22.6196640222084,0,26914.22,31991.0989921074,0,FALSE
"per Hour","F/T DC 37 FAMILY PARA",2022,1351,18.83,21.3064879871118,0,25371.07,28707.827837237,0,FALSE
"per Hour","F/T DC 37 FAMILY PARA",2023,1327,18.61,19.9997053605318,0,26759.06,28757.2979970335,0,FALSE
"per Hour","F/T DC 37 FAMILY PARA",2024,1269,19.14,19.8872366467503,0,28358.85,29465.9958714574,0,FALSE
"per Hour","F/T DC 37 FAMILY PARA",2025,1271,19.63,19.63,0,29586.72,29586.72,0,FALSE
"per Hour","F/T FILM INSPECTION ASST.",2014,1,,,,,,,TRUE
"per Hour","F/T FILM INSPECTION ASST.",2015,1,,,,,,,TRUE
"per Hour","F/T FILM INSPECTION ASST.",2016,1,,,,,,,TRUE
"per Hour","F/T FILM INSPECTION ASST.",2017,1,,,,,,,TRUE
"per Hour","F/T FILM INSPECTION ASST.",2018,1,,,,,,,TRUE
"per Hour","F/T FILM INSPECTION ASST.",2019,1,,,,,,,TRUE
"per Hour","F/T FILM INSPECTION ASST.",2020,1,,,,,,,TRUE
"per Hour","F/T FILM INSPECTION ASST.",2021,1,,,,,,,TRUE
"per Hour","F/T FILM INSPECTION ASST.",2022,1,,,,,,,TRUE
"per Hour","F/T GROUP LEADER",2014,12,,,,,,,TRUE
"per Hour","F/T GROUP LEADER",2015,12,,,,,,,TRUE
"per Hour","F/T GROUP LEADER",2016,11,,,,,,,TRUE
"per Hour","F/T GROUP LEADER",2017,5,,,,,,,TRUE
"per Hour","F/T GROUP LEADER",2018,4,,,,,,,TRUE
"per Hour","F/T GROUP LEADER",2019,3,,,,,,,TRUE
"per Hour","F/T GROUP LEADER",2020,2,,,,,,,TRUE
"per Hour","F/T GROUP LEADER",2021,2,,,,,,,TRUE
"per Hour","F/T HEALTH SERVICE AIDE",2014,157,14.57,19.163096036686,0,23927.18,31470.0650807874,0,FALSE
"per Hour","F/T HEALTH SERVICE AIDE",2015,147,15.25,19.9607922255622,0,26187.92,34277.4839304686,0,FALSE
"per Hour","F/T HEALTH SERVICE AIDE",2016,142,15.63,20.3407351141019,0,26469.05,34446.5729220677,0,FALSE
"per Hour","F/T HEALTH SERVICE AIDE",2017,132,15.86,20.2823172751756,0,26069.54,33338.6306114679,0,FALSE
"per Hour","F/T HEALTH SERVICE AIDE",2018,125,15.86,19.9281115663757,0,26213.9,32937.8009955748,0,FALSE
"per Hour","F/T HEALTH SERVICE AIDE",2019,109,16.54,20.4205247743283,0,27395.58,33822.9818680226,0,FALSE
"per Hour","F/T HEALTH SERVICE AIDE",2020,100,17.04,20.6723279396106,0,21440.71,26011.1143414371,0,FALSE
"per Hour","F/T HEALTH SERVICE AIDE",2021,88,17,20.2067413755935,0,21104.595,25085.593705979,0,FALSE
"per Hour","F/T HEALTH SERVICE AIDE",2022,78,17,19.2358096537919,0,20658.93,23375.9555959418,0,FALSE
"per Hour","F/T HEALTH SERVICE AIDE",2023,71,17,18.2694782981752,0,22430.88,24105.9103158219,0,FALSE
"per Hour","F/T HEALTH SERVICE AIDE",2024,61,17,17.6636898116382,0,23549.64,24469.0315373969,0,FALSE
"per Hour","F/T HEALTH SERVICE AIDE",2025,53,17.04,17.04,0,23797.92,23797.92,0,FALSE
"per Hour","F/T SCHOOL AIDE",2014,7062,14.14,18.5975413835786,0,21974.67,28902.0392302321,0,FALSE
"per Hour","F/T SCHOOL AIDE",2015,7025,14.78,19.3456071536925,0,24080.23,31518.7191982787,0,FALSE
"per Hour","F/T SCHOOL AIDE",2016,7148,15.15,19.7160676249932,0,24127.97,31399.9134108123,0,FALSE
"per Hour","F/T SCHOOL AIDE",2017,7212,15.38,19.6684766514628,0,23904.105,30569.3973385316,0,FALSE
"per Hour","F/T SCHOOL AIDE",2018,7213,15.38,19.3249909136733,0,24059.84,30231.2216764911,0,FALSE
"per Hour","F/T SCHOOL AIDE",2019,7035,16.04,19.8032174957815,0,25226.69,31145.2387012878,0,FALSE
"per Hour","F/T SCHOOL AIDE",2020,7075,16.52,20.0414822513126,0,19991.02,24252.4014839973,0,FALSE
"per Hour","F/T SCHOOL AIDE",2021,6532,16.52,19.6361980896944,0,19732.32,23454.4639400265,0,FALSE
"per Hour","F/T SCHOOL AIDE",2022,6874,16.52,18.692680910626,0,19164,21684.4150708981,0,FALSE
"per Hour","F/T SCHOOL AIDE",2023,6921,16.52,17.7536342050503,0,20965.75,22531.3714488216,0,FALSE
"per Hour","F/T SCHOOL AIDE",2024,7008,16.52,17.1649503346037,0,21832.495,22684.8482055378,0,FALSE
"per Hour","F/T SCHOOL AIDE",2025,7228,16.95,16.95,0,22667.63,22667.63,0,FALSE
"per Hour","F/T SCHOOL GUARD",2014,37,17.47,22.9773018367127,0,25931.52,34106.2599956927,0,FALSE
"per Hour","F/T SCHOOL GUARD",2015,35,18.25,23.887505450263,0,28351.88,37109.9007137097,0,FALSE
"per Hour","F/T SCHOOL GUARD",2016,33,18.7,24.3360042631929,0,28975.72,37708.7297031596,0,FALSE
"per Hour","F/T SCHOOL GUARD",2017,32,19.26,24.6303550264742,0,28508.285,36457.382177877,0,FALSE
"per Hour","F/T SCHOOL GUARD",2018,29,,,,,,,TRUE
"per Hour","F/T SCHOOL GUARD",2019,26,,,,,,,TRUE
"per Hour","F/T SCHOOL GUARD",2020,23,,,,,,,TRUE
"per Hour","F/T SCHOOL GUARD",2021,16,,,,,,,TRUE
"per Hour","F/T SCHOOL GUARD",2022,13,,,,,,,TRUE
"per Hour","F/T SCHOOL GUARD",2023,11,,,,,,,TRUE
"per Hour","F/T SCHOOL GUARD",2024,8,,,,,,,TRUE
"per Hour","F/T SCHOOL GUARD",2025,8,,,,,,,TRUE
"per Hour","F/T SCHOOL LUNCH HELPER",2014,3493,14.14,18.5975413835786,0,19648.55,25842.6253007293,0,FALSE
"per Hour","F/T SCHOOL LUNCH HELPER",2015,3464,14.78,19.3456071536925,0,21674.925,28370.4048806324,0,FALSE
"per Hour","F/T SCHOOL LUNCH HELPER",2016,3617,15.15,19.7160676249932,0,21967.66,28588.5062787365,0,FALSE
"per Hour","F/T SCHOOL LUNCH HELPER",2017,3787,15.38,19.6684766514628,0,21704.4,27756.3384027314,0,FALSE
"per Hour","F/T SCHOOL LUNCH HELPER",2018,3633,15.38,19.3249909136733,0,21914.06,27535.0461886665,0,FALSE
"per Hour","F/T SCHOOL LUNCH HELPER",2019,3518,16.04,19.8032174957815,0,23178.725,28616.7912998696,0,FALSE
"per Hour","F/T SCHOOL LUNCH HELPER",2020,3400,16.52,20.0414822513126,0,16452.52,19959.6178916081,0,FALSE
"per Hour","F/T SCHOOL LUNCH HELPER",2021,3271,16.52,19.6361980896944,0,16142.4,19187.3707047871,0,FALSE
"per Hour","F/T SCHOOL LUNCH HELPER",2022,2824,16.52,18.692680910626,0,17173.4,19432.0149122605,0,FALSE
"per Hour","F/T SCHOOL LUNCH HELPER",2023,2900,16.52,17.7536342050503,0,17851.45,19184.5104921153,0,FALSE
"per Hour","F/T SCHOOL LUNCH HELPER",2024,3224,16.52,17.1649503346037,0,18058.65,18763.6701186436,0,FALSE
"per Hour","F/T SCHOOL LUNCH HELPER",2025,3243,16.7,16.7,0,21395.88,21395.88,0,FALSE
"per Hour","F/T SCHOOL SAFETY OFFICER",2014,30,16.92,22.2539179780869,0,36257.42,47687.3316062086,0,FALSE
"per Hour","F/T SCHOOL SAFETY OFFICER",2015,29,,,,,,,TRUE
"per Hour","F/T SCHOOL SAFETY OFFICER",2016,28,,,,,,,TRUE
"per Hour","F/T SCHOOL SAFETY OFFICER",2017,17,,,,,,,TRUE
"per Hour","F/T SCHOOL SAFETY OFFICER",2018,10,,,,,,,TRUE
"per Hour","F/T SCHOOL SAFETY OFFICER",2019,6,,,,,,,TRUE
"per Hour","F/T SCHOOL SAFETY OFFICER",2020,4,,,,,,,TRUE
"per Hour","F/T SCHOOL SAFETY OFFICER",2021,3,,,,,,,TRUE
"per Hour","F/T SCHOOL SAFETY OFFICER",2022,3,,,,,,,TRUE
"per Hour","F/T SCHOOL SAFETY OFFICER",2023,3,,,,,,,TRUE
"per Hour","F/T SCHOOL SAFETY OFFICER",2024,3,,,,,,,TRUE
"per Hour","F/T SCHOOL SAFETY OFFICER",2025,3,,,,,,,TRUE
"per Hour","F/T SR. SCHOOL LUNCH HELPER",2014,1967,14.56,19.1499436028928,0,24863.41,32701.4353898077,0,FALSE
"per Hour","F/T SR. SCHOOL LUNCH HELPER",2015,2051,15.24,19.9477031814799,0,27444.31,35921.9783399292,0,FALSE
"per Hour","F/T SR. SCHOOL LUNCH HELPER",2016,2079,15.62,20.3277212080788,0,27907.09,36318.0246638133,0,FALSE
"per Hour","F/T SR. SCHOOL LUNCH HELPER",2017,2213,15.85,20.2695289288482,0,27427.26,35074.9299690247,0,FALSE
"per Hour","F/T SR. SCHOOL LUNCH HELPER",2018,2527,15.85,19.9155465527777,0,27965.18,35138.2866969595,0,FALSE
"per Hour","F/T SR. SCHOOL LUNCH HELPER",2019,2591,16.53,20.4081786287574,0,29808.48,36801.9833328337,0,FALSE
"per Hour","F/T SR. SCHOOL LUNCH HELPER",2020,2561,17.03,20.6601962917587,0,21019.09,25499.6198047059,0,FALSE
"per Hour","F/T SR. SCHOOL LUNCH HELPER",2021,2425,17.03,20.2424003309622,0,21325.16,25347.7642890089,0,FALSE
"per Hour","F/T SR. SCHOOL LUNCH HELPER",2022,2148,17.03,19.2697552002397,0,21420.915,24238.1555029444,0,FALSE
"per Hour","F/T SR. SCHOOL LUNCH HELPER",2023,2053,17.03,18.3017185539955,0,22558.99,24243.5869549266,0,FALSE
"per Hour","F/T SR. SCHOOL LUNCH HELPER",2024,2167,17.03,17.6948610289529,0,22984.2,23881.5164334503,0,FALSE
"per Hour","F/T SR. SCHOOL LUNCH HELPER",2025,2170,17.49,17.49,0,27375.24,27375.24,0,FALSE
"per Hour","FIELD SUPERVISOR",2014,29,,,,,,,TRUE
"per Hour","FIELD SUPERVISOR",2015,23,,,,,,,TRUE
"per Hour","FIELD SUPERVISOR",2016,5,,,,,,,TRUE
"per Hour","FIELD SUPERVISOR",2017,13,,,,,,,TRUE
"per Hour","FINANCIAL CLERK",2014,22,,,,,,,TRUE
"per Hour","FINANCIAL CLERK",2015,84,18.74,24.5288686102975,1781.25,25243.89,33041.8389019638,0.952380952380952,FALSE
"per Hour","FINANCIAL CLERK",2016,39,19.21,24.9997134703709,1798.5,32654.27,42495.9601032862,0.923076923076923,FALSE
"per Hour","FINANCIAL CLERK",2017,59,19.79,25.3081373818237,1757,31880.05,40769.3120333204,0.949152542372881,FALSE
"per Hour","FINANCIAL CLERK",2018,55,19.79,24.8661619103767,1662.98,32285.69,40567.0133869748,0.981818181818182,FALSE
"per Hour","FINANCIAL CLERK",2019,50,20.64,25.4824444584121,1745.08,36007.715,44455.6491066779,0.9,FALSE
"per Hour","FINANCIAL CLERK",2020,38,20.755,25.1792351165855,1737.86,33976.61,41219.2267720805,0.894736842105263,FALSE
"per Hour","FINANCIAL CLERK",2021,44,21.26,25.2703130379481,1775.2,35315.965,41977.6806579124,0.909090909090909,FALSE
"per Hour","FINANCIAL CLERK",2022,37,21.26,24.0560772493891,1688.98,32605.12,36893.2871799437,0.864864864864865,FALSE
"per Hour","FINANCIAL CLERK",2023,49,25.56,27.4686979589035,1637.25,37611.02,40419.6302154255,0.755102040816326,FALSE
"per Hour","FINANCIAL CLERK",2024,70,27.93,29.0204033199444,1652.19,46038.395,47835.7605120986,0.871428571428571,FALSE
"per Hour","FINANCIAL CLERK",2025,64,28.84,28.84,1692.54,46744.43,46744.43,0.890625,FALSE
"per Hour","FIRE CADET",2024,87,17.63,18.318285375246,1203.92,20630.56,21435.9889694348,0.988505747126437,FALSE
"per Hour","FIRE CADET",2025,6,,,,,,,TRUE
"per Hour","FITNESS INSTRUCTOR",2017,4,,,,,,,TRUE
"per Hour","FITNESS INSTRUCTOR",2018,4,,,,,,,TRUE
"per Hour","FITNESS INSTRUCTOR",2019,4,,,,,,,TRUE
"per Hour","FITNESS INSTRUCTOR",2020,4,,,,,,,TRUE
"per Hour","FITNESS INSTRUCTOR",2021,4,,,,,,,TRUE
"per Hour","FITNESS INSTRUCTOR",2022,4,,,,,,,TRUE
"per Hour","FITNESS INSTRUCTOR",2023,4,,,,,,,TRUE
"per Hour","FITNESS INSTRUCTOR",2024,2,,,,,,,TRUE
"per Hour","FITNESS INSTRUCTOR",2025,3,,,,,,,TRUE
"per Hour","FORENSIC MORTUARY TECHNICIAN",2023,1,,,,,,,TRUE
"per Hour","FORENSIC MORTUARY TECHNICIAN",2024,1,,,,,,,TRUE
"per Hour","FORESTER",2014,4,,,,,,,TRUE
"per Hour","FORESTER",2015,5,,,,,,,TRUE
"per Hour","FORESTER",2016,5,,,,,,,TRUE
"per Hour","FORESTER",2017,3,,,,,,,TRUE
"per Hour","FORESTER",2018,3,,,,,,,TRUE
"per Hour","FORESTER",2019,2,,,,,,,TRUE
"per Hour","FORESTER",2020,2,,,,,,,TRUE
"per Hour","FORESTER",2021,1,,,,,,,TRUE
"per Hour","FORESTER",2022,1,,,,,,,TRUE
"per Hour","FORESTER",2023,3,,,,,,,TRUE
"per Hour","GARDENER",2014,25,,,,,,,TRUE
"per Hour","GARDENER",2015,43,18.33,23.9922178029217,1687.75,29174.91,38187.1683088182,0.837209302325581,FALSE
"per Hour","GARDENER",2016,59,18.79,24.4531294174008,1623.85,27799.81,36178.4114799975,0.64406779661017,FALSE
"per Hour","GARDENER",2017,61,19.35,24.7454501434204,2006.5,39705.55,50776.8324517874,0.80327868852459,FALSE
"per Hour","GARDENER",2018,56,20.805,26.1415107905704,1897.015,37658.855,47318.4025158868,0.767857142857143,FALSE
"per Hour","GARDENER",2019,52,23.21,28.6554038701427,1975.09,38965.81,48107.7562549437,0.807692307692308,FALSE
"per Hour","GARDENER",2020,48,20.79,25.2216958840671,1521.125,29422.45,35694.2802339668,0.708333333333333,FALSE
"per Hour","GARDENER",2021,42,20.79,24.7116560705052,2009.76,41572.615,49414.5340948304,0.761904761904762,FALSE
"per Hour","GARDENER",2022,58,20.79,23.5242636883725,1946.74,35352.445,40001.9354597733,0.862068965517241,FALSE
"per Hour","GARDENER",2023,26,,,,,,,TRUE
"per Hour","GARDENER",2024,24,,,,,,,TRUE
"per Hour","GARDENER",2025,17,,,,,,,TRUE
"per Hour","GASOLINE ROLLER ENGINEER",2016,50,52.8,68.7134238019565,1520,87024.615,113253.016130627,0.84,FALSE
"per Hour","GASOLINE ROLLER ENGINEER L15",2014,36,52.8,69.4448504280727,1512,92815.8,122075.366446248,0.861111111111111,FALSE
"per Hour","GASOLINE ROLLER ENGINEER L15",2015,40,52.8,69.1101527547335,1512,88308,115586.730482292,0.975,FALSE
"per Hour","GASOLINE ROLLER ENGINEER L15",2017,49,52.8,67.5224686084029,1512,91581.6,117117.721801275,1,FALSE
"per Hour","GASOLINE ROLLER ENGINEER L15",2018,46,63.06,79.2349757487801,1424,124404.315,156314.190962077,0.934782608695652,FALSE
"per Hour","GASOLINE ROLLER ENGINEER L15",2019,47,63.06,77.854793970323,1504,99907.85,123347.685977925,1,FALSE
"per Hour","GASOLINE ROLLER ENGINEER L15",2020,49,67.08,81.3790937904388,1504,106927.92,129721.187097444,1,FALSE
"per Hour","GASOLINE ROLLER ENGINEER L15",2021,47,67.08,79.7334242044005,1504,100888.32,119919.070003418,0.851063829787234,FALSE
"per Hour","GASOLINE ROLLER ENGINEER L15",2022,44,67.08,75.9022418574328,1504,100888.32,114156.971753579,0.886363636363636,FALSE
"per Hour","GASOLINE ROLLER ENGINEER L15",2023,51,67.08,72.0892120142114,1496,100351.68,107845.46117326,0.88235294117647,FALSE
"per Hour","GASOLINE ROLLER ENGINEER L15",2024,53,67.08,69.6988419155701,1496,100351.68,104269.467505693,1,FALSE
"per Hour","GASOLINE ROLLER ENGINEER L15",2025,52,77.96,77.96,1496,133971.265,133971.265,0.923076923076923,FALSE
"per Hour","GEOLOGIST",2022,1,,,,,,,TRUE
"per Hour","GEOLOGIST",2023,1,,,,,,,TRUE
"per Hour","GRAPHIC ARTIST",2014,2,,,,,,,TRUE
"per Hour","GRAPHIC ARTIST",2015,1,,,,,,,TRUE
"per Hour","GRAPHIC ARTIST",2016,2,,,,,,,TRUE
"per Hour","GRAPHIC ARTIST",2018,1,,,,,,,TRUE
"per Hour","GRAPHIC ARTIST",2020,1,,,,,,,TRUE
"per Hour","GRAPHIC ARTIST",2021,1,,,,,,,TRUE
"per Hour","GRAPHIC ARTIST",2022,1,,,,,,,TRUE
"per Hour","GRAPHIC ARTIST",2023,1,,,,,,,TRUE
"per Hour","GRAPHIC ARTIST",2024,1,,,,,,,TRUE
"per Hour","HEAD COACH",2025,5,,,,,,,TRUE
"per Hour","HEALTH SERVICES MANAGER",2014,1,,,,,,,TRUE
"per Hour","HEALTH SERVICES MANAGER",2015,1,,,,,,,TRUE
"per Hour","HEARING OFFICER",2014,370,39.47,51.912656181743,727.25,28315.325,37241.5437395316,0.237837837837838,FALSE
"per Hour","HEARING OFFICER",2015,382,47.29,61.8980894653664,712,27590.97,36113.9422604407,0.222513089005236,FALSE
"per Hour","HEARING OFFICER",2016,400,49.04,63.8201951372717,728.5,36839.405,47942.455461684,0.2275,FALSE
"per Hour","HEARING OFFICER",2017,388,51.27,65.5658516203185,772.5,38088.855,48709.346895218,0.255154639175258,FALSE
"per Hour","HEARING OFFICER",2018,410,53.85,67.6625982250524,737.5,38413.105,48266.1186665135,0.192682926829268,FALSE
"per Hour","HEARING OFFICER",2019,426,54.93,67.817377621152,753.765,39271.635,48485.3322518669,0.204225352112676,FALSE
"per Hour","HEARING OFFICER",2020,416,56.3,68.3011774061077,605.125,32752.135,39733.7368217369,0.129807692307692,FALSE
"per Hour","HEARING OFFICER",2021,277,57.99,68.9287607276862,677.83,37331.39,44373.2789953774,0.249097472924188,FALSE
"per Hour","HEARING OFFICER",2022,301,57.99,65.6167412837288,744,42883.72,48523.7103039122,0.235880398671096,FALSE
"per Hour","HEARING OFFICER",2023,258,57.99,62.3204145006577,833.125,48204.305,51803.970828007,0.286821705426357,FALSE
"per Hour","HEARING OFFICER",2024,268,61.52,63.9217763065873,833,50910.9,52898.4909194901,0.32089552238806,FALSE
"per Hour","HEARING OFFICER",2025,278,63.37,63.37,782.25,48741.24,48741.24,0.255395683453237,FALSE
"per Hour","HELICOPTER MECHANIC",2020,1,,,,,,,TRUE
"per Hour","HELICOPTER MECHANIC",2021,1,,,,,,,TRUE
"per Hour","HIGH PRESSURE PLANT TENDER",2014,1,,,,,,,TRUE
"per Hour","HIGH PRESSURE PLANT TENDER",2015,1,,,,,,,TRUE
"per Hour","HIGH PRESSURE PLANT TENDER",2016,1,,,,,,,TRUE
"per Hour","HIGH SCHOOL STUDENT AIDE",2022,1,,,,,,,TRUE
"per Hour","HIGH SCHOOL STUDENT AIDE",2024,84,16,16.624649234483,446.41,6838.165,7105.13090828242,0,FALSE
"per Hour","HIGH SCHOOL STUDENT AIDE",2025,1,,,,,,,TRUE
"per Hour","HIGHWAY TRANSPORTATION SPECIALIST",2014,1,,,,,,,TRUE
"per Hour","HIGHWAY TRANSPORTATION SPECIALIST",2015,1,,,,,,,TRUE
"per Hour","HIGHWAY TRANSPORTATION SPECIALIST",2016,1,,,,,,,TRUE
"per Hour","HIGHWAY TRANSPORTATION SPECIALIST",2017,1,,,,,,,TRUE
"per Hour","HIGHWAY TRANSPORTATION SPECIALIST",2018,1,,,,,,,TRUE
"per Hour","HIGHWAY TRANSPORTATION SPECIALIST",2019,1,,,,,,,TRUE
"per Hour","HOSTLER",2014,2,,,,,,,TRUE
"per Hour","HOSTLER",2015,1,,,,,,,TRUE
"per Hour","HOSTLER",2016,1,,,,,,,TRUE
"per Hour","HOSTLER",2017,1,,,,,,,TRUE
"per Hour","HOSTLER",2018,1,,,,,,,TRUE
"per Hour","HOSTLER",2019,1,,,,,,,TRUE
"per Hour","HOSTLER",2020,2,,,,,,,TRUE
"per Hour","HOSTLER",2021,2,,,,,,,TRUE
"per Hour","HOSTLER",2022,3,,,,,,,TRUE
"per Hour","HOSTLER",2023,3,,,,,,,TRUE
"per Hour","HOSTLER",2024,2,,,,,,,TRUE
"per Hour","HOSTLER",2025,1,,,,,,,TRUE
"per Hour","HOUSING DEVELOPMENT SPECIALIST",2014,1,,,,,,,TRUE
"per Hour","HOUSING DEVELOPMENT SPECIALIST",2018,1,,,,,,,TRUE
"per Hour","INFORMATION SYSTEMS AIDE",2014,2,,,,,,,TRUE
"per Hour","INSTITUTIONAL AIDE",2014,2,,,,,,,TRUE
"per Hour","INSTITUTIONAL AIDE",2015,2,,,,,,,TRUE
"per Hour","INSTITUTIONAL AIDE",2016,2,,,,,,,TRUE
"per Hour","INSTITUTIONAL AIDE",2017,2,,,,,,,TRUE
"per Hour","INSTITUTIONAL AIDE",2018,2,,,,,,,TRUE
"per Hour","INSTITUTIONAL AIDE",2019,2,,,,,,,TRUE
"per Hour","INSTITUTIONAL AIDE",2020,2,,,,,,,TRUE
"per Hour","INSTITUTIONAL AIDE",2021,2,,,,,,,TRUE
"per Hour","INSTITUTIONAL AIDE",2022,1,,,,,,,TRUE
"per Hour","INSTITUTIONAL AIDE",2023,5,,,,,,,TRUE
"per Hour","INSTITUTIONAL AIDE",2024,5,,,,,,,TRUE
"per Hour","INSTITUTIONAL AIDE",2025,5,,,,,,,TRUE
"per Hour","INSTRUCTOR",2014,3,,,,,,,TRUE
"per Hour","INSTRUCTOR",2015,5,,,,,,,TRUE
"per Hour","INSTRUCTOR",2016,5,,,,,,,TRUE
"per Hour","INSTRUCTOR",2017,8,,,,,,,TRUE
"per Hour","INSTRUCTOR",2018,6,,,,,,,TRUE
"per Hour","INSTRUCTOR",2019,4,,,,,,,TRUE
"per Hour","INSURANCE ADVISOR",2014,1,,,,,,,TRUE
"per Hour","INSURANCE ADVISOR",2015,1,,,,,,,TRUE
"per Hour","INSURANCE ADVISOR",2016,1,,,,,,,TRUE
"per Hour","INTELLIGENCE RESEARCH SPECIALIST PD",2015,1,,,,,,,TRUE
"per Hour","INTERPRETER",2014,6,,,,,,,TRUE
"per Hour","INTERPRETER",2015,6,,,,,,,TRUE
"per Hour","INTERPRETER",2016,2,,,,,,,TRUE
"per Hour","INTERPRETER",2017,2,,,,,,,TRUE
"per Hour","INTERPRETER",2018,2,,,,,,,TRUE
"per Hour","INTERPRETER",2019,1,,,,,,,TRUE
"per Hour","INVESTIGATOR",2014,1,,,,,,,TRUE
"per Hour","INVESTIGATOR",2015,1,,,,,,,TRUE
"per Hour","INVESTIGATOR",2016,8,,,,,,,TRUE
"per Hour","INVESTIGATOR",2017,4,,,,,,,TRUE
"per Hour","INVESTIGATOR",2018,12,,,,,,,TRUE
"per Hour","INVESTIGATOR",2019,4,,,,,,,TRUE
"per Hour","INVESTIGATOR",2020,4,,,,,,,TRUE
"per Hour","INVESTIGATOR",2021,4,,,,,,,TRUE
"per Hour","INVESTIGATOR",2022,3,,,,,,,TRUE
"per Hour","INVESTIGATOR",2023,2,,,,,,,TRUE
"per Hour","INVESTIGATOR",2024,2,,,,,,,TRUE
"per Hour","INVESTIGATOR",2025,3,,,,,,,TRUE
"per Hour","INVESTIGATOR EMPL DISC",2017,2,,,,,,,TRUE
"per Hour","INVESTIGATOR EMPL DISC",2018,1,,,,,,,TRUE
"per Hour","INVESTIGATOR EMPL DISC",2019,2,,,,,,,TRUE
"per Hour","IT ASSISTANT",2014,7,,,,,,,TRUE
"per Hour","IT ASSISTANT",2015,7,,,,,,,TRUE
"per Hour","IT ASSISTANT",2016,4,,,,,,,TRUE
"per Hour","IT ASSISTANT",2017,5,,,,,,,TRUE
"per Hour","IT ASSISTANT",2018,6,,,,,,,TRUE
"per Hour","IT ASSISTANT",2019,9,,,,,,,TRUE
"per Hour","IT ASSISTANT",2020,7,,,,,,,TRUE
"per Hour","IT ASSISTANT",2021,9,,,,,,,TRUE
"per Hour","IT ASSISTANT",2022,7,,,,,,,TRUE
"per Hour","IT ASSISTANT",2023,7,,,,,,,TRUE
"per Hour","IT ASSISTANT",2024,9,,,,,,,TRUE
"per Hour","IT ASSISTANT",2025,7,,,,,,,TRUE
"per Hour","IT ASSOCIATE",2025,2,,,,,,,TRUE
"per Hour","IT AUTOMATION AND MONITORING ENGINEER",2019,1,,,,,,,TRUE
"per Hour","IT AUTOMATION AND MONITORING ENGINEER",2021,1,,,,,,,TRUE
"per Hour","IT AUTOMATION AND MONITORING ENGINEER",2022,1,,,,,,,TRUE
"per Hour","IT AUTOMATION AND MONITORING ENGINEER",2023,1,,,,,,,TRUE
"per Hour","IT PROJECT SPECIALIST",2017,1,,,,,,,TRUE
"per Hour","IT PROJECT SPECIALIST",2018,1,,,,,,,TRUE
"per Hour","IT PROJECT SPECIALIST",2019,1,,,,,,,TRUE
"per Hour","IT PROJECT SPECIALIST",2020,1,,,,,,,TRUE
"per Hour","IT PROJECT SPECIALIST",2021,1,,,,,,,TRUE
"per Hour","IT PROJECT SPECIALIST",2022,1,,,,,,,TRUE
"per Hour","IT PROJECT SPECIALIST",2023,1,,,,,,,TRUE
"per Hour","IT PROJECT SPECIALIST",2024,2,,,,,,,TRUE
"per Hour","IT PROJECT SPECIALIST",2025,2,,,,,,,TRUE
"per Hour","IT SENIOR ASSOCIATE",2017,1,,,,,,,TRUE
"per Hour","IT SENIOR ASSOCIATE",2022,1,,,,,,,TRUE
"per Hour","IT SENIOR ASSOCIATE",2023,1,,,,,,,TRUE
"per Hour","IT SENIOR ASSOCIATE",2024,1,,,,,,,TRUE
"per Hour","IT SENIOR ASSOCIATE",2025,1,,,,,,,TRUE
"per Hour","IT SUPPORT ASSISTANT",2014,29,,,,,,,TRUE
"per Hour","IT SUPPORT ASSISTANT",2015,45,17.83,23.3377655988049,957.5,17955.61,23502.1770815231,0.488888888888889,FALSE
"per Hour","IT SUPPORT ASSISTANT",2016,55,20.16,26.2360345425652,1247.5,22580.39,29385.9073424898,0.545454545454545,FALSE
"per Hour","IT SUPPORT ASSISTANT",2017,65,22.25,28.4540705783516,1031.5,27197.76,34781.437420812,0.523076923076923,FALSE
"per Hour","IT SUPPORT ASSISTANT",2018,63,22.25,27.9571552554766,1100.5,25620.89,32192.6831242017,0.587301587301587,FALSE
"per Hour","IT SUPPORT ASSISTANT",2019,58,22.25,27.4701738953328,1163.5,25184.29,31092.891044067,0.620689655172414,FALSE
"per Hour","IT SUPPORT ASSISTANT",2020,57,24.08,29.213008027337,1334.5,31567.56,38296.6521463224,0.736842105263158,FALSE
"per Hour","IT SUPPORT ASSISTANT",2021,44,24.08,28.6222548426053,1300.5,31316.04,37223.2424228082,0.909090909090909,FALSE
"per Hour","IT SUPPORT ASSISTANT",2022,41,24.08,27.2469586154887,1294,31159.52,35257.5644484424,0.731707317073171,FALSE
"per Hour","IT SUPPORT ASSISTANT",2023,35,24.08,25.8781786717682,1212.75,28371.6,30490.2547343828,0.742857142857143,FALSE
"per Hour","IT SUPPORT ASSISTANT",2024,25,,,,,,,TRUE
"per Hour","IT SUPPORT ASSISTANT",2025,36,27.68,27.68,691.5,17073.64,17073.64,0.361111111111111,FALSE
"per Hour","JOB OPPORTUNITY SPECIALIST",2017,13,,,,,,,TRUE
"per Hour","JOB OPPORTUNITY SPECIALIST",2018,4,,,,,,,TRUE
"per Hour","JOB OPPORTUNITY SPECIALIST",2019,5,,,,,,,TRUE
"per Hour","JOB TRAINING PARTICIPANT",2014,2031,9.21,12.1133915235331,425.67,2873.52,3779.37815534234,0.0137863121614968,FALSE
"per Hour","JOB TRAINING PARTICIPANT",2015,2268,11.5,15.0524006946863,382.715,3033.605,3970.69895733946,0.00617283950617284,FALSE
"per Hour","JOB TRAINING PARTICIPANT",2016,2195,11.79,15.3433952012323,391.07,3363.88,4377.72181929783,0.0164009111617312,FALSE
"per Hour","JOB TRAINING PARTICIPANT",2017,2227,12.14,15.5250524414017,416,4368.17,5586.16707767362,0.00628648405927256,FALSE
"per Hour","JOB TRAINING PARTICIPANT",2018,2802,13.5,16.9627683572555,382.2,5184.31,6514.09256460764,0.019271948608137,FALSE
"per Hour","JOB TRAINING PARTICIPANT",2019,2158,15,18.5192183564041,469.21,6309.625,7789.95487480177,0.0648748841519926,FALSE
"per Hour","JOB TRAINING PARTICIPANT",2020,1267,15.45,18.743395931161,772.7,11938.24,14483.0523651277,0.289660615627466,FALSE
"per Hour","JOB TRAINING PARTICIPANT",2021,902,15.45,18.3643620148776,392,6056.4,7198.82990983201,0.0809312638580931,FALSE
"per Hour","JOB TRAINING PARTICIPANT",2022,1725,15.45,17.481956420652,531.33,8209.1,9288.7461781731,0.233623188405797,FALSE
"per Hour","JOB TRAINING PARTICIPANT",2023,1695,16.88,18.140517274894,379.75,6194.36,6656.92503476969,0.129203539823009,FALSE
"per Hour","JOB TRAINING PARTICIPANT",2024,1085,18.54,19.2638123004572,280,5040,5236.76450886215,0.00737327188940092,FALSE
"per Hour","JOB TRAINING PARTICIPANT",2025,1295,19.14,19.14,336,6268.37,6268.37,0.0138996138996139,FALSE
"per Hour","JR PH NURSE",2015,428,30.53,39.9608515833715,1387.04,51522.45,67437.9619279947,0.873831775700935,FALSE
"per Hour","JR PH NURSE",2017,387,32.23,41.2168402130459,1400.47,56146.04,71801.5004429192,0.956072351421189,FALSE
"per Hour","JR PHNURSE",2014,409,29.2,38.4051066761311,1404,49676.44,65336.6088181653,0.860635696821516,FALSE
"per Hour","JR PHNURSE",2016,421,31.29,40.7205119462731,1379,50678.38,65952.367472284,0.869358669833729,FALSE
"per Hour","JR PHNURSE",2018,363,32.33,40.6226889622274,1315,54057.29,67923.0583919247,0.84297520661157,FALSE
"per Hour","JR PHNURSE",2019,361,33.72,41.6312028651965,1401.95,56895.63,70244.1730330119,0.905817174515235,FALSE
"per Hour","JR PHNURSE",2020,383,34.73,42.1332129895936,1364.9,48235.28,58517.343099703,0.877284595300261,FALSE
"per Hour","JR PHNURSE",2021,355,34.73,41.2811839984918,1425,50855.36,60448.3004166295,0.92112676056338,FALSE
"per Hour","JR PHNURSE",2022,290,34.73,39.2976276044818,1428,50992.245,57698.6540376188,0.937931034482759,FALSE
"per Hour","JR PHNURSE",2023,270,37.95,40.7839236126912,1435,56327.11,60533.3478672899,0.948148148148148,FALSE
"per Hour","JR PHNURSE",2024,230,39.09,40.6160961609964,1441.365,56026.195,58213.4899886092,0.930434782608696,FALSE
"per Hour","JR PHNURSE",2025,196,40.36,40.36,1449,58633.145,58633.145,0.943877551020408,FALSE
"per Hour","JUNIOR PUBLIC HEALTH NURSE",2014,2,,,,,,,TRUE
"per Hour","JUNIOR PUBLIC HEALTH NURSE",2015,1,,,,,,,TRUE
"per Hour","JUNIOR PUBLIC HEALTH NURSE",2016,1,,,,,,,TRUE
"per Hour","JUNIOR PUBLIC HEALTH NURSE",2017,1,,,,,,,TRUE
"per Hour","JUNIOR PUBLIC HEALTH NURSE",2018,1,,,,,,,TRUE
"per Hour","JUNIOR PUBLIC HEALTH NURSE",2019,2,,,,,,,TRUE
"per Hour","JUNIOR PUBLIC HEALTH NURSE",2020,2,,,,,,,TRUE
"per Hour","JUNIOR PUBLIC HEALTH NURSE",2021,2,,,,,,,TRUE
"per Hour","JUNIOR PUBLIC HEALTH NURSE",2022,1,,,,,,,TRUE
"per Hour","LABOR RELATIONS ANALYST",2017,1,,,,,,,TRUE
"per Hour","LABORATORY ASSOCIATE",2014,3,,,,,,,TRUE
"per Hour","LABORATORY ASSOCIATE",2015,3,,,,,,,TRUE
"per Hour","LABORATORY ASSOCIATE",2016,2,,,,,,,TRUE
"per Hour","LABORATORY ASSOCIATE",2017,3,,,,,,,TRUE
"per Hour","LABORATORY ASSOCIATE",2018,2,,,,,,,TRUE
"per Hour","LABORATORY ASSOCIATE",2019,4,,,,,,,TRUE
"per Hour","LABORATORY ASSOCIATE",2020,4,,,,,,,TRUE
"per Hour","LABORATORY ASSOCIATE",2021,4,,,,,,,TRUE
"per Hour","LABORATORY ASSOCIATE",2022,4,,,,,,,TRUE
"per Hour","LABORATORY ASSOCIATE",2023,3,,,,,,,TRUE
"per Hour","LABORATORY ASSOCIATE",2024,2,,,,,,,TRUE
"per Hour","LABORATORY ASSOCIATE",2025,6,,,,,,,TRUE
"per Hour","LABORATORY HELPER",2014,2,,,,,,,TRUE
"per Hour","LABORATORY HELPER",2015,1,,,,,,,TRUE
"per Hour","LABORATORY HELPER",2024,1,,,,,,,TRUE
"per Hour","LABORATORY MICROBIOLOGIST",2014,1,,,,,,,TRUE
"per Hour","LABORATORY MICROBIOLOGIST",2015,1,,,,,,,TRUE
"per Hour","LABORATORY MICROBIOLOGIST",2016,2,,,,,,,TRUE
"per Hour","LABORATORY MICROBIOLOGIST",2017,1,,,,,,,TRUE
"per Hour","LABORATORY MICROBIOLOGIST",2018,1,,,,,,,TRUE
"per Hour","LANDMARKS PRESERVATIONIST",2014,5,,,,,,,TRUE
"per Hour","LANDMARKS PRESERVATIONIST",2015,4,,,,,,,TRUE
"per Hour","LANDMARKS PRESERVATIONIST",2016,4,,,,,,,TRUE
"per Hour","LANDMARKS PRESERVATIONIST",2017,2,,,,,,,TRUE
"per Hour","LANDMARKS PRESERVATIONIST",2018,2,,,,,,,TRUE
"per Hour","LANDMARKS PRESERVATIONIST",2019,1,,,,,,,TRUE
"per Hour","LANDMARKS PRESERVATIONIST",2020,2,,,,,,,TRUE
"per Hour","LANDMARKS PRESERVATIONIST",2021,1,,,,,,,TRUE
"per Hour","LANDMARKS PRESERVATIONIST",2022,1,,,,,,,TRUE
"per Hour","LANDMARKS PRESERVATIONIST",2023,1,,,,,,,TRUE
"per Hour","LANDMARKS PRESERVATIONIST",2024,1,,,,,,,TRUE
"per Hour","LANDMARKS PRESERVATIONIST",2025,1,,,,,,,TRUE
"per Hour","LANDSCAPE ARCHITECT",2014,1,,,,,,,TRUE
"per Hour","LANDSCAPE ARCHITECT",2016,2,,,,,,,TRUE
"per Hour","LANDSCAPE ARCHITECT",2017,1,,,,,,,TRUE
"per Hour","LANDSCAPE ARCHITECT",2018,1,,,,,,,TRUE
"per Hour","LANDSCAPE ARCHITECT",2020,1,,,,,,,TRUE
"per Hour","LANDSCAPE ARCHITECT INTERN",2024,1,,,,,,,TRUE
"per Hour","LANDSCAPE ARCHITECT INTERN",2025,1,,,,,,,TRUE
"per Hour","LEAD THEATRE TECHNICIAN",2014,25,,,,,,,TRUE
"per Hour","LEAD THEATRE TECHNICIAN",2015,29,,,,,,,TRUE
"per Hour","LEAD THEATRE TECHNICIAN",2016,21,,,,,,,TRUE
"per Hour","LEAD THEATRE TECHNICIAN",2017,18,,,,,,,TRUE
"per Hour","LEAD THEATRE TECHNICIAN",2018,23,,,,,,,TRUE
"per Hour","LEAD THEATRE TECHNICIAN",2019,27,,,,,,,TRUE
"per Hour","LEAD THEATRE TECHNICIAN",2020,21,,,,,,,TRUE
"per Hour","LEAD THEATRE TECHNICIAN",2021,8,,,,,,,TRUE
"per Hour","LEAD THEATRE TECHNICIAN",2022,19,,,,,,,TRUE
"per Hour","LEAD THEATRE TECHNICIAN",2023,20,,,,,,,TRUE
"per Hour","LEAD THEATRE TECHNICIAN",2024,20,,,,,,,TRUE
"per Hour","LEAD THEATRE TECHNICIAN",2025,17,,,,,,,TRUE
"per Hour","LECTURER",2014,58,67.42,88.6737086337246,80,6185.6,8135.56944711906,0,FALSE
"per Hour","LECTURER",2015,68,71.715,93.8680796364719,106,7570.725,9909.35532602424,0,FALSE
"per Hour","LECTURER",2016,70,70.15,91.2925507520312,111,8560.27,11140.2549312344,0,FALSE
"per Hour","LECTURER",2017,84,75.95,97.1274903562159,56,8112.82,10374.9551851444,0,FALSE
"per Hour","LECTURER",2018,51,80.91,101.663525021151,78,6971.4,8759.57357968673,0,FALSE
"per Hour","LECTURER",2019,37,80.91,99.892663814444,150,11619,14344.9865388706,0,FALSE
"per Hour","LECTURER",2020,11,,,,,,,TRUE
"per Hour","LECTURER",2021,1,,,,,,,TRUE
"per Hour","LECTURER",2022,2,,,,,,,TRUE
"per Hour","LECTURER",2023,6,,,,,,,TRUE
"per Hour","LECTURER",2024,3,,,,,,,TRUE
"per Hour","LECTURER",2025,3,,,,,,,TRUE
"per Hour","LEGAL COORDINATOR",2014,1,,,,,,,TRUE
"per Hour","LEGAL SECRETARIAL ASSISTANT",2015,1,,,,,,,TRUE
"per Hour","LEGAL SECRETARIAL ASSISTANT",2020,1,,,,,,,TRUE
"per Hour","LEGAL SECRETARIAL ASSISTANT",2021,1,,,,,,,TRUE
"per Hour","LEGAL SECRETARIAL ASSISTANT AL 1 ONLY",2023,1,,,,,,,TRUE
"per Hour","LEGAL SECRETARIAL ASSISTANT AL 1 ONLY",2024,1,,,,,,,TRUE
"per Hour","LEGAL SECRETARIAL ASSISTANT AL 1 ONLY",2025,1,,,,,,,TRUE
"per Hour","LEGAL SECRETARIAL ASSISTANT AL 2 3 4 ONLY",2014,1,,,,,,,TRUE
"per Hour","LEGAL SECRETARIAL ASSISTANT AL 2 3 4 ONLY",2016,1,,,,,,,TRUE
"per Hour","LEGAL SECRETARIAL ASSISTANT AL 2 3 4 ONLY",2017,2,,,,,,,TRUE
"per Hour","LEGAL SECRETARIAL ASSISTANT AL 2 3 4 ONLY",2018,2,,,,,,,TRUE
"per Hour","LEGAL SECRETARIAL ASSISTANT AL 2 3 4 ONLY",2019,1,,,,,,,TRUE
"per Hour","LEGISLATIVE ASSISTANT",2014,2,,,,,,,TRUE
"per Hour","LEGISLATIVE ASSISTANT",2015,2,,,,,,,TRUE
"per Hour","LEGISLATIVE ASSISTANT",2017,3,,,,,,,TRUE
"per Hour","LEGISLATIVE ASSISTANT",2018,1,,,,,,,TRUE
"per Hour","LEGISLATIVE ASSISTANT",2019,1,,,,,,,TRUE
"per Hour","LEGISLATIVE ASSISTANT",2020,3,,,,,,,TRUE
"per Hour","LEGISLATIVE ASSISTANT",2021,6,,,,,,,TRUE
"per Hour","LEGISLATIVE ASSISTANT",2025,1,,,,,,,TRUE
"per Hour","LEGISLATIVE CLERK",2014,25,,,,,,,TRUE
"per Hour","LEGISLATIVE CLERK",2015,7,,,,,,,TRUE
"per Hour","LEGISLATIVE CLERK",2016,15,,,,,,,TRUE
"per Hour","LEGISLATIVE CLERK",2017,6,,,,,,,TRUE
"per Hour","LEGISLATIVE CLERK",2018,5,,,,,,,TRUE
"per Hour","LEGISLATIVE CLERK",2019,4,,,,,,,TRUE
"per Hour","LEGISLATIVE CLERK",2020,4,,,,,,,TRUE
"per Hour","LEGISLATIVE CLERK",2021,3,,,,,,,TRUE
"per Hour","LEGISLATIVE CLERK",2022,1,,,,,,,TRUE
"per Hour","LEGISLATIVE INTERN",2014,15,,,,,,,TRUE
"per Hour","LEGISLATIVE INTERN",2015,29,,,,,,,TRUE
"per Hour","LEGISLATIVE INTERN",2016,6,,,,,,,TRUE
"per Hour","LEGISLATIVE INTERN",2017,18,,,,,,,TRUE
"per Hour","LEGISLATIVE INTERN",2018,13,,,,,,,TRUE
"per Hour","LEGISLATIVE INTERN",2019,24,,,,,,,TRUE
"per Hour","LEGISLATIVE INTERN",2020,6,,,,,,,TRUE
"per Hour","LEGISLATIVE INTERN",2021,3,,,,,,,TRUE
"per Hour","LEGISLATIVE INTERN",2022,4,,,,,,,TRUE
"per Hour","LEGISLATIVE INTERN",2023,5,,,,,,,TRUE
"per Hour","LEGISLATIVE INTERN",2024,14,,,,,,,TRUE
"per Hour","LEGISLATIVE INTERN",2025,17,,,,,,,TRUE
"per Hour","LIFE GUARD",2014,1135,16.41,21.583143854634,429.75,7832.51,10301.6569209542,0.0123348017621145,FALSE
"per Hour","LIFE GUARD",2015,1177,17.16,22.4607996452884,432,8094.77,10595.280136637,0.00679694137638063,FALSE
"per Hour","LIFE GUARD",2016,1359,17.59,22.8914606946291,446,8649.38,11256.2218478062,0.022075055187638,FALSE
"per Hour","LIFE GUARD",2017,1360,18.12,23.1724835451565,461.875,9170.91,11728.0773216949,0.0272058823529412,FALSE
"per Hour","LIFE GUARD",2018,1336,18.12,22.7678046395162,408,9206.48,11567.9546389411,0.032185628742515,FALSE
"per Hour","LIFE GUARD",2019,1311,18.9,23.3342151290692,440,9496.46,11724.4677568572,0.011441647597254,FALSE
"per Hour","LIFE GUARD",2020,1266,19.46,23.6081867197665,416,7408.805,8988.10132632785,0.0339652448657188,FALSE
"per Hour","LIFE GUARD",2021,628,19.46,23.1307757158264,388,7316.96,8697.17166915073,0.036624203821656,FALSE
"per Hour","LIFEGUARD",2022,480,19.46,22.019344462517,504,9531.88,10785.4958425168,0.0520833333333333,FALSE
"per Hour","LIFEGUARD",2023,441,21.26,22.8475946246591,448,9423.33,10127.0189959732,0.0612244897959184,FALSE
"per Hour","LIFEGUARD",2024,514,22,22.8588926974142,440,9413.6,9781.11237710809,0.0603112840466926,FALSE
"per Hour","LIFEGUARD",2025,507,22.72,22.72,436.75,9640.72,9640.72,0.0710059171597633,FALSE
"per Hour","MAINTENANCE WORKER",2014,11,,,,,,,TRUE
"per Hour","MAINTENANCE WORKER",2015,5,,,,,,,TRUE
"per Hour","MAINTENANCE WORKER",2016,5,,,,,,,TRUE
"per Hour","MAINTENANCE WORKER",2017,4,,,,,,,TRUE
"per Hour","MAINTENANCE WORKER",2018,8,,,,,,,TRUE
"per Hour","MAINTENANCE WORKER",2019,7,,,,,,,TRUE
"per Hour","MAINTENANCE WORKER",2020,4,,,,,,,TRUE
"per Hour","MAINTENANCE WORKER",2021,9,,,,,,,TRUE
"per Hour","MAINTENANCE WORKER",2022,14,,,,,,,TRUE
"per Hour","MAINTENANCE WORKER",2023,14,,,,,,,TRUE
"per Hour","MAINTENANCE WORKER",2024,10,,,,,,,TRUE
"per Hour","MAINTENANCE WORKER",2025,8,,,,,,,TRUE
"per Hour","MANAGEMENT AUDITOR",2014,2,,,,,,,TRUE
"per Hour","MANAGEMENT AUDITOR",2015,2,,,,,,,TRUE
"per Hour","MANAGEMENT AUDITOR",2016,2,,,,,,,TRUE
"per Hour","MANAGEMENT AUDITOR",2017,2,,,,,,,TRUE
"per Hour","MANAGEMENT AUDITOR",2018,1,,,,,,,TRUE
"per Hour","MANAGEMENT AUDITOR",2019,2,,,,,,,TRUE
"per Hour","MANAGEMENT AUDITOR",2020,1,,,,,,,TRUE
"per Hour","MANAGEMENT AUDITOR",2021,1,,,,,,,TRUE
"per Hour","MANAGEMENT AUDITOR",2022,1,,,,,,,TRUE
"per Hour","MARINE ENGINEER",2014,1,,,,,,,TRUE
"per Hour","MARINE ENGINEER",2015,1,,,,,,,TRUE
"per Hour","MARINE ENGINEER",2016,1,,,,,,,TRUE
"per Hour","MARINE ENGINEER",2017,1,,,,,,,TRUE
"per Hour","MARINE ENGINEER",2018,2,,,,,,,TRUE
"per Hour","MARINE ENGINEER",2019,2,,,,,,,TRUE
"per Hour","MARINE ENGINEER",2020,3,,,,,,,TRUE
"per Hour","MARINE ENGINEER",2021,3,,,,,,,TRUE
"per Hour","MARINE ENGINEER",2022,3,,,,,,,TRUE
"per Hour","MARINE ENGINEER",2023,3,,,,,,,TRUE
"per Hour","MARINE ENGINEER",2024,3,,,,,,,TRUE
"per Hour","MARINE ENGINEER",2025,2,,,,,,,TRUE
"per Hour","MARINE OILER",2014,3,,,,,,,TRUE
"per Hour","MARINE OILER",2015,2,,,,,,,TRUE
"per Hour","MARINE OILER",2016,2,,,,,,,TRUE
"per Hour","MARINE OILER",2017,2,,,,,,,TRUE
"per Hour","MARINE OILER",2018,2,,,,,,,TRUE
"per Hour","MARINE OILER",2019,2,,,,,,,TRUE
"per Hour","MARINE OILER",2020,1,,,,,,,TRUE
"per Hour","MARINE OILER",2021,1,,,,,,,TRUE
"per Hour","MARINE OILER",2022,1,,,,,,,TRUE
"per Hour","MARINE OILER",2023,1,,,,,,,TRUE
"per Hour","MASONS HELPER",2022,1,,,,,,,TRUE
"per Hour","MASONS HELPER",2023,1,,,,,,,TRUE
"per Hour","MASONS HELPER",2024,1,,,,,,,TRUE
"per Hour","MAYORAL OFFICE ASSISTANT",2014,2,,,,,,,TRUE
"per Hour","MAYORAL OFFICE ASSISTANT",2015,2,,,,,,,TRUE
"per Hour","MAYORAL OFFICE ASSISTANT",2016,2,,,,,,,TRUE
"per Hour","MAYORAL OFFICE ASSISTANT",2017,1,,,,,,,TRUE
"per Hour","MAYORAL OFFICE ASSISTANT",2018,2,,,,,,,TRUE
"per Hour","MAYORAL OFFICE ASSISTANT",2019,3,,,,,,,TRUE
"per Hour","MAYORAL OFFICE ASSISTANT",2020,1,,,,,,,TRUE
"per Hour","MAYORAL OFFICE ASSISTANT",2023,1,,,,,,,TRUE
"per Hour","MAYORAL OFFICE ASSISTANT",2024,1,,,,,,,TRUE
"per Hour","MAYORAL PROGRAM COORDINATOR",2016,1,,,,,,,TRUE
"per Hour","MAYORAL PROGRAM COORDINATOR",2017,1,,,,,,,TRUE
"per Hour","MAYORAL PROGRAM COORDINATOR",2018,1,,,,,,,TRUE
"per Hour","MAYORAL PROGRAM COORDINATOR",2019,1,,,,,,,TRUE
"per Hour","MAYORAL PROGRAM COORDINATOR",2020,1,,,,,,,TRUE
"per Hour","MAYORAL PROGRAM COORDINATOR",2021,1,,,,,,,TRUE
"per Hour","MAYORAL PROGRAM COORDINATOR",2022,1,,,,,,,TRUE
"per Hour","MAYORAL PROGRAM COORDINATOR",2023,5,,,,,,,TRUE
"per Hour","MAYORAL PROGRAM COORDINATOR",2024,14,,,,,,,TRUE
"per Hour","MAYORAL PROGRAM COORDINATOR",2025,14,,,,,,,TRUE
"per Hour","MECHANICAL ENGINEERING INTERN",2017,2,,,,,,,TRUE
"per Hour","MECHANICAL ENGINEERING INTERN",2018,3,,,,,,,TRUE
"per Hour","MECHANICAL ENGINEERING INTERN",2019,1,,,,,,,TRUE
"per Hour","MECHANICAL ENGINEERING INTERN",2020,1,,,,,,,TRUE
"per Hour","MECHANICAL ENGINEERING INTERN",2021,1,,,,,,,TRUE
"per Hour","MEDIA SERVICES TECHNICIAN",2024,1,,,,,,,TRUE
"per Hour","MEDIA SERVICES TECHNICIAN",2025,1,,,,,,,TRUE
"per Hour","MEDICAL INVESTIGATOR",2014,2,,,,,,,TRUE
"per Hour","MEDICAL INVESTIGATOR",2015,2,,,,,,,TRUE
"per Hour","MEDICAL INVESTIGATOR",2016,2,,,,,,,TRUE
"per Hour","MEDICAL INVESTIGATOR",2017,3,,,,,,,TRUE
"per Hour","MEDICAL INVESTIGATOR",2018,3,,,,,,,TRUE
"per Hour","MEDICAL INVESTIGATOR",2019,2,,,,,,,TRUE
"per Hour","MEDICAL OFFICER",2014,9,,,,,,,TRUE
"per Hour","MEDICAL OFFICER",2015,9,,,,,,,TRUE
"per Hour","MEDICAL OFFICER",2016,8,,,,,,,TRUE
"per Hour","MEDICAL SPECIALIST",2014,5,,,,,,,TRUE
"per Hour","MEDICAL SPECIALIST",2015,5,,,,,,,TRUE
"per Hour","MEDICAL SPECIALIST",2016,5,,,,,,,TRUE
"per Hour","MEDICAL SPECIALIST",2017,5,,,,,,,TRUE
"per Hour","MEDICAL SPECIALIST",2018,3,,,,,,,TRUE
"per Hour","MEDICAL SPECIALIST",2019,2,,,,,,,TRUE
"per Hour","MEDICAL SPECIALIST",2020,2,,,,,,,TRUE
"per Hour","MEDICAL SPECIALIST",2021,2,,,,,,,TRUE
"per Hour","MEDICAL SPECIALIST",2022,1,,,,,,,TRUE
"per Hour","MEDICAL SPECIALIST",2023,1,,,,,,,TRUE
"per Hour","MEDICAL SPECIALIST",2025,1,,,,,,,TRUE
"per Hour","MEDICOLEGAL INVESTIGATOR",2017,1,,,,,,,TRUE
"per Hour","MEDICOLEGAL INVESTIGATOR",2018,2,,,,,,,TRUE
"per Hour","MEDICOLEGAL INVESTIGATOR",2019,3,,,,,,,TRUE
"per Hour","MEDICOLEGAL INVESTIGATOR",2020,4,,,,,,,TRUE
"per Hour","MEDICOLEGAL INVESTIGATOR",2021,1,,,,,,,TRUE
"per Hour","MEMBER CIVILIAN COMPLAINT REVIEW BOARD",2014,11,,,,,,,TRUE
"per Hour","MEMBER CIVILIAN COMPLAINT REVIEW BOARD",2015,9,,,,,,,TRUE
"per Hour","MEMBER CIVILIAN COMPLAINT REVIEW BOARD",2016,6,,,,,,,TRUE
"per Hour","MEMBER CIVILIAN COMPLAINT REVIEW BOARD",2017,9,,,,,,,TRUE
"per Hour","MEMBER CIVILIAN COMPLAINT REVIEW BOARD",2018,8,,,,,,,TRUE
"per Hour","MEMBER CIVILIAN COMPLAINT REVIEW BOARD",2019,10,,,,,,,TRUE
"per Hour","MEMBER CIVILIAN COMPLAINT REVIEW BOARD",2020,10,,,,,,,TRUE
"per Hour","MEMBER CIVILIAN COMPLAINT REVIEW BOARD",2021,9,,,,,,,TRUE
"per Hour","MEMBER CIVILIAN COMPLAINT REVIEW BOARD",2022,8,,,,,,,TRUE
"per Hour","MEMBER CIVILIAN COMPLAINT REVIEW BOARD",2023,10,,,,,,,TRUE
"per Hour","MEMBER CIVILIAN COMPLAINT REVIEW BOARD",2024,12,,,,,,,TRUE
"per Hour","MEMBER CIVILIAN COMPLAINT REVIEW BOARD",2025,11,,,,,,,TRUE
"per Hour","MEMBER OF THE ENVIRONMENTAL CONTROL BOARD OATH",2014,5,,,,,,,TRUE
"per Hour","MEMBER OF THE ENVIRONMENTAL CONTROL BOARD OATH",2015,4,,,,,,,TRUE
"per Hour","MEMBER OF THE ENVIRONMENTAL CONTROL BOARD OATH",2016,3,,,,,,,TRUE
"per Hour","MEMBER OF THE ENVIRONMENTAL CONTROL BOARD OATH",2017,5,,,,,,,TRUE
"per Hour","MEMBER OF THE ENVIRONMENTAL CONTROL BOARD OATH",2018,4,,,,,,,TRUE
"per Hour","MEMBER OF THE ENVIRONMENTAL CONTROL BOARD OATH",2019,3,,,,,,,TRUE
"per Hour","MEMBER OF THE ENVIRONMENTAL CONTROL BOARD OATH",2020,4,,,,,,,TRUE
"per Hour","MEMBER OF THE ENVIRONMENTAL CONTROL BOARD OATH",2021,4,,,,,,,TRUE
"per Hour","MEMBER OF THE ENVIRONMENTAL CONTROL BOARD OATH",2022,5,,,,,,,TRUE
"per Hour","MEMBER OF THE ENVIRONMENTAL CONTROL BOARD OATH",2023,5,,,,,,,TRUE
"per Hour","MEMBER OF THE ENVIRONMENTAL CONTROL BOARD OATH",2024,6,,,,,,,TRUE
"per Hour","MEMBER OF THE ENVIRONMENTAL CONTROL BOARD OATH",2025,5,,,,,,,TRUE
"per Hour","MONITOR",2014,1199,5,6.57621689659779,11.5,101.5,133.497203000935,0.036697247706422,FALSE
"per Hour","MONITOR",2015,2535,5,6.54452204116795,31,297.5,389.399061449493,0.0189349112426036,FALSE
"per Hour","MONITOR",2016,1399,8.75,11.3871677702106,8.5,217.88,283.546984431255,0.0250178699070765,FALSE
"per Hour","MONITOR",2017,1280,11,14.0671809600839,12.5,150,191.825194910236,0.02265625,FALSE
"per Hour","MONITOR",2018,642,13,16.3345176773571,11.5,164.5,206.694473686558,0.0451713395638629,FALSE
"per Hour","MONITOR",2019,474,15,18.5192183564041,28.25,332,409.892032955078,0.0654008438818565,FALSE
"per Hour","MONITOR",2020,360,15,18.1974717778262,13.5,216,262.043593600697,0.0833333333333333,FALSE
"per Hour","MONITOR",2021,71,15,17.8294776843472,90,1440,1711.62985769733,0.0985915492957746,FALSE
"per Hour","MONITOR",2022,132,15,16.972773223934,382.75,6124,6929.41754822479,0.21969696969697,FALSE
"per Hour","MONITOR",2023,162,15,16.1201279101546,496.5,7988,8584.50544975434,0.228395061728395,FALSE
"per Hour","MONITOR",2024,162,5,5.19520288577595,491,7898.75,8207.12175880455,0.228395061728395,FALSE
"per Hour","MONITOR",2025,155,5,5,601,10442,10442,0.303225806451613,FALSE
"per Hour","MOTOR GRADER OPERATOR",2014,1,,,,,,,TRUE
"per Hour","MOTOR GRADER OPERATOR",2015,3,,,,,,,TRUE
"per Hour","MOTOR GRADER OPERATOR",2016,4,,,,,,,TRUE
"per Hour","MOTOR GRADER OPERATOR",2017,6,,,,,,,TRUE
"per Hour","MOTOR GRADER OPERATOR",2018,7,,,,,,,TRUE
"per Hour","MOTOR GRADER OPERATOR",2019,5,,,,,,,TRUE
"per Hour","MOTOR GRADER OPERATOR",2020,4,,,,,,,TRUE
"per Hour","MOTOR GRADER OPERATOR",2021,8,,,,,,,TRUE
"per Hour","MOTOR GRADER OPERATOR",2022,7,,,,,,,TRUE
"per Hour","MOTOR GRADER OPERATOR",2023,5,,,,,,,TRUE
"per Hour","MOTOR GRADER OPERATOR",2024,7,,,,,,,TRUE
"per Hour","MOTOR GRADER OPERATOR",2025,7,,,,,,,TRUE
"per Hour","MOTOR VEHICLE OPERATOR",2014,12,,,,,,,TRUE
"per Hour","MOTOR VEHICLE OPERATOR",2015,10,,,,,,,TRUE
"per Hour","MOTOR VEHICLE OPERATOR",2016,9,,,,,,,TRUE
"per Hour","MOTOR VEHICLE OPERATOR",2017,9,,,,,,,TRUE
"per Hour","MOTOR VEHICLE OPERATOR",2018,7,,,,,,,TRUE
"per Hour","MOTOR VEHICLE OPERATOR",2019,8,,,,,,,TRUE
"per Hour","MOTOR VEHICLE OPERATOR",2020,10,,,,,,,TRUE
"per Hour","MOTOR VEHICLE OPERATOR",2021,10,,,,,,,TRUE
"per Hour","MOTOR VEHICLE OPERATOR",2022,13,,,,,,,TRUE
"per Hour","MOTOR VEHICLE OPERATOR",2023,7,,,,,,,TRUE
"per Hour","MOTOR VEHICLE OPERATOR",2024,9,,,,,,,TRUE
"per Hour","MOTOR VEHICLE OPERATOR",2025,10,,,,,,,TRUE
"per Hour","NEW YORK CITY FELLOW",2016,4,,,,,,,TRUE
"per Hour","NEW YORK CITY FELLOW",2017,18,,,,,,,TRUE
"per Hour","NEW YORK CITY FELLOW",2018,28,,,,,,,TRUE
"per Hour","NEW YORK CITY FELLOW",2019,12,,,,,,,TRUE
"per Hour","NEW YORK CITY FELLOW",2020,10,,,,,,,TRUE
"per Hour","NEW YORK CITY FELLOW",2021,6,,,,,,,TRUE
"per Hour","NEW YORK CITY FELLOW",2022,8,,,,,,,TRUE
"per Hour","NEW YORK CITY FELLOW",2023,11,,,,,,,TRUE
"per Hour","NEW YORK CITY FELLOW",2024,12,,,,,,,TRUE
"per Hour","NEW YORK CITY PUBLIC SERVICE FELLOW",2023,2,,,,,,,TRUE
"per Hour","NEW YORK CITY PUBLIC SERVICE FELLOW",2024,1,,,,,,,TRUE
"per Hour","NEW YORK CITY PUBLIC SERVICE FELLOW",2025,2,,,,,,,TRUE
"per Hour","NEW YORK CITY URBAN FELLOW",2014,14,,,,,,,TRUE
"per Hour","NEW YORK CITY URBAN FELLOW",2015,15,,,,,,,TRUE
"per Hour","NEW YORK CITY URBAN FELLOW",2016,15,,,,,,,TRUE
"per Hour","NEW YORK CITY URBAN FELLOW",2018,2,,,,,,,TRUE
"per Hour","NEW YORK CITY URBAN FELLOW",2019,11,,,,,,,TRUE
"per Hour","NEW YORK CITY URBAN FELLOW",2020,14,,,,,,,TRUE
"per Hour","NEW YORK CITY URBAN FELLOW",2021,21,,,,,,,TRUE
"per Hour","NEW YORK CITY URBAN FELLOW",2022,6,,,,,,,TRUE
"per Hour","NEW YORK CITY URBAN FELLOW",2023,11,,,,,,,TRUE
"per Hour","NEW YORK CITY URBAN FELLOW",2024,8,,,,,,,TRUE
"per Hour","NEW YORK CITY URBAN FELLOW",2025,20,,,,,,,TRUE
"per Hour","NEW YORK CITY URBAN PLANNING AND DESIGN FELLOW",2024,3,,,,,,,TRUE
"per Hour","NON TEACHING ADJUNCT I",2014,871,38.91,51.176119889324,13.5,1168,1536.20426704524,0,FALSE
"per Hour","NON TEACHING ADJUNCT I",2015,823,38.91,50.929470524369,36.5,1673.13,2189.96723254787,0,FALSE
"per Hour","NON TEACHING ADJUNCT I",2016,942,38.91,50.6371083358736,20,1090.815,1419.57638985854,0,FALSE
"per Hour","NON TEACHING ADJUNCT I",2017,1697,42.95,54.9259474759641,0,203.33,260.025445873988,0,FALSE
"per Hour","NON TEACHING ADJUNCT I",2018,999,42.95,53.9667334032684,9.5,1000,1256.5013597967,0,FALSE
"per Hour","NON TEACHING ADJUNCT I",2019,1212,42.95,53.0266952271705,3.5,1000,1234.61455709361,0,FALSE
"per Hour","NON TEACHING ADJUNCT I",2020,784,44.69,54.2163342500702,11.125,507.6,615.802444961639,0.00255102040816327,FALSE
"per Hour","NON TEACHING ADJUNCT I",2021,918,44.69,53.1199571808983,10,483.6,574.822360543353,0.00217864923747277,FALSE
"per Hour","NON TEACHING ADJUNCT I",2022,692,48.34,54.6975905096646,18,919.335,1040.24429812169,0.00433526011560694,FALSE
"per Hour","NON TEACHING ADJUNCT I",2023,662,47.42,50.9610976999688,25,1257.19,1351.07090715782,0.00151057401812689,FALSE
"per Hour","NON TEACHING ADJUNCT I",2024,667,47.42,49.2713041686991,30,1499.85,1558.40500964621,0.00149925037481259,FALSE
"per Hour","NON TEACHING ADJUNCT I",2025,819,47.42,47.42,20,1138.08,1138.08,0.00122100122100122,FALSE
"per Hour","NON TEACHING ADJUNCT II",2014,576,38.91,51.176119889324,7,575,756.264943108746,0,FALSE
"per Hour","NON TEACHING ADJUNCT II",2015,478,38.91,50.929470524369,7,466.92,611.153646292428,0,FALSE
"per Hour","NON TEACHING ADJUNCT II",2016,395,38.91,50.6371083358736,11,701.95,913.511133291351,0,FALSE
"per Hour","NON TEACHING ADJUNCT II",2017,745,42.95,54.9259474759641,0,184.6,236.072873202863,0,FALSE
"per Hour","NON TEACHING ADJUNCT II",2018,435,44.66,56.1153507285207,7,601.3,755.534267645757,0,FALSE
"per Hour","NON TEACHING ADJUNCT II",2019,337,44.66,55.1378861198006,6,536.88,662.839863412417,0,FALSE
"per Hour","NON TEACHING ADJUNCT II",2020,228,48.36,58.6686490117117,8,374.26,454.039052504616,0,FALSE
"per Hour","NON TEACHING ADJUNCT II",2021,154,50.52,60.0496808408813,0,0,0,0,FALSE
"per Hour","NON TEACHING ADJUNCT II",2022,81,50.52,57.1643002182097,44,2437.8,2758.41510435375,0,FALSE
"per Hour","NON TEACHING ADJUNCT II",2023,108,51.32,55.152330956609,17.75,880.725,946.493310244728,0,FALSE
"per Hour","NON TEACHING ADJUNCT II",2024,78,47.88,49.7492628341905,113.25,5370.315,5579.97519710517,0,FALSE
"per Hour","NON TEACHING ADJUNCT II",2025,144,51.32,51.32,26,1301.3,1301.3,0.00694444444444444,FALSE
"per Hour","NON TEACHING ADJUNCT III",2014,392,44.12,58.0285378955789,4,754.59,992.469501600746,0,FALSE
"per Hour","NON TEACHING ADJUNCT III",2015,335,44.12,57.748862491266,10,811.76,1062.5162424277,0,FALSE
"per Hour","NON TEACHING ADJUNCT III",2016,415,44.12,57.4173533739076,7,838.28,1090.92971410424,0,FALSE
"per Hour","NON TEACHING ADJUNCT III",2017,676,48.72,62.3048233068445,0,283.4,362.421734917072,0,FALSE
"per Hour","NON TEACHING ADJUNCT III",2018,398,48.72,61.2167462492953,6,864.78,1086.59724592499,0,FALSE
"per Hour","NON TEACHING ADJUNCT III",2019,390,48.72,60.1504212216007,4.5,1130.525,1395.76262215825,0,FALSE
"per Hour","NON TEACHING ADJUNCT III",2020,284,50.69,61.4953229612007,11.25,598.99,726.673574680008,0,FALSE
"per Hour","NON TEACHING ADJUNCT III",2021,368,50.69,60.2517482546372,10,524.525,623.46711882548,0,FALSE
"per Hour","NON TEACHING ADJUNCT III",2022,190,52.74,59.6762706553519,13,672.1,760.493392253736,0,FALSE
"per Hour","NON TEACHING ADJUNCT III",2023,176,53.79,57.8067786858144,18.625,1001.63,1076.42691457654,0,FALSE
"per Hour","NON TEACHING ADJUNCT III",2024,141,53.79,55.8899926451776,23,1436.63,1492.71686435846,0,FALSE
"per Hour","NON TEACHING ADJUNCT III",2025,179,53.79,53.79,20,1075.8,1075.8,0,FALSE
"per Hour","NON TEACHING ADJUNCT IV",2014,133,47.58,62.5792799880246,11,1379.82,1814.79911965271,0,FALSE
"per Hour","NON TEACHING ADJUNCT IV",2015,126,47.58,62.2776717437542,18.5,1415.505,1852.76073437669,0,FALSE
"per Hour","NON TEACHING ADJUNCT IV",2016,138,47.58,61.9201648578994,13,1480.795,1927.09269694731,0,FALSE
"per Hour","NON TEACHING ADJUNCT IV",2017,243,52.55,67.2027599502192,0,507.5,649.008576112964,0,FALSE
"per Hour","NON TEACHING ADJUNCT IV",2018,145,52.55,66.0291464573167,10,1261.2,1584.6995149756,0,FALSE
"per Hour","NON TEACHING ADJUNCT IV",2019,169,52.55,64.8789949752692,6,2299.06,2838.45294363163,0,FALSE
"per Hour","NON TEACHING ADJUNCT IV",2020,120,54.67,66.3237188062506,6,334.38,405.658040871302,0,FALSE
"per Hour","NON TEACHING ADJUNCT IV",2021,111,54.67,64.9825030002173,10,546.7,649.825030002173,0,FALSE
"per Hour","NON TEACHING ADJUNCT IV",2022,64,56.88,64.3607560651577,26.75,1506.645,1704.7962609316,0,FALSE
"per Hour","NON TEACHING ADJUNCT IV",2023,77,58.02,62.352654756478,17.5,969.39,1041.77938632165,0,FALSE
"per Hour","NON TEACHING ADJUNCT IV",2024,71,58.02,60.2851342865441,30,1740.6,1808.55402859632,0,FALSE
"per Hour","NON TEACHING ADJUNCT IV",2025,90,58.02,58.02,9,522.18,522.18,0,FALSE
"per Hour","NON TEACHING ADJUNCT V",2014,113,52.76,69.3922406928999,20,2094.77,2755.13237369723,0,FALSE
"per Hour","NON TEACHING ADJUNCT V",2015,129,52.76,69.0577965784042,21,2215.92,2900.42745629298,0,FALSE
"per Hour","NON TEACHING ADJUNCT V",2016,116,52.76,68.6613681778641,20,1732.61,2254.80237146795,0,FALSE
"per Hour","NON TEACHING ADJUNCT V",2017,198,58.26,74.5049057031355,0,528.145,675.410117105776,0,FALSE
"per Hour","NON TEACHING ADJUNCT V",2018,110,60.59,76.1314173900822,24.25,2098.435,2636.68643094499,0,FALSE
"per Hour","NON TEACHING ADJUNCT V",2019,123,60.59,74.8052960143018,13.25,1773,2188.97160972697,0,FALSE
"per Hour","NON TEACHING ADJUNCT V",2020,64,63.04,76.4779080582776,27.875,1789.245,2170.64902607444,0,FALSE
"per Hour","NON TEACHING ADJUNCT V",2021,76,63.04,74.931351548083,21.75,1286.1,1528.69941665593,0,FALSE
"per Hour","NON TEACHING ADJUNCT V",2022,59,65.58,74.2049645350394,35,2072.4,2344.95834861872,0,FALSE
"per Hour","NON TEACHING ADJUNCT V",2023,68,66.24,71.1864848512428,40,2660.43,2859.09812640084,0,FALSE
"per Hour","NON TEACHING ADJUNCT V",2024,80,66.9,69.5118146116822,49.25,3225.3,3351.21757349863,0,FALSE
"per Hour","NON TEACHING ADJUNCT V",2025,90,66.9,66.9,30.54,2083.355,2083.355,0,FALSE
"per Hour","NURSE PRACTICIONER",2015,1,,,,,,,TRUE
"per Hour","NURSE PRACTICIONER",2016,1,,,,,,,TRUE
"per Hour","NURSE PRACTICIONER",2017,1,,,,,,,TRUE
"per Hour","NURSE PRACTICIONER",2018,1,,,,,,,TRUE
"per Hour","NURSE PRACTICIONER",2019,1,,,,,,,TRUE
"per Hour","NURSE PRACTICIONER",2020,2,,,,,,,TRUE
"per Hour","NURSE PRACTICIONER",2021,2,,,,,,,TRUE
"per Hour","NURSE PRACTICIONER",2022,1,,,,,,,TRUE
"per Hour","NURSE PRACTICIONER",2023,2,,,,,,,TRUE
"per Hour","NURSE PRACTICIONER",2024,2,,,,,,,TRUE
"per Hour","NURSE PRACTICIONER",2025,1,,,,,,,TRUE
"per Hour","NUTRITIONIST",2014,1,,,,,,,TRUE
"per Hour","NUTRITIONIST",2015,1,,,,,,,TRUE
"per Hour","NUTRITIONIST",2016,1,,,,,,,TRUE
"per Hour","OCCUPATIONAL THERAPIST",2014,50,48.4,63.6577795590666,188.58,8916.22,11726.9993235566,0.02,FALSE
"per Hour","OCCUPATIONAL THERAPIST",2015,570,54.39,71.1913107638249,188.58,10370.12,13573.4957819113,0.0228070175438597,FALSE
"per Hour","OCCUPATIONAL THERAPIST",2016,718,56.29,73.2552770040176,188.58,10198.69,13272.4793218707,0.011142061281337,FALSE
"per Hour","OCCUPATIONAL THERAPIST",2017,730,58.85,75.2594181364491,182.5,10214.4,13062.5284726074,0.0123287671232877,FALSE
"per Hour","OCCUPATIONAL THERAPIST",2018,813,61.8,77.6517840354362,188.58,11034.14,13864.4119141872,0.002460024600246,FALSE
"per Hour","OCCUPATIONAL THERAPIST",2019,817,63.04,77.8301016791811,188.58,11618.4,14344.2457701364,0.00489596083231334,FALSE
"per Hour","OCCUPATIONAL THERAPIST",2020,35,64.98,78.8314477415431,830.08,52754.05,63999.3557360689,0.114285714285714,FALSE
"per Hour","OCCUPATIONAL THERAPIST",2021,1345,66.93,79.5551294275571,181.17,11584.7,13769.9433419904,0.00371747211895911,FALSE
"per Hour","OCCUPATIONAL THERAPIST",2022,1259,66.93,75.7325141251935,182,11617.92,13145.8880995872,0.00158856235107228,FALSE
"per Hour","OCCUPATIONAL THERAPIST",2023,873,66.93,71.9280107351099,182.5,12145.5,13052.4675688522,0.00343642611683849,FALSE
"per Hour","OCCUPATIONAL THERAPIST",2024,949,71.01,73.78227138379,188.58,12822.84,13323.4510743686,0.00316122233930453,FALSE
"per Hour","OCCUPATIONAL THERAPIST",2025,989,73.14,73.14,188.52,12786.22,12786.22,0.00202224469160768,FALSE
"per Hour","OFFICE ASSISTANT",2015,1,,,,,,,TRUE
"per Hour","OFFICE ASSISTANT",2016,1,,,,,,,TRUE
"per Hour","OFFICE ASSISTANT",2017,1,,,,,,,TRUE
"per Hour","OFFICE ASSISTANT",2018,1,,,,,,,TRUE
"per Hour","OFFICE ASSISTANT",2019,2,,,,,,,TRUE
"per Hour","OFFICE ASSISTANT",2020,2,,,,,,,TRUE
"per Hour","OFFICE ASSISTANT",2021,2,,,,,,,TRUE
"per Hour","OFFICE ASSISTANT",2022,2,,,,,,,TRUE
"per Hour","OFFICE ASSISTANT",2024,1,,,,,,,TRUE
"per Hour","OFFICE MACHINE AIDE",2014,28,,,,,,,TRUE
"per Hour","OFFICE MACHINE AIDE",2015,33,15.61,20.4319978125263,999.6,15551.07,20354.8640757491,0.393939393939394,FALSE
"per Hour","OFFICE MACHINE AIDE",2016,23,,,,,,,TRUE
"per Hour","OFFICE MACHINE AIDE",2017,20,,,,,,,TRUE
"per Hour","OFFICE MACHINE AIDE",2018,17,,,,,,,TRUE
"per Hour","OFFICE MACHINE AIDE",2019,17,,,,,,,TRUE
"per Hour","OFFICE MACHINE AIDE",2020,13,,,,,,,TRUE
"per Hour","OFFICE MACHINE AIDE",2021,10,,,,,,,TRUE
"per Hour","OFFICE MACHINE AIDE",2022,10,,,,,,,TRUE
"per Hour","OFFICE MACHINE AIDE",2023,7,,,,,,,TRUE
"per Hour","OFFICE MACHINE AIDE",2024,5,,,,,,,TRUE
"per Hour","OFFICE MACHINE AIDE",2025,7,,,,,,,TRUE
"per Hour","OILER",2014,1,,,,,,,TRUE
"per Hour","OILER",2015,1,,,,,,,TRUE
"per Hour","OILER",2023,1,,,,,,,TRUE
"per Hour","OILER",2025,1,,,,,,,TRUE
"per Hour","OPERATIONS COMMUNICATIONS SPECIALIST",2014,4,,,,,,,TRUE
"per Hour","OPERATIONS COMMUNICATIONS SPECIALIST",2015,3,,,,,,,TRUE
"per Hour","OPERATIONS COMMUNICATIONS SPECIALIST",2016,5,,,,,,,TRUE
"per Hour","OPERATIONS COMMUNICATIONS SPECIALIST",2017,6,,,,,,,TRUE
"per Hour","OPERATIONS COMMUNICATIONS SPECIALIST",2018,5,,,,,,,TRUE
"per Hour","OPERATIONS COMMUNICATIONS SPECIALIST",2019,3,,,,,,,TRUE
"per Hour","OPERATIONS COMMUNICATIONS SPECIALIST",2020,4,,,,,,,TRUE
"per Hour","OPERATIONS COMMUNICATIONS SPECIALIST",2021,2,,,,,,,TRUE
"per Hour","OPERATIONS COMMUNICATIONS SPECIALIST",2023,2,,,,,,,TRUE
"per Hour","OPERATIONS COMMUNICATIONS SPECIALIST",2024,2,,,,,,,TRUE
"per Hour","OPERATIONS COMMUNICATIONS SPECIALIST",2025,2,,,,,,,TRUE
"per Hour","PAINTER",2014,3,,,,,,,TRUE
"per Hour","PAINTER",2015,4,,,,,,,TRUE
"per Hour","PAINTER",2016,6,,,,,,,TRUE
"per Hour","PAINTER",2017,9,,,,,,,TRUE
"per Hour","PAINTER",2018,6,,,,,,,TRUE
"per Hour","PAINTER",2019,5,,,,,,,TRUE
"per Hour","PAINTER",2020,2,,,,,,,TRUE
"per Hour","PAINTER",2021,5,,,,,,,TRUE
"per Hour","PAINTER",2022,4,,,,,,,TRUE
"per Hour","PAINTER",2023,6,,,,,,,TRUE
"per Hour","PAINTER",2024,5,,,,,,,TRUE
"per Hour","PAINTER",2025,20,,,,,,,TRUE
"per Hour","PARALEGAL AIDE",2014,10,,,,,,,TRUE
"per Hour","PARALEGAL AIDE",2015,12,,,,,,,TRUE
"per Hour","PARALEGAL AIDE",2016,14,,,,,,,TRUE
"per Hour","PARALEGAL AIDE",2017,6,,,,,,,TRUE
"per Hour","PARALEGAL AIDE",2018,10,,,,,,,TRUE
"per Hour","PARALEGAL AIDE",2019,14,,,,,,,TRUE
"per Hour","PARALEGAL AIDE",2020,12,,,,,,,TRUE
"per Hour","PARALEGAL AIDE",2021,10,,,,,,,TRUE
"per Hour","PARALEGAL AIDE",2022,7,,,,,,,TRUE
"per Hour","PARALEGAL AIDE",2023,6,,,,,,,TRUE
"per Hour","PARALEGAL AIDE",2024,5,,,,,,,TRUE
"per Hour","PARALEGAL AIDE",2025,3,,,,,,,TRUE
"per Hour","PARK SUPERVISOR",2014,8,,,,,,,TRUE
"per Hour","PARK SUPERVISOR",2015,3,,,,,,,TRUE
"per Hour","PARK SUPERVISOR",2016,3,,,,,,,TRUE
"per Hour","PARK SUPERVISOR",2017,5,,,,,,,TRUE
"per Hour","PARK SUPERVISOR",2018,7,,,,,,,TRUE
"per Hour","PARK SUPERVISOR",2019,6,,,,,,,TRUE
"per Hour","PARK SUPERVISOR",2021,6,,,,,,,TRUE
"per Hour","PARK SUPERVISOR",2022,6,,,,,,,TRUE
"per Hour","PARK SUPERVISOR",2023,2,,,,,,,TRUE
"per Hour","PARK SUPERVISOR",2024,1,,,,,,,TRUE
"per Hour","PARK SUPERVISOR",2025,1,,,,,,,TRUE
"per Hour","PER SESSION ED PARA",2017,38,17.95,22.9550816575915,0,2702.31,3455.80761638586,0,FALSE
"per Hour","PHOTOGRAPHER",2016,2,,,,,,,TRUE
"per Hour","PHOTOGRAPHER",2017,2,,,,,,,TRUE
"per Hour","PHOTOGRAPHER",2018,2,,,,,,,TRUE
"per Hour","PHOTOGRAPHER",2019,2,,,,,,,TRUE
"per Hour","PHOTOGRAPHER",2020,2,,,,,,,TRUE
"per Hour","PHOTOGRAPHER",2021,1,,,,,,,TRUE
"per Hour","PHOTOGRAPHER",2023,1,,,,,,,TRUE
"per Hour","PHOTOGRAPHER",2024,1,,,,,,,TRUE
"per Hour","PHOTOGRAPHER",2025,2,,,,,,,TRUE
"per Hour","PHYSICAL THERAPIST",2014,11,,,,,,,TRUE
"per Hour","PHYSICAL THERAPIST",2015,319,54.7,71.5970711303773,188.58,10660.9,13954.0990057375,0.0156739811912226,FALSE
"per Hour","PHYSICAL THERAPIST",2016,371,56.61,73.6717219967567,188.58,10256.97,13348.3243661734,0.00808625336927224,FALSE
"per Hour","PHYSICAL THERAPIST",2017,364,59.18,75.6814335652516,182.5,10274.31,13139.1434554545,0.010989010989011,FALSE
"per Hour","PHYSICAL THERAPIST",2018,373,62.15,78.0915595113651,188.58,11127.65,13981.9073563418,0.0134048257372654,FALSE
"per Hour","PHYSICAL THERAPIST",2019,356,63.4,78.2745629197348,188.58,11720.48,14470.2752241245,0.00842696629213483,FALSE
"per Hour","PHYSICAL THERAPIST",2020,13,,,,,,,TRUE
"per Hour","PHYSICAL THERAPIST",2021,552,66.93,79.5551294275571,178.225,11474.53,13638.9917715581,0.00543478260869565,FALSE
"per Hour","PHYSICAL THERAPIST",2022,527,66.93,75.7325141251935,182.5,12145.5,13742.8544794194,0.00379506641366224,FALSE
"per Hour","PHYSICAL THERAPIST",2023,337,66.93,71.9280107351099,182.5,12214.8,13126.9425597971,0.00890207715133531,FALSE
"per Hour","PHYSICAL THERAPIST",2024,354,71.01,73.78227138379,188.58,13001.09,13508.6600572466,0.00847457627118644,FALSE
"per Hour","PHYSICAL THERAPIST",2025,371,73.14,73.14,188.58,13391.38,13391.38,0.00269541778975741,FALSE
"per Hour","PHYSICIAN",2014,4,,,,,,,TRUE
"per Hour","PHYSICIAN",2015,4,,,,,,,TRUE
"per Hour","PHYSICIAN",2016,5,,,,,,,TRUE
"per Hour","PHYSICIAN",2017,3,,,,,,,TRUE
"per Hour","PHYSICIAN",2018,4,,,,,,,TRUE
"per Hour","PHYSICIAN",2019,4,,,,,,,TRUE
"per Hour","PHYSICIAN",2020,4,,,,,,,TRUE
"per Hour","PHYSICIAN",2021,4,,,,,,,TRUE
"per Hour","PHYSICIAN",2022,4,,,,,,,TRUE
"per Hour","PHYSICIAN",2023,4,,,,,,,TRUE
"per Hour","PHYSICIAN",2024,3,,,,,,,TRUE
"per Hour","PHYSICIAN",2025,3,,,,,,,TRUE
"per Hour","PHYSICIAN S ASSISTANT",2018,2,,,,,,,TRUE
"per Hour","PHYSICIAN S ASSISTANT",2019,2,,,,,,,TRUE
"per Hour","PHYSICIAN S ASSISTANT",2020,3,,,,,,,TRUE
"per Hour","PHYSICIAN S ASSISTANT",2021,3,,,,,,,TRUE
"per Hour","PHYSICIAN S ASSISTANT",2022,3,,,,,,,TRUE
"per Hour","PHYSICIAN S ASSISTANT",2023,4,,,,,,,TRUE
"per Hour","PHYSICIAN S ASSISTANT",2024,4,,,,,,,TRUE
"per Hour","PHYSICIAN S ASSISTANT",2025,4,,,,,,,TRUE
"per Hour","PLASTERER",2015,1,,,,,,,TRUE
"per Hour","PLAYGROUND ASSOCIATE",2014,103,14.9,19.5971263518614,1116.25,15749.3,20714.1625539175,0.563106796116505,FALSE
"per Hour","PLAYGROUND ASSOCIATE",2015,144,15.57,20.379641636197,812,11518.755,15076.9491968627,0.395833333333333,FALSE
"per Hour","PLAYGROUND ASSOCIATE",2016,163,15.97,20.7832079188872,503,7720.69,10047.6334093471,0.196319018404908,FALSE
"per Hour","PLAYGROUND ASSOCIATE",2017,128,16.45,21.0368297084892,882.5,15542.215,19875.9228114119,0.359375,FALSE
"per Hour","PLAYGROUND ASSOCIATE",2018,118,16.5,20.7322724366456,780.5,14378.44,18066.5294117553,0.364406779661017,FALSE
"per Hour","PLAYGROUND ASSOCIATE",2019,96,17.21,21.247716527581,698.65,12140.295,14988.5849344108,0.34375,FALSE
"per Hour","PLAYGROUND ASSOCIATE",2020,36,17.73,21.5094116413906,1614.66,28317.55,34353.8544628122,0.833333333333333,FALSE
"per Hour","PLAYGROUND ASSOCIATE",2021,101,17.72,21.0625563044421,140,2480.8,2948.7578826219,0.158415841584158,FALSE
"per Hour","PLAYGROUND ASSOCIATE",2022,105,17.72,20.0505027685407,1481,26775.21,30296.6378235473,0.60952380952381,FALSE
"per Hour","PLAYGROUND ASSOCIATE",2023,77,19.36,20.8057117560395,536.92,10770.08,11574.3378135065,0.350649350649351,FALSE
"per Hour","PLAYGROUND ASSOCIATE",2024,126,19.95,20.728859514246,335.085,6465.23,6717.63631064105,0.293650793650794,FALSE
"per Hour","PLAYGROUND ASSOCIATE",2025,110,20.6,20.6,577.365,11575.185,11575.185,0.354545454545455,FALSE
"per Hour","PLUMBER",2014,5,,,,,,,TRUE
"per Hour","PLUMBER",2015,15,,,,,,,TRUE
"per Hour","PLUMBER",2016,18,,,,,,,TRUE
"per Hour","PLUMBER",2017,14,,,,,,,TRUE
"per Hour","PLUMBER",2018,8,,,,,,,TRUE
"per Hour","PLUMBER",2019,13,,,,,,,TRUE
"per Hour","PLUMBER",2020,5,,,,,,,TRUE
"per Hour","PLUMBER",2021,17,,,,,,,TRUE
"per Hour","PLUMBER",2022,17,,,,,,,TRUE
"per Hour","PLUMBER",2023,15,,,,,,,TRUE
"per Hour","PLUMBER",2024,15,,,,,,,TRUE
"per Hour","PLUMBER",2025,13,,,,,,,TRUE
"per Hour","PLUMBER S HELPER",2014,2,,,,,,,TRUE
"per Hour","PLUMBER S HELPER",2015,1,,,,,,,TRUE
"per Hour","PLUMBER S HELPER",2016,1,,,,,,,TRUE
"per Hour","PLUMBER S HELPER",2017,6,,,,,,,TRUE
"per Hour","PLUMBER S HELPER",2018,6,,,,,,,TRUE
"per Hour","PLUMBER S HELPER",2019,7,,,,,,,TRUE
"per Hour","PLUMBER S HELPER",2020,4,,,,,,,TRUE
"per Hour","PLUMBER S HELPER",2021,5,,,,,,,TRUE
"per Hour","PLUMBER S HELPER",2022,3,,,,,,,TRUE
"per Hour","PLUMBER S HELPER",2023,2,,,,,,,TRUE
"per Hour","PLUMBER S HELPER",2024,2,,,,,,,TRUE
"per Hour","PLUMBER S HELPER",2025,1,,,,,,,TRUE
"per Hour","POISON INFORMATION SPECIALIST",2014,1,,,,,,,TRUE
"per Hour","POISON INFORMATION SPECIALIST",2015,1,,,,,,,TRUE
"per Hour","POISON INFORMATION SPECIALIST",2016,1,,,,,,,TRUE
"per Hour","POISON INFORMATION SPECIALIST",2017,1,,,,,,,TRUE
"per Hour","POISON INFORMATION SPECIALIST",2018,1,,,,,,,TRUE
"per Hour","POISON INFORMATION SPECIALIST",2019,1,,,,,,,TRUE
"per Hour","POISON INFORMATION SPECIALIST",2020,1,,,,,,,TRUE
"per Hour","POISON INFORMATION SPECIALIST",2021,1,,,,,,,TRUE
"per Hour","POISON INFORMATION SPECIALIST",2022,1,,,,,,,TRUE
"per Hour","POISON INFORMATION SPECIALIST",2023,1,,,,,,,TRUE
"per Hour","POISON INFORMATION SPECIALIST",2024,1,,,,,,,TRUE
"per Hour","POISON INFORMATION SPECIALISTS",2025,1,,,,,,,TRUE
"per Hour","POLICE CADET",2014,93,14.16,18.623846251165,719,8991.6,11826.1423694897,0.268817204301075,FALSE
"per Hour","POLICE CADET",2015,147,14.8,19.3717852418571,1152.5,17147.03,22443.8231551136,0.63265306122449,FALSE
"per Hour","POLICE CADET",2016,257,15.18,19.7551093430625,1057,14947.08,19451.9894439725,0.53307392996109,FALSE
"per Hour","POLICE CADET",2017,591,15.64,20.0009736559739,989.95,16949.62,21675.7610676962,0.494077834179357,FALSE
"per Hour","POLICE CADET",2018,462,15.64,19.6516812672204,1086.165,18019.06,22640.9733922584,0.558441558441558,FALSE
"per Hour","POLICE CADET",2019,434,16.31,20.1365634261968,967.96,16440.33,20297.4707414228,0.476958525345622,FALSE
"per Hour","POLICE CADET",2020,410,16.8,20.3811683911654,1024.36,16993.885,20616.3828455416,0.51219512195122,FALSE
"per Hour","POLICE CADET",2021,157,16.8,19.9690150064688,1265.92,21256.2,25265.7962369347,0.687898089171974,FALSE
"per Hour","POLICE CADET",2022,127,16.79,18.9981908286568,568,9536.72,10790.9723906771,0.141732283464567,FALSE
"per Hour","POLICE CADET",2023,285,16.79,18.0437965074331,841.4,14127.1,15182.043933303,0.407017543859649,FALSE
"per Hour","POLICE CADET",2024,304,18.9,19.6378669082331,1000.56,17225.81,17898.3155643656,0.5,FALSE
"per Hour","POLICE CADET",2025,244,19.51,19.51,1100.86,22293.755,22293.755,0.614754098360656,FALSE
"per Hour","PRE SES ED PARA",2014,23,,,,,,,TRUE
"per Hour","PRE SES ED PARA",2015,29,,,,,,,TRUE
"per Hour","PRE SES ED PARA",2016,34,17.17,22.344876641659,0,2413.785,3141.27711499632,0,FALSE
"per Hour","PRE SES ED PARA",2018,54,18.86,23.6976156457658,0,1970.48,2475.91079945221,0,FALSE
"per Hour","PRE SES ED PARA",2019,73,19.6,24.1984453190348,0,2296.67,2835.50221484018,0,FALSE
"per Hour","PRE SES ED PARA",2020,68,20.09,24.3724805344352,0,0,0,0,FALSE
"per Hour","PRE SES ED PARA",2021,11,,,,,,,TRUE
"per Hour","PRE SES ED PARA",2022,13,,,,,,,TRUE
"per Hour","PRE SES ED PARA",2023,1,,,,,,,TRUE
"per Hour","PRE SES ED PARA",2024,10,,,,,,,TRUE
"per Hour","PRE SES ED PARA",2025,13,,,,,,,TRUE
"per Hour","PRECINCT COMMUNITY RELATIONS AIDE",2014,5,,,,,,,TRUE
"per Hour","PRECINCT COMMUNITY RELATIONS AIDE",2015,5,,,,,,,TRUE
"per Hour","PRECINCT COMMUNITY RELATIONS AIDE",2016,4,,,,,,,TRUE
"per Hour","PRECINCT COMMUNITY RELATIONS AIDE",2017,4,,,,,,,TRUE
"per Hour","PRECINCT COMMUNITY RELATIONS AIDE",2018,3,,,,,,,TRUE
"per Hour","PRECINCT COMMUNITY RELATIONS AIDE",2019,3,,,,,,,TRUE
"per Hour","PRECINCT COMMUNITY RELATIONS AIDE",2020,3,,,,,,,TRUE
"per Hour","PRECINCT COMMUNITY RELATIONS AIDE",2021,3,,,,,,,TRUE
"per Hour","PRECINCT COMMUNITY RELATIONS AIDE",2022,2,,,,,,,TRUE
"per Hour","PRECINCT COMMUNITY RELATIONS AIDE",2023,2,,,,,,,TRUE
"per Hour","PRECINCT COMMUNITY RELATIONS AIDE",2024,2,,,,,,,TRUE
"per Hour","PRECINCT COMMUNITY RELATIONS AIDE",2025,2,,,,,,,TRUE
"per Hour","PRECINCT RECEPTIONIST",2014,18,,,,,,,TRUE
"per Hour","PRECINCT RECEPTIONIST",2015,16,,,,,,,TRUE
"per Hour","PRECINCT RECEPTIONIST",2016,14,,,,,,,TRUE
"per Hour","PRECINCT RECEPTIONIST",2017,12,,,,,,,TRUE
"per Hour","PRECINCT RECEPTIONIST",2018,11,,,,,,,TRUE
"per Hour","PRECINCT RECEPTIONIST",2019,11,,,,,,,TRUE
"per Hour","PRECINCT RECEPTIONIST",2020,11,,,,,,,TRUE
"per Hour","PRECINCT RECEPTIONIST",2021,11,,,,,,,TRUE
"per Hour","PRECINCT RECEPTIONIST",2022,9,,,,,,,TRUE
"per Hour","PRECINCT RECEPTIONIST",2023,9,,,,,,,TRUE
"per Hour","PRECINCT RECEPTIONIST",2024,7,,,,,,,TRUE
"per Hour","PRECINCT RECEPTIONIST",2025,7,,,,,,,TRUE
"per Hour","PRINCIPAL ACCOUNTANT INVESTIGATOR",2017,1,,,,,,,TRUE
"per Hour","PRINCIPAL ADMINISTRATIVE ASSOCIATE",2015,30,27.525,36.0275938366295,1743.135,46858.365,61333.1205111185,0.933333333333333,FALSE
"per Hour","PRINCIPAL ADMINISTRATIVE ASSOCIATE",2016,27,,,,,,,TRUE
"per Hour","PRINCIPAL ADMINISTRATIVE ASSOCIATE",2017,39,30,38.3650389820471,1748.5,44037.32,56316.4499488294,0.871794871794872,FALSE
"per Hour","PRINCIPAL ADMINISTRATIVE ASSOCIATE LEV 1 & 2 NON SUPVR",2014,37,27.69,36.4190891733586,1728.75,43853.88,57678.5253274744,0.891891891891892,FALSE
"per Hour","PRINCIPAL ADMINISTRATIVE ASSOCIATE LEV 1 & 2 NON SUPVR",2018,38,31.09,39.0646272760795,1672.65,53267.635,66930.8558106544,0.894736842105263,FALSE
"per Hour","PRINCIPAL ADMINISTRATIVE ASSOCIATE LEV 1 & 2 NON SUPVR",2019,34,31.09,38.3841665800403,1742.335,51448.035,63518.4929448615,0.852941176470588,FALSE
"per Hour","PRINCIPAL ADMINISTRATIVE ASSOCIATE NON SUPVR",2020,54,30.315,36.7770904629868,1668.125,51328.12,62269.4676739251,0.592592592592593,FALSE
"per Hour","PRINCIPAL ADMINISTRATIVE ASSOCIATE NON SUPVR",2021,55,29.86,35.4925469103071,1742,51547.44,61270.9287443483,0.727272727272727,FALSE
"per Hour","PRINCIPAL ADMINISTRATIVE ASSOCIATE NON SUPVR",2022,61,30.65,34.6810332875718,1734,50402.46,57031.301567227,0.80327868852459,FALSE
"per Hour","PRINCIPAL ADMINISTRATIVE ASSOCIATE NON SUPVR",2023,73,32.41,34.8302230378741,1732.47,50940.69,54744.6959087689,0.808219178082192,FALSE
"per Hour","PRINCIPAL ADMINISTRATIVE ASSOCIATE NON SUPVR",2024,78,33,34.2883390461213,1723.44,57020.815,59246.9405274593,0.692307692307692,FALSE
"per Hour","PRINCIPAL ADMINISTRATIVE ASSOCIATE NON SUPVR",2025,79,37.57,37.57,1730.95,57458.38,57458.38,0.822784810126582,FALSE
"per Hour","PRINCIPAL PARK SUPERVISOR",2014,2,,,,,,,TRUE
"per Hour","PRINTING PRESS OPERATOR",2014,1,,,,,,,TRUE
"per Hour","PRINTING PRESS OPERATOR",2015,1,,,,,,,TRUE
"per Hour","PRINTING PRESS OPERATOR",2016,1,,,,,,,TRUE
"per Hour","PROBATION ADJUNCT TRAINER",2023,8,,,,,,,TRUE
"per Hour","PROBATION ADJUNCT TRAINER",2024,8,,,,,,,TRUE
"per Hour","PROBATION ADJUNCT TRAINER",2025,7,,,,,,,TRUE
"per Hour","PROBATION ASSISTANT",2020,1,,,,,,,TRUE
"per Hour","PROBATION ASSISTANT",2021,1,,,,,,,TRUE
"per Hour","PROCUREMENT ANALYST",2014,21,,,,,,,TRUE
"per Hour","PROCUREMENT ANALYST",2015,16,,,,,,,TRUE
"per Hour","PROCUREMENT ANALYST",2016,18,,,,,,,TRUE
"per Hour","PROCUREMENT ANALYST",2017,18,,,,,,,TRUE
"per Hour","PROCUREMENT ANALYST",2018,17,,,,,,,TRUE
"per Hour","PROCUREMENT ANALYST",2019,11,,,,,,,TRUE
"per Hour","PROCUREMENT ANALYST",2020,11,,,,,,,TRUE
"per Hour","PROCUREMENT ANALYST",2021,12,,,,,,,TRUE
"per Hour","PROCUREMENT ANALYST",2022,11,,,,,,,TRUE
"per Hour","PROCUREMENT ANALYST",2023,11,,,,,,,TRUE
"per Hour","PROCUREMENT ANALYST",2024,12,,,,,,,TRUE
"per Hour","PROCUREMENT ANALYST",2025,9,,,,,,,TRUE
"per Hour","PROFESSOR",2014,79,91.46,120.292159472567,79.28,9277.28,12201.8810980938,0,FALSE
"per Hour","PROFESSOR",2015,83,87.94,115.105053660062,90,8560.8,11205.2688580061,0,FALSE
"per Hour","PROFESSOR",2016,85,87.94,114.444289567122,88,8007.56,10420.9633314317,0,FALSE
"per Hour","PROFESSOR",2017,121,97.11,124.187631184886,45,6189.16,7914.91215553756,0,FALSE
"per Hour","PROFESSOR",2018,68,97.11,122.018847049858,86.25,9245.29,11616.7194567149,0,FALSE
"per Hour","PROFESSOR",2019,59,97.11,119.89341963936,120,12624.3,15586.1445531169,0,FALSE
"per Hour","PROFESSOR",2020,26,,,,,,,TRUE
"per Hour","PROFESSOR",2021,3,,,,,,,TRUE
"per Hour","PROFESSOR",2022,1,,,,,,,TRUE
"per Hour","PROFESSOR",2023,6,,,,,,,TRUE
"per Hour","PROFESSOR",2024,3,,,,,,,TRUE
"per Hour","PROFESSOR",2025,5,,,,,,,TRUE
"per Hour","PROGRAM OFFICER",2016,1,,,,,,,TRUE
"per Hour","PROGRAM OFFICER",2017,1,,,,,,,TRUE
"per Hour","PROGRAM OFFICER",2018,1,,,,,,,TRUE
"per Hour","PROGRAM OFFICER",2019,1,,,,,,,TRUE
"per Hour","PROGRAM OFFICER",2020,1,,,,,,,TRUE
"per Hour","PROGRAM OFFICER",2021,1,,,,,,,TRUE
"per Hour","PROGRAM OFFICER",2022,1,,,,,,,TRUE
"per Hour","PROGRAM PRODUCER",2014,5,,,,,,,TRUE
"per Hour","PROGRAM PRODUCER",2015,2,,,,,,,TRUE
"per Hour","PROGRAM PRODUCER",2016,2,,,,,,,TRUE
"per Hour","PROGRAM PRODUCER",2017,1,,,,,,,TRUE
"per Hour","PROGRAM PRODUCER",2018,1,,,,,,,TRUE
"per Hour","PROGRAM PRODUCER",2019,1,,,,,,,TRUE
"per Hour","PROGRAM PRODUCER",2021,1,,,,,,,TRUE
"per Hour","PROGRAM PRODUCER",2022,1,,,,,,,TRUE
"per Hour","PROGRAM PRODUCER",2024,1,,,,,,,TRUE
"per Hour","PROGRAM PRODUCER",2025,1,,,,,,,TRUE
"per Hour","PROGRAM SPECIALIST CORRECTION",2014,2,,,,,,,TRUE
"per Hour","PROGRAM SPECIALIST CORRECTION",2015,1,,,,,,,TRUE
"per Hour","PROGRAM SPECIALIST CORRECTION",2016,2,,,,,,,TRUE
"per Hour","PROGRAM SPECIALIST CORRECTION",2017,4,,,,,,,TRUE
"per Hour","PROGRAM SPECIALIST CORRECTION",2018,4,,,,,,,TRUE
"per Hour","PROGRAM SPECIALIST CORRECTION",2019,4,,,,,,,TRUE
"per Hour","PROGRAM SPECIALIST CORRECTION",2020,3,,,,,,,TRUE
"per Hour","PROGRAM SPECIALIST CORRECTION",2021,3,,,,,,,TRUE
"per Hour","PROGRAM SPECIALIST CORRECTION",2022,3,,,,,,,TRUE
"per Hour","PROJECT PLANNER",2014,1,,,,,,,TRUE
"per Hour","PROJECT PLANNER",2015,2,,,,,,,TRUE
"per Hour","PROJECT PLANNER",2016,2,,,,,,,TRUE
"per Hour","PROJECT PLANNER",2017,2,,,,,,,TRUE
"per Hour","PROJECT PLANNER",2018,3,,,,,,,TRUE
"per Hour","PROJECT PLANNER",2019,3,,,,,,,TRUE
"per Hour","PROJECT PLANNER",2020,1,,,,,,,TRUE
"per Hour","PROJECT PLANNER",2021,1,,,,,,,TRUE
"per Hour","PSYCHIATRIST",2014,16,,,,,,,TRUE
"per Hour","PSYCHIATRIST",2015,16,,,,,,,TRUE
"per Hour","PSYCHIATRIST",2016,15,,,,,,,TRUE
"per Hour","PSYCHIATRIST",2017,14,,,,,,,TRUE
"per Hour","PSYCHIATRIST",2018,13,,,,,,,TRUE
"per Hour","PSYCHIATRIST",2019,11,,,,,,,TRUE
"per Hour","PSYCHIATRIST",2020,11,,,,,,,TRUE
"per Hour","PSYCHIATRIST",2021,11,,,,,,,TRUE
"per Hour","PSYCHIATRIST",2022,8,,,,,,,TRUE
"per Hour","PSYCHIATRIST",2023,7,,,,,,,TRUE
"per Hour","PSYCHIATRIST",2024,5,,,,,,,TRUE
"per Hour","PSYCHIATRIST",2025,5,,,,,,,TRUE
"per Hour","PSYCHOLOGIST",2014,8,,,,,,,TRUE
"per Hour","PSYCHOLOGIST",2015,9,,,,,,,TRUE
"per Hour","PSYCHOLOGIST",2016,10,,,,,,,TRUE
"per Hour","PSYCHOLOGIST",2017,10,,,,,,,TRUE
"per Hour","PSYCHOLOGIST",2018,9,,,,,,,TRUE
"per Hour","PSYCHOLOGIST",2019,10,,,,,,,TRUE
"per Hour","PSYCHOLOGIST",2020,10,,,,,,,TRUE
"per Hour","PSYCHOLOGIST",2021,8,,,,,,,TRUE
"per Hour","PSYCHOLOGIST",2022,5,,,,,,,TRUE
"per Hour","PSYCHOLOGIST",2023,4,,,,,,,TRUE
"per Hour","PSYCHOLOGIST",2024,4,,,,,,,TRUE
"per Hour","PSYCHOLOGIST",2025,3,,,,,,,TRUE
"per Hour","PUBLIC HEALTH ADVISER",2014,179,20.68,27.1992330843285,1442,29849.4,39259.2257266612,0.983240223463687,FALSE
"per Hour","PUBLIC HEALTH ADVISER",2015,141,21.64,28.3246913941749,1491,33604.02,43984.4499123697,0.929078014184397,FALSE
"per Hour","PUBLIC HEALTH ADVISER",2016,172,22.18,28.864843559231,1448.375,31749.8,41318.8913452151,0.97093023255814,FALSE
"per Hour","PUBLIC HEALTH ADVISER",2017,200,22.84,29.2085830116652,1455.025,34495.685,44114.2766579139,0.92,FALSE
"per Hour","PUBLIC HEALTH ADVISER",2018,214,22.91,28.7864461529425,1412.4,33795.065,42463.545126918,0.911214953271028,FALSE
"per Hour","PUBLIC HEALTH ADVISER",2019,215,23.9,29.5072879145373,1519,36734.6,45353.0719090109,0.948837209302326,FALSE
"per Hour","PUBLIC HEALTH ADVISER",2020,224,24.62,29.8681170113388,1591.625,38204.005,46347.7535191621,0.991071428571429,FALSE
"per Hour","PUBLIC HEALTH ADVISER",2021,207,24.62,29.2641160392418,1703,41927.86,49836.7896148288,0.975845410628019,FALSE
"per Hour","PUBLIC HEALTH ADVISER",2022,177,24.62,27.8579784515503,1645,40672.26,46021.4030323254,0.909604519774011,FALSE
"per Hour","PUBLIC HEALTH ADVISER",2023,155,26.9,28.9087627188773,1612.72,42890,46092.8190711021,0.980645161290323,FALSE
"per Hour","PUBLIC HEALTH ADVISER",2024,130,27.72,28.8022047987418,1638,44308.455,46038.2826560547,0.938461538461538,FALSE
"per Hour","PUBLIC HEALTH ADVISER",2025,132,28.62,28.62,1568.435,44750.345,44750.345,0.924242424242424,FALSE
"per Hour","PUBLIC HEALTH ASSISTANT",2014,71,16.99,22.3459850146393,1372,23185.98,30495.2066880357,0.830985915492958,FALSE
"per Hour","PUBLIC HEALTH ASSISTANT",2015,29,,,,,,,TRUE
"per Hour","PUBLIC HEALTH ASSISTANT",2016,54,18.2,23.685308962038,1379,24317.83,31646.9954305669,0.944444444444444,FALSE
"per Hour","PUBLIC HEALTH ASSISTANT",2017,59,18.75,23.9781493637794,1371.03,25379.61,32456.3242333051,0.796610169491525,FALSE
"per Hour","PUBLIC HEALTH ASSISTANT",2018,65,18.35,23.0567999522695,1323,24769.68,31123.1366017292,0.876923076923077,FALSE
"per Hour","PUBLIC HEALTH ASSISTANT",2019,67,19.62,24.2231376101766,1440.5,27701.76,34200.9961531135,0.940298507462687,FALSE
"per Hour","PUBLIC HEALTH ASSISTANT",2020,66,20.21,24.5180603086578,1416.625,27845.155,33780.7614841131,0.96969696969697,FALSE
"per Hour","PUBLIC HEALTH ASSISTANT",2021,62,20.21,24.0222496000438,1543.5,30769.725,36573.8750160666,0.967741935483871,FALSE
"per Hour","PUBLIC HEALTH ASSISTANT",2022,48,20.21,22.8679831237137,1379,28326.51,32051.9620303666,0.625,FALSE
"per Hour","PUBLIC HEALTH ASSISTANT",2023,39,22.08,23.7288282837476,1532,32695.75,35137.3114745625,0.897435897435897,FALSE
"per Hour","PUBLIC HEALTH ASSISTANT",2024,37,22.74,23.627782724509,1490,32905.91,34190.5757182167,0.837837837837838,FALSE
"per Hour","PUBLIC HEALTH ASSISTANT",2025,36,23.48,23.48,1482.01,32935.49,32935.49,0.861111111111111,FALSE
"per Hour","PUBLIC HEALTH EDUCATOR",2024,1,,,,,,,TRUE
"per Hour","PUBLIC HEALTH EDUCATOR",2025,1,,,,,,,TRUE
"per Hour","PUBLIC HEALTH NURSE",2014,336,29.42,38.6944602195814,1409.25,50549.95,66485.4870624347,0.985119047619048,FALSE
"per Hour","PUBLIC HEALTH NURSE",2015,390,30.78,40.2880776854299,1399.95,53061.965,69453.0398980364,0.856410256410256,FALSE
"per Hour","PUBLIC HEALTH NURSE",2016,436,31.55,41.0588735028736,1354.75,50002.72,65073.0698979274,0.871559633027523,FALSE
"per Hour","PUBLIC HEALTH NURSE",2017,437,32.5,41.5621255638844,1391.58,56024.29,71645.8023263837,0.961098398169336,FALSE
"per Hour","PUBLIC HEALTH NURSE",2018,476,32.6,40.9619443293725,1324.825,54572.82,68570.8225379407,0.84453781512605,FALSE
"per Hour","PUBLIC HEALTH NURSE",2019,520,34,41.9768949411827,1390.81,57074.985,70465.6073268994,0.923076923076923,FALSE
"per Hour","PUBLIC HEALTH NURSE",2020,532,35.02,42.4850307772983,1362.085,48406.485,58725.0429767512,0.862781954887218,FALSE
"per Hour","PUBLIC HEALTH NURSE",2021,533,35.02,41.6258872337225,1410.5,51010.16,60632.3006263319,0.889305816135084,FALSE
"per Hour","PUBLIC HEALTH NURSE",2022,444,35.02,39.6257678868112,1435,51528.48,58305.4137076012,0.932432432432432,FALSE
"per Hour","PUBLIC HEALTH NURSE",2023,398,38.26,41.1170729228344,1415.75,56075.39,60262.8306274537,0.92462311557789,FALSE
"per Hour","PUBLIC HEALTH NURSE",2024,338,39.42,40.9589795514576,1442,56717.43,58931.7112019591,0.93491124260355,FALSE
"per Hour","PUBLIC HEALTH NURSE",2025,315,40.7,40.7,1421,58344.33,58344.33,0.93015873015873,FALSE
"per Hour","PUBLIC INFORMATION OFFICER",2022,1,,,,,,,TRUE
"per Hour","PUBLIC RECORDS AIDE",2014,11,,,,,,,TRUE
"per Hour","PUBLIC RECORDS AIDE",2015,9,,,,,,,TRUE
"per Hour","PUBLIC RECORDS AIDE",2016,7,,,,,,,TRUE
"per Hour","PUBLIC RECORDS AIDE",2017,9,,,,,,,TRUE
"per Hour","PUBLIC RECORDS AIDE",2018,10,,,,,,,TRUE
"per Hour","PUBLIC RECORDS AIDE",2019,11,,,,,,,TRUE
"per Hour","PUBLIC RECORDS AIDE",2020,18,,,,,,,TRUE
"per Hour","PUBLIC RECORDS AIDE",2021,10,,,,,,,TRUE
"per Hour","PUBLIC RECORDS AIDE",2022,9,,,,,,,TRUE
"per Hour","PUBLIC RECORDS AIDE",2023,9,,,,,,,TRUE
"per Hour","PUBLIC RECORDS AIDE",2024,8,,,,,,,TRUE
"per Hour","PUBLIC RECORDS AIDE",2025,7,,,,,,,TRUE
"per Hour","PUBLIC RECORDS OFFICER",2014,3,,,,,,,TRUE
"per Hour","PUBLIC RECORDS OFFICER",2015,1,,,,,,,TRUE
"per Hour","PUBLIC RECORDS OFFICER",2016,6,,,,,,,TRUE
"per Hour","PUBLIC RECORDS OFFICER",2017,8,,,,,,,TRUE
"per Hour","PUBLIC RECORDS OFFICER",2018,5,,,,,,,TRUE
"per Hour","PUBLIC RECORDS OFFICER",2019,4,,,,,,,TRUE
"per Hour","PUBLIC RECORDS OFFICER",2020,6,,,,,,,TRUE
"per Hour","PUBLIC RECORDS OFFICER",2021,4,,,,,,,TRUE
"per Hour","PUBLIC RECORDS OFFICER",2022,3,,,,,,,TRUE
"per Hour","PUBLIC RECORDS OFFICER",2023,6,,,,,,,TRUE
"per Hour","PUBLIC RECORDS OFFICER",2024,6,,,,,,,TRUE
"per Hour","PUBLIC RECORDS OFFICER",2025,7,,,,,,,TRUE
"per Hour","PUBLIC SERVICE INTERNE",2016,2,,,,,,,TRUE
"per Hour","QUALITY ASSURANCE SPECIALIST",2019,2,,,,,,,TRUE
"per Hour","QUALITY ASSURANCE SPECIALIST",2020,2,,,,,,,TRUE
"per Hour","QUALITY ASSURANCE SPECIALIST",2021,2,,,,,,,TRUE
"per Hour","QUALITY ASSURANCE SPECIALIST",2022,2,,,,,,,TRUE
"per Hour","QUALITY ASSURANCE SPECIALIST",2023,2,,,,,,,TRUE
"per Hour","QUALITY ASSURANCE SPECIALIST",2024,1,,,,,,,TRUE
"per Hour","QUALITY ASSURANCE SPECIALIST",2025,1,,,,,,,TRUE
"per Hour","QUALITY ASSURANCE SPECIALIST TRAINEE",2016,3,,,,,,,TRUE
"per Hour","QUALITY ASSURANCE SPECIALIST TRAINEE",2017,3,,,,,,,TRUE
"per Hour","QUALITY ASSURANCE SPECIALIST TRAINEE",2018,3,,,,,,,TRUE
"per Hour","RADIO AND TELEVISION OPERATOR",2015,1,,,,,,,TRUE
"per Hour","RADIO AND TELEVISION OPERATOR",2016,1,,,,,,,TRUE
"per Hour","RADIO AND TELEVISION OPERATOR",2017,1,,,,,,,TRUE
"per Hour","RADIO AND TELEVISION OPERATOR",2018,1,,,,,,,TRUE
"per Hour","RADIO AND TELEVISION OPERATOR",2019,1,,,,,,,TRUE
"per Hour","RADIO AND TELEVISION OPERATOR",2020,1,,,,,,,TRUE
"per Hour","RADIO AND TELEVISION OPERATOR",2021,1,,,,,,,TRUE
"per Hour","RADIO AND TELEVISION OPERATOR",2022,1,,,,,,,TRUE
"per Hour","RADIO AND TELEVISION OPERATOR",2023,1,,,,,,,TRUE
"per Hour","RADIO AND TELEVISION OPERATOR",2024,1,,,,,,,TRUE
"per Hour","RADIO AND TELEVISION OPERATOR",2025,1,,,,,,,TRUE
"per Hour","RADIO AND TEVEVISION OPERATOR",2014,10,,,,,,,TRUE
"per Hour","RADIO REPAIR MECHANIC",2019,1,,,,,,,TRUE
"per Hour","RECREATION DIRECTOR",2014,2,,,,,,,TRUE
"per Hour","RECREATION DIRECTOR",2015,7,,,,,,,TRUE
"per Hour","RECREATION DIRECTOR",2016,8,,,,,,,TRUE
"per Hour","RECREATION DIRECTOR",2017,3,,,,,,,TRUE
"per Hour","RECREATION DIRECTOR",2018,6,,,,,,,TRUE
"per Hour","RECREATION DIRECTOR",2019,5,,,,,,,TRUE
"per Hour","RECREATION DIRECTOR",2020,1,,,,,,,TRUE
"per Hour","RECREATION DIRECTOR",2021,3,,,,,,,TRUE
"per Hour","RECREATION DIRECTOR",2022,1,,,,,,,TRUE
"per Hour","RECREATION DIRECTOR",2023,2,,,,,,,TRUE
"per Hour","RECREATION DIRECTOR",2025,1,,,,,,,TRUE
"per Hour","RECREATION SPECIALIST",2014,154,18.21,23.9505819374092,488.375,9287.4,12215.1913610925,0.318181818181818,FALSE
"per Hour","RECREATION SPECIALIST",2015,138,19.03,24.9084508886852,644.375,11931.045,15616.5973953333,0.311594202898551,FALSE
"per Hour","RECREATION SPECIALIST",2016,119,19.51,25.3901306510638,788.17,16152.76,21021.0500653654,0.394957983193277,FALSE
"per Hour","RECREATION SPECIALIST",2017,118,20.1,25.7045761179716,773.335,15787.705,20189.863925402,0.389830508474576,FALSE
"per Hour","RECREATION SPECIALIST",2018,126,21.67,27.2283844667945,1177.955,24753.12,31102.328939211,0.547619047619048,FALSE
"per Hour","RECREATION SPECIALIST",2019,151,24.17,29.8406338449525,1254.33,27222.29,33609.0355114238,0.642384105960265,FALSE
"per Hour","RECREATION SPECIALIST",2020,126,24.9,30.2078031511915,1664.225,37307.395,45260.0178411143,0.817460317460317,FALSE
"per Hour","RECREATION SPECIALIST",2021,103,24.9,29.5969329560163,1754.97,43485.37,51688.0956007053,0.912621359223301,FALSE
"per Hour","RECREATION SPECIALIST",2022,140,23.275,26.3360864524709,1703.635,33097.09,37449.9601961422,0.828571428571429,FALSE
"per Hour","RECREATION SPECIALIST",2023,137,23.66,25.4268150902839,1681,38668.18,41555.7338435255,0.788321167883212,FALSE
"per Hour","RECREATION SPECIALIST",2024,145,28.03,29.12430737766,1713.3,42573.8,44235.9057236896,0.717241379310345,FALSE
"per Hour","RECREATION SPECIALIST",2025,67,25.17,25.17,936.63,22686.23,22686.23,0.477611940298507,FALSE
"per Hour","RECREATION SUPERVISOR",2014,34,23.71,31.1844205236667,195.135,4334.005,5700.27138218786,0.0294117647058824,FALSE
"per Hour","RECREATION SUPERVISOR",2015,29,,,,,,,TRUE
"per Hour","RECREATION SUPERVISOR",2016,26,,,,,,,TRUE
"per Hour","RECREATION SUPERVISOR",2017,18,,,,,,,TRUE
"per Hour","RECREATION SUPERVISOR",2018,16,,,,,,,TRUE
"per Hour","RECREATION SUPERVISOR",2019,14,,,,,,,TRUE
"per Hour","RECREATION SUPERVISOR",2020,1,,,,,,,TRUE
"per Hour","RECREATION SUPERVISOR",2021,9,,,,,,,TRUE
"per Hour","RECREATION SUPERVISOR",2022,30,32.44,36.7064508922946,1752.985,44125.545,49928.8579111663,0.733333333333333,FALSE
"per Hour","RECREATION SUPERVISOR",2023,31,30.83,33.1322362313378,1764.4,40171.88,43171.7229327588,0.709677419354839,FALSE
"per Hour","RECREATION SUPERVISOR",2024,29,,,,,,,TRUE
"per Hour","RECREATION SUPERVISOR",2025,6,,,,,,,TRUE
"per Hour","REPORTER/ STENOGRAPHER",2014,2,,,,,,,TRUE
"per Hour","REPORTER/ STENOGRAPHER",2015,3,,,,,,,TRUE
"per Hour","REPORTER/ STENOGRAPHER",2016,2,,,,,,,TRUE
"per Hour","REPORTER/ STENOGRAPHER",2017,3,,,,,,,TRUE
"per Hour","REPORTER/ STENOGRAPHER",2018,3,,,,,,,TRUE
"per Hour","REPORTER/ STENOGRAPHER",2019,3,,,,,,,TRUE
"per Hour","REPORTER/ STENOGRAPHER",2020,1,,,,,,,TRUE
"per Hour","REPORTER/ STENOGRAPHER",2021,1,,,,,,,TRUE
"per Hour","REPORTER/ STENOGRAPHER",2022,1,,,,,,,TRUE
"per Hour","REPORTER/ STENOGRAPHER",2023,3,,,,,,,TRUE
"per Hour","REPORTER/ STENOGRAPHER",2024,2,,,,,,,TRUE
"per Hour","REPORTER/ STENOGRAPHER",2025,2,,,,,,,TRUE
"per Hour","RESEARCH & LIAISON COORDINATOR",2015,1,,,,,,,TRUE
"per Hour","RESEARCH & LIAISON COORDINATOR",2016,1,,,,,,,TRUE
"per Hour","RESEARCH & LIAISON COORDINATOR",2017,1,,,,,,,TRUE
"per Hour","RESEARCH & LIAISON COORDINATOR",2018,1,,,,,,,TRUE
"per Hour","RESEARCH ASSISTANT",2014,6,,,,,,,TRUE
"per Hour","RESEARCH ASSISTANT",2015,7,,,,,,,TRUE
"per Hour","RESEARCH ASSISTANT",2016,3,,,,,,,TRUE
"per Hour","RESEARCH ASSISTANT",2017,5,,,,,,,TRUE
"per Hour","RESEARCH ASSISTANT",2018,6,,,,,,,TRUE
"per Hour","RESEARCH ASSISTANT",2019,6,,,,,,,TRUE
"per Hour","RESEARCH ASSISTANT",2020,4,,,,,,,TRUE
"per Hour","RESEARCH ASSISTANT",2021,4,,,,,,,TRUE
"per Hour","RESEARCH PROJECTS COORD",2014,1,,,,,,,TRUE
"per Hour","RESEARCH PROJECTS COORD",2015,3,,,,,,,TRUE
"per Hour","RESEARCH PROJECTS COORD",2018,1,,,,,,,TRUE
"per Hour","RESEARCH PROJECTS COORD",2019,1,,,,,,,TRUE
"per Hour","RESEARCH PROJECTS COORD",2021,1,,,,,,,TRUE
"per Hour","RESEARCH PROJECTS COORD",2024,1,,,,,,,TRUE
"per Hour","RESEARCH PROJECTS COORD",2025,2,,,,,,,TRUE
"per Hour","RESEARCH PROJECTS COORDINATOR",2018,1,,,,,,,TRUE
"per Hour","RUBBER TIRE REPAIRER",2017,1,,,,,,,TRUE
"per Hour","RUBBER TIRE REPAIRER",2018,1,,,,,,,TRUE
"per Hour","RUBBER TIRE REPAIRER",2019,1,,,,,,,TRUE
"per Hour","RUBBER TIRE REPAIRER",2020,1,,,,,,,TRUE
"per Hour","RUBBER TIRE REPAIRER",2021,1,,,,,,,TRUE
"per Hour","RUBBER TIRE REPAIRER",2022,3,,,,,,,TRUE
"per Hour","RUBBER TIRE REPAIRER",2023,2,,,,,,,TRUE
"per Hour","RUBBER TIRE REPAIRER",2024,2,,,,,,,TRUE
"per Hour","RUBBER TIRE REPAIRER",2025,1,,,,,,,TRUE
"per Hour","SCHOOL COMPUTER TECHNOLOGY SPECIALIST",2014,13,,,,,,,TRUE
"per Hour","SCHOOL COMPUTER TECHNOLOGY SPECIALIST",2015,16,,,,,,,TRUE
"per Hour","SCHOOL COMPUTER TECHNOLOGY SPECIALIST",2016,13,,,,,,,TRUE
"per Hour","SCHOOL COMPUTER TECHNOLOGY SPECIALIST",2017,9,,,,,,,TRUE
"per Hour","SCHOOL COMPUTER TECHNOLOGY SPECIALIST",2018,11,,,,,,,TRUE
"per Hour","SCHOOL COMPUTER TECHNOLOGY SPECIALIST",2019,5,,,,,,,TRUE
"per Hour","SCHOOL COMPUTER TECHNOLOGY SPECIALIST",2020,4,,,,,,,TRUE
"per Hour","SCHOOL COMPUTER TECHNOLOGY SPECIALIST",2021,4,,,,,,,TRUE
"per Hour","SCHOOL COMPUTER TECHNOLOGY SPECIALIST",2022,3,,,,,,,TRUE
"per Hour","SCHOOL COMPUTER TECHNOLOGY SPECIALIST",2023,2,,,,,,,TRUE
"per Hour","SCHOOL COMPUTER TECHNOLOGY SPECIALIST",2024,3,,,,,,,TRUE
"per Hour","SCHOOL COMPUTER TECHNOLOGY SPECIALIST",2025,3,,,,,,,TRUE
"per Hour","SCHOOL CROSSING GUARD",2014,1300,12.9,16.9666395932223,1021.375,14213.775,18694.5734638879,0.536923076923077,FALSE
"per Hour","SCHOOL CROSSING GUARD",2015,1435,13.49,17.6571204670711,1055.5,15658.01,20494.8383131656,0.590243902439024,FALSE
"per Hour","SCHOOL CROSSING GUARD",2016,2280,13.83,17.9982320299443,930,14085.37,18330.5681480561,0.430701754385965,FALSE
"per Hour","SCHOOL CROSSING GUARD",2017,2454,14.04,17.954838243598,879,14646.85,18730.8990404732,0.337408312958435,FALSE
"per Hour","SCHOOL CROSSING GUARD",2018,2572,14.04,17.6412790915457,895.3,14349.71,18030.4301276883,0.378693623639191,FALSE
"per Hour","SCHOOL CROSSING GUARD",2019,2448,15,18.5192183564041,898.625,15385.505,18995.1684412365,0.367238562091503,FALSE
"per Hour","SCHOOL CROSSING GUARD",2020,2433,15.45,18.743395931161,1024.47,15721.63,19072.9278817617,0.570078092889437,FALSE
"per Hour","SCHOOL CROSSING GUARD",2021,2243,15.45,18.3643620148776,1223.8,18907.71,22474.3062338072,0.762817654926438,FALSE
"per Hour","SCHOOL CROSSING GUARD",2022,753,15.45,17.481956420652,1143.5,17677.45,20002.3566684955,0.693227091633466,FALSE
"per Hour","SCHOOL CROSSING GUARD",2023,2084,16.88,18.140517274894,895,16360.445,17582.16440447,0.406909788867562,FALSE
"per Hour","SCHOOL CROSSING GUARD",2024,1443,18.54,19.2638123004572,1061,20451.23,21249.6578227335,0.61954261954262,FALSE
"per Hour","SCHOOL CROSSING GUARD",2025,1444,19.14,19.14,1042.75,20691.335,20691.335,0.586565096952909,FALSE
"per Hour","SECRETARY",2014,14,,,,,,,TRUE
"per Hour","SECRETARY",2015,12,,,,,,,TRUE
"per Hour","SECRETARY",2016,10,,,,,,,TRUE
"per Hour","SECRETARY",2017,9,,,,,,,TRUE
"per Hour","SECRETARY",2018,7,,,,,,,TRUE
"per Hour","SECRETARY",2019,10,,,,,,,TRUE
"per Hour","SECRETARY",2020,7,,,,,,,TRUE
"per Hour","SECRETARY",2021,8,,,,,,,TRUE
"per Hour","SECRETARY",2022,7,,,,,,,TRUE
"per Hour","SECRETARY",2023,4,,,,,,,TRUE
"per Hour","SECRETARY",2024,2,,,,,,,TRUE
"per Hour","SECRETARY",2025,2,,,,,,,TRUE
"per Hour","SECRETARY OF DEPARTMENT",2020,1,,,,,,,TRUE
"per Hour","SECRETARY TO THE DEPUTY BORO PRESIDENT",2022,1,,,,,,,TRUE
"per Hour","SECRETARY TO THE DEPUTY BORO PRESIDENT",2023,1,,,,,,,TRUE
"per Hour","SECRETARY TO THE DEPUTY BORO PRESIDENT",2024,1,,,,,,,TRUE
"per Hour","SECRETARY TO THE DEPUTY BORO PRESIDENT",2025,1,,,,,,,TRUE
"per Hour","SECRETARY TO THE PRESIDENT",2023,1,,,,,,,TRUE
"per Hour","SENIOR ACCOUNTANT INVESTIGATOR",2014,1,,,,,,,TRUE
"per Hour","SENIOR ACCOUNTANT INVESTIGATOR",2015,1,,,,,,,TRUE
"per Hour","SENIOR ACCOUNTANT INVESTIGATOR",2016,1,,,,,,,TRUE
"per Hour","SENIOR ACCOUNTANT INVESTIGATOR",2017,1,,,,,,,TRUE
"per Hour","SENIOR ACCOUNTANT INVESTIGATOR",2018,1,,,,,,,TRUE
"per Hour","SENIOR ACCOUNTANT INVESTIGATOR",2019,1,,,,,,,TRUE
"per Hour","SENIOR ACCOUNTANT INVESTIGATOR",2020,1,,,,,,,TRUE
"per Hour","SENIOR ACCOUNTANT INVESTIGATOR",2021,1,,,,,,,TRUE
"per Hour","SENIOR CONSULTANT",2022,2,,,,,,,TRUE
"per Hour","SENIOR CONSULTANT",2023,1,,,,,,,TRUE
"per Hour","SENIOR CONSULTANT",2024,1,,,,,,,TRUE
"per Hour","SENIOR CONSULTANT",2025,1,,,,,,,TRUE
"per Hour","SENIOR FIELD SUPERVISOR",2015,12,,,,,,,TRUE
"per Hour","SENIOR FIELD SUPERVISOR",2016,21,,,,,,,TRUE
"per Hour","SENIOR FIELD SUPERVISOR",2017,22,,,,,,,TRUE
"per Hour","SENIOR FIELD SUPERVISOR",2018,33,17.95,22.5541994083508,1045.68,18770.03,23584.5682184249,0.545454545454545,FALSE
"per Hour","SENIOR FIELD SUPERVISOR",2019,55,18.72,23.1119845087924,236.75,3276,4044.59728903866,0.218181818181818,FALSE
"per Hour","SENIOR FIELD SUPERVISOR",2020,14,,,,,,,TRUE
"per Hour","SENIOR FIELD SUPERVISOR",2021,21,,,,,,,TRUE
"per Hour","SENIOR FIELD SUPERVISOR",2022,12,,,,,,,TRUE
"per Hour","SENIOR FIELD SUPERVISOR",2023,18,,,,,,,TRUE
"per Hour","SENIOR FIELD SUPERVISOR",2024,15,,,,,,,TRUE
"per Hour","SENIOR FIELD SUPERVISOR",2025,24,,,,,,,TRUE
"per Hour","SENIOR MEDICAL SPECIALIST",2014,3,,,,,,,TRUE
"per Hour","SENIOR MEDICAL SPECIALIST",2015,4,,,,,,,TRUE
"per Hour","SENIOR MEDICAL SPECIALIST",2016,3,,,,,,,TRUE
"per Hour","SENIOR MEDICAL SPECIALIST",2017,1,,,,,,,TRUE
"per Hour","SENIOR MEDICAL SPECIALIST",2018,1,,,,,,,TRUE
"per Hour","SENIOR MEDICAL SPECIALIST",2019,1,,,,,,,TRUE
"per Hour","SENIOR MEDICAL SPECIALIST",2020,1,,,,,,,TRUE
"per Hour","SENIOR MEDICAL SPECIALIST",2021,1,,,,,,,TRUE
"per Hour","SENIOR MEDICAL SPECIALIST",2022,1,,,,,,,TRUE
"per Hour","SENIOR MEDICAL SPECIALIST",2023,1,,,,,,,TRUE
"per Hour","SENIOR MENTAL HEALTH WORKER",2014,3,,,,,,,TRUE
"per Hour","SENIOR MENTAL HEALTH WORKER",2015,4,,,,,,,TRUE
"per Hour","SENIOR MENTAL HEALTH WORKER",2016,2,,,,,,,TRUE
"per Hour","SENIOR MENTAL HEALTH WORKER",2017,3,,,,,,,TRUE
"per Hour","SENIOR OCCUPATIONAL THERAPIST",2014,437,54.5,71.6807641729159,188.58,10166.45,13371.3560536833,0.0366132723112128,FALSE
"per Hour","SENIOR PHOTOGRAPHER",2014,1,,,,,,,TRUE
"per Hour","SENIOR PHOTOGRAPHER",2015,1,,,,,,,TRUE
"per Hour","SENIOR PHOTOGRAPHER",2016,1,,,,,,,TRUE
"per Hour","SENIOR PHOTOGRAPHER",2017,1,,,,,,,TRUE
"per Hour","SENIOR PHOTOGRAPHER",2018,1,,,,,,,TRUE
"per Hour","SENIOR PHOTOGRAPHER",2019,1,,,,,,,TRUE
"per Hour","SENIOR PHOTOGRAPHER",2020,1,,,,,,,TRUE
"per Hour","SENIOR PHOTOGRAPHER",2021,1,,,,,,,TRUE
"per Hour","SENIOR PHOTOGRAPHER",2022,1,,,,,,,TRUE
"per Hour","SENIOR PHOTOGRAPHER",2023,1,,,,,,,TRUE
"per Hour","SENIOR PHOTOGRAPHER",2024,1,,,,,,,TRUE
"per Hour","SENIOR PHOTOGRAPHER",2025,1,,,,,,,TRUE
"per Hour","SENIOR PHYSICAL THERAPIST",2014,275,55.23,72.6408918398192,188.58,10349.35,13611.9140677609,0.0109090909090909,FALSE
"per Hour","SENIOR RACKETS INVESTIGATOR",2014,2,,,,,,,TRUE
"per Hour","SENIOR RACKETS INVESTIGATOR",2016,2,,,,,,,TRUE
"per Hour","SENIOR RACKETS INVESTIGATOR",2017,3,,,,,,,TRUE
"per Hour","SENIOR RACKETS INVESTIGATOR START 4 24 08 NO ABC",2022,1,,,,,,,TRUE
"per Hour","SENIOR STUDENT LEGAL SPECIALIST",2016,1,,,,,,,TRUE
"per Hour","SENIOR STUDENT LEGAL SPECIALIST",2017,3,,,,,,,TRUE
"per Hour","SENIOR STUDENT LEGAL SPECIALIST",2018,1,,,,,,,TRUE
"per Hour","SENIOR STUDENT LEGAL SPECIALIST",2019,1,,,,,,,TRUE
"per Hour","SEWAGE TREATMENT WORKER",2019,1,,,,,,,TRUE
"per Hour","SEWAGE TREATMENT WORKER",2020,1,,,,,,,TRUE
"per Hour","SHEET METAL WORKER",2014,1,,,,,,,TRUE
"per Hour","SIGN LANGUAGE INTERPRETER",2014,49,50.97,67.0379550439179,1027,51124.27,67240.8576400455,0.551020408163265,FALSE
"per Hour","SIGN LANGUAGE INTERPRETER",2015,43,53.42,69.9216734878383,1048,53106.53,69511.3712229894,0.627906976744186,FALSE
"per Hour","SIGN LANGUAGE INTERPRETER",2016,45,55.07,71.6675804691997,1055,53672.05,69848.3014767007,0.644444444444444,FALSE
"per Hour","SIGN LANGUAGE INTERPRETER",2017,60,49,62.6628970040103,875.5,42528.38,54386.7652181104,0.466666666666667,FALSE
"per Hour","SIGN LANGUAGE INTERPRETER",2018,55,50.78,63.8051390504766,1002.87,54500.04,68479.3743689747,0.509090909090909,FALSE
"per Hour","SIGN LANGUAGE INTERPRETER",2019,53,56.3,69.5087995643702,1032.25,56264,69464.3534403149,0.547169811320755,FALSE
"per Hour","SIGN LANGUAGE INTERPRETER",2020,60,53.91,65.4017135695074,582,28868.335,35022.0474290222,0.466666666666667,FALSE
"per Hour","SIGN LANGUAGE INTERPRETER",2021,51,58.56,69.6062808796914,796.75,42681.25,50732.2929610029,0.470588235294118,FALSE
"per Hour","SIGN LANGUAGE INTERPRETER",2022,50,59.175,66.9575903684196,634,36925.225,41781.5646778492,0.44,FALSE
"per Hour","SIGN LANGUAGE INTERPRETER",2023,43,59.82,64.2870701056966,1033.75,60412.08,64923.3637945662,0.511627906976744,FALSE
"per Hour","SIGN LANGUAGE INTERPRETER",2024,44,59.82,62.1554073254234,1036.875,61347.64,63742.6872727088,0.522727272727273,FALSE
"per Hour","SIGN LANGUAGE INTERPRETER",2025,43,68.78,68.78,1112.5,78721.16,78721.16,0.534883720930233,FALSE
"per Hour","SOCIAL WORKER",2014,1,,,,,,,TRUE
"per Hour","SOCIAL WORKER",2015,3,,,,,,,TRUE
"per Hour","SOCIAL WORKER",2016,2,,,,,,,TRUE
"per Hour","SOCIAL WORKER",2017,1,,,,,,,TRUE
"per Hour","SOCIAL WORKER",2022,1,,,,,,,TRUE
"per Hour","SOCIAL WORKER",2023,1,,,,,,,TRUE
"per Hour","SOCIAL WORKER",2024,1,,,,,,,TRUE
"per Hour","SOCIAL WORKER",2025,1,,,,,,,TRUE
"per Hour","SPACE ANALYST",2017,1,,,,,,,TRUE
"per Hour","SPACE ANALYST",2018,1,,,,,,,TRUE
"per Hour","SPACE ANALYST",2019,2,,,,,,,TRUE
"per Hour","SPEC CONSULTANT",2014,1,,,,,,,TRUE
"per Hour","SPEC CONSULTANT",2015,1,,,,,,,TRUE
"per Hour","SPEC CONSULTANT",2016,1,,,,,,,TRUE
"per Hour","SPEC CONSULTANT",2017,1,,,,,,,TRUE
"per Hour","SPEC CONSULTANT",2018,1,,,,,,,TRUE
"per Hour","SPEC CONSULTANT",2019,2,,,,,,,TRUE
"per Hour","SPEC CONSULTANT",2020,2,,,,,,,TRUE
"per Hour","SPEC CONSULTANT",2021,2,,,,,,,TRUE
"per Hour","SPEC CONSULTANT",2022,2,,,,,,,TRUE
"per Hour","SPEC CONSULTANT",2023,1,,,,,,,TRUE
"per Hour","SPECIAL ADVISOR TO CITY CLERK",2016,1,,,,,,,TRUE
"per Hour","SPECIAL ADVISOR TO CITY CLERK",2017,1,,,,,,,TRUE
"per Hour","SPECIAL ASSISTANT",2014,2,,,,,,,TRUE
"per Hour","SPECIAL ASSISTANT",2015,3,,,,,,,TRUE
"per Hour","SPECIAL ASSISTANT",2016,3,,,,,,,TRUE
"per Hour","SPECIAL ASSISTANT",2017,1,,,,,,,TRUE
"per Hour","SPECIAL ASSISTANT",2018,1,,,,,,,TRUE
"per Hour","SPECIAL ASSISTANT",2019,1,,,,,,,TRUE
"per Hour","SPECIAL ASSISTANT",2024,1,,,,,,,TRUE
"per Hour","SPECIAL ASSISTANT",2025,1,,,,,,,TRUE
"per Hour","SPECIAL ASSISTANT TO DA",2018,1,,,,,,,TRUE
"per Hour","SPECIAL ASSISTANT TO THE BOROUGH PRESIDENT",2014,1,,,,,,,TRUE
"per Hour","SPECIAL ASSISTANT TO THE BOROUGH PRESIDENT",2015,1,,,,,,,TRUE
"per Hour","SPECIAL ASSISTANT TO THE BOROUGH PRESIDENT",2016,1,,,,,,,TRUE
"per Hour","SPECIAL ASSISTANT TO THE BOROUGH PRESIDENT",2017,1,,,,,,,TRUE
"per Hour","SPECIAL ASSISTANT TO THE BOROUGH PRESIDENT",2018,1,,,,,,,TRUE
"per Hour","SPECIAL ASSISTANT TO THE BOROUGH PRESIDENT",2019,1,,,,,,,TRUE
"per Hour","SPECIAL ASSISTANT TO THE BOROUGH PRESIDENT",2020,1,,,,,,,TRUE
"per Hour","SPECIAL ASSISTANT TO THE BOROUGH PRESIDENT",2021,1,,,,,,,TRUE
"per Hour","SPECIAL ASSISTANT TO THE BOROUGH PRESIDENT",2022,1,,,,,,,TRUE
"per Hour","SPECIAL ASSISTANT TO THE BOROUGH PRESIDENT",2023,1,,,,,,,TRUE
"per Hour","SPECIAL ASSISTANT TO THE BOROUGH PRESIDENT",2024,1,,,,,,,TRUE
"per Hour","SPECIAL ASSISTANT TO THE BOROUGH PRESIDENT",2025,1,,,,,,,TRUE
"per Hour","SPECIAL CONSULTANT",2019,1,,,,,,,TRUE
"per Hour","SPECIAL CONSULTANT",2020,1,,,,,,,TRUE
"per Hour","SPECIAL EXAMINER",2014,30,24.83,32.6574931085046,370,9435.4,12409.8473812318,0,FALSE
"per Hour","SPECIAL EXAMINER",2015,35,25.89,33.8875351291676,647,15593.24,20410.0605746443,0.0571428571428571,FALSE
"per Hour","SPECIAL EXAMINER",2016,31,25.89,33.6930026938002,533,15767.01,20519.0386405244,0,FALSE
"per Hour","SPECIAL EXAMINER",2017,29,,,,,,,TRUE
"per Hour","SPECIAL EXAMINER",2018,29,,,,,,,TRUE
"per Hour","SPECIAL EXAMINER",2019,33,27,33.3345930415275,502.5,12179.58,15037.0867672862,0.0909090909090909,FALSE
"per Hour","SPECIAL EXAMINER",2020,30,26.68,32.3672364688269,673,17643.15,21404.048279797,0.1,FALSE
"per Hour","SPECIAL EXAMINER",2021,6,,,,,,,TRUE
"per Hour","SPECIAL EXAMINER",2022,18,,,,,,,TRUE
"per Hour","SPECIAL EXAMINER",2023,20,,,,,,,TRUE
"per Hour","SPECIAL EXAMINER",2024,21,,,,,,,TRUE
"per Hour","SPECIAL EXAMINER",2025,24,,,,,,,TRUE
"per Hour","SPECIAL OFFICER",2015,1,,,,,,,TRUE
"per Hour","SPECIAL OFFICER",2018,1,,,,,,,TRUE
"per Hour","SPECIAL OFFICER",2019,1,,,,,,,TRUE
"per Hour","SPECIAL OFFICER",2020,1,,,,,,,TRUE
"per Hour","SPECIAL OFFICER",2021,1,,,,,,,TRUE
"per Hour","SPECIAL OFFICER",2022,1,,,,,,,TRUE
"per Hour","SPECIAL OFFICER",2023,1,,,,,,,TRUE
"per Hour","SPECIAL OFFICER",2024,1,,,,,,,TRUE
"per Hour","SR COLLEGE LABORATORY TECH",2014,15,,,,,,,TRUE
"per Hour","SR COLLEGE LABORATORY TECH",2015,14,,,,,,,TRUE
"per Hour","SR COLLEGE LABORATORY TECH",2016,16,,,,,,,TRUE
"per Hour","SR COLLEGE LABORATORY TECH",2017,19,,,,,,,TRUE
"per Hour","SR COLLEGE LABORATORY TECH",2018,17,,,,,,,TRUE
"per Hour","SR COLLEGE LABORATORY TECH",2019,19,,,,,,,TRUE
"per Hour","SR COLLEGE LABORATORY TECH",2020,16,,,,,,,TRUE
"per Hour","SR COLLEGE LABORATORY TECH",2021,4,,,,,,,TRUE
"per Hour","SR COLLEGE LABORATORY TECH",2022,17,,,,,,,TRUE
"per Hour","SR COLLEGE LABORATORY TECH",2023,19,,,,,,,TRUE
"per Hour","SR COLLEGE LABORATORY TECH",2024,13,,,,,,,TRUE
"per Hour","SR COLLEGE LABORATORY TECH",2025,16,,,,,,,TRUE
"per Hour","SR HEALTHCARE PROG PLAN ANLYST",2014,1,,,,,,,TRUE
"per Hour","SR HEALTHCARE PROG PLAN ANLYST",2015,1,,,,,,,TRUE
"per Hour","SR HEALTHCARE PROG PLAN ANLYST",2016,1,,,,,,,TRUE
"per Hour","SR HEALTHCARE PROG PLAN ANLYST",2018,1,,,,,,,TRUE
"per Hour","SR HEALTHCARE PROG PLAN ANLYST",2019,1,,,,,,,TRUE
"per Hour","SR HEALTHCARE PROG PLAN ANLYST",2020,1,,,,,,,TRUE
"per Hour","SR HEALTHCARE PROG PLAN ANLYST",2021,1,,,,,,,TRUE
"per Hour","SR HEALTHCARE PROG PLAN ANLYST",2024,1,,,,,,,TRUE
"per Hour","STAFF ANALYST",2014,7,,,,,,,TRUE
"per Hour","STAFF ANALYST",2015,10,,,,,,,TRUE
"per Hour","STAFF ANALYST",2016,13,,,,,,,TRUE
"per Hour","STAFF ANALYST",2017,6,,,,,,,TRUE
"per Hour","STAFF ANALYST",2018,4,,,,,,,TRUE
"per Hour","STAFF ANALYST",2019,4,,,,,,,TRUE
"per Hour","STAFF ANALYST",2020,4,,,,,,,TRUE
"per Hour","STAFF ANALYST",2021,4,,,,,,,TRUE
"per Hour","STAFF ANALYST",2022,5,,,,,,,TRUE
"per Hour","STAFF ANALYST",2023,3,,,,,,,TRUE
"per Hour","STAFF ANALYST",2024,11,,,,,,,TRUE
"per Hour","STAFF ANALYST",2025,12,,,,,,,TRUE
"per Hour","STAFF ANALYST TRAINEE",2014,5,,,,,,,TRUE
"per Hour","STAFF ANALYST TRAINEE",2015,4,,,,,,,TRUE
"per Hour","STAFF ANALYST TRAINEE",2016,3,,,,,,,TRUE
"per Hour","STAFF ANALYST TRAINEE",2017,4,,,,,,,TRUE
"per Hour","STAFF ANALYST TRAINEE",2018,1,,,,,,,TRUE
"per Hour","STAFF ANALYST TRAINEE",2019,1,,,,,,,TRUE
"per Hour","STAFF ANALYST TRAINEE",2020,1,,,,,,,TRUE
"per Hour","STAFF ANALYST TRAINEE",2021,1,,,,,,,TRUE
"per Hour","STAFF ANALYST TRAINEE",2023,2,,,,,,,TRUE
"per Hour","STAFF ANALYST TRAINEE",2024,1,,,,,,,TRUE
"per Hour","STAFF ANALYST TRAINEE",2025,1,,,,,,,TRUE
"per Hour","STAFF NURSE",2014,232,51.605,67.8731345897858,188.58,9125,12001.595836291,0.0129310344827586,FALSE
"per Hour","STAFF NURSE",2015,249,50.88,66.597056290925,189.18,9525.97,12468.5841257009,0.0120481927710843,FALSE
"per Hour","STAFF NURSE",2016,279,52.65,68.51821521161,188.58,9355.05,12174.5741541381,0.010752688172043,FALSE
"per Hour","STAFF NURSE",2017,309,55.05,70.3998465320564,182.5,9345.9,11951.8605940771,0,FALSE
"per Hour","STAFF NURSE",2018,322,57.81,72.6383436098474,188.58,10052.805,12631.3631522711,0.0031055900621118,FALSE
"per Hour","STAFF NURSE",2019,354,58.97,72.8052204318102,185.36,10298.235,12714.3508433709,0.00282485875706215,FALSE
"per Hour","STAFF NURSE",2020,11,,,,,,,TRUE
"per Hour","STAFF NURSE",2021,428,62.6,74.4083535360089,270,15763.57,18737.0813027096,0.00233644859813084,FALSE
"per Hour","STAFF NURSE",2022,440,62.26,70.4483240614754,180,10983.15,12427.6342822967,0.00454545454545455,FALSE
"per Hour","STAFF NURSE",2023,362,61.9,66.522394509238,224.58,13475.39,14481.6673626146,0.00828729281767956,FALSE
"per Hour","STAFF NURSE",2024,344,65.67,68.2337947017813,188.92,11914.025,12379.1554122414,0.00290697674418605,FALSE
"per Hour","STAFF NURSE",2025,380,66.89,66.89,186,12033.665,12033.665,0.00263157894736842,FALSE
"per Hour","STAFF NURSE ASSIGNMENT LEVEL 2",2025,16,,,,,,,TRUE
"per Hour","STAFF NURSE ASSIGNMENT LEVEL 3",2025,26,,,,,,,TRUE
"per Hour","STATIONARY ENGINEER",2014,26,,,,,,,TRUE
"per Hour","STATIONARY ENGINEER",2015,24,,,,,,,TRUE
"per Hour","STATIONARY ENGINEER",2016,22,,,,,,,TRUE
"per Hour","STATIONARY ENGINEER",2017,30,60.84,77.8042990555915,442.74,26936.405,34447.2075953736,0.133333333333333,FALSE
"per Hour","STATIONARY ENGINEER",2018,25,,,,,,,TRUE
"per Hour","STATIONARY ENGINEER",2019,25,,,,,,,TRUE
"per Hour","STATIONARY ENGINEER",2020,20,,,,,,,TRUE
"per Hour","STATIONARY ENGINEER",2021,19,,,,,,,TRUE
"per Hour","STATIONARY ENGINEER",2022,19,,,,,,,TRUE
"per Hour","STATIONARY ENGINEER",2023,23,,,,,,,TRUE
"per Hour","STATIONARY ENGINEER",2024,24,,,,,,,TRUE
"per Hour","STATIONARY ENGINEER",2025,23,,,,,,,TRUE
"per Hour","STATISTICIAN",2015,1,,,,,,,TRUE
"per Hour","STATISTICIAN",2017,1,,,,,,,TRUE
"per Hour","STATISTICIAN",2018,1,,,,,,,TRUE
"per Hour","STEAM FITTER",2017,2,,,,,,,TRUE
"per Hour","STEAM FITTER",2018,1,,,,,,,TRUE
"per Hour","STEAM FITTER",2020,1,,,,,,,TRUE
"per Hour","STEAM FITTER",2021,1,,,,,,,TRUE
"per Hour","STEAM FITTER",2023,1,,,,,,,TRUE
"per Hour","STENOGRAPHIC SPECIALIST",2014,1,,,,,,,TRUE
"per Hour","STENOGRAPHIC SPECIALIST",2015,1,,,,,,,TRUE
"per Hour","STENOGRAPHIC SPECIALIST",2016,1,,,,,,,TRUE
"per Hour","STENOGRAPHIC SPECIALIST",2017,1,,,,,,,TRUE
"per Hour","STOCK WORKER",2014,10,,,,,,,TRUE
"per Hour","STOCK WORKER",2015,11,,,,,,,TRUE
"per Hour","STOCK WORKER",2016,14,,,,,,,TRUE
"per Hour","STOCK WORKER",2017,11,,,,,,,TRUE
"per Hour","STOCK WORKER",2018,7,,,,,,,TRUE
"per Hour","STOCK WORKER",2019,5,,,,,,,TRUE
"per Hour","STOCK WORKER",2020,4,,,,,,,TRUE
"per Hour","STOCK WORKER",2021,5,,,,,,,TRUE
"per Hour","STOCK WORKER",2022,5,,,,,,,TRUE
"per Hour","STOCK WORKER",2023,4,,,,,,,TRUE
"per Hour","STOCK WORKER",2024,7,,,,,,,TRUE
"per Hour","STOCK WORKER",2025,6,,,,,,,TRUE
"per Hour","STRATEGIC INITIATIVE SPECIALIST",2016,1,,,,,,,TRUE
"per Hour","STUDENT AIDE",2014,3060,7.25,9.5355145000668,0,559.535,735.924704247569,0.00163398692810458,FALSE
"per Hour","STUDENT AIDE",2015,3876,8.75,11.4529135720439,0,463.505,606.68373773831,0.000773993808049536,FALSE
"per Hour","STUDENT AIDE",2016,2970,9,11.712515420788,0,673.76,876.824932212239,0.000673400673400673,FALSE
"per Hour","STUDENT AIDE",2017,2820,11,14.0671809600839,0,880,1125.37447680672,0.000709219858156028,FALSE
"per Hour","STUDENT AIDE",2018,2609,13,16.3345176773571,0,984.5,1237.02558871985,0,FALSE
"per Hour","STUDENT AIDE",2019,3167,15,18.5192183564041,0,1086.63,1341.56921617463,0,FALSE
"per Hour","STUDENT AIDE",2020,1868,15,18.1974717778262,0,890.55,1080.38389944954,0,FALSE
"per Hour","STUDENT AIDE",2021,955,15,17.8294776843472,0,642.45,763.636529220589,0,FALSE
"per Hour","STUDENT AIDE",2022,2204,15,16.972773223934,0,750,848.6386611967,0,FALSE
"per Hour","STUDENT AIDE",2023,4103,15,16.1201279101546,0,891.6,958.18040297959,0,FALSE
"per Hour","STUDENT AIDE",2024,3305,15,15.5856086573278,0,672,698.235267848287,0,FALSE
"per Hour","STUDENT AIDE",2025,3263,16,16,0,693,693,0,FALSE
"per Hour","STUDENT AIDE VOCATIONAL",2014,1,,,,,,,TRUE
"per Hour","STUDENT AIDE VOCATIONAL",2015,13,,,,,,,TRUE
"per Hour","STUDENT AIDE VOCATIONAL",2016,4,,,,,,,TRUE
"per Hour","STUDENT AIDE VOCATIONAL",2024,1,,,,,,,TRUE
"per Hour","STUDENT LEGAL ASSISTANT",2019,37,18.83,23.2477921100727,70,1318.1,1627.34544770509,0,FALSE
"per Hour","STUDENT LEGAL ASSISTANT",2023,62,18.83,20.2361339032141,35,659.05,708.264686612493,0,FALSE
"per Hour","STUDENT LEGAL ASSISTANT",2024,82,22.14,23.0043583782159,35,709.1,736.783673260745,0,FALSE
"per Hour","STUDENT LEGAL ASSISTANT",2025,83,25,25,35,875,875,0,FALSE
"per Hour","STUDENT LEGAL SPECIALIST",2014,1,,,,,,,TRUE
"per Hour","STUDENT LEGAL SPECIALIST",2015,1,,,,,,,TRUE
"per Hour","STUDENT LEGAL SPECIALIST",2018,3,,,,,,,TRUE
"per Hour","STUDENT LEGAL SPECIALIST",2019,1,,,,,,,TRUE
"per Hour","SUBSTANCE ABUSE PREVENTION & INTERVENTION SPECIALIST",2014,2,,,,,,,TRUE
"per Hour","SUBSTANCE ABUSE PREVENTION & INTERVENTION SPECIALIST",2015,1,,,,,,,TRUE
"per Hour","SUBSTANCE ABUSE PREVENTION & INTERVENTION SPECIALIST",2016,5,,,,,,,TRUE
"per Hour","SUBSTANCE ABUSE PREVENTION & INTERVENTION SPECIALIST",2018,6,,,,,,,TRUE
"per Hour","SUBSTANCE ABUSE PREVENTION & INTERVENTION SPECIALIST",2019,6,,,,,,,TRUE
"per Hour","SUBSTANCE ABUSE PREVENTION & INTERVENTION SPECIALIST",2020,5,,,,,,,TRUE
"per Hour","SUBSTANCE ABUSE PREVENTION & INTERVENTION SPECIALIST",2022,6,,,,,,,TRUE
"per Hour","SUBSTANCE ABUSE PREVENTION & INTERVENTION SPECIALIST",2023,9,,,,,,,TRUE
"per Hour","SUBSTANCE ABUSE PREVENTION & INTERVENTION SPECIALIST",2024,7,,,,,,,TRUE
"per Hour","SUBSTANCE ABUSE PREVENTION & INTERVENTION SPECIALIST",2025,7,,,,,,,TRUE
"per Hour","SUBSTITUTE HEALTH SVC. AIDE",2016,1,,,,,,,TRUE
"per Hour","SUBSTITUTE RECREATION ASSISTANT",2014,68,9.76,12.8367753821589,0,780.8,1026.94203057271,0,FALSE
"per Hour","SUBSTITUTE RECREATION ASSISTANT",2015,48,9.76,12.7749070243598,0,835.32,1093.35403028568,0,FALSE
"per Hour","SUBSTITUTE RECREATION ASSISTANT",2016,65,9.76,12.7015722785435,0,780.8,1016.12578228348,0,FALSE
"per Hour","SUBSTITUTE RECREATION ASSISTANT",2017,51,11,14.0671809600839,0,683.2,873.699821084486,0,FALSE
"per Hour","SUBSTITUTE RECREATION ASSISTANT",2018,19,,,,,,,TRUE
"per Hour","SUBSTITUTE RECREATION ASSISTANT",2019,56,15,18.5192183564041,0,1028.235,1269.47389911315,0,FALSE
"per Hour","SUBSTITUTE RECREATION ASSISTANT",2020,46,15,18.1974717778262,0,1184.1,1436.5084221416,0,FALSE
"per Hour","SUBSTITUTE RECREATION ASSISTANT",2022,1,,,,,,,TRUE
"per Hour","SUBSTITUTE RECREATION ASSISTANT",2023,1,,,,,,,TRUE
"per Hour","SUBSTITUTE SCHOOL AIDE",2014,325,14.14,18.5975413835786,0,5291.33,6959.38675029496,0,FALSE
"per Hour","SUBSTITUTE SCHOOL AIDE",2015,359,14.78,19.3456071536925,0,950.98,1244.74191414198,0,FALSE
"per Hour","SUBSTITUTE SCHOOL AIDE",2016,204,15.15,19.7160676249932,0,3256.315,4237.73773916038,0,FALSE
"per Hour","SUBSTITUTE SCHOOL AIDE",2017,372,13.37,17.0980190396657,0,2483.48,3175.96023370448,0,FALSE
"per Hour","SUBSTITUTE SCHOOL AIDE",2018,454,13.37,16.7994231804819,0,2558.145,3214.31267105714,0,FALSE
"per Hour","SUBSTITUTE SCHOOL AIDE",2019,456,13.95,17.2228730714559,0,2740.69,3383.69577048088,0,FALSE
"per Hour","SUBSTITUTE SCHOOL AIDE",2020,415,14.37,17.4331779631575,0,1167.66,1416.5639930731,0,FALSE
"per Hour","SUBSTITUTE SCHOOL AIDE",2021,359,14.37,17.0806396216046,0,64.67,76.8688214564488,0,FALSE
"per Hour","SUBSTITUTE SCHOOL AIDE",2022,934,14.37,16.2599167485288,0,6237.755,7058.13340276403,0,FALSE
"per Hour","SUBSTITUTE SCHOOL AIDE",2023,589,14.37,15.4430825379281,0,1648.29,1771.37637553525,0,FALSE
"per Hour","SUBSTITUTE SCHOOL AIDE",2024,248,16.52,17.1649503346037,0,4446.475,4620.06795030612,0,FALSE
"per Hour","SUBSTITUTE SCHOOL AIDE",2025,112,18.06,18.06,0,9453.31,9453.31,0,FALSE
"per Hour","SUBSTITUTE SCHOOL GUARD",2014,1,,,,,,,TRUE
"per Hour","SUBSTITUTE SCHOOL GUARD",2015,1,,,,,,,TRUE
"per Hour","SUBSTITUTE SCHOOL GUARD",2016,1,,,,,,,TRUE
"per Hour","SUBSTITUTE SCHOOL LUNCH HELPER",2014,212,12.3,16.1774935656306,0,3394.685,4464.83697112542,0,FALSE
"per Hour","SUBSTITUTE SCHOOL LUNCH HELPER",2015,352,12.85,16.8194216458016,0,3885.845,5086.19965021245,0,FALSE
"per Hour","SUBSTITUTE SCHOOL LUNCH HELPER",2016,430,13.17,17.1393142324198,0,4122.475,5364.95022325702,0,FALSE
"per Hour","SUBSTITUTE SCHOOL LUNCH HELPER",2017,377,13.37,17.0980190396657,0,3580.62,4579.02086266325,0,FALSE
"per Hour","SUBSTITUTE SCHOOL LUNCH HELPER",2018,413,13.37,16.7994231804819,0,3539.64,4447.5624731908,0,FALSE
"per Hour","SUBSTITUTE SCHOOL LUNCH HELPER",2019,312,13.95,17.2228730714559,0,6086.84,7514.90127069967,0,FALSE
"per Hour","SUBSTITUTE SCHOOL LUNCH HELPER",2020,292,14.37,17.4331779631575,0,4854.155,5888.88990784627,0,FALSE
"per Hour","SUBSTITUTE SCHOOL LUNCH HELPER",2021,156,14.37,17.0806396216046,0,2684.1,3190.40673683708,0,FALSE
"per Hour","SUBSTITUTE SCHOOL LUNCH HELPER",2022,655,14.37,16.2599167485288,0,4296.68,4861.77168372085,0,FALSE
"per Hour","SUBSTITUTE SCHOOL LUNCH HELPER",2023,599,14.37,15.4430825379281,0,5185.44,5572.66373802881,0,FALSE
"per Hour","SUBSTITUTE SCHOOL LUNCH HELPER",2024,414,15.7,16.3129370613365,0,5283.735,5490.01506393507,0,FALSE
"per Hour","SUBSTITUTE SCHOOL LUNCH HELPER",2025,496,16.17,16.17,0,6050.33,6050.33,0,FALSE
"per Hour","SUBSTITUTE SR. SCHOOL LUNCH HELPER",2014,122,12.66,16.6509811821856,0,2906.29,3822.47868088264,0,FALSE
"per Hour","SUBSTITUTE SR. SCHOOL LUNCH HELPER",2015,159,13.25,17.3429834090951,0,4253.25,5567.09767431951,0,FALSE
"per Hour","SUBSTITUTE SR. SCHOOL LUNCH HELPER",2016,277,13.58,17.6728843793668,0,4891.35,6365.55692260795,0,FALSE
"per Hour","SUBSTITUTE SR. SCHOOL LUNCH HELPER",2017,242,13.78,17.622341239087,0,3944.525,5044.39517968865,0,FALSE
"per Hour","SUBSTITUTE SR. SCHOOL LUNCH HELPER",2018,278,13.78,17.3145887379986,0,4225.3,5309.09519554901,0,FALSE
"per Hour","SUBSTITUTE SR. SCHOOL LUNCH HELPER",2019,202,14.38,17.7537573310061,0,6957.095,8589.33076208317,0,FALSE
"per Hour","SUBSTITUTE SR. SCHOOL LUNCH HELPER",2020,166,14.81,17.9669704686404,0,5896.3,7153.18352290645,0,FALSE
"per Hour","SUBSTITUTE SR. SCHOOL LUNCH HELPER",2021,71,14.81,17.6036376336788,0,910.83,1082.64154394893,0,FALSE
"per Hour","SUBSTITUTE SR. SCHOOL LUNCH HELPER",2022,260,14.81,16.7577847630975,0,5435.665,6150.55395775168,0,FALSE
"per Hour","SUBSTITUTE SR. SCHOOL LUNCH HELPER",2023,272,14.81,15.9159396232927,0,4567.83,4908.9335914561,0,FALSE
"per Hour","SUBSTITUTE SR. SCHOOL LUNCH HELPER",2024,232,16.18,16.811676538371,0,4973.54,5167.70987210442,0,FALSE
"per Hour","SUBSTITUTE SR. SCHOOL LUNCH HELPER",2025,242,16.67,16.67,0,6588.105,6588.105,0,FALSE
"per Hour","SUBSTITUTE TEACHER",2014,55,154.97,203.823266493152,7,1162.34,1528.7599895183,0,FALSE
"per Hour","SUBSTITUTE TEACHER",2015,43,154.97,202.840916143959,10,1549.7,2028.40916143959,0,FALSE
"per Hour","SUBSTITUTE TEACHER",2016,53,154.97,201.676501639947,9,1549.7,2016.76501639947,0,FALSE
"per Hour","SUBSTITUTE TEACHER",2017,120,176.21,225.343450634217,0,167.85,214.652393104554,0,FALSE
"per Hour","SUBSTITUTE TEACHER",2018,111,176.21,221.408104609777,0,0,0,0,FALSE
"per Hour","SUBSTITUTE TEACHER",2019,62,185.05,228.465423790172,5.5,1017.775,1256.55983084595,0,FALSE
"per Hour","SUBSTITUTE TEACHER",2020,43,193.47,234.710990990402,8,1480.4,1795.96914799293,0,FALSE
"per Hour","SUBSTITUTE TEACHER",2021,36,199.27,236.858667877324,42.25,8213.29,9762.57805133812,0,FALSE
"per Hour","SUBSTITUTE TEACHER",2022,35,199.27,225.477634688889,30,5978.1,6764.32904066666,0,FALSE
"per Hour","SUBSTITUTE TEACHER",2023,29,,,,,,,TRUE
"per Hour","SUBSTITUTE TEACHER",2024,35,199.27,207.049615809715,16,3188.32,3312.79385295543,0,FALSE
"per Hour","SUBSTITUTE TEACHER",2025,35,199.27,199.27,17,3387.59,3387.59,0,FALSE
"per Hour","SUMMER COLLEGE INTERN",2014,146,11.355,14.9345885721736,147,424.9,558.84691187288,0.00684931506849315,FALSE
"per Hour","SUMMER COLLEGE INTERN",2015,175,10.71,14.0183662121817,154,424.9,556.153483058452,0.00571428571428571,FALSE
"per Hour","SUMMER COLLEGE INTERN",2016,81,12.24,15.9290209722717,161,346.64,451.114038384663,0,FALSE
"per Hour","SUMMER COLLEGE INTERN",2017,329,13.27,16.9701355763922,137.5,856.8,1095.70551332727,0,FALSE
"per Hour","SUMMER COLLEGE INTERN",2018,498,14.5,18.2192697170522,69,910,1143.416237415,0,FALSE
"per Hour","SUMMER COLLEGE INTERN",2019,367,15.75,19.4451792742244,135.5,1050,1296.34528494829,0.00544959128065395,FALSE
"per Hour","SUMMER COLLEGE INTERN",2020,27,,,,,,,TRUE
"per Hour","SUMMER COLLEGE INTERN",2021,42,16,19.0181095299703,35,568.755,676.040305357392,0,FALSE
"per Hour","SUMMER COLLEGE INTERN",2022,314,15.75,17.8214118851307,35,530.505,600.276070610874,0,FALSE
"per Hour","SUMMER COLLEGE INTERN",2023,339,16,17.1948031041649,35,525,564.204476855411,0,FALSE
"per Hour","SUMMER COLLEGE INTERN",2024,356,16,16.624649234483,35,560,581.862723206906,0.00842696629213483,FALSE
"per Hour","SUMMER COLLEGE INTERN",2025,353,17.25,17.25,35,594,594,0,FALSE
"per Hour","SUMMER GRADUATE INTERN",2014,97,14.28,18.7816754566833,147,499.8,657.358640983915,0,FALSE
"per Hour","SUMMER GRADUATE INTERN",2015,156,14.3,18.7173330377403,149.285,499.8,654.190423235148,0.0192307692307692,FALSE
"per Hour","SUMMER GRADUATE INTERN",2016,32,20.58,26.7826185955353,161,576.38,750.095515359312,0,FALSE
"per Hour","SUMMER GRADUATE INTERN",2017,248,20,25.5766926546981,138.7,1120,1432.29478866309,0.00403225806451613,FALSE
"per Hour","SUMMER GRADUATE INTERN",2018,273,21.43,26.9268241404433,70,1386,1741.51088467823,0.00366300366300366,FALSE
"per Hour","SUMMER GRADUATE INTERN",2019,270,21.43,26.4577899585161,134.625,1384.88,1709.7930078278,0.00740740740740741,FALSE
"per Hour","SUMMER GRADUATE INTERN",2020,11,,,,,,,TRUE
"per Hour","SUMMER GRADUATE INTERN",2021,91,21.42,25.4604941332478,35,749.7,891.117294663672,0,FALSE
"per Hour","SUMMER GRADUATE INTERN",2022,172,21.43,24.248435345927,35,750.05,848.695237107446,0,FALSE
"per Hour","SUMMER GRADUATE INTERN",2023,136,21.43,23.0302894076409,35,750.05,806.060129267431,0,FALSE
"per Hour","SUMMER GRADUATE INTERN",2024,207,24,24.9369738517245,35,840,872.794084810359,0,FALSE
"per Hour","SUMMER GRADUATE INTERN",2025,203,21.43,21.43,35,750.05,750.05,0,FALSE
"per Hour","SUPERINTENDENT OF WATER AND SEWER SYSTEMS",2023,1,,,,,,,TRUE
"per Hour","SUPERINTENDENT OF WATER AND SEWER SYSTEMS",2024,1,,,,,,,TRUE
"per Hour","SUPERINTENDENT OF WATER AND SEWER SYSTEMS",2025,1,,,,,,,TRUE
"per Hour","SUPERVISING COMPUTER SERVICE TECHNICIAN",2014,7,,,,,,,TRUE
"per Hour","SUPERVISING COMPUTER SERVICE TECHNICIAN",2015,7,,,,,,,TRUE
"per Hour","SUPERVISING COMPUTER SERVICE TECHNICIAN",2016,5,,,,,,,TRUE
"per Hour","SUPERVISING COMPUTER SERVICE TECHNICIAN",2017,7,,,,,,,TRUE
"per Hour","SUPERVISING COMPUTER SERVICE TECHNICIAN",2018,4,,,,,,,TRUE
"per Hour","SUPERVISING COMPUTER SERVICE TECHNICIAN",2019,3,,,,,,,TRUE
"per Hour","SUPERVISING COMPUTER SERVICE TECHNICIAN",2020,3,,,,,,,TRUE
"per Hour","SUPERVISING COMPUTER SERVICE TECHNICIAN",2021,3,,,,,,,TRUE
"per Hour","SUPERVISING COMPUTER SERVICE TECHNICIAN",2022,3,,,,,,,TRUE
"per Hour","SUPERVISING COMPUTER SERVICE TECHNICIAN",2023,3,,,,,,,TRUE
"per Hour","SUPERVISING COMPUTER SERVICE TECHNICIAN",2024,2,,,,,,,TRUE
"per Hour","SUPERVISING COMPUTER SERVICE TECHNICIAN",2025,1,,,,,,,TRUE
"per Hour","SUPERVISING DOCKMASTER",2014,1,,,,,,,TRUE
"per Hour","SUPERVISING PUBLIC HEALTH ADVISER",2014,1,,,,,,,TRUE
"per Hour","SUPERVISING PUBLIC HEALTH ADVISER",2015,1,,,,,,,TRUE
"per Hour","SUPERVISING PUBLIC HEALTH ADVISER",2016,2,,,,,,,TRUE
"per Hour","SUPERVISING PUBLIC HEALTH ADVISER",2017,2,,,,,,,TRUE
"per Hour","SUPERVISING PUBLIC HEALTH ADVISER",2018,3,,,,,,,TRUE
"per Hour","SUPERVISING PUBLIC HEALTH ADVISER",2019,2,,,,,,,TRUE
"per Hour","SUPERVISING PUBLIC HEALTH ADVISER",2020,1,,,,,,,TRUE
"per Hour","SUPERVISING PUBLIC HEALTH ADVISER",2021,1,,,,,,,TRUE
"per Hour","SUPERVISING PUBLIC HEALTH ADVISER",2022,1,,,,,,,TRUE
"per Hour","SUPERVISING PUBLIC HEALTH ADVISER",2023,1,,,,,,,TRUE
"per Hour","SUPERVISING PUBLIC HEALTH ADVISER",2024,1,,,,,,,TRUE
"per Hour","SUPERVISING PUBLIC HEALTH ADVISER",2025,1,,,,,,,TRUE
"per Hour","SUPERVISING SCHOOL AIDE",2014,426,18.48,24.3056976498254,0,36059.435,47426.933145754,0,FALSE
"per Hour","SUPERVISING SCHOOL AIDE",2015,402,19.33,25.3011222111553,0,40102.025,52489.7173015936,0,FALSE
"per Hour","SUPERVISING SCHOOL AIDE",2016,420,19.81,25.7805478317568,0,39845.235,51854.2143758248,0,FALSE
"per Hour","SUPERVISING SCHOOL AIDE",2017,418,20.11,25.7173644642989,0,39793.56,50889.3826878144,0,FALSE
"per Hour","SUPERVISING SCHOOL AIDE",2018,427,20.11,25.2682423455117,0,40274.66,50605.1650553499,0,FALSE
"per Hour","SUPERVISING SCHOOL AIDE",2019,415,20.97,25.889867262253,0,42657.66,52665.7680075498,0,FALSE
"per Hour","SUPERVISING SCHOOL AIDE",2020,413,21.6,26.2043593600697,0,32376.62,39278.1752474269,0,FALSE
"per Hour","SUPERVISING SCHOOL AIDE",2021,367,21.57,25.6387889100912,0,31536,37484.6938835715,0,FALSE
"per Hour","SUPERVISING SCHOOL AIDE",2022,404,21.56,24.3955327138678,0,31251.93,35362.128046684,0,FALSE
"per Hour","SUPERVISING SCHOOL AIDE",2023,442,21.55,23.1592504309221,0,33873.135,36402.6179278623,0,FALSE
"per Hour","SUPERVISING SCHOOL AIDE",2024,440,21.57,22.4121052492374,0,34954.85,36319.5075183731,0,FALSE
"per Hour","SUPERVISING SCHOOL AIDE",2025,444,21.6,21.6,0,36470.04,36470.04,0,FALSE
"per Hour","SUPERVISING THERAPIST",2014,24,,,,,,,TRUE
"per Hour","SUPERVISING THERAPIST",2015,26,,,,,,,TRUE
"per Hour","SUPERVISING THERAPIST",2016,27,,,,,,,TRUE
"per Hour","SUPERVISING THERAPIST",2017,34,66.78,85.4005767740369,102.75,6546.695,8372.14029595243,0,FALSE
"per Hour","SUPERVISING THERAPIST",2018,33,70.13,88.1184403625427,90,7011.9,8810.4618847585,0,FALSE
"per Hour","SUPERVISING THERAPIST",2019,34,71.53,88.3119792689059,99.5,7013.07,8658.43831191648,0,FALSE
"per Hour","SUPERVISING THERAPIST",2021,33,75.52,89.7654769814599,105,7644.83,9086.88839237519,0,FALSE
"per Hour","SUPERVISING THERAPIST",2022,35,75.52,85.452255591433,176.42,12214.8,13821.2686917139,0,FALSE
"per Hour","SUPERVISING THERAPIST",2023,38,75.52,81.1594706516584,140.75,10629.44,11423.1954942209,0,FALSE
"per Hour","SUPERVISING THERAPIST",2024,39,91.34,94.905966317355,187.5,14585.75,15155.1860982413,0,FALSE
"per Hour","SUPERVISING THERAPIST",2025,41,94.08,94.08,175,15984.5,15984.5,0,FALSE
"per Hour","SUPERVISOR II",2024,3,,,,,,,TRUE
"per Hour","SUPERVISOR II",2025,3,,,,,,,TRUE
"per Hour","SUPERVISOR III",2014,2,,,,,,,TRUE
"per Hour","SUPERVISOR III",2015,2,,,,,,,TRUE
"per Hour","SUPERVISOR III",2016,1,,,,,,,TRUE
"per Hour","SUPERVISOR III",2017,2,,,,,,,TRUE
"per Hour","SUPERVISOR III",2018,2,,,,,,,TRUE
"per Hour","SUPERVISOR III",2019,2,,,,,,,TRUE
"per Hour","SUPERVISOR III",2020,2,,,,,,,TRUE
"per Hour","SUPERVISOR III",2021,2,,,,,,,TRUE
"per Hour","SUPERVISOR III",2022,1,,,,,,,TRUE
"per Hour","SUPERVISOR OF MECHANICS",2014,1,,,,,,,TRUE
"per Hour","SUPERVISOR OF MECHANICS",2015,1,,,,,,,TRUE
"per Hour","SUPERVISOR OF MECHANICS",2016,1,,,,,,,TRUE
"per Hour","SUPERVISOR OF MECHANICS",2017,1,,,,,,,TRUE
"per Hour","SUPERVISOR OF MECHANICS",2018,1,,,,,,,TRUE
"per Hour","SUPERVISOR OF NURSES",2014,9,,,,,,,TRUE
"per Hour","SUPERVISOR OF NURSES",2015,8,,,,,,,TRUE
"per Hour","SUPERVISOR OF NURSES",2016,12,,,,,,,TRUE
"per Hour","SUPERVISOR OF NURSES",2017,17,,,,,,,TRUE
"per Hour","SUPERVISOR OF NURSES",2018,18,,,,,,,TRUE
"per Hour","SUPERVISOR OF NURSES",2019,18,,,,,,,TRUE
"per Hour","SUPERVISOR OF NURSES",2021,18,,,,,,,TRUE
"per Hour","SUPERVISOR OF NURSES",2022,13,,,,,,,TRUE
"per Hour","SUPERVISOR OF NURSES",2023,11,,,,,,,TRUE
"per Hour","SUPERVISOR OF NURSES",2024,11,,,,,,,TRUE
"per Hour","SUPERVISOR OF NURSES",2025,10,,,,,,,TRUE
"per Hour","SUPERVISOR OF RADIO AND TELEVISION OPERATORS",2014,3,,,,,,,TRUE
"per Hour","SUPERVISOR OF STOCK WORKERS",2018,1,,,,,,,TRUE
"per Hour","SUPERVISOR OF STOCK WORKERS",2019,1,,,,,,,TRUE
"per Hour","SUPERVISOR OF STOCK WORKERS",2020,1,,,,,,,TRUE
"per Hour","SUPERVISOR OF STOCK WORKERS",2022,1,,,,,,,TRUE
"per Hour","SUPERVISOR OF STOCK WORKERS",2023,1,,,,,,,TRUE
"per Hour","SUPERVISOR OF STOCK WORKERS",2024,1,,,,,,,TRUE
"per Hour","SURVEYOR",2015,3,,,,,,,TRUE
"per Hour","SURVEYOR",2016,2,,,,,,,TRUE
"per Hour","SURVEYOR",2020,1,,,,,,,TRUE
"per Hour","SYSTEMS ADMINISTRATOR CAM FIN BD",2015,1,,,,,,,TRUE
"per Hour","SYSTEMS ADMINISTRATOR CAM FIN BD",2016,1,,,,,,,TRUE
"per Hour","SYSTEMS ADMINISTRATOR CAM FIN BD",2017,6,,,,,,,TRUE
"per Hour","SYSTEMS ADMINISTRATOR CAM FIN BD",2018,6,,,,,,,TRUE
"per Hour","SYSTEMS ADMINISTRATOR CAM FIN BD",2019,3,,,,,,,TRUE
"per Hour","TELECOMMUNICATIONS ASSOCIATE",2014,4,,,,,,,TRUE
"per Hour","TELECOMMUNICATIONS ASSOCIATE",2015,3,,,,,,,TRUE
"per Hour","TELECOMMUNICATIONS ASSOCIATE",2016,2,,,,,,,TRUE
"per Hour","TELECOMMUNICATIONS ASSOCIATE",2017,3,,,,,,,TRUE
"per Hour","TELECOMMUNICATIONS ASSOCIATE",2018,2,,,,,,,TRUE
"per Hour","TELECOMMUNICATIONS ASSOCIATE",2019,3,,,,,,,TRUE
"per Hour","TELECOMMUNICATIONS ASSOCIATE",2020,3,,,,,,,TRUE
"per Hour","TELECOMMUNICATIONS ASSOCIATE",2021,3,,,,,,,TRUE
"per Hour","TELECOMMUNICATIONS ASSOCIATE",2022,2,,,,,,,TRUE
"per Hour","TELECOMMUNICATIONS ASSOCIATE",2023,2,,,,,,,TRUE
"per Hour","TELECOMMUNICATIONS ASSOCIATE",2024,2,,,,,,,TRUE
"per Hour","TELECOMMUNICATIONS ASSOCIATE",2025,1,,,,,,,TRUE
"per Hour","TEMPORARY CLERK",2014,250,11.9,15.6513962139027,1681.625,19725.775,25944.1949706973,0.896,FALSE
"per Hour","TEMPORARY CLERK",2015,180,13,17.0157573070367,1620.5,19458.32,25469.0808248198,0.844444444444444,FALSE
"per Hour","TEMPORARY CLERK",2016,249,13.39,17.425620164928,648.87,6936.02,9026.47124543269,0.389558232931727,FALSE
"per Hour","TEMPORARY CLERK",2017,142,13.79,17.6351295854143,1617,22841.525,29210.5332344801,0.816901408450704,FALSE
"per Hour","TEMPORARY CLERK",2018,136,15,18.8475203969505,1345.125,18883.65,23727.331902925,0.727941176470588,FALSE
"per Hour","TEMPORARY CLERK",2019,205,15.34,18.938987305816,1390.33,20831.83,25719.2805688994,0.614634146341463,FALSE
"per Hour","TEMPORARY CLERK",2020,171,15.45,18.743395931161,1261.5,19490.18,23644.8000329835,0.64327485380117,FALSE
"per Hour","TEMPORARY CLERK",2021,145,15.45,18.3643620148776,1350.17,20860.14,24795.0267081572,0.758620689655172,FALSE
"per Hour","TEMPORARY CLERK",2022,116,15.45,17.481956420652,1333.125,20596.81,23305.6656844304,0.637931034482759,FALSE
"per Hour","TEMPORARY CLERK",2023,136,20.25,21.7621726787087,1016.74,20589.09,22126.5842902457,0.522058823529412,FALSE
"per Hour","TEMPORARY CLERK",2024,129,22.13,22.9939679724443,1387.88,30883.06,32088.7524867183,0.627906976744186,FALSE
"per Hour","TEMPORARY CLERK",2025,140,22.85,22.85,1485.285,33285.89,33285.89,0.742857142857143,FALSE
"per Hour","TESTS AND MEASUREMENT SPECIALIST",2014,1,,,,,,,TRUE
"per Hour","TESTS AND MEASUREMENT SPECIALIST",2015,1,,,,,,,TRUE
"per Hour","TRACTOR OPERATOR",2014,6,,,,,,,TRUE
"per Hour","TRACTOR OPERATOR",2015,8,,,,,,,TRUE
"per Hour","TRACTOR OPERATOR",2016,8,,,,,,,TRUE
"per Hour","TRACTOR OPERATOR",2017,8,,,,,,,TRUE
"per Hour","TRACTOR OPERATOR",2018,9,,,,,,,TRUE
"per Hour","TRACTOR OPERATOR",2019,9,,,,,,,TRUE
"per Hour","TRACTOR OPERATOR",2020,8,,,,,,,TRUE
"per Hour","TRACTOR OPERATOR",2021,9,,,,,,,TRUE
"per Hour","TRACTOR OPERATOR",2022,9,,,,,,,TRUE
"per Hour","TRACTOR OPERATOR",2023,10,,,,,,,TRUE
"per Hour","TRACTOR OPERATOR",2024,10,,,,,,,TRUE
"per Hour","TRACTOR OPERATOR",2025,11,,,,,,,TRUE
"per Hour","TRAINER ASSISTANT",2014,9,,,,,,,TRUE
"per Hour","TRAINER ASSISTANT",2015,36,26.53,34.7252339504371,1696.625,28720.25,37592.0618305707,0.888888888888889,FALSE
"per Hour","TRAINER ASSISTANT",2016,13,,,,,,,TRUE
"per Hour","TRAINER ASSISTANT",2017,7,,,,,,,TRUE
"per Hour","TRAINER ASSISTANT",2018,8,,,,,,,TRUE
"per Hour","TRAINER ASSISTANT",2019,9,,,,,,,TRUE
"per Hour","TRAINER ASSISTANT",2020,5,,,,,,,TRUE
"per Hour","TRAINER ASSISTANT",2021,5,,,,,,,TRUE
"per Hour","TRAINER ASSISTANT",2022,5,,,,,,,TRUE
"per Hour","TRAINER ASSISTANT",2023,9,,,,,,,TRUE
"per Hour","TRAINER ASSISTANT",2024,14,,,,,,,TRUE
"per Hour","TRAINER ASSISTANT",2025,17,,,,,,,TRUE
"per Hour","UNIVERSITY PROFESSOR",2018,1,,,,,,,TRUE
"per Hour","URBAN ARCHEOLOGIST",2014,1,,,,,,,TRUE
"per Hour","URBAN ARCHEOLOGIST",2015,1,,,,,,,TRUE
"per Hour","URBAN ARCHEOLOGIST",2016,1,,,,,,,TRUE
"per Hour","URBAN ARCHEOLOGIST",2017,2,,,,,,,TRUE
"per Hour","URBAN ARCHEOLOGIST",2018,2,,,,,,,TRUE
"per Hour","URBAN ARCHEOLOGIST",2019,2,,,,,,,TRUE
"per Hour","URBAN ARCHEOLOGIST",2020,2,,,,,,,TRUE
"per Hour","URBAN ARCHEOLOGIST",2021,1,,,,,,,TRUE
"per Hour","URBAN ARCHEOLOGIST",2022,2,,,,,,,TRUE
"per Hour","URBAN ARCHEOLOGIST",2023,1,,,,,,,TRUE
"per Hour","URBAN ARCHEOLOGIST",2024,1,,,,,,,TRUE
"per Hour","URBAN ARCHEOLOGIST",2025,1,,,,,,,TRUE
"per Hour","URBAN PARK RANGER",2014,2,,,,,,,TRUE
"per Hour","URBAN PARK RANGER",2015,67,20.75,27.159766470847,1098.32,18888.76,24723.5812300663,0.686567164179104,FALSE
"per Hour","URBAN PARK RANGER",2016,7,,,,,,,TRUE
"per Hour","URBAN PARK RANGER",2017,6,,,,,,,TRUE
"per Hour","URBAN PARK RANGER",2018,3,,,,,,,TRUE
"per Hour","URBAN PARK RANGER",2019,19,,,,,,,TRUE
"per Hour","URBAN PARK RANGER",2020,54,24.25,29.419246040819,1599.775,38363.21,46540.895418788,0.925925925925926,FALSE
"per Hour","URBAN PARK RANGER",2021,6,,,,,,,TRUE
"per Hour","URBAN PARK RANGER",2022,141,24.25,27.4393167120266,1359.5,32980.83,37318.4098884746,0.773049645390071,FALSE
"per Hour","URBAN PARK RANGER",2023,53,24.25,26.06087345475,1988.73,48228.57,51830.0478215897,0.943396226415094,FALSE
"per Hour","URBAN PARK RANGER",2024,28,,,,,,,TRUE
"per Hour","URBAN PARK RANGER",2025,45,27.3,27.3,1989.43,54565.44,54565.44,1,FALSE
"per Hour","WORKER S COMPENSATION BENEFITS EXAMINER",2014,16,,,,,,,TRUE
"per Hour","WORKER S COMPENSATION BENEFITS EXAMINER",2015,14,,,,,,,TRUE
"per Hour","WORKER S COMPENSATION BENEFITS EXAMINER",2016,16,,,,,,,TRUE
"per Hour","WORKER S COMPENSATION BENEFITS EXAMINER",2017,16,,,,,,,TRUE
"per Hour","WORKER S COMPENSATION BENEFITS EXAMINER",2018,15,,,,,,,TRUE
"per Hour","WORKER S COMPENSATION BENEFITS EXAMINER",2019,15,,,,,,,TRUE
"per Hour","WORKER S COMPENSATION BENEFITS EXAMINER",2020,16,,,,,,,TRUE
"per Hour","WORKER S COMPENSATION BENEFITS EXAMINER",2021,15,,,,,,,TRUE
"per Hour","WORKER S COMPENSATION BENEFITS EXAMINER",2022,16,,,,,,,TRUE
"per Hour","WORKER S COMPENSATION BENEFITS EXAMINER",2023,12,,,,,,,TRUE
"per Hour","WORKER S COMPENSATION BENEFITS EXAMINER",2024,11,,,,,,,TRUE
"per Hour","WORKER S COMPENSATION BENEFITS EXAMINER",2025,11,,,,,,,TRUE
"per Hour","X RAY TECHNICIAN",2015,1,,,,,,,TRUE
"per Hour","X RAY TECHNICIAN",2016,1,,,,,,,TRUE
"per Hour","X RAY TECHNICIAN",2017,1,,,,,,,TRUE
"per Hour","X RAY TECHNICIAN",2019,1,,,,,,,TRUE
"per Hour","X RAY TECHNICIAN",2020,2,,,,,,,TRUE
"per Hour","X RAY TECHNICIAN",2021,1,,,,,,,TRUE
"per Hour","X RAY TECHNICIAN",2023,1,,,,,,,TRUE
"per Hour","YOUTH APPRENTICE",2025,97,16.75,16.75,620,10264.53,10264.53,0.0309278350515464,FALSE
"per Hour","YOUTH COORDINATOR",2019,1,,,,,,,TRUE
"per Hour","YOUTH COORDINATOR",2020,1,,,,,,,TRUE
"per Hour","YOUTH COORDINATOR",2025,1,,,,,,,TRUE
