"agency","fiscal_year","n","median_salary","mean_salary","real_median","wage_index","cpi_index","rent_index","suppressed"
"ADMIN FOR CHILDREN'S SVCS",2014,5801,49746,58057.5006033442,65428.0971476308,100,100,100,FALSE
"ADMIN FOR CHILDREN'S SVCS",2015,5864,51990,60528.5460436562,68049.9401840643,104.510915450488,100.484295953631,102.913721782668,FALSE
"ADMIN FOR CHILDREN'S SVCS",2016,5818,53804,62896.5061876934,70020.0199666755,108.157439794154,101.0644595854,106.641178909451,FALSE
"ADMIN FOR CHILDREN'S SVCS",2017,6212,55564,64818.9190276884,71057.1675332822,111.695412696498,102.847025381756,109.624915604859,FALSE
"ADMIN FOR CHILDREN'S SVCS",2018,6502,57916,65468.3798831129,72771.5327539858,116.423431029631,104.675046235713,112.134414076345,FALSE
"ADMIN FOR CHILDREN'S SVCS",2019,7017,57838,67493.912070686,71407.6367531802,116.266634503277,106.530687797474,114.748740835409,FALSE
"ADMIN FOR CHILDREN'S SVCS",2020,6994,60351,70204.7846725765,73215.707950906,121.318296948498,108.414239794744,117.935753675601,FALSE
"ADMIN FOR CHILDREN'S SVCS",2021,6742,60351,70813.1773954316,71735.1205152024,121.318296948498,110.65187123857,119.137579303534,FALSE
"ADMIN FOR CHILDREN'S SVCS",2022,6188,60351,71295.8949579832,68288.255789176,121.318296948498,116.237048769221,119.968709204972,FALSE
"ADMIN FOR CHILDREN'S SVCS",2023,6089,65970,76546.1852520939,70896.32254886,132.613677481607,122.385199421188,125.45294384081,FALSE
"ADMIN FOR CHILDREN'S SVCS",2024,6354,68000,81074.9098205853,70654.7592465529,136.69440759056,126.5824846726,131.901715171281,FALSE
"ADMIN FOR CHILDREN'S SVCS",2025,6341,70156,83332.0952531149,70156,141.028424395931,131.524337931956,138.829406942636,FALSE
"ADMIN TRIALS AND HEARINGS",2014,236,53910,64369.4872881356,70904.7705791174,100,100,100,FALSE
"ADMIN TRIALS AND HEARINGS",2015,238,59785,68578.3655462185,78252.8500462451,110.897792617325,100.484295953631,102.913721782668,FALSE
"ADMIN TRIALS AND HEARINGS",2016,234,60251.5,70916.1239316239,78410.7358750678,111.763123724726,101.0644595854,106.641178909451,FALSE
"ADMIN TRIALS AND HEARINGS",2017,267,61800,72092.1610486891,79031.980303017,114.63550361714,102.847025381756,109.624915604859,FALSE
"ADMIN TRIALS AND HEARINGS",2018,284,61067.5,70999.1126760564,76731.3967893851,113.276757558894,104.675046235713,112.134414076345,FALSE
"ADMIN TRIALS AND HEARINGS",2019,302,63060,73749.1456953642,77854.793970323,116.972732331664,106.530687797474,114.748740835409,FALSE
"ADMIN TRIALS AND HEARINGS",2020,299,64821,76138.6822742475,78638.5545406982,120.239287701725,108.414239794744,117.935753675601,FALSE
"ADMIN TRIALS AND HEARINGS",2021,278,66950,77883.4316546763,79578.9020644695,124.188462251901,110.65187123857,119.137579303534,FALSE
"ADMIN TRIALS AND HEARINGS",2022,313,73130,85641.1696805112,82747.9270577529,135.652012613615,116.237048769221,119.968709204972,FALSE
"ADMIN TRIALS AND HEARINGS",2023,375,86500,94072.4416,92959.4042818916,160.452606195511,122.385199421188,125.45294384081,FALSE
"ADMIN TRIALS AND HEARINGS",2024,413,88732,101811.205690073,92196.1484921343,164.592839918382,126.5824846726,131.901715171281,FALSE
"ADMIN TRIALS AND HEARINGS",2025,453,91678,104897.15,91678,170.057503246151,131.524337931956,138.829406942636,FALSE
"BOARD OF CORRECTION",2015,16,,,,,100.484295953631,102.913721782668,TRUE
"BOARD OF CORRECTION",2016,17,,,,,101.0644595854,106.641178909451,TRUE
"BOARD OF CORRECTION",2017,21,,,,,102.847025381756,109.624915604859,TRUE
"BOARD OF CORRECTION",2018,28,,,,,104.675046235713,112.134414076345,TRUE
"BOARD OF CORRECTION",2019,29,,,,,106.530687797474,114.748740835409,TRUE
"BOARD OF CORRECTION",2020,27,,,,,108.414239794744,117.935753675601,TRUE
"BOARD OF CORRECTION",2021,23,,,,,110.65187123857,119.137579303534,TRUE
"BOARD OF CORRECTION",2022,23,,,,,116.237048769221,119.968709204972,TRUE
"BOARD OF CORRECTION",2023,28,,,,,122.385199421188,125.45294384081,TRUE
"BOARD OF CORRECTION",2024,24,,,,,126.5824846726,131.901715171281,TRUE
"BOARD OF CORRECTION",2025,27,,,,,131.524337931956,138.829406942636,TRUE
"BOARD OF CORRECTIONS",2014,16,,,,,100,100,TRUE
"BOARD OF ELECTION",2014,365,40628,46696.594,53435.708014995,100,100,100,FALSE
"BOARD OF ELECTION",2015,367,43653,50970.0517711172,57137.6041326209,107.445604016934,100.484295953631,102.913721782668,FALSE
"BOARD OF ELECTION",2016,469,39427,48993.2473347548,51309.9272772678,97.0439106035247,101.0644595854,106.641178909451,FALSE
"BOARD OF ELECTION",2017,511,43070,52221.0939334638,55079.4076318923,106.010633060943,102.847025381756,109.624915604859,FALSE
"BOARD OF ELECTION",2018,536,44973.5,52997.6958955224,56509.263904817,110.695825539037,104.675046235713,112.134414076345,FALSE
"BOARD OF ELECTION",2019,540,46782,54893.0259259259,57757.7382099532,115.147189130649,106.530687797474,114.748740835409,FALSE
"BOARD OF ELECTION",2020,681,50000,56677.8898678415,60658.2392594207,123.067834990647,108.414239794744,117.935753675601,FALSE
"BOARD OF ELECTION",2021,717,50000,55593.0334728033,59431.5922811572,123.067834990647,110.65187123857,119.137579303534,FALSE
"BOARD OF ELECTION",2022,704,50000,55818.1789772727,56575.9107464467,123.067834990647,116.237048769221,119.968709204972,FALSE
"BOARD OF ELECTION",2023,691,50000,57863.1664254703,53733.7597005154,123.067834990647,122.385199421188,125.45294384081,FALSE
"BOARD OF ELECTION",2024,693,56275,64749.6897546898,58472.0084794083,138.512848281973,126.5824846726,131.901715171281,FALSE
"BOARD OF ELECTION",2025,699,58796,67189.5851216023,58796,144.717928522201,131.524337931956,138.829406942636,FALSE
"BOROUGH PRESIDENT-BRONX",2014,55,65125,72493.7090909091,85655.2250781863,100,100,100,FALSE
"BOROUGH PRESIDENT-BRONX",2015,56,67726,74478.6071428571,88646.8599520281,103.993857965451,100.484295953631,102.913721782668,FALSE
"BOROUGH PRESIDENT-BRONX",2016,55,67444,76277.4,87770.9877821809,103.56084452975,101.0644595854,106.641178909451,FALSE
"BOROUGH PRESIDENT-BRONX",2017,51,70298,78935.6274509804,89899.5170119983,107.943186180422,102.847025381756,109.624915604859,FALSE
"BOROUGH PRESIDENT-BRONX",2018,50,71546.5,77206.98,89898.2745386948,109.860268714012,104.675046235713,112.134414076345,FALSE
"BOROUGH PRESIDENT-BRONX",2019,53,74195,80088.8867924529,91602.2270635604,113.927063339731,106.530687797474,114.748740835409,FALSE
"BOROUGH PRESIDENT-BRONX",2020,51,74656,82863.9019607843,90570.0302030262,114.634932821497,108.414239794744,117.935753675601,FALSE
"BOROUGH PRESIDENT-BRONX",2021,48,75932.5,84356,90255.7876177795,116.595009596929,110.65187123857,119.137579303534,FALSE
"BOROUGH PRESIDENT-BRONX",2022,52,73828,81807.5384615385,83537.7267717733,113.363531669866,116.237048769221,119.968709204972,FALSE
"BOROUGH PRESIDENT-BRONX",2023,52,81633,87791.4230769231,87728.9601126434,125.348176583493,122.385199421188,125.45294384081,FALSE
"BOROUGH PRESIDENT-BRONX",2024,56,83264,92741.6071428571,86514.6746162497,127.852591170825,126.5824846726,131.901715171281,FALSE
"BOROUGH PRESIDENT-BRONX",2025,55,85698,92498.8545454545,85698,131.590019193858,131.524337931956,138.829406942636,FALSE
"BOROUGH PRESIDENT-BROOKLYN",2014,57,60000,68177.4385964912,78914.6027591735,100,100,100,FALSE
"BOROUGH PRESIDENT-BROOKLYN",2015,59,65000,70347.2711864407,85078.7865351833,108.333333333333,100.484295953631,102.913721782668,FALSE
"BOROUGH PRESIDENT-BROOKLYN",2016,64,66562.5,72074.265625,86623.8119662448,110.9375,101.0644595854,106.641178909451,FALSE
"BOROUGH PRESIDENT-BROOKLYN",2017,61,67423,75432.8196721312,86222.8674428854,112.371666666667,102.847025381756,109.624915604859,FALSE
"BOROUGH PRESIDENT-BROOKLYN",2018,59,68034,75094.8644067797,85484.8135124089,113.39,104.675046235713,112.134414076345,FALSE
"BOROUGH PRESIDENT-BROOKLYN",2019,60,72747,78836.9,89814.5051848888,121.245,106.530687797474,114.748740835409,FALSE
"BOROUGH PRESIDENT-BROOKLYN",2020,63,73671,79291.4603174603,89375.0628896156,122.785,108.414239794744,117.935753675601,FALSE
"BOROUGH PRESIDENT-BROOKLYN",2021,63,76271,82532.873015873,90658.1394975229,127.118333333333,110.65187123857,119.137579303534,FALSE
"BOROUGH PRESIDENT-BROOKLYN",2022,46,90000,90131.6304347826,101836.639343604,150,116.237048769221,119.968709204972,FALSE
"BOROUGH PRESIDENT-BROOKLYN",2023,51,80000,88825.4509803922,85974.0155208246,133.333333333333,122.385199421188,125.45294384081,FALSE
"BOROUGH PRESIDENT-BROOKLYN",2024,54,76870.5,90184.6666666667,79871.568686208,128.1175,126.5824846726,131.901715171281,FALSE
"BOROUGH PRESIDENT-BROOKLYN",2025,60,83761.5,94407.5666666667,83761.5,139.6025,131.524337931956,138.829406942636,FALSE
"BOROUGH PRESIDENT-QUEENS",2014,53,58471,62430.9245283019,76903.5956321939,100,100,100,FALSE
"BOROUGH PRESIDENT-QUEENS",2015,57,57338,64602.4912280702,75049.9609592975,98.0622872877153,100.484295953631,102.913721782668,FALSE
"BOROUGH PRESIDENT-QUEENS",2016,56,59500,67381.1964285714,77432.740837432,101.759846761643,101.0644595854,106.641178909451,FALSE
"BOROUGH PRESIDENT-QUEENS",2017,55,60794,71979.9818181818,77745.4726624857,103.972909647518,102.847025381756,109.624915604859,FALSE
"BOROUGH PRESIDENT-QUEENS",2018,55,64139,72315.5454545454,80590.7407160007,109.69369431,104.675046235713,112.134414076345,FALSE
"BOROUGH PRESIDENT-QUEENS",2019,58,68396,75467.1379310345,84442.6972469745,116.974226539652,106.530687797474,114.748740835409,FALSE
"BOROUGH PRESIDENT-QUEENS",2020,54,70272,76005.1851851852,85251.5157847602,120.182654649313,108.414239794744,117.935753675601,FALSE
"BOROUGH PRESIDENT-QUEENS",2021,67,68000,75251.1641791045,80826.9655023738,116.296967727591,110.65187123857,119.137579303534,FALSE
"BOROUGH PRESIDENT-QUEENS",2022,64,70000,76666.515625,79206.2750450253,119.717466778403,116.237048769221,119.968709204972,FALSE
"BOROUGH PRESIDENT-QUEENS",2023,61,75000,80594.2950819672,80600.6395507731,128.268714405432,122.385199421188,125.45294384081,FALSE
"BOROUGH PRESIDENT-QUEENS",2024,61,79237,85193.0327868852,82330.4582120457,135.515041644576,126.5824846726,131.901715171281,FALSE
"BOROUGH PRESIDENT-QUEENS",2025,63,82064,89095.6825396825,82064,140.349917052898,131.524337931956,138.829406942636,FALSE
"BOROUGH PRESIDENT-STATEN IS",2014,36,60145.5,71983.9444444444,79105.9706708645,100,100,100,FALSE
"BOROUGH PRESIDENT-STATEN IS",2015,36,60173,72881.1388888889,78760.7049566398,100.045722456377,100.484295953631,102.913721782668,FALSE
"BOROUGH PRESIDENT-STATEN IS",2016,37,62190,73932.0810810811,80933.4815576453,103.399256802255,101.0644595854,106.641178909451,FALSE
"BOROUGH PRESIDENT-STATEN IS",2017,41,64056,73544.2682926829,81917.031234467,106.501733296755,102.847025381756,109.624915604859,FALSE
"BOROUGH PRESIDENT-STATEN IS",2018,40,62023,72099.775,77931.9838386709,103.12159679444,104.675046235713,112.134414076345,FALSE
"BOROUGH PRESIDENT-STATEN IS",2019,36,65903.5,77555.4166666667,81365.4204634187,109.573451047876,106.530687797474,114.748740835409,FALSE
"BOROUGH PRESIDENT-STATEN IS",2020,36,66905.5,78678.0555555556,81167.3965354234,111.239411094762,108.414239794744,117.935753675601,FALSE
"BOROUGH PRESIDENT-STATEN IS",2021,33,70000,82161.1212121212,83204.2291936201,116.384434413215,110.65187123857,119.137579303534,FALSE
"BOROUGH PRESIDENT-STATEN IS",2022,29,,,,,116.237048769221,119.968709204972,TRUE
"BOROUGH PRESIDENT-STATEN IS",2023,27,,,,,122.385199421188,125.45294384081,TRUE
"BOROUGH PRESIDENT-STATEN IS",2024,28,,,,,126.5824846726,131.901715171281,TRUE
"BOROUGH PRESIDENT-STATEN IS",2025,27,,,,,131.524337931956,138.829406942636,TRUE
"BRONX COMMUNITY BOARD #1",2014,2,,,,,100,100,TRUE
"BRONX COMMUNITY BOARD #1",2015,2,,,,,100.484295953631,102.913721782668,TRUE
"BRONX COMMUNITY BOARD #1",2016,2,,,,,101.0644595854,106.641178909451,TRUE
"BRONX COMMUNITY BOARD #1",2017,2,,,,,102.847025381756,109.624915604859,TRUE
"BRONX COMMUNITY BOARD #1",2018,2,,,,,104.675046235713,112.134414076345,TRUE
"BRONX COMMUNITY BOARD #1",2019,2,,,,,106.530687797474,114.748740835409,TRUE
"BRONX COMMUNITY BOARD #1",2020,2,,,,,108.414239794744,117.935753675601,TRUE
"BRONX COMMUNITY BOARD #1",2021,1,,,,,110.65187123857,119.137579303534,TRUE
"BRONX COMMUNITY BOARD #1",2022,1,,,,,116.237048769221,119.968709204972,TRUE
"BRONX COMMUNITY BOARD #1",2023,2,,,,,122.385199421188,125.45294384081,TRUE
"BRONX COMMUNITY BOARD #1",2024,2,,,,,126.5824846726,131.901715171281,TRUE
"BRONX COMMUNITY BOARD #1",2025,3,,,,,131.524337931956,138.829406942636,TRUE
"BRONX COMMUNITY BOARD #10",2014,2,,,,,100,100,TRUE
"BRONX COMMUNITY BOARD #10",2015,2,,,,,100.484295953631,102.913721782668,TRUE
"BRONX COMMUNITY BOARD #10",2016,2,,,,,101.0644595854,106.641178909451,TRUE
"BRONX COMMUNITY BOARD #10",2017,2,,,,,102.847025381756,109.624915604859,TRUE
"BRONX COMMUNITY BOARD #10",2018,3,,,,,104.675046235713,112.134414076345,TRUE
"BRONX COMMUNITY BOARD #10",2019,3,,,,,106.530687797474,114.748740835409,TRUE
"BRONX COMMUNITY BOARD #10",2020,3,,,,,108.414239794744,117.935753675601,TRUE
"BRONX COMMUNITY BOARD #10",2021,3,,,,,110.65187123857,119.137579303534,TRUE
"BRONX COMMUNITY BOARD #10",2022,3,,,,,116.237048769221,119.968709204972,TRUE
"BRONX COMMUNITY BOARD #10",2023,3,,,,,122.385199421188,125.45294384081,TRUE
"BRONX COMMUNITY BOARD #10",2024,3,,,,,126.5824846726,131.901715171281,TRUE
"BRONX COMMUNITY BOARD #10",2025,3,,,,,131.524337931956,138.829406942636,TRUE
"BRONX COMMUNITY BOARD #11",2014,1,,,,,100,100,TRUE
"BRONX COMMUNITY BOARD #11",2015,1,,,,,100.484295953631,102.913721782668,TRUE
"BRONX COMMUNITY BOARD #11",2016,2,,,,,101.0644595854,106.641178909451,TRUE
"BRONX COMMUNITY BOARD #11",2017,2,,,,,102.847025381756,109.624915604859,TRUE
"BRONX COMMUNITY BOARD #11",2018,2,,,,,104.675046235713,112.134414076345,TRUE
"BRONX COMMUNITY BOARD #11",2019,3,,,,,106.530687797474,114.748740835409,TRUE
"BRONX COMMUNITY BOARD #11",2020,3,,,,,108.414239794744,117.935753675601,TRUE
"BRONX COMMUNITY BOARD #11",2021,3,,,,,110.65187123857,119.137579303534,TRUE
"BRONX COMMUNITY BOARD #11",2022,3,,,,,116.237048769221,119.968709204972,TRUE
"BRONX COMMUNITY BOARD #11",2023,3,,,,,122.385199421188,125.45294384081,TRUE
"BRONX COMMUNITY BOARD #11",2024,3,,,,,126.5824846726,131.901715171281,TRUE
"BRONX COMMUNITY BOARD #11",2025,3,,,,,131.524337931956,138.829406942636,TRUE
"BRONX COMMUNITY BOARD #12",2014,2,,,,,100,100,TRUE
"BRONX COMMUNITY BOARD #12",2015,2,,,,,100.484295953631,102.913721782668,TRUE
"BRONX COMMUNITY BOARD #12",2016,3,,,,,101.0644595854,106.641178909451,TRUE
"BRONX COMMUNITY BOARD #12",2017,2,,,,,102.847025381756,109.624915604859,TRUE
"BRONX COMMUNITY BOARD #12",2018,2,,,,,104.675046235713,112.134414076345,TRUE
"BRONX COMMUNITY BOARD #12",2019,2,,,,,106.530687797474,114.748740835409,TRUE
"BRONX COMMUNITY BOARD #12",2020,2,,,,,108.414239794744,117.935753675601,TRUE
"BRONX COMMUNITY BOARD #12",2021,2,,,,,110.65187123857,119.137579303534,TRUE
"BRONX COMMUNITY BOARD #12",2022,2,,,,,116.237048769221,119.968709204972,TRUE
"BRONX COMMUNITY BOARD #12",2023,2,,,,,122.385199421188,125.45294384081,TRUE
"BRONX COMMUNITY BOARD #12",2024,2,,,,,126.5824846726,131.901715171281,TRUE
"BRONX COMMUNITY BOARD #12",2025,2,,,,,131.524337931956,138.829406942636,TRUE
"BRONX COMMUNITY BOARD #2",2014,3,,,,,100,100,TRUE
"BRONX COMMUNITY BOARD #2",2015,3,,,,,100.484295953631,102.913721782668,TRUE
"BRONX COMMUNITY BOARD #2",2016,2,,,,,101.0644595854,106.641178909451,TRUE
"BRONX COMMUNITY BOARD #2",2017,3,,,,,102.847025381756,109.624915604859,TRUE
"BRONX COMMUNITY BOARD #2",2018,3,,,,,104.675046235713,112.134414076345,TRUE
"BRONX COMMUNITY BOARD #2",2019,2,,,,,106.530687797474,114.748740835409,TRUE
"BRONX COMMUNITY BOARD #2",2020,2,,,,,108.414239794744,117.935753675601,TRUE
"BRONX COMMUNITY BOARD #2",2021,2,,,,,110.65187123857,119.137579303534,TRUE
"BRONX COMMUNITY BOARD #2",2022,2,,,,,116.237048769221,119.968709204972,TRUE
"BRONX COMMUNITY BOARD #2",2023,2,,,,,122.385199421188,125.45294384081,TRUE
"BRONX COMMUNITY BOARD #2",2024,2,,,,,126.5824846726,131.901715171281,TRUE
"BRONX COMMUNITY BOARD #2",2025,2,,,,,131.524337931956,138.829406942636,TRUE
"BRONX COMMUNITY BOARD #3",2014,2,,,,,100,100,TRUE
"BRONX COMMUNITY BOARD #3",2015,2,,,,,100.484295953631,102.913721782668,TRUE
"BRONX COMMUNITY BOARD #3",2016,2,,,,,101.0644595854,106.641178909451,TRUE
"BRONX COMMUNITY BOARD #3",2017,2,,,,,102.847025381756,109.624915604859,TRUE
"BRONX COMMUNITY BOARD #3",2018,2,,,,,104.675046235713,112.134414076345,TRUE
"BRONX COMMUNITY BOARD #3",2019,2,,,,,106.530687797474,114.748740835409,TRUE
"BRONX COMMUNITY BOARD #3",2020,2,,,,,108.414239794744,117.935753675601,TRUE
"BRONX COMMUNITY BOARD #3",2021,1,,,,,110.65187123857,119.137579303534,TRUE
"BRONX COMMUNITY BOARD #3",2022,1,,,,,116.237048769221,119.968709204972,TRUE
"BRONX COMMUNITY BOARD #3",2023,1,,,,,122.385199421188,125.45294384081,TRUE
"BRONX COMMUNITY BOARD #3",2024,2,,,,,126.5824846726,131.901715171281,TRUE
"BRONX COMMUNITY BOARD #3",2025,2,,,,,131.524337931956,138.829406942636,TRUE
"BRONX COMMUNITY BOARD #4",2014,3,,,,,100,100,TRUE
"BRONX COMMUNITY BOARD #4",2015,3,,,,,100.484295953631,102.913721782668,TRUE
"BRONX COMMUNITY BOARD #4",2016,3,,,,,101.0644595854,106.641178909451,TRUE
"BRONX COMMUNITY BOARD #4",2017,3,,,,,102.847025381756,109.624915604859,TRUE
"BRONX COMMUNITY BOARD #4",2018,3,,,,,104.675046235713,112.134414076345,TRUE
"BRONX COMMUNITY BOARD #4",2019,3,,,,,106.530687797474,114.748740835409,TRUE
"BRONX COMMUNITY BOARD #4",2020,3,,,,,108.414239794744,117.935753675601,TRUE
"BRONX COMMUNITY BOARD #4",2021,3,,,,,110.65187123857,119.137579303534,TRUE
"BRONX COMMUNITY BOARD #4",2022,3,,,,,116.237048769221,119.968709204972,TRUE
"BRONX COMMUNITY BOARD #4",2023,2,,,,,122.385199421188,125.45294384081,TRUE
"BRONX COMMUNITY BOARD #4",2024,3,,,,,126.5824846726,131.901715171281,TRUE
"BRONX COMMUNITY BOARD #4",2025,2,,,,,131.524337931956,138.829406942636,TRUE
"BRONX COMMUNITY BOARD #5",2014,3,,,,,100,100,TRUE
"BRONX COMMUNITY BOARD #5",2015,3,,,,,100.484295953631,102.913721782668,TRUE
"BRONX COMMUNITY BOARD #5",2016,2,,,,,101.0644595854,106.641178909451,TRUE
"BRONX COMMUNITY BOARD #5",2017,1,,,,,102.847025381756,109.624915604859,TRUE
"BRONX COMMUNITY BOARD #5",2018,2,,,,,104.675046235713,112.134414076345,TRUE
"BRONX COMMUNITY BOARD #5",2019,3,,,,,106.530687797474,114.748740835409,TRUE
"BRONX COMMUNITY BOARD #5",2020,2,,,,,108.414239794744,117.935753675601,TRUE
"BRONX COMMUNITY BOARD #5",2021,2,,,,,110.65187123857,119.137579303534,TRUE
"BRONX COMMUNITY BOARD #5",2022,2,,,,,116.237048769221,119.968709204972,TRUE
"BRONX COMMUNITY BOARD #5",2023,2,,,,,122.385199421188,125.45294384081,TRUE
"BRONX COMMUNITY BOARD #5",2024,2,,,,,126.5824846726,131.901715171281,TRUE
"BRONX COMMUNITY BOARD #5",2025,2,,,,,131.524337931956,138.829406942636,TRUE
"BRONX COMMUNITY BOARD #6",2014,2,,,,,100,100,TRUE
"BRONX COMMUNITY BOARD #6",2015,2,,,,,100.484295953631,102.913721782668,TRUE
"BRONX COMMUNITY BOARD #6",2016,2,,,,,101.0644595854,106.641178909451,TRUE
"BRONX COMMUNITY BOARD #6",2017,2,,,,,102.847025381756,109.624915604859,TRUE
"BRONX COMMUNITY BOARD #6",2018,2,,,,,104.675046235713,112.134414076345,TRUE
"BRONX COMMUNITY BOARD #6",2019,2,,,,,106.530687797474,114.748740835409,TRUE
"BRONX COMMUNITY BOARD #6",2020,2,,,,,108.414239794744,117.935753675601,TRUE
"BRONX COMMUNITY BOARD #6",2021,2,,,,,110.65187123857,119.137579303534,TRUE
"BRONX COMMUNITY BOARD #6",2022,1,,,,,116.237048769221,119.968709204972,TRUE
"BRONX COMMUNITY BOARD #6",2023,2,,,,,122.385199421188,125.45294384081,TRUE
"BRONX COMMUNITY BOARD #6",2024,2,,,,,126.5824846726,131.901715171281,TRUE
"BRONX COMMUNITY BOARD #6",2025,3,,,,,131.524337931956,138.829406942636,TRUE
"BRONX COMMUNITY BOARD #7",2014,3,,,,,100,100,TRUE
"BRONX COMMUNITY BOARD #7",2015,3,,,,,100.484295953631,102.913721782668,TRUE
"BRONX COMMUNITY BOARD #7",2016,3,,,,,101.0644595854,106.641178909451,TRUE
"BRONX COMMUNITY BOARD #7",2017,3,,,,,102.847025381756,109.624915604859,TRUE
"BRONX COMMUNITY BOARD #7",2018,3,,,,,104.675046235713,112.134414076345,TRUE
"BRONX COMMUNITY BOARD #7",2019,3,,,,,106.530687797474,114.748740835409,TRUE
"BRONX COMMUNITY BOARD #7",2020,3,,,,,108.414239794744,117.935753675601,TRUE
"BRONX COMMUNITY BOARD #7",2021,3,,,,,110.65187123857,119.137579303534,TRUE
"BRONX COMMUNITY BOARD #7",2022,3,,,,,116.237048769221,119.968709204972,TRUE
"BRONX COMMUNITY BOARD #7",2023,1,,,,,122.385199421188,125.45294384081,TRUE
"BRONX COMMUNITY BOARD #7",2024,3,,,,,126.5824846726,131.901715171281,TRUE
"BRONX COMMUNITY BOARD #7",2025,3,,,,,131.524337931956,138.829406942636,TRUE
"BRONX COMMUNITY BOARD #8",2014,3,,,,,100,100,TRUE
"BRONX COMMUNITY BOARD #8",2015,2,,,,,100.484295953631,102.913721782668,TRUE
"BRONX COMMUNITY BOARD #8",2016,3,,,,,101.0644595854,106.641178909451,TRUE
"BRONX COMMUNITY BOARD #8",2017,3,,,,,102.847025381756,109.624915604859,TRUE
"BRONX COMMUNITY BOARD #8",2018,3,,,,,104.675046235713,112.134414076345,TRUE
"BRONX COMMUNITY BOARD #8",2019,3,,,,,106.530687797474,114.748740835409,TRUE
"BRONX COMMUNITY BOARD #8",2020,3,,,,,108.414239794744,117.935753675601,TRUE
"BRONX COMMUNITY BOARD #8",2021,3,,,,,110.65187123857,119.137579303534,TRUE
"BRONX COMMUNITY BOARD #8",2022,3,,,,,116.237048769221,119.968709204972,TRUE
"BRONX COMMUNITY BOARD #8",2023,2,,,,,122.385199421188,125.45294384081,TRUE
"BRONX COMMUNITY BOARD #8",2024,2,,,,,126.5824846726,131.901715171281,TRUE
"BRONX COMMUNITY BOARD #8",2025,2,,,,,131.524337931956,138.829406942636,TRUE
"BRONX COMMUNITY BOARD #9",2014,2,,,,,100,100,TRUE
"BRONX COMMUNITY BOARD #9",2015,1,,,,,100.484295953631,102.913721782668,TRUE
"BRONX COMMUNITY BOARD #9",2016,2,,,,,101.0644595854,106.641178909451,TRUE
"BRONX COMMUNITY BOARD #9",2017,1,,,,,102.847025381756,109.624915604859,TRUE
"BRONX COMMUNITY BOARD #9",2018,3,,,,,104.675046235713,112.134414076345,TRUE
"BRONX COMMUNITY BOARD #9",2019,3,,,,,106.530687797474,114.748740835409,TRUE
"BRONX COMMUNITY BOARD #9",2020,3,,,,,108.414239794744,117.935753675601,TRUE
"BRONX COMMUNITY BOARD #9",2021,3,,,,,110.65187123857,119.137579303534,TRUE
"BRONX COMMUNITY BOARD #9",2022,3,,,,,116.237048769221,119.968709204972,TRUE
"BRONX COMMUNITY BOARD #9",2023,3,,,,,122.385199421188,125.45294384081,TRUE
"BRONX COMMUNITY BOARD #9",2024,3,,,,,126.5824846726,131.901715171281,TRUE
"BRONX COMMUNITY BOARD #9",2025,3,,,,,131.524337931956,138.829406942636,TRUE
"BRONX DA",2014,808,58151,59487.9888613861,76482.7177508117,100,100,100,FALSE
"BRONX DISTRICT ATTORNEY",2015,826,63300,63576.4176755448,82853.6490411862,100,100.484295953631,102.913721782668,FALSE
"BRONX DISTRICT ATTORNEY",2016,840,63300,63941.6154761905,82378.0251262092,100,101.0644595854,106.641178909451,FALSE
"BRONX DISTRICT ATTORNEY",2017,1003,61200,64726.5064805583,78264.6795233761,96.6824644549763,102.847025381756,109.624915604859,FALSE
"BRONX DISTRICT ATTORNEY",2018,999,62937,65466.996996997,79080.4260815251,99.4265402843602,104.675046235713,112.134414076345,FALSE
"BRONX DISTRICT ATTORNEY",2019,1050,70500,70811.9857142855,87040.3262750995,111.374407582938,106.530687797474,114.748740835409,FALSE
"BRONX DISTRICT ATTORNEY",2020,1038,67000,73143.4200385355,81282.0406076237,105.845181674566,108.414239794744,117.935753675601,FALSE
"BRONX DISTRICT ATTORNEY",2021,1033,69454,75320.9661181026,82555.2362059099,109.72195892575,110.65187123857,119.137579303534,FALSE
"BRONX DISTRICT ATTORNEY",2022,959,73579,82838.9666319083,83255.978736256,116.238546603476,116.237048769221,119.968709204972,FALSE
"BRONX DISTRICT ATTORNEY",2023,990,73579,88114.1686868687,79073.5261000844,116.238546603476,122.385199421188,125.45294384081,FALSE
"BRONX DISTRICT ATTORNEY",2024,1019,76068,95143.9293424922,79037.738623041,120.170616113744,126.5824846726,131.901715171281,FALSE
"BRONX DISTRICT ATTORNEY",2025,1149,82600,97835.5361183637,82600,130.489731437599,131.524337931956,138.829406942636,FALSE
"BROOKLYN COMMUNITY BOARD #1",2014,2,,,,,100,100,TRUE
"BROOKLYN COMMUNITY BOARD #1",2015,2,,,,,100.484295953631,102.913721782668,TRUE
"BROOKLYN COMMUNITY BOARD #1",2016,2,,,,,101.0644595854,106.641178909451,TRUE
"BROOKLYN COMMUNITY BOARD #1",2017,2,,,,,102.847025381756,109.624915604859,TRUE
"BROOKLYN COMMUNITY BOARD #1",2018,2,,,,,104.675046235713,112.134414076345,TRUE
"BROOKLYN COMMUNITY BOARD #1",2019,3,,,,,106.530687797474,114.748740835409,TRUE
"BROOKLYN COMMUNITY BOARD #1",2020,3,,,,,108.414239794744,117.935753675601,TRUE
"BROOKLYN COMMUNITY BOARD #1",2021,3,,,,,110.65187123857,119.137579303534,TRUE
"BROOKLYN COMMUNITY BOARD #1",2022,3,,,,,116.237048769221,119.968709204972,TRUE
"BROOKLYN COMMUNITY BOARD #1",2023,2,,,,,122.385199421188,125.45294384081,TRUE
"BROOKLYN COMMUNITY BOARD #1",2024,2,,,,,126.5824846726,131.901715171281,TRUE
"BROOKLYN COMMUNITY BOARD #1",2025,2,,,,,131.524337931956,138.829406942636,TRUE
"BROOKLYN COMMUNITY BOARD #10",2014,2,,,,,100,100,TRUE
"BROOKLYN COMMUNITY BOARD #10",2015,2,,,,,100.484295953631,102.913721782668,TRUE
"BROOKLYN COMMUNITY BOARD #10",2016,2,,,,,101.0644595854,106.641178909451,TRUE
"BROOKLYN COMMUNITY BOARD #10",2017,2,,,,,102.847025381756,109.624915604859,TRUE
"BROOKLYN COMMUNITY BOARD #10",2018,2,,,,,104.675046235713,112.134414076345,TRUE
"BROOKLYN COMMUNITY BOARD #10",2019,2,,,,,106.530687797474,114.748740835409,TRUE
"BROOKLYN COMMUNITY BOARD #10",2020,2,,,,,108.414239794744,117.935753675601,TRUE
"BROOKLYN COMMUNITY BOARD #10",2021,2,,,,,110.65187123857,119.137579303534,TRUE
"BROOKLYN COMMUNITY BOARD #10",2022,2,,,,,116.237048769221,119.968709204972,TRUE
"BROOKLYN COMMUNITY BOARD #10",2023,2,,,,,122.385199421188,125.45294384081,TRUE
"BROOKLYN COMMUNITY BOARD #10",2024,2,,,,,126.5824846726,131.901715171281,TRUE
"BROOKLYN COMMUNITY BOARD #10",2025,2,,,,,131.524337931956,138.829406942636,TRUE
"BROOKLYN COMMUNITY BOARD #11",2014,2,,,,,100,100,TRUE
"BROOKLYN COMMUNITY BOARD #11",2015,2,,,,,100.484295953631,102.913721782668,TRUE
"BROOKLYN COMMUNITY BOARD #11",2016,2,,,,,101.0644595854,106.641178909451,TRUE
"BROOKLYN COMMUNITY BOARD #11",2017,2,,,,,102.847025381756,109.624915604859,TRUE
"BROOKLYN COMMUNITY BOARD #11",2018,2,,,,,104.675046235713,112.134414076345,TRUE
"BROOKLYN COMMUNITY BOARD #11",2019,2,,,,,106.530687797474,114.748740835409,TRUE
"BROOKLYN COMMUNITY BOARD #11",2020,1,,,,,108.414239794744,117.935753675601,TRUE
"BROOKLYN COMMUNITY BOARD #11",2021,2,,,,,110.65187123857,119.137579303534,TRUE
"BROOKLYN COMMUNITY BOARD #11",2022,2,,,,,116.237048769221,119.968709204972,TRUE
"BROOKLYN COMMUNITY BOARD #11",2023,2,,,,,122.385199421188,125.45294384081,TRUE
"BROOKLYN COMMUNITY BOARD #11",2024,2,,,,,126.5824846726,131.901715171281,TRUE
"BROOKLYN COMMUNITY BOARD #11",2025,2,,,,,131.524337931956,138.829406942636,TRUE
"BROOKLYN COMMUNITY BOARD #12",2014,3,,,,,100,100,TRUE
"BROOKLYN COMMUNITY BOARD #12",2015,3,,,,,100.484295953631,102.913721782668,TRUE
"BROOKLYN COMMUNITY BOARD #12",2016,3,,,,,101.0644595854,106.641178909451,TRUE
"BROOKLYN COMMUNITY BOARD #12",2017,3,,,,,102.847025381756,109.624915604859,TRUE
"BROOKLYN COMMUNITY BOARD #12",2018,2,,,,,104.675046235713,112.134414076345,TRUE
"BROOKLYN COMMUNITY BOARD #12",2019,2,,,,,106.530687797474,114.748740835409,TRUE
"BROOKLYN COMMUNITY BOARD #12",2020,2,,,,,108.414239794744,117.935753675601,TRUE
"BROOKLYN COMMUNITY BOARD #12",2021,2,,,,,110.65187123857,119.137579303534,TRUE
"BROOKLYN COMMUNITY BOARD #12",2022,1,,,,,116.237048769221,119.968709204972,TRUE
"BROOKLYN COMMUNITY BOARD #12",2023,1,,,,,122.385199421188,125.45294384081,TRUE
"BROOKLYN COMMUNITY BOARD #12",2024,2,,,,,126.5824846726,131.901715171281,TRUE
"BROOKLYN COMMUNITY BOARD #12",2025,2,,,,,131.524337931956,138.829406942636,TRUE
"BROOKLYN COMMUNITY BOARD #13",2014,2,,,,,100,100,TRUE
"BROOKLYN COMMUNITY BOARD #13",2015,1,,,,,100.484295953631,102.913721782668,TRUE
"BROOKLYN COMMUNITY BOARD #13",2016,2,,,,,101.0644595854,106.641178909451,TRUE
"BROOKLYN COMMUNITY BOARD #13",2017,3,,,,,102.847025381756,109.624915604859,TRUE
"BROOKLYN COMMUNITY BOARD #13",2018,3,,,,,104.675046235713,112.134414076345,TRUE
"BROOKLYN COMMUNITY BOARD #13",2019,3,,,,,106.530687797474,114.748740835409,TRUE
"BROOKLYN COMMUNITY BOARD #13",2020,3,,,,,108.414239794744,117.935753675601,TRUE
"BROOKLYN COMMUNITY BOARD #13",2021,2,,,,,110.65187123857,119.137579303534,TRUE
"BROOKLYN COMMUNITY BOARD #13",2022,2,,,,,116.237048769221,119.968709204972,TRUE
"BROOKLYN COMMUNITY BOARD #13",2023,3,,,,,122.385199421188,125.45294384081,TRUE
"BROOKLYN COMMUNITY BOARD #13",2024,4,,,,,126.5824846726,131.901715171281,TRUE
"BROOKLYN COMMUNITY BOARD #13",2025,4,,,,,131.524337931956,138.829406942636,TRUE
"BROOKLYN COMMUNITY BOARD #14",2014,2,,,,,100,100,TRUE
"BROOKLYN COMMUNITY BOARD #14",2015,2,,,,,100.484295953631,102.913721782668,TRUE
"BROOKLYN COMMUNITY BOARD #14",2016,2,,,,,101.0644595854,106.641178909451,TRUE
"BROOKLYN COMMUNITY BOARD #14",2017,2,,,,,102.847025381756,109.624915604859,TRUE
"BROOKLYN COMMUNITY BOARD #14",2018,2,,,,,104.675046235713,112.134414076345,TRUE
"BROOKLYN COMMUNITY BOARD #14",2019,2,,,,,106.530687797474,114.748740835409,TRUE
"BROOKLYN COMMUNITY BOARD #14",2020,1,,,,,108.414239794744,117.935753675601,TRUE
"BROOKLYN COMMUNITY BOARD #14",2021,2,,,,,110.65187123857,119.137579303534,TRUE
"BROOKLYN COMMUNITY BOARD #14",2022,2,,,,,116.237048769221,119.968709204972,TRUE
"BROOKLYN COMMUNITY BOARD #14",2023,2,,,,,122.385199421188,125.45294384081,TRUE
"BROOKLYN COMMUNITY BOARD #14",2024,2,,,,,126.5824846726,131.901715171281,TRUE
"BROOKLYN COMMUNITY BOARD #14",2025,2,,,,,131.524337931956,138.829406942636,TRUE
"BROOKLYN COMMUNITY BOARD #15",2014,3,,,,,100,100,TRUE
"BROOKLYN COMMUNITY BOARD #15",2015,3,,,,,100.484295953631,102.913721782668,TRUE
"BROOKLYN COMMUNITY BOARD #15",2016,3,,,,,101.0644595854,106.641178909451,TRUE
"BROOKLYN COMMUNITY BOARD #15",2017,3,,,,,102.847025381756,109.624915604859,TRUE
"BROOKLYN COMMUNITY BOARD #15",2018,3,,,,,104.675046235713,112.134414076345,TRUE
"BROOKLYN COMMUNITY BOARD #15",2019,3,,,,,106.530687797474,114.748740835409,TRUE
"BROOKLYN COMMUNITY BOARD #15",2020,3,,,,,108.414239794744,117.935753675601,TRUE
"BROOKLYN COMMUNITY BOARD #15",2021,3,,,,,110.65187123857,119.137579303534,TRUE
"BROOKLYN COMMUNITY BOARD #15",2022,2,,,,,116.237048769221,119.968709204972,TRUE
"BROOKLYN COMMUNITY BOARD #15",2023,2,,,,,122.385199421188,125.45294384081,TRUE
"BROOKLYN COMMUNITY BOARD #15",2024,1,,,,,126.5824846726,131.901715171281,TRUE
"BROOKLYN COMMUNITY BOARD #15",2025,2,,,,,131.524337931956,138.829406942636,TRUE
"BROOKLYN COMMUNITY BOARD #16",2014,2,,,,,100,100,TRUE
"BROOKLYN COMMUNITY BOARD #16",2015,2,,,,,100.484295953631,102.913721782668,TRUE
"BROOKLYN COMMUNITY BOARD #16",2016,2,,,,,101.0644595854,106.641178909451,TRUE
"BROOKLYN COMMUNITY BOARD #16",2017,2,,,,,102.847025381756,109.624915604859,TRUE
"BROOKLYN COMMUNITY BOARD #16",2018,2,,,,,104.675046235713,112.134414076345,TRUE
"BROOKLYN COMMUNITY BOARD #16",2019,2,,,,,106.530687797474,114.748740835409,TRUE
"BROOKLYN COMMUNITY BOARD #16",2020,2,,,,,108.414239794744,117.935753675601,TRUE
"BROOKLYN COMMUNITY BOARD #16",2021,2,,,,,110.65187123857,119.137579303534,TRUE
"BROOKLYN COMMUNITY BOARD #16",2022,2,,,,,116.237048769221,119.968709204972,TRUE
"BROOKLYN COMMUNITY BOARD #16",2023,2,,,,,122.385199421188,125.45294384081,TRUE
"BROOKLYN COMMUNITY BOARD #16",2024,2,,,,,126.5824846726,131.901715171281,TRUE
"BROOKLYN COMMUNITY BOARD #16",2025,2,,,,,131.524337931956,138.829406942636,TRUE
"BROOKLYN COMMUNITY BOARD #17",2014,4,,,,,100,100,TRUE
"BROOKLYN COMMUNITY BOARD #17",2015,4,,,,,100.484295953631,102.913721782668,TRUE
"BROOKLYN COMMUNITY BOARD #17",2016,4,,,,,101.0644595854,106.641178909451,TRUE
"BROOKLYN COMMUNITY BOARD #17",2017,4,,,,,102.847025381756,109.624915604859,TRUE
"BROOKLYN COMMUNITY BOARD #17",2018,4,,,,,104.675046235713,112.134414076345,TRUE
"BROOKLYN COMMUNITY BOARD #17",2019,4,,,,,106.530687797474,114.748740835409,TRUE
"BROOKLYN COMMUNITY BOARD #17",2020,3,,,,,108.414239794744,117.935753675601,TRUE
"BROOKLYN COMMUNITY BOARD #17",2021,3,,,,,110.65187123857,119.137579303534,TRUE
"BROOKLYN COMMUNITY BOARD #17",2022,3,,,,,116.237048769221,119.968709204972,TRUE
"BROOKLYN COMMUNITY BOARD #17",2023,4,,,,,122.385199421188,125.45294384081,TRUE
"BROOKLYN COMMUNITY BOARD #17",2024,2,,,,,126.5824846726,131.901715171281,TRUE
"BROOKLYN COMMUNITY BOARD #17",2025,2,,,,,131.524337931956,138.829406942636,TRUE
"BROOKLYN COMMUNITY BOARD #18",2014,3,,,,,100,100,TRUE
"BROOKLYN COMMUNITY BOARD #18",2015,3,,,,,100.484295953631,102.913721782668,TRUE
"BROOKLYN COMMUNITY BOARD #18",2016,3,,,,,101.0644595854,106.641178909451,TRUE
"BROOKLYN COMMUNITY BOARD #18",2017,3,,,,,102.847025381756,109.624915604859,TRUE
"BROOKLYN COMMUNITY BOARD #18",2018,3,,,,,104.675046235713,112.134414076345,TRUE
"BROOKLYN COMMUNITY BOARD #18",2019,3,,,,,106.530687797474,114.748740835409,TRUE
"BROOKLYN COMMUNITY BOARD #18",2020,3,,,,,108.414239794744,117.935753675601,TRUE
"BROOKLYN COMMUNITY BOARD #18",2021,1,,,,,110.65187123857,119.137579303534,TRUE
"BROOKLYN COMMUNITY BOARD #18",2022,3,,,,,116.237048769221,119.968709204972,TRUE
"BROOKLYN COMMUNITY BOARD #18",2023,3,,,,,122.385199421188,125.45294384081,TRUE
"BROOKLYN COMMUNITY BOARD #18",2024,3,,,,,126.5824846726,131.901715171281,TRUE
"BROOKLYN COMMUNITY BOARD #18",2025,3,,,,,131.524337931956,138.829406942636,TRUE
"BROOKLYN COMMUNITY BOARD #2",2014,2,,,,,100,100,TRUE
"BROOKLYN COMMUNITY BOARD #2",2015,3,,,,,100.484295953631,102.913721782668,TRUE
"BROOKLYN COMMUNITY BOARD #2",2016,3,,,,,101.0644595854,106.641178909451,TRUE
"BROOKLYN COMMUNITY BOARD #2",2017,3,,,,,102.847025381756,109.624915604859,TRUE
"BROOKLYN COMMUNITY BOARD #2",2018,2,,,,,104.675046235713,112.134414076345,TRUE
"BROOKLYN COMMUNITY BOARD #2",2019,3,,,,,106.530687797474,114.748740835409,TRUE
"BROOKLYN COMMUNITY BOARD #2",2020,3,,,,,108.414239794744,117.935753675601,TRUE
"BROOKLYN COMMUNITY BOARD #2",2021,2,,,,,110.65187123857,119.137579303534,TRUE
"BROOKLYN COMMUNITY BOARD #2",2022,1,,,,,116.237048769221,119.968709204972,TRUE
"BROOKLYN COMMUNITY BOARD #2",2023,1,,,,,122.385199421188,125.45294384081,TRUE
"BROOKLYN COMMUNITY BOARD #2",2024,3,,,,,126.5824846726,131.901715171281,TRUE
"BROOKLYN COMMUNITY BOARD #2",2025,3,,,,,131.524337931956,138.829406942636,TRUE
"BROOKLYN COMMUNITY BOARD #3",2014,3,,,,,100,100,TRUE
"BROOKLYN COMMUNITY BOARD #3",2015,3,,,,,100.484295953631,102.913721782668,TRUE
"BROOKLYN COMMUNITY BOARD #3",2016,3,,,,,101.0644595854,106.641178909451,TRUE
"BROOKLYN COMMUNITY BOARD #3",2017,3,,,,,102.847025381756,109.624915604859,TRUE
"BROOKLYN COMMUNITY BOARD #3",2018,3,,,,,104.675046235713,112.134414076345,TRUE
"BROOKLYN COMMUNITY BOARD #3",2019,3,,,,,106.530687797474,114.748740835409,TRUE
"BROOKLYN COMMUNITY BOARD #3",2020,3,,,,,108.414239794744,117.935753675601,TRUE
"BROOKLYN COMMUNITY BOARD #3",2021,3,,,,,110.65187123857,119.137579303534,TRUE
"BROOKLYN COMMUNITY BOARD #3",2022,2,,,,,116.237048769221,119.968709204972,TRUE
"BROOKLYN COMMUNITY BOARD #3",2023,2,,,,,122.385199421188,125.45294384081,TRUE
"BROOKLYN COMMUNITY BOARD #3",2024,2,,,,,126.5824846726,131.901715171281,TRUE
"BROOKLYN COMMUNITY BOARD #3",2025,2,,,,,131.524337931956,138.829406942636,TRUE
"BROOKLYN COMMUNITY BOARD #4",2014,3,,,,,100,100,TRUE
"BROOKLYN COMMUNITY BOARD #4",2015,3,,,,,100.484295953631,102.913721782668,TRUE
"BROOKLYN COMMUNITY BOARD #4",2016,3,,,,,101.0644595854,106.641178909451,TRUE
"BROOKLYN COMMUNITY BOARD #4",2017,3,,,,,102.847025381756,109.624915604859,TRUE
"BROOKLYN COMMUNITY BOARD #4",2018,3,,,,,104.675046235713,112.134414076345,TRUE
"BROOKLYN COMMUNITY BOARD #4",2019,3,,,,,106.530687797474,114.748740835409,TRUE
"BROOKLYN COMMUNITY BOARD #4",2020,3,,,,,108.414239794744,117.935753675601,TRUE
"BROOKLYN COMMUNITY BOARD #4",2021,2,,,,,110.65187123857,119.137579303534,TRUE
"BROOKLYN COMMUNITY BOARD #4",2022,3,,,,,116.237048769221,119.968709204972,TRUE
"BROOKLYN COMMUNITY BOARD #4",2023,2,,,,,122.385199421188,125.45294384081,TRUE
"BROOKLYN COMMUNITY BOARD #4",2024,2,,,,,126.5824846726,131.901715171281,TRUE
"BROOKLYN COMMUNITY BOARD #4",2025,2,,,,,131.524337931956,138.829406942636,TRUE
"BROOKLYN COMMUNITY BOARD #5",2014,2,,,,,100,100,TRUE
"BROOKLYN COMMUNITY BOARD #5",2015,3,,,,,100.484295953631,102.913721782668,TRUE
"BROOKLYN COMMUNITY BOARD #5",2016,1,,,,,101.0644595854,106.641178909451,TRUE
"BROOKLYN COMMUNITY BOARD #5",2017,3,,,,,102.847025381756,109.624915604859,TRUE
"BROOKLYN COMMUNITY BOARD #5",2018,3,,,,,104.675046235713,112.134414076345,TRUE
"BROOKLYN COMMUNITY BOARD #5",2019,3,,,,,106.530687797474,114.748740835409,TRUE
"BROOKLYN COMMUNITY BOARD #5",2020,3,,,,,108.414239794744,117.935753675601,TRUE
"BROOKLYN COMMUNITY BOARD #5",2021,3,,,,,110.65187123857,119.137579303534,TRUE
"BROOKLYN COMMUNITY BOARD #5",2022,3,,,,,116.237048769221,119.968709204972,TRUE
"BROOKLYN COMMUNITY BOARD #5",2023,3,,,,,122.385199421188,125.45294384081,TRUE
"BROOKLYN COMMUNITY BOARD #5",2024,3,,,,,126.5824846726,131.901715171281,TRUE
"BROOKLYN COMMUNITY BOARD #5",2025,2,,,,,131.524337931956,138.829406942636,TRUE
"BROOKLYN COMMUNITY BOARD #6",2014,3,,,,,100,100,TRUE
"BROOKLYN COMMUNITY BOARD #6",2015,3,,,,,100.484295953631,102.913721782668,TRUE
"BROOKLYN COMMUNITY BOARD #6",2016,3,,,,,101.0644595854,106.641178909451,TRUE
"BROOKLYN COMMUNITY BOARD #6",2017,3,,,,,102.847025381756,109.624915604859,TRUE
"BROOKLYN COMMUNITY BOARD #6",2018,3,,,,,104.675046235713,112.134414076345,TRUE
"BROOKLYN COMMUNITY BOARD #6",2019,3,,,,,106.530687797474,114.748740835409,TRUE
"BROOKLYN COMMUNITY BOARD #6",2020,3,,,,,108.414239794744,117.935753675601,TRUE
"BROOKLYN COMMUNITY BOARD #6",2021,3,,,,,110.65187123857,119.137579303534,TRUE
"BROOKLYN COMMUNITY BOARD #6",2022,3,,,,,116.237048769221,119.968709204972,TRUE
"BROOKLYN COMMUNITY BOARD #6",2023,2,,,,,122.385199421188,125.45294384081,TRUE
"BROOKLYN COMMUNITY BOARD #6",2024,2,,,,,126.5824846726,131.901715171281,TRUE
"BROOKLYN COMMUNITY BOARD #6",2025,2,,,,,131.524337931956,138.829406942636,TRUE
"BROOKLYN COMMUNITY BOARD #7",2014,3,,,,,100,100,TRUE
"BROOKLYN COMMUNITY BOARD #7",2015,3,,,,,100.484295953631,102.913721782668,TRUE
"BROOKLYN COMMUNITY BOARD #7",2016,3,,,,,101.0644595854,106.641178909451,TRUE
"BROOKLYN COMMUNITY BOARD #7",2017,3,,,,,102.847025381756,109.624915604859,TRUE
"BROOKLYN COMMUNITY BOARD #7",2018,3,,,,,104.675046235713,112.134414076345,TRUE
"BROOKLYN COMMUNITY BOARD #7",2019,3,,,,,106.530687797474,114.748740835409,TRUE
"BROOKLYN COMMUNITY BOARD #7",2020,3,,,,,108.414239794744,117.935753675601,TRUE
"BROOKLYN COMMUNITY BOARD #7",2021,3,,,,,110.65187123857,119.137579303534,TRUE
"BROOKLYN COMMUNITY BOARD #7",2022,3,,,,,116.237048769221,119.968709204972,TRUE
"BROOKLYN COMMUNITY BOARD #7",2023,3,,,,,122.385199421188,125.45294384081,TRUE
"BROOKLYN COMMUNITY BOARD #7",2024,3,,,,,126.5824846726,131.901715171281,TRUE
"BROOKLYN COMMUNITY BOARD #7",2025,3,,,,,131.524337931956,138.829406942636,TRUE
"BROOKLYN COMMUNITY BOARD #8",2014,3,,,,,100,100,TRUE
"BROOKLYN COMMUNITY BOARD #8",2015,3,,,,,100.484295953631,102.913721782668,TRUE
"BROOKLYN COMMUNITY BOARD #8",2016,3,,,,,101.0644595854,106.641178909451,TRUE
"BROOKLYN COMMUNITY BOARD #8",2017,3,,,,,102.847025381756,109.624915604859,TRUE
"BROOKLYN COMMUNITY BOARD #8",2018,3,,,,,104.675046235713,112.134414076345,TRUE
"BROOKLYN COMMUNITY BOARD #8",2019,2,,,,,106.530687797474,114.748740835409,TRUE
"BROOKLYN COMMUNITY BOARD #8",2020,2,,,,,108.414239794744,117.935753675601,TRUE
"BROOKLYN COMMUNITY BOARD #8",2021,2,,,,,110.65187123857,119.137579303534,TRUE
"BROOKLYN COMMUNITY BOARD #8",2022,2,,,,,116.237048769221,119.968709204972,TRUE
"BROOKLYN COMMUNITY BOARD #8",2023,2,,,,,122.385199421188,125.45294384081,TRUE
"BROOKLYN COMMUNITY BOARD #8",2024,2,,,,,126.5824846726,131.901715171281,TRUE
"BROOKLYN COMMUNITY BOARD #8",2025,2,,,,,131.524337931956,138.829406942636,TRUE
"BROOKLYN COMMUNITY BOARD #9",2014,2,,,,,100,100,TRUE
"BROOKLYN COMMUNITY BOARD #9",2015,2,,,,,100.484295953631,102.913721782668,TRUE
"BROOKLYN COMMUNITY BOARD #9",2017,1,,,,,102.847025381756,109.624915604859,TRUE
"BROOKLYN COMMUNITY BOARD #9",2018,2,,,,,104.675046235713,112.134414076345,TRUE
"BROOKLYN COMMUNITY BOARD #9",2019,2,,,,,106.530687797474,114.748740835409,TRUE
"BROOKLYN COMMUNITY BOARD #9",2020,2,,,,,108.414239794744,117.935753675601,TRUE
"BROOKLYN COMMUNITY BOARD #9",2021,3,,,,,110.65187123857,119.137579303534,TRUE
"BROOKLYN COMMUNITY BOARD #9",2022,3,,,,,116.237048769221,119.968709204972,TRUE
"BROOKLYN COMMUNITY BOARD #9",2023,3,,,,,122.385199421188,125.45294384081,TRUE
"BROOKLYN COMMUNITY BOARD #9",2024,3,,,,,126.5824846726,131.901715171281,TRUE
"BROOKLYN COMMUNITY BOARD #9",2025,3,,,,,131.524337931956,138.829406942636,TRUE
"BUSINESS INTEGRITY COMMISSION",2014,63,58307,66595,76687.8957179855,100,100,100,FALSE
"BUSINESS INTEGRITY COMMISSION",2015,71,56737,68160.7183098591,74263.3094099492,97.3073558920884,100.484295953631,102.913721782668,FALSE
"BUSINESS INTEGRITY COMMISSION",2016,76,58246.5,70326.1447368421,75801.4477174367,99.8962388735486,101.0644595854,106.641178909451,FALSE
"BUSINESS INTEGRITY COMMISSION",2017,77,56567,70770.4025974026,72339.8386699153,97.0157957020598,102.847025381756,109.624915604859,FALSE
"BUSINESS INTEGRITY COMMISSION",2018,80,59482,70088.5875,74739.2138834275,102.01519543108,104.675046235713,112.134414076345,FALSE
"BUSINESS INTEGRITY COMMISSION",2019,76,58865,70945.9605263158,72675.5859033153,100.95700344727,106.530687797474,114.748740835409,FALSE
"BUSINESS INTEGRITY COMMISSION",2020,80,62495.5,74110.027375,75817.3398327425,107.183528564323,108.414239794744,117.935753675601,FALSE
"BUSINESS INTEGRITY COMMISSION",2021,78,63626.5,74071.7248717949,75628.484125541,109.123261357984,110.65187123857,119.137579303534,FALSE
"BUSINESS INTEGRITY COMMISSION",2022,70,67946.75,80844.8184285714,76882.9852702225,116.53274906958,116.237048769221,119.968709204972,FALSE
"BUSINESS INTEGRITY COMMISSION",2023,68,73420,85892.1738235294,78902.6527442368,125.919700893546,122.385199421188,125.45294384081,FALSE
"BUSINESS INTEGRITY COMMISSION",2024,64,73661.5,89422.10625,76537.287474117,126.333887869381,126.5824846726,131.901715171281,FALSE
"BUSINESS INTEGRITY COMMISSION",2025,62,80362,97451.2274193549,80362,137.825647006363,131.524337931956,138.829406942636,FALSE
"CAMPAIGN FINANCE BOARD",2014,80,66500,76264.4875,87463.6847247506,100,100,100,FALSE
"CAMPAIGN FINANCE BOARD",2015,85,68000,79455.894117647,89005.4997598841,102.255639097744,100.484295953631,102.913721782668,FALSE
"CAMPAIGN FINANCE BOARD",2016,87,72000,84185.908045977,93700.1233663043,108.270676691729,101.0644595854,106.641178909451,FALSE
"CAMPAIGN FINANCE BOARD",2017,87,72000,85246.7126436782,92076.0935569131,108.270676691729,102.847025381756,109.624915604859,FALSE
"CAMPAIGN FINANCE BOARD",2018,99,77000,86748.9696969697,96750.6047043461,115.789473684211,104.675046235713,112.134414076345,FALSE
"CAMPAIGN FINANCE BOARD",2019,100,80300.5,91302.31,99140.1662418954,120.752631578947,106.530687797474,114.748740835409,FALSE
"CAMPAIGN FINANCE BOARD",2020,108,90000,94988.9074074074,109184.830666957,135.338345864662,108.414239794744,117.935753675601,FALSE
"CAMPAIGN FINANCE BOARD",2021,108,79750,90616.9444444444,94793.3896884458,119.924812030075,110.65187123857,119.137579303534,FALSE
"CAMPAIGN FINANCE BOARD",2022,115,85492,96552.5565217391,96735.7552307044,128.559398496241,116.237048769221,119.968709204972,FALSE
"CAMPAIGN FINANCE BOARD",2023,138,82561.5,98324.4782608696,88726.796030282,124.152631578947,122.385199421188,125.45294384081,FALSE
"CAMPAIGN FINANCE BOARD",2024,156,89432.5,105031.480769231,92923.9964164315,134.484962406015,126.5824846726,131.901715171281,FALSE
"CAMPAIGN FINANCE BOARD",2025,172,90108,105917.01744186,90108,135.500751879699,131.524337931956,138.829406942636,FALSE
"CITY CLERK",2014,56,40329,58775.2321428571,53042.4502445785,100,100,100,FALSE
"CITY CLERK",2015,64,43774,57984.53125,57295.9815660171,108.54224007538,100.484295953631,102.913721782668,FALSE
"CITY CLERK",2016,63,45827,59902.8253968254,59638.8271320504,113.632869647152,101.0644595854,106.641178909451,FALSE
"CITY CLERK",2017,68,42317.5,58242.7205882353,54117.0845707593,104.930695033351,102.847025381756,109.624915604859,FALSE
"CITY CLERK",2018,62,46000,60562.1774193548,57799.0625506483,114.061841354856,104.675046235713,112.134414076345,FALSE
"CITY CLERK",2019,67,48000,62375.4328358209,59261.4987404933,119.021051848546,106.530687797474,114.748740835409,FALSE
"CITY CLERK",2020,62,46473,65026.8064516129,56379.4070620612,115.234694636614,108.414239794744,117.935753675601,FALSE
"CITY CLERK",2021,60,46473,66262.2,55239.2877616444,115.234694636614,110.65187123857,119.137579303534,FALSE
"CITY CLERK",2022,57,49440,69060,55942.2605460865,122.591683404002,116.237048769221,119.968709204972,FALSE
"CITY CLERK",2023,57,55457,75484.4912280702,59598.2622342296,137.511468174267,122.385199421188,125.45294384081,FALSE
"CITY CLERK",2024,59,56676,79562.2033898305,58888.6637508475,140.53410697017,126.5824846726,131.901715171281,FALSE
"CITY CLERK",2025,55,57530,82336.4,57530,142.651689850976,131.524337931956,138.829406942636,FALSE
"CITY COUNCIL",2014,272,75000,83888.9301470588,98643.2534489669,100,100,100,FALSE
"CITY COUNCIL",2015,311,75000,81770.6430868167,98167.8306175192,100,100.484295953631,102.913721782668,FALSE
"CITY COUNCIL",2016,316,73934.5,89119.8386075949,96217.6634864725,98.5793333333333,101.0644595854,106.641178909451,FALSE
"CITY COUNCIL",2017,313,80000,93147.5111821086,102306.770618792,106.666666666667,102.847025381756,109.624915604859,FALSE
"CITY COUNCIL",2018,340,77250,91847.8794117647,97064.7300442953,103,104.675046235713,112.134414076345,FALSE
"CITY COUNCIL",2019,417,85890,98008.6930455636,106041.04430877,114.52,106.530687797474,114.748740835409,FALSE
"CITY COUNCIL",2020,408,92679,101270.87745098,112434.899126477,123.572,108.414239794744,117.935753675601,FALSE
"CITY COUNCIL",2021,380,90286.5,100712.3,107317.409129854,120.382,110.65187123857,119.137579303534,FALSE
"CITY COUNCIL",2022,348,105000,113528.551724138,118809.412567538,140,116.237048769221,119.968709204972,FALSE
"CITY COUNCIL",2023,413,95000,108709.920096852,102094.143430979,126.666666666667,122.385199421188,125.45294384081,FALSE
"CITY COUNCIL",2024,453,98323,110406.543046358,102161.58666763,131.097333333333,126.5824846726,131.901715171281,FALSE
"CITY COUNCIL",2025,785,86757,101079.058598726,86757,115.676,131.524337931956,138.829406942636,FALSE
"CIVIL SERVICE COMMISSION",2014,6,,,,,100,100,TRUE
"CIVIL SERVICE COMMISSION",2015,7,,,,,100.484295953631,102.913721782668,TRUE
"CIVIL SERVICE COMMISSION",2016,7,,,,,101.0644595854,106.641178909451,TRUE
"CIVIL SERVICE COMMISSION",2017,8,,,,,102.847025381756,109.624915604859,TRUE
"CIVIL SERVICE COMMISSION",2018,8,,,,,104.675046235713,112.134414076345,TRUE
"CIVIL SERVICE COMMISSION",2019,8,,,,,106.530687797474,114.748740835409,TRUE
"CIVIL SERVICE COMMISSION",2020,8,,,,,108.414239794744,117.935753675601,TRUE
"CIVIL SERVICE COMMISSION",2021,8,,,,,110.65187123857,119.137579303534,TRUE
"CIVIL SERVICE COMMISSION",2022,8,,,,,116.237048769221,119.968709204972,TRUE
"CIVIL SERVICE COMMISSION",2023,6,,,,,122.385199421188,125.45294384081,TRUE
"CIVIL SERVICE COMMISSION",2024,7,,,,,126.5824846726,131.901715171281,TRUE
"CIVIL SERVICE COMMISSION",2025,7,,,,,131.524337931956,138.829406942636,TRUE
"CIVILIAN COMPLAINT REVIEW BD",2014,151,49045,56663.8830463576,64506.1115387278,100,100,100,FALSE
"CIVILIAN COMPLAINT REVIEW BD",2015,141,51288,59238.9574468085,67131.0892894843,104.57335100418,100.484295953631,102.913721782668,FALSE
"CIVILIAN COMPLAINT REVIEW BD",2016,146,52570,65853.3493150685,68414.1039634252,107.187276990519,101.0644595854,106.641178909451,FALSE
"CIVILIAN COMPLAINT REVIEW BD",2017,158,64460,72686.0126582278,82433.6804260919,131.430319094709,102.847025381756,109.624915604859,FALSE
"CIVILIAN COMPLAINT REVIEW BD",2018,172,64460,73405.4476744186,80994.0776524954,131.430319094709,104.675046235713,112.134414076345,FALSE
"CIVILIAN COMPLAINT REVIEW BD",2019,168,67258,80667.3153571429,83037.705881002,137.135283922928,106.530687797474,114.748740835409,FALSE
"CIVILIAN COMPLAINT REVIEW BD",2020,191,69245,81316.9458115183,84005.5955503717,141.186665307371,108.414239794744,117.935753675601,FALSE
"CIVILIAN COMPLAINT REVIEW BD",2021,181,69245,83022.5871270718,82306.8121501747,141.186665307371,110.65187123857,119.137579303534,FALSE
"CIVILIAN COMPLAINT REVIEW BD",2022,198,69245,81395.9088888889,78351.978792754,141.186665307371,116.237048769221,119.968709204972,FALSE
"CIVILIAN COMPLAINT REVIEW BD",2023,210,75666,84836.5046666667,81316.3732299839,154.278723621164,122.385199421188,125.45294384081,FALSE
"CIVILIAN COMPLAINT REVIEW BD",2024,220,77936,90402.9834090909,80978.6664211668,158.907126108676,126.5824846726,131.901715171281,FALSE
"CIVILIAN COMPLAINT REVIEW BD",2025,230,80469,95295.0085652174,80469,164.071770822714,131.524337931956,138.829406942636,FALSE
"COMMISSION ON RACIAL EQUITY",2024,6,,,,,126.5824846726,131.901715171281,TRUE
"COMMISSION ON RACIAL EQUITY",2025,13,,,,,131.524337931956,138.829406942636,TRUE
"COMMUNITY COLLEGE (BRONX)",2014,802,60775,63900.3029925187,79933.9163781462,100,100,100,FALSE
"COMMUNITY COLLEGE (BRONX)",2015,796,61903,64796.5939949749,81025.1095828839,101.856026326615,100.484295953631,102.913721782668,FALSE
"COMMUNITY COLLEGE (BRONX)",2016,828,61903,64796.3282608696,80559.9824547824,101.856026326615,101.0644595854,106.641178909451,FALSE
"COMMUNITY COLLEGE (BRONX)",2017,862,68351,71438.2819025522,87409.6259820634,112.465651995064,102.847025381756,109.624915604859,FALSE
"COMMUNITY COLLEGE (BRONX)",2018,888,67806,71577.8862612614,85198.3312023752,111.568901686549,104.675046235713,112.134414076345,FALSE
"COMMUNITY COLLEGE (BRONX)",2019,849,69193,72922.6690223791,85426.6850489781,113.851090086384,106.530687797474,114.748740835409,FALSE
"COMMUNITY COLLEGE (BRONX)",2020,810,74621,77414.0333333334,90527.5694355446,122.782394076512,108.414239794744,117.935753675601,FALSE
"COMMUNITY COLLEGE (BRONX)",2021,781,78144,78664.7131882202,92884.446944375,128.579185520362,110.65187123857,119.137579303534,FALSE
"COMMUNITY COLLEGE (BRONX)",2022,726,84946,82783.9614325069,96117.9462853532,139.771287535993,116.237048769221,119.968709204972,FALSE
"COMMUNITY COLLEGE (BRONX)",2023,711,86645,85504.3066104079,93115.2321850231,142.566844919786,122.385199421188,125.45294384081,FALSE
"COMMUNITY COLLEGE (BRONX)",2024,682,90375,87059.5850439883,93903.2921604002,148.704236939531,126.5824846726,131.901715171281,FALSE
"COMMUNITY COLLEGE (BRONX)",2025,709,90375,89362.6558533145,90375,148.704236939531,131.524337931956,138.829406942636,FALSE
"COMMUNITY COLLEGE (HOSTOS)",2014,549,59893,63774.0127504554,78773.8717175863,100,100,100,FALSE
"COMMUNITY COLLEGE (HOSTOS)",2015,557,61903,64366.3734290844,81025.1095828839,103.355984839631,100.484295953631,102.913721782668,FALSE
"COMMUNITY COLLEGE (HOSTOS)",2016,572,61903,64541.3006993007,80559.9824547824,103.355984839631,101.0644595854,106.641178909451,FALSE
"COMMUNITY COLLEGE (HOSTOS)",2017,592,67473,70524.7702702703,86286.8091745221,112.655903027065,102.847025381756,109.624915604859,FALSE
"COMMUNITY COLLEGE (HOSTOS)",2018,603,67473,71270.1194029851,84779.9162495629,112.655903027065,104.675046235713,112.134414076345,FALSE
"COMMUNITY COLLEGE (HOSTOS)",2019,599,68351,71729.0667779633,84387.1395919053,114.12185063363,106.530687797474,114.748740835409,FALSE
"COMMUNITY COLLEGE (HOSTOS)",2020,599,74621,76037.3405676125,90527.5694355446,124.590519760239,108.414239794744,117.935753675601,FALSE
"COMMUNITY COLLEGE (HOSTOS)",2021,564,75928.5,77317.4060283688,90251.033090397,126.773579550198,110.65187123857,119.137579303534,FALSE
"COMMUNITY COLLEGE (HOSTOS)",2022,550,81301,80532.4236363636,91993.5623919372,135.743743008365,116.237048769221,119.968709204972,FALSE
"COMMUNITY COLLEGE (HOSTOS)",2023,524,86209.5,84865.7309160305,92647.2111380316,143.939191558279,122.385199421188,125.45294384081,FALSE
"COMMUNITY COLLEGE (HOSTOS)",2024,518,86645,85052.5289575289,90027.6708076114,144.666321606866,126.5824846726,131.901715171281,FALSE
"COMMUNITY COLLEGE (HOSTOS)",2025,530,86645,86446.879245283,86645,144.666321606866,131.524337931956,138.829406942636,FALSE
"COMMUNITY COLLEGE (KINGSBORO)",2014,880,59893,63114.2477272728,78773.8717175863,100,100,100,FALSE
"COMMUNITY COLLEGE (KINGSBORO)",2015,891,61903,63662.9407968575,81025.1095828839,103.355984839631,100.484295953631,102.913721782668,FALSE
"COMMUNITY COLLEGE (KINGSBORO)",2016,886,64328,65323.8151805869,83715.8546653836,107.404872021772,101.0644595854,106.641178909451,FALSE
"COMMUNITY COLLEGE (KINGSBORO)",2017,867,71723,73086.3379469435,91721.8563636455,119.751890872055,102.847025381756,109.624915604859,FALSE
"COMMUNITY COLLEGE (KINGSBORO)",2018,861,74454,74176.3042973285,93551.5522423037,124.311689179036,104.675046235713,112.134414076345,FALSE
"COMMUNITY COLLEGE (KINGSBORO)",2019,862,74454,75061.8283062646,91921.9922338476,124.311689179036,106.530687797474,114.748740835409,FALSE
"COMMUNITY COLLEGE (KINGSBORO)",2020,858,77462,79118.5990675991,93974.1705902649,129.33397892909,108.414239794744,117.935753675601,FALSE
"COMMUNITY COLLEGE (KINGSBORO)",2021,827,80516,80378.5102781137,95703.8816821931,134.43307231229,110.65187123857,119.137579303534,FALSE
"COMMUNITY COLLEGE (KINGSBORO)",2022,814,84946,83767.2125307125,96117.9462853532,141.829596113068,116.237048769221,119.968709204972,FALSE
"COMMUNITY COLLEGE (KINGSBORO)",2023,791,90375,86652.6687737042,97123.7706586815,150.894094468469,122.385199421188,125.45294384081,FALSE
"COMMUNITY COLLEGE (KINGSBORO)",2024,785,90375,87709.0407643312,93903.2921604002,150.894094468469,126.5824846726,131.901715171281,FALSE
"COMMUNITY COLLEGE (KINGSBORO)",2025,774,90375,89744.7183462532,90375,150.894094468469,131.524337931956,138.829406942636,FALSE
"COMMUNITY COLLEGE (LAGUARDIA)",2014,950,64956,66864.2,85432.9489470813,100,100,100,FALSE
"COMMUNITY COLLEGE (LAGUARDIA)",2015,1018,64956,66889.4724950884,85021.194741221,100,100.484295953631,102.913721782668,FALSE
"COMMUNITY COLLEGE (LAGUARDIA)",2016,1089,66665,67942.6253443527,86757.2045029816,102.631011761808,101.0644595854,106.641178909451,FALSE
"COMMUNITY COLLEGE (LAGUARDIA)",2017,1156,74454,74493.0761245674,95214.3537456445,114.62220580085,102.847025381756,109.624915604859,FALSE
"COMMUNITY COLLEGE (LAGUARDIA)",2018,1125,75110,75810.408888889,94375.8171343303,115.632120204446,104.675046235713,112.134414076345,FALSE
"COMMUNITY COLLEGE (LAGUARDIA)",2019,1102,78477,77000.2722323046,96888.8465970352,120.815629041197,106.530687797474,114.748740835409,FALSE
"COMMUNITY COLLEGE (LAGUARDIA)",2020,1075,81647,81065.1125581396,99051.2652162784,125.695855656136,108.414239794744,117.935753675601,FALSE
"COMMUNITY COLLEGE (LAGUARDIA)",2021,1047,85162,82639.1891117479,101226.265236958,131.107211035162,110.65187123857,119.137579303534,FALSE
"COMMUNITY COLLEGE (LAGUARDIA)",2022,996,88602,86345.7158634538,100254.776879133,136.403103639387,116.237048769221,119.968709204972,FALSE
"COMMUNITY COLLEGE (LAGUARDIA)",2023,978,90375,89108.3885480572,97123.7706586815,139.132643635692,122.385199421188,125.45294384081,FALSE
"COMMUNITY COLLEGE (LAGUARDIA)",2024,990,90375,89258.9121212121,93903.2921604002,139.132643635692,126.5824846726,131.901715171281,FALSE
"COMMUNITY COLLEGE (LAGUARDIA)",2025,1001,90375,91712.2357642358,90375,139.132643635692,131.524337931956,138.829406942636,FALSE
"COMMUNITY COLLEGE (MANHATTAN)",2014,1174,63661,63954.5170357751,83729.7087708624,100,100,100,FALSE
"COMMUNITY COLLEGE (MANHATTAN)",2015,1221,64956,64541.1441441441,85021.194741221,102.034212469173,100.484295953631,102.913721782668,FALSE
"COMMUNITY COLLEGE (MANHATTAN)",2016,1230,64956,65306.8255284553,84533.1279636342,102.034212469173,101.0644595854,106.641178909451,FALSE
"COMMUNITY COLLEGE (MANHATTAN)",2017,1307,71723,72040.3439938791,91721.8563636455,112.663954383374,102.847025381756,109.624915604859,FALSE
"COMMUNITY COLLEGE (MANHATTAN)",2018,1343,71723,72926.3784065524,90120.0470286989,112.663954383374,104.675046235713,112.134414076345,FALSE
"COMMUNITY COLLEGE (MANHATTAN)",2019,1360,74454,73701.6992647058,91921.9922338476,116.953865003691,106.530687797474,114.748740835409,FALSE
"COMMUNITY COLLEGE (MANHATTAN)",2020,1348,77462,77539.4443620174,93974.1705902649,121.678892885754,108.414239794744,117.935753675601,FALSE
"COMMUNITY COLLEGE (MANHATTAN)",2021,1303,78144,79023.3392171911,92884.446944375,122.750192425504,110.65187123857,119.137579303534,FALSE
"COMMUNITY COLLEGE (MANHATTAN)",2022,1269,84946,82709.8668242711,96117.9462853532,133.434913055089,116.237048769221,119.968709204972,FALSE
"COMMUNITY COLLEGE (MANHATTAN)",2023,1260,87004,85922.0365079365,93501.0405796728,136.667661519612,122.385199421188,125.45294384081,FALSE
"COMMUNITY COLLEGE (MANHATTAN)",2024,1218,90375,87522.1018062397,93903.2921604002,141.962897221219,126.5824846726,131.901715171281,FALSE
"COMMUNITY COLLEGE (MANHATTAN)",2025,1196,90375,89218.360367893,90375,141.962897221219,131.524337931956,138.829406942636,FALSE
"COMMUNITY COLLEGE (QUEENSBORO)",2014,841,68024,67825.405469679,89468.1156348337,100,100,100,FALSE
"COMMUNITY COLLEGE (QUEENSBORO)",2015,884,68024,67448.2002262444,89036.9134656817,100,100.484295953631,102.913721782668,FALSE
"COMMUNITY COLLEGE (QUEENSBORO)",2016,921,67431,67596.6894679696,87754.0697043509,99.1282488533459,101.0644595854,106.641178909451,FALSE
"COMMUNITY COLLEGE (QUEENSBORO)",2017,963,75110,75235.0482866044,96053.2692647186,110.416911678231,102.847025381756,109.624915604859,FALSE
"COMMUNITY COLLEGE (QUEENSBORO)",2018,967,75110,75674.277145812,94375.8171343303,110.416911678231,104.675046235713,112.134414076345,FALSE
"COMMUNITY COLLEGE (QUEENSBORO)",2019,977,78102,77453.1197543502,96425.8661381251,114.815359284958,106.530687797474,114.748740835409,FALSE
"COMMUNITY COLLEGE (QUEENSBORO)",2020,940,84285,82161.2702127661,102251.593919605,123.90479830648,108.414239794744,117.935753675601,FALSE
"COMMUNITY COLLEGE (QUEENSBORO)",2021,902,85162,83969.822616408,101226.265236958,125.19404915912,110.65187123857,119.137579303534,FALSE
"COMMUNITY COLLEGE (QUEENSBORO)",2022,880,88602,87718.5818181818,100254.776879133,130.251087851347,116.237048769221,119.968709204972,FALSE
"COMMUNITY COLLEGE (QUEENSBORO)",2023,855,90375,90624.7859649123,97123.7706586815,132.857520874985,122.385199421188,125.45294384081,FALSE
"COMMUNITY COLLEGE (QUEENSBORO)",2024,832,90375,91366.9663461538,93903.2921604002,132.857520874985,126.5824846726,131.901715171281,FALSE
"COMMUNITY COLLEGE (QUEENSBORO)",2025,825,90375,93758.1696969697,90375,132.857520874985,131.524337931956,138.829406942636,FALSE
"CONFLICTS OF INTEREST BOARD",2014,20,,,,,100,100,TRUE
"CONFLICTS OF INTEREST BOARD",2015,21,,,,,100.484295953631,102.913721782668,TRUE
"CONFLICTS OF INTEREST BOARD",2016,21,,,,,101.0644595854,106.641178909451,TRUE
"CONFLICTS OF INTEREST BOARD",2017,23,,,,,102.847025381756,109.624915604859,TRUE
"CONFLICTS OF INTEREST BOARD",2018,26,,,,,104.675046235713,112.134414076345,TRUE
"CONFLICTS OF INTEREST BOARD",2019,25,,,,,106.530687797474,114.748740835409,TRUE
"CONFLICTS OF INTEREST BOARD",2020,25,,,,,108.414239794744,117.935753675601,TRUE
"CONFLICTS OF INTEREST BOARD",2021,23,,,,,110.65187123857,119.137579303534,TRUE
"CONFLICTS OF INTEREST BOARD",2022,24,,,,,116.237048769221,119.968709204972,TRUE
"CONFLICTS OF INTEREST BOARD",2023,23,,,,,122.385199421188,125.45294384081,TRUE
"CONFLICTS OF INTEREST BOARD",2024,22,,,,,126.5824846726,131.901715171281,TRUE
"CONFLICTS OF INTEREST BOARD",2025,21,,,,,131.524337931956,138.829406942636,TRUE
"CONSUMER AFFAIRS",2014,337,48444,57054.118694362,63715.6502677567,100,100,100,FALSE
"CONSUMER AFFAIRS",2015,359,48623,58364.7938718663,63642.8590415418,100.369498802741,100.484295953631,102.913721782668,FALSE
"CONSUMER AFFAIRS",2016,352,50000,58405.6505681818,65069.5301154891,103.211956072991,101.0644595854,106.641178909451,FALSE
"CONSUMER AFFAIRS",2017,391,54590,62524.5447570333,69811.5826009984,112.686813640492,102.847025381756,109.624915604859,FALSE
"CONSUMER AFFAIRS",2018,391,56872,64205.1560102302,71459.7453343581,117.397407315663,104.675046235713,112.134414076345,FALSE
"CONSUMER AFFAIRS",2019,403,60000,67677.7146401986,74076.8734256166,123.85434728759,106.530687797474,114.748740835409,FALSE
"CONSUMER AFFAIRS",2020,388,61123,69702.6932989691,74152.2711650714,126.172487820989,108.414239794744,117.935753675601,FALSE
"CONSUMER AFFAIRS",2021,361,61093,69475.2049861496,72617.0853446548,126.110560647345,110.65187123857,119.137579303534,FALSE
"CONSUMER AND WORKER PROTECTION",2022,395,62215,71570.6076202532,70397.4057418036,100,116.237048769221,119.968709204972,FALSE
"CONSUMER AND WORKER PROTECTION",2023,411,66898,76570.1298053528,71893.6211289015,107.527123683999,122.385199421188,125.45294384081,FALSE
"CONSUMER AND WORKER PROTECTION",2024,398,70022,81923.2573869347,72755.6992935607,112.548420798843,126.5824846726,131.901715171281,FALSE
"CONSUMER AND WORKER PROTECTION",2025,401,73158,85197.3092269326,73158,117.589005866752,131.524337931956,138.829406942636,FALSE
"CULTURAL AFFAIRS",2014,43,62783,74085.3255813953,82574.9250838198,100,100,100,FALSE
"CULTURAL AFFAIRS",2015,46,63976.5,77498.1956521739,83739.1228733562,101.900992306835,100.484295953631,102.913721782668,FALSE
"CULTURAL AFFAIRS",2016,47,67683,79721.1489361702,88082.020136133,107.804660497268,101.0644595854,106.641178909451,FALSE
"CULTURAL AFFAIRS",2017,51,69824,82531.862745098,89293.3493960819,111.214819298218,102.847025381756,109.624915604859,FALSE
"CULTURAL AFFAIRS",2018,50,67994.5,78034.28,85435.1817086969,108.300813914595,104.675046235713,112.134414076345,FALSE
"CULTURAL AFFAIRS",2019,52,68213.5,80834.7884615384,84217.3800903049,108.649634455187,106.530687797474,114.748740835409,FALSE
"CULTURAL AFFAIRS",2020,51,74833,92897.6666666667,90784.7603700046,119.193093671854,108.414239794744,117.935753675601,FALSE
"CULTURAL AFFAIRS",2021,51,74833,90933.5098039216,88948.8869035168,119.193093671854,110.65187123857,119.137579303534,FALSE
"CULTURAL AFFAIRS",2022,44,79587.5,90764.6136363636,90054.7059306565,126.766003535989,116.237048769221,119.968709204972,FALSE
"CULTURAL AFFAIRS",2023,52,80477,90913.7884615385,86486.6355883675,128.182788334422,122.385199421188,125.45294384081,FALSE
"CULTURAL AFFAIRS",2024,50,83590,98319.1,86853.4018444023,133.141136931972,126.5824846726,131.901715171281,FALSE
"CULTURAL AFFAIRS",2025,50,86306.5,100595.2,86306.5,137.467945144386,131.524337931956,138.829406942636,FALSE
"CUNY CENTRAL OFFICE",2016,12,,,,,101.0644595854,106.641178909451,TRUE
"CUNY CENTRAL OFFICE",2017,19,,,,,102.847025381756,109.624915604859,TRUE
"CUNY CENTRAL OFFICE",2018,28,,,,,104.675046235713,112.134414076345,TRUE
"CUNY CENTRAL OFFICE",2019,84,72261.5,73024.9047619048,89215.0998174199,100,106.530687797474,114.748740835409,FALSE
"CUNY CENTRAL OFFICE",2020,93,78144,79359.6774193549,94801.5489737634,108.140572780803,108.414239794744,117.935753675601,FALSE
"CUNY CENTRAL OFFICE",2021,94,79677,81888.5106382979,94706.6195637153,110.262034416667,110.65187123857,119.137579303534,FALSE
"CUNY CENTRAL OFFICE",2022,80,90130,90740.3625,101983.736711545,124.727552015942,116.237048769221,119.968709204972,FALSE
"CUNY CENTRAL OFFICE",2023,85,93491,94491.6823529412,100472.458563218,129.37871480664,122.385199421188,125.45294384081,FALSE
"CUNY CENTRAL OFFICE",2024,80,96602,97460.7625,100373.397834346,133.683911903296,126.5824846726,131.901715171281,FALSE
"CUNY CENTRAL OFFICE",2025,76,100329,101027.539473684,100329,138.841568470071,131.524337931956,138.829406942636,FALSE
"DEPARTMENT FOR THE AGING",2014,275,58000,64877.7745454546,76284.1160005344,100,100,100,FALSE
"DEPARTMENT FOR THE AGING",2015,270,60981,68459.262962963,79818.2997184925,105.139655172414,100.484295953631,102.913721782668,FALSE
"DEPARTMENT FOR THE AGING",2016,272,62655,70580.1213235294,81538.6281877194,108.025862068966,101.0644595854,106.641178909451,FALSE
"DEPARTMENT FOR THE AGING",2017,293,66413,75125.2730375427,84931.2444638232,114.505172413793,102.847025381756,109.624915604859,FALSE
"DEPARTMENT FOR THE AGING",2018,295,67926,75678.9762711864,85349.1113655508,117.113793103448,104.675046235713,112.134414076345,FALSE
"DEPARTMENT FOR THE AGING",2019,299,70180,78613.9698996655,86645.2496168295,121,106.530687797474,114.748740835409,FALSE
"DEPARTMENT FOR THE AGING",2020,314,72280.5,81009.9012738854,87688.1572558112,124.621551724138,108.414239794744,117.935753675601,FALSE
"DEPARTMENT FOR THE AGING",2021,302,74800,82127.0728476821,88909.6620526112,128.965517241379,110.65187123857,119.137579303534,FALSE
"DEPARTMENT FOR THE AGING",2022,276,76261.5,83892.522173913,86291.2763478028,131.485344827586,116.237048769221,119.968709204972,FALSE
"DEPARTMENT FOR THE AGING",2023,286,80467.5,88769.2412587413,86476.4261740244,138.737068965517,122.385199421188,125.45294384081,FALSE
"DEPARTMENT FOR THE AGING",2024,304,86440.5,96857.7049342105,89815.1870095831,149.035344827586,126.5824846726,131.901715171281,FALSE
"DEPARTMENT FOR THE AGING",2025,305,89095,100663.312459016,89095,153.612068965517,131.524337931956,138.829406942636,FALSE
"DEPARTMENT OF BUILDINGS",2014,1025,63693,68351.3132487805,83771.7965590006,100,100,100,FALSE
"DEPARTMENT OF BUILDINGS",2015,1082,67889.5,71960.6476062847,88860.8658227743,106.588636113859,100.484295953631,102.913721782668,FALSE
"DEPARTMENT OF BUILDINGS",2016,1284,65841,73519.4247429907,85684.8586466783,103.3724271113,101.0644595854,106.641178909451,FALSE
"DEPARTMENT OF BUILDINGS",2017,1488,66950,73616.2965591398,85617.9786616018,105.113591760476,102.847025381756,109.624915604859,FALSE
"DEPARTMENT OF BUILDINGS",2018,1531,66133,73713.0365251469,83096.2044274353,103.830876234437,104.675046235713,112.134414076345,FALSE
"DEPARTMENT OF BUILDINGS",2019,1596,67792,76405.9554636592,83696.99005449,106.435558067606,106.530687797474,114.748740835409,FALSE
"DEPARTMENT OF BUILDINGS",2020,1670,69826,77187.5807904192,84710.4442905662,109.629001617132,108.414239794744,117.935753675601,FALSE
"DEPARTMENT OF BUILDINGS",2021,1626,69826,77332.0885116851,82997.4072524817,109.629001617132,110.65187123857,119.137579303534,FALSE
"DEPARTMENT OF BUILDINGS",2022,1516,70161,78095.065171504,79388.4494776289,110.154962083745,116.237048769221,119.968709204972,FALSE
"DEPARTMENT OF BUILDINGS",2023,1536,74092,81833.8696614583,79624.8344746117,116.326754902423,122.385199421188,125.45294384081,FALSE
"DEPARTMENT OF BUILDINGS",2024,1516,78967,89785.3295514513,82049.9172562138,123.980657215079,126.5824846726,131.901715171281,FALSE
"DEPARTMENT OF BUILDINGS",2025,1551,81154,91916.4548291425,81154,127.414315544879,131.524337931956,138.829406942636,FALSE
"DEPARTMENT OF BUSINESS SERV.",2014,212,65216.5,72826.9858490566,85775.569847394,100,100,100,FALSE
"DEPARTMENT OF BUSINESS SERV.",2015,211,67436,75565.2938388626,88267.2776736403,103.403279844825,100.484295953631,102.913721782668,FALSE
"DEPARTMENT OF BUSINESS SERV.",2016,236,66930.5,76875.2306779661,87102.7237078949,102.628169251646,101.0644595854,106.641178909451,FALSE
"DEPARTMENT OF BUSINESS SERV.",2017,263,68624,78525.168973384,87758.7478368,105.224904740365,102.847025381756,109.624915604859,FALSE
"DEPARTMENT OF BUSINESS SERV.",2018,254,68672,77446.7261417323,86286.4613799592,105.298505746245,104.675046235713,112.134414076345,FALSE
"DEPARTMENT OF BUSINESS SERV.",2019,282,71841,79796.3597163121,88695.944396162,110.157705488642,106.530687797474,114.748740835409,FALSE
"DEPARTMENT OF BUSINESS SERV.",2020,289,77411,86705.7162629758,93912.2991862203,118.698488879348,108.414239794744,117.935753675601,FALSE
"DEPARTMENT OF BUSINESS SERV.",2021,265,77805,88263.1924528302,92481.5007487088,119.302630469283,110.65187123857,119.137579303534,FALSE
"DEPARTMENT OF BUSINESS SERV.",2022,244,80304.5,90235.9713114754,90866.0044907605,123.135249515077,116.237048769221,119.968709204972,FALSE
"DEPARTMENT OF BUSINESS SERV.",2023,244,84677,93264.7100409836,91000.2714032108,129.839841144496,122.385199421188,125.45294384081,FALSE
"DEPARTMENT OF BUSINESS SERV.",2024,299,89290,98653.6588628763,92775.9331341869,136.913204480461,126.5824846726,131.901715171281,FALSE
"DEPARTMENT OF BUSINESS SERV.",2025,289,90395,101797.816608997,90395,138.60756097,131.524337931956,138.829406942636,FALSE
"DEPARTMENT OF CITY PLANNING",2014,230,68008,71853.3173913043,89447.0717407645,100,100,100,FALSE
"DEPARTMENT OF CITY PLANNING",2015,247,70218,76149.2429149798,91908.6497373462,103.249617692036,100.484295953631,102.913721782668,FALSE
"DEPARTMENT OF CITY PLANNING",2016,260,72912,78275.7961538462,94886.9915956108,107.210916362781,101.0644595854,106.641178909451,FALSE
"DEPARTMENT OF CITY PLANNING",2017,288,73951.5,80282.1909722222,94571.7393426952,108.739413010234,102.847025381756,109.624915604859,FALSE
"DEPARTMENT OF CITY PLANNING",2018,295,75000,81430.1661016948,94237.6019847527,110.281143394895,104.675046235713,112.134414076345,FALSE
"DEPARTMENT OF CITY PLANNING",2019,303,77498,85167.5280528053,95680.1589456405,113.954240677567,106.530687797474,114.748740835409,FALSE
"DEPARTMENT OF CITY PLANNING",2020,300,78989.5,86642.2433333333,95827.2797996402,116.14736501588,108.414239794744,117.935753675601,FALSE
"DEPARTMENT OF CITY PLANNING",2021,275,79993,87941.3309090909,95082.2272269322,117.622926714504,110.65187123857,119.137579303534,FALSE
"DEPARTMENT OF CITY PLANNING",2022,261,82500,89141.4137931034,93350.252731637,121.309257734384,116.237048769221,119.968709204972,FALSE
"DEPARTMENT OF CITY PLANNING",2023,288,89775,95380.0625,96478.9655422753,132.006528643689,122.385199421188,125.45294384081,FALSE
"DEPARTMENT OF CITY PLANNING",2024,292,92584,100542.98630137,96198.532795336,136.136925067639,126.5824846726,131.901715171281,FALSE
"DEPARTMENT OF CITY PLANNING",2025,305,96638,104630.478688525,96638,142.097988471944,131.524337931956,138.829406942636,FALSE
"DEPARTMENT OF CORRECTION",2014,9777,76488,68447.6505062904,100600.335597394,100,100,100,FALSE
"DEPARTMENT OF CORRECTION",2015,9616,76488,68773.7236688852,100115.480376971,100,100.484295953631,102.913721782668,FALSE
"DEPARTMENT OF CORRECTION",2016,10155,80788,69842.5654357459,105136.743979403,105.621796883171,101.0644595854,106.641178909451,FALSE
"DEPARTMENT OF CORRECTION",2017,12031,71128,67045.1599202062,90960.9497571682,92.9923648153959,102.847025381756,109.624915604859,FALSE
"DEPARTMENT OF CORRECTION",2018,11893,71292,69143.0302699072,89578.4949426265,93.2067775337308,104.675046235713,112.134414076345,FALSE
"DEPARTMENT OF CORRECTION",2019,11424,85292,70904.053046219,105302.744803628,111.510302269637,106.530687797474,114.748740835409,FALSE
"DEPARTMENT OF CORRECTION",2020,10404,85292,73843.3703383317,103473.25085829,111.510302269637,108.414239794744,117.935753675601,FALSE
"DEPARTMENT OF CORRECTION",2021,9372,92073,82270.8973538199,109440.89992206,120.375745214936,110.65187123857,119.137579303534,FALSE
"DEPARTMENT OF CORRECTION",2022,7914,92073,87618.9596916856,104182.276603152,120.375745214936,116.237048769221,119.968709204972,FALSE
"DEPARTMENT OF CORRECTION",2023,7297,92073,89440.0337124846,98948.569138111,120.375745214936,122.385199421188,125.45294384081,FALSE
"DEPARTMENT OF CORRECTION",2024,6892,101590,98308.3813116654,105556.132233196,132.81821985148,126.5824846726,131.901715171281,FALSE
"DEPARTMENT OF CORRECTION",2025,6797,105146,99923.5608592023,105146,137.4673151344,131.524337931956,138.829406942636,FALSE
"DEPARTMENT OF EDUCATION ADMIN",2014,9802,56680,59406.4765354009,74547.9947398326,100,100,100,FALSE
"DEPARTMENT OF EDUCATION ADMIN",2015,10104,60677,62355.961797308,79420.3927783895,107.0518701482,100.484295953631,102.913721782668,FALSE
"DEPARTMENT OF EDUCATION ADMIN",2016,10710,62795,64403.3314659197,81720.8228720427,110.788637967537,101.0644595854,106.641178909451,FALSE
"DEPARTMENT OF EDUCATION ADMIN",2017,11040,65840,67144.0251811594,84198.472219266,116.160903316867,102.847025381756,109.624915604859,FALSE
"DEPARTMENT OF EDUCATION ADMIN",2018,11321,68530,68945.8793392808,86108.038186868,120.90684544813,104.675046235713,112.134414076345,FALSE
"DEPARTMENT OF EDUCATION ADMIN",2019,11689,70938,71596.3522114832,87581.0874511065,125.15525758645,106.530687797474,114.748740835409,FALSE
"DEPARTMENT OF EDUCATION ADMIN",2020,12133,72903,73617.9374433391,88443.352334591,128.622088920254,108.414239794744,117.935753675601,FALSE
"DEPARTMENT OF EDUCATION ADMIN",2021,11732,74294,74893.8042558819,88308.2143387259,131.076217360621,110.65187123857,119.137579303534,FALSE
"DEPARTMENT OF EDUCATION ADMIN",2022,11388,75029.5,75279.8179662803,84897.2459070104,132.373853211009,116.237048769221,119.968709204972,FALSE
"DEPARTMENT OF EDUCATION ADMIN",2023,11474,75381,77924.4995642322,81010.090799691,132.994001411433,122.385199421188,125.45294384081,FALSE
"DEPARTMENT OF EDUCATION ADMIN",2024,11685,79971,82952.8200256768,83093.1139956776,141.092095977417,126.5824846726,131.901715171281,FALSE
"DEPARTMENT OF EDUCATION ADMIN",2025,12178,82370,85642.2960256204,82370,145.324629498941,131.524337931956,138.829406942636,FALSE
"DEPARTMENT OF FINANCE",2014,1766,60009,66634.9580973953,78926.4399495874,100,100,100,FALSE
"DEPARTMENT OF FINANCE",2015,1827,65381,69135.7569786535,85577.4791147203,108.951990534753,100.484295953631,102.913721782668,FALSE
"DEPARTMENT OF FINANCE",2016,1834,67516,71133.5468920393,87864.6879055472,112.509790198137,101.0644595854,106.641178909451,FALSE
"DEPARTMENT OF FINANCE",2017,1901,67502,73251.9321409784,86323.8953788715,112.486460364279,102.847025381756,109.624915604859,FALSE
"DEPARTMENT OF FINANCE",2018,1857,70154,74590.2563274098,88148.5963951779,116.905797463714,104.675046235713,112.134414076345,FALSE
"DEPARTMENT OF FINANCE",2019,1921,69761,75737.0583029673,86127.9461174073,116.250895698978,106.530687797474,114.748740835409,FALSE
"DEPARTMENT OF FINANCE",2020,1969,70457,78106.373285932,85475.9512700201,117.410721725075,108.414239794744,117.935753675601,FALSE
"DEPARTMENT OF FINANCE",2021,1878,71786.5,79166.5686900959,85327.7199858259,119.626222733257,110.65187123857,119.137579303534,FALSE
"DEPARTMENT OF FINANCE",2022,1641,76198,81904.0652041438,86219.4249411549,126.977620023663,116.237048769221,119.968709204972,FALSE
"DEPARTMENT OF FINANCE",2023,1612,83264,87634.415012407,89481.7553540742,138.752520455265,122.385199421188,125.45294384081,FALSE
"DEPARTMENT OF FINANCE",2024,1630,85953,92450.5595092025,89308.65472822,143.233514972754,126.5824846726,131.901715171281,FALSE
"DEPARTMENT OF FINANCE",2025,1690,87516.5,93761.4976331362,87516.5,145.83895748971,131.524337931956,138.829406942636,FALSE
"DEPARTMENT OF INVESTIGATION",2014,203,68000,75290.7733990148,89436.54979373,100,100,100,FALSE
"DEPARTMENT OF INVESTIGATION",2015,250,67357.5,75935.484,88164.528677594,99.0551470588235,100.484295953631,102.913721782668,FALSE
"DEPARTMENT OF INVESTIGATION",2016,309,69027,77339.3883495146,89831.0891056373,101.510294117647,101.0644595854,106.641178909451,FALSE
"DEPARTMENT OF INVESTIGATION",2017,345,67812,78303.1565217391,86720.3341150193,99.7235294117647,102.847025381756,109.624915604859,FALSE
"DEPARTMENT OF INVESTIGATION",2018,362,67906,78012.9889502762,85323.9813383549,99.8617647058824,104.675046235713,112.134414076345,FALSE
"DEPARTMENT OF INVESTIGATION",2019,353,72173,81356.8640226629,89105.8364291171,106.136764705882,106.530687797474,114.748740835409,FALSE
"DEPARTMENT OF INVESTIGATION",2020,358,74049,81707.9162011173,89833.6391784169,108.895588235294,108.414239794744,117.935753675601,FALSE
"DEPARTMENT OF INVESTIGATION",2021,326,75253.5,83053.5879754601,89448.7065946013,110.666911764706,110.65187123857,119.137579303534,FALSE
"DEPARTMENT OF INVESTIGATION",2022,281,77000,85239.8007117438,87126.9025495278,113.235294117647,116.237048769221,119.968709204972,FALSE
"DEPARTMENT OF INVESTIGATION",2023,269,77000,87315.9219330855,82749.9899387937,113.235294117647,122.385199421188,125.45294384081,FALSE
"DEPARTMENT OF INVESTIGATION",2024,266,91294,100475.015037594,94858.1704508059,134.255882352941,126.5824846726,131.901715171281,FALSE
"DEPARTMENT OF INVESTIGATION",2025,253,97616,107153.450592885,97616,143.552941176471,131.524337931956,138.829406942636,FALSE
"DEPARTMENT OF PROBATION",2014,949,56646,56771.2212855637,74503.2764649357,100,100,100,FALSE
"DEPARTMENT OF PROBATION",2015,932,61070,60326.7972103004,79934.7922108253,107.809907142605,100.484295953631,102.913721782668,FALSE
"DEPARTMENT OF PROBATION",2016,911,62517,62174.9473106476,81359.0362846006,110.364368181337,101.0644595854,106.641178909451,FALSE
"DEPARTMENT OF PROBATION",2017,956,61925.5,61576.2677824268,79192.4740494253,109.320163824454,102.847025381756,109.624915604859,FALSE
"DEPARTMENT OF PROBATION",2018,1021,61210,60346.1155729677,76910.4482331562,108.057056102814,104.675046235713,112.134414076345,FALSE
"DEPARTMENT OF PROBATION",2019,1136,58343,62520.6839788732,72031.1171045125,102.995798467676,106.530687797474,114.748740835409,FALSE
"DEPARTMENT OF PROBATION",2020,1102,58106,63079.6297640655,70492.153008158,102.577410585037,108.414239794744,117.935753675601,FALSE
"DEPARTMENT OF PROBATION",2021,1041,58343,64271.5706051873,69348.3477691911,102.995798467676,110.65187123857,119.137579303534,FALSE
"DEPARTMENT OF PROBATION",2022,937,58047,64161.2390608324,65681.2378219798,102.473254951806,116.237048769221,119.968709204972,FALSE
"DEPARTMENT OF PROBATION",2023,980,55521.5,63586.293877551,59667.5787842433,98.0148642446069,122.385199421188,125.45294384081,FALSE
"DEPARTMENT OF PROBATION",2024,847,59869,66666.6092089729,62206.320313704,105.689722133955,126.5824846726,131.901715171281,FALSE
"DEPARTMENT OF PROBATION",2025,836,70046,79539.9509569378,70046,123.655686191435,131.524337931956,138.829406942636,FALSE
"DEPARTMENT OF SANITATION",2014,8300,69339,66183.5420481923,91197.6606786389,100,100,100,FALSE
"DEPARTMENT OF SANITATION",2015,8574,72153,67732.6294611617,94441.3797672782,104.058322156362,100.484295953631,102.913721782668,FALSE
"DEPARTMENT OF SANITATION",2016,8758,73235,68188.1895409911,95307.3407601569,105.61877154271,101.0644595854,106.641178909451,FALSE
"DEPARTMENT OF SANITATION",2017,8883,75066,70559.6261398176,95997.0005408783,108.259421105006,102.847025381756,109.624915604859,FALSE
"DEPARTMENT OF SANITATION",2018,8851,77318,73021.3635747376,97150.1721367615,111.507232581952,104.675046235713,112.134414076345,FALSE
"DEPARTMENT OF SANITATION",2019,9161,77318,73225.3368627881,95457.9283253637,111.507232581952,106.530687797474,114.748740835409,FALSE
"DEPARTMENT OF SANITATION",2020,8984,77318,74317.939421194,93799.4748611978,111.507232581952,108.414239794744,117.935753675601,FALSE
"DEPARTMENT OF SANITATION",2021,8426,83465,80919.0955091387,99209.1569949358,120.372373411788,110.65187123857,119.137579303534,FALSE
"DEPARTMENT OF SANITATION",2022,8757,83465,79347.844211488,94442.1678090434,120.372373411788,116.237048769221,119.968709204972,FALSE
"DEPARTMENT OF SANITATION",2023,9101,83465,78768.9827491485,89697.7650680703,120.372373411788,122.385199421188,125.45294384081,FALSE
"DEPARTMENT OF SANITATION",2024,9066,88979,84112.7404588573,92452.7915146916,128.324608084916,126.5824846726,131.901715171281,FALSE
"DEPARTMENT OF SANITATION",2025,8957,92093,86843.4031483757,92093,132.815587187586,131.524337931956,138.829406942636,FALSE
"DEPARTMENT OF TRANSPORTATION",2014,3260,54924,60610.1012269939,72238.4273657474,100,100,100,FALSE
"DEPARTMENT OF TRANSPORTATION",2015,3263,57437,63325.0566962918,75179.5424957127,104.575413298376,100.484295953631,102.913721782668,FALSE
"DEPARTMENT OF TRANSPORTATION",2016,3382,58873,65478.4183914843,76616.7689297838,107.189935183162,101.0644595854,106.641178909451,FALSE
"DEPARTMENT OF TRANSPORTATION",2017,3550,61104,67899.0087323944,78141.9113986335,111.251911732576,102.847025381756,109.624915604859,FALSE
"DEPARTMENT OF TRANSPORTATION",2018,3627,61104,68783.8243727598,76777.2590890177,111.251911732576,104.675046235713,112.134414076345,FALSE
"DEPARTMENT OF TRANSPORTATION",2019,3715,63728,72567.666756393,78679.5164944616,116.029422474692,106.530687797474,114.748740835409,FALSE
"DEPARTMENT OF TRANSPORTATION",2020,3868,66427.5,74359.945191314,80587.5037681034,120.944395892506,108.414239794744,117.935753675601,FALSE
"DEPARTMENT OF TRANSPORTATION",2021,3889,66770,74619.4178452044,79364.9483322574,121.567984851795,110.65187123857,119.137579303534,FALSE
"DEPARTMENT OF TRANSPORTATION",2022,3684,67044,75645.8458197611,75861.5072016954,122.066856019227,116.237048769221,119.968709204972,FALSE
"DEPARTMENT OF TRANSPORTATION",2023,3803,70403,79214.5732316592,75660.3576839077,128.182579564489,122.385199421188,125.45294384081,FALSE
"DEPARTMENT OF TRANSPORTATION",2024,3903,75558,87871.9410709712,78507.8279286918,137.568276163426,126.5824846726,131.901715171281,FALSE
"DEPARTMENT OF TRANSPORTATION",2025,3868,79351,92024.2786970012,79351,144.474182506737,131.524337931956,138.829406942636,FALSE
"DEPT OF CITYWIDE ADMIN SVCS",2014,1489,44000,53755.5083948959,57870.7086900606,100,100,100,FALSE
"DEPT OF CITYWIDE ADMIN SVCS",2015,1517,47900,57636.7640079103,62696.5211543889,108.863636363636,100.484295953631,102.913721782668,FALSE
"DEPT OF CITYWIDE ADMIN SVCS",2016,1682,49288,59124.0372889418,64142.9400066445,112.018181818182,101.0644595854,106.641178909451,FALSE
"DEPT OF CITYWIDE ADMIN SVCS",2017,1786,50799,61448.8002239642,64963.5205083004,115.452272727273,102.847025381756,109.624915604859,FALSE
"DEPT OF CITYWIDE ADMIN SVCS",2018,1874,50763,62518.243601921,63783.77852736,115.370454545455,104.675046235713,112.134414076345,FALSE
"DEPT OF CITYWIDE ADMIN SVCS",2019,1938,53579.5,64712.7846439628,66150.030661797,121.771590909091,106.530687797474,114.748740835409,FALSE
"DEPT OF CITYWIDE ADMIN SVCS",2020,1989,57583,67590.9147511313,69857.6678255044,130.870454545455,108.414239794744,117.935753675601,FALSE
"DEPT OF CITYWIDE ADMIN SVCS",2021,1839,57590,69072.3588145731,68453.3079894369,130.886363636364,110.65187123857,119.137579303534,FALSE
"DEPT OF CITYWIDE ADMIN SVCS",2022,1645,61866,70962.1589665653,70002.5058847934,140.604545454545,116.237048769221,119.968709204972,FALSE
"DEPT OF CITYWIDE ADMIN SVCS",2023,1661,61866,73681.5639072848,66485.8555526417,140.604545454545,122.385199421188,125.45294384081,FALSE
"DEPT OF CITYWIDE ADMIN SVCS",2024,1661,68959,81344.6188139676,71651.1991600447,156.725,126.5824846726,131.901715171281,FALSE
"DEPT OF CITYWIDE ADMIN SVCS",2025,1690,72272,84192.166183432,72272,164.254545454545,131.524337931956,138.829406942636,FALSE
"DEPT OF ED PARA PROFESSIONALS",2014,20544,31715,30541.4821359035,41712.9437751198,100,100,100,FALSE
"DEPT OF ED PARA PROFESSIONALS",2015,22033,33329,31986.1800027232,43624.4750220173,105.089074570393,100.484295953631,102.913721782668,FALSE
"DEPT OF ED PARA PROFESSIONALS",2016,23869,34492,32897.8841593699,44887.564654869,108.756109096642,101.0644595854,106.641178909451,FALSE
"DEPT OF ED PARA PROFESSIONALS",2017,24903,36062,34391.9749026222,46117.3345256861,113.706448052972,102.847025381756,109.624915604859,FALSE
"DEPT OF ED PARA PROFESSIONALS",2018,25127,37872,36245.9591276314,47586.2194982207,119.413526722371,104.675046235713,112.134414076345,FALSE
"DEPT OF ED PARA PROFESSIONALS",2019,25397,39830,38011.7475686102,49174.6978090385,125.587261548163,106.530687797474,114.748740835409,FALSE
"DEPT OF ED PARA PROFESSIONALS",2020,25701,40825,38998.9802342305,49527.452355317,128.724578275264,108.414239794744,117.935753675601,FALSE
"DEPT OF ED PARA PROFESSIONALS",2021,25142,42433,40754.6316522154,50437.2151053269,133.79473435283,110.65187123857,119.137579303534,FALSE
"DEPT OF ED PARA PROFESSIONALS",2022,23366,42049,40259.4786869811,47579.2094195467,132.583950811919,116.237048769221,119.968709204972,FALSE
"DEPT OF ED PARA PROFESSIONALS",2023,23636,42049,40167.5962937892,45189.0172329394,132.583950811919,122.385199421188,125.45294384081,FALSE
"DEPT OF ED PARA PROFESSIONALS",2024,24286,43126,42294.8527958496,44809.6639303947,135.979820274318,126.5824846726,131.901715171281,FALSE
"DEPT OF ED PARA PROFESSIONALS",2025,24994,44420,43333.4283428022,44420,140.059908560618,131.524337931956,138.829406942636,FALSE
"DEPT OF ED PEDAGOGICAL",2014,87176,75796,76952.5570914003,99690.1871789053,100,100,100,FALSE
"DEPT OF ED PEDAGOGICAL",2015,89681,79654,80532.8296517658,104259.471733438,105.089978362974,100.484295953631,102.913721782668,FALSE
"DEPT OF ED PEDAGOGICAL",2016,91613,82434,83070.571549671,107278.832910805,108.757718085387,101.0644595854,106.641178909451,FALSE
"DEPT OF ED PEDAGOGICAL",2017,93356,86185,86634.1754038304,110216.362822258,113.706528048974,102.847025381756,109.624915604859,FALSE
"DEPT OF ED PEDAGOGICAL",2018,94686,90973,90996.8955706234,114307.698204785,120.02348408887,104.675046235713,112.134414076345,FALSE
"DEPT OF ED PEDAGOGICAL",2019,94969,96083,93771.4454927368,118625.470489225,126.765264657766,106.530687797474,114.748740835409,FALSE
"DEPT OF ED PEDAGOGICAL",2020,95470,98486,96733.4004504008,119479.747034066,129.935616655232,108.414239794744,117.935753675601,FALSE
"DEPT OF ED PEDAGOGICAL",2021,94087,101441,101060.494138403,120576.003051857,133.83423927384,110.65187123857,119.137579303534,FALSE
"DEPT OF ED PEDAGOGICAL",2022,93986,101441,100739.758442747,114782.339240606,133.83423927384,116.237048769221,119.968709204972,FALSE
"DEPT OF ED PEDAGOGICAL",2023,93524,101441,101384.414203841,109016.1263556,133.83423927384,122.385199421188,125.45294384081,FALSE
"DEPT OF ED PEDAGOGICAL",2024,94281,107619,107652.616295968,111820.507872864,141.985065174943,126.5824846726,131.901715171281,FALSE
"DEPT OF ED PEDAGOGICAL",2025,96161,110848,111322.447790686,110848,146.245184442451,131.524337931956,138.829406942636,FALSE
"DEPT OF ENVIRONMENT PROTECTION",2014,3887,58216,65299.3931360946,76568.2085704674,100,100,100,FALSE
"DEPT OF ENVIRONMENT PROTECTION",2015,3934,60873,68151.185307575,79676.9380424033,104.56403737804,100.484295953631,102.913721782668,FALSE
"DEPT OF ENVIRONMENT PROTECTION",2016,4054,63631,70631.4417858905,82808.7854155737,109.301566579634,101.0644595854,106.641178909451,FALSE
"DEPT OF ENVIRONMENT PROTECTION",2017,4120,65488.5,73139.0981747573,83748.9618458597,112.492270166277,102.847025381756,109.624915604859,FALSE
"DEPT OF ENVIRONMENT PROTECTION",2018,4185,65938,73743.6362915171,82851.186662275,113.264394668132,104.675046235713,112.134414076345,FALSE
"DEPT OF ENVIRONMENT PROTECTION",2019,4198,68886,77379.263353977,85047.6583799504,118.328294626907,106.530687797474,114.748740835409,FALSE
"DEPT OF ENVIRONMENT PROTECTION",2020,4200,70726,79366.7425142866,85802.2925972358,121.488937749072,108.414239794744,117.935753675601,FALSE
"DEPT OF ENVIRONMENT PROTECTION",2021,4001,72647,80658.0621244688,86350.5376889846,124.788717878247,110.65187123857,119.137579303534,FALSE
"DEPT OF ENVIRONMENT PROTECTION",2022,3769,73603,80911.4249721411,83283.1351734143,126.430878109111,116.237048769221,119.968709204972,FALSE
"DEPT OF ENVIRONMENT PROTECTION",2023,3912,78181,85565.5556799591,84019.1813429198,134.294695616325,122.385199421188,125.45294384081,FALSE
"DEPT OF ENVIRONMENT PROTECTION",2024,3938,82743,92464.2180853225,85973.3344755518,142.131029270304,126.5824846726,131.901715171281,FALSE
"DEPT OF ENVIRONMENT PROTECTION",2025,3905,85995,96287.8363175416,85995,147.717122440566,131.524337931956,138.829406942636,FALSE
"DEPT OF HEALTH/MENTAL HYGIENE",2014,4180,56659,63075.5086124402,74520.3746288669,100,100,100,FALSE
"DEPT OF HEALTH/MENTAL HYGIENE",2015,4233,58857,66191.5816206,77038.1867554044,103.879348382428,100.484295953631,102.913721782668,FALSE
"DEPT OF HEALTH/MENTAL HYGIENE",2016,4381,62539,68555.270257932,81387.6668778514,110.37787465363,101.0644595854,106.641178909451,FALSE
"DEPT OF HEALTH/MENTAL HYGIENE",2017,5058,64563,70817.3501383946,82565.4003932636,113.950122663654,102.847025381756,109.624915604859,FALSE
"DEPT OF HEALTH/MENTAL HYGIENE",2018,5326,65000,71494.8227562897,81672.5883867857,114.721403484001,104.675046235713,112.134414076345,FALSE
"DEPT OF HEALTH/MENTAL HYGIENE",2019,5378,67589,74456.4146522863,83446.3632994,119.290845232002,106.530687797474,114.748740835409,FALSE
"DEPT OF HEALTH/MENTAL HYGIENE",2020,5439,70349,77163.8996138989,85344.9294732197,124.1620925184,108.414239794744,117.935753675601,FALSE
"DEPT OF HEALTH/MENTAL HYGIENE",2021,5195,70554,77405.906962464,83862.7312360954,124.523906175541,110.65187123857,119.137579303534,FALSE
"DEPT OF HEALTH/MENTAL HYGIENE",2022,4878,72100,78991.8560209102,81582.4632963761,127.252510633792,116.237048769221,119.968709204972,FALSE
"DEPT OF HEALTH/MENTAL HYGIENE",2023,5078,77097,84849.4728239464,82854.2334326127,136.071939144708,122.385199421188,125.45294384081,FALSE
"DEPT OF HEALTH/MENTAL HYGIENE",2024,5238,81612,89355.9362352042,84798.1795827893,144.040664325173,126.5824846726,131.901715171281,FALSE
"DEPT OF HEALTH/MENTAL HYGIENE",2025,5316,85447,93336.8051730624,85447,150.809227130729,131.524337931956,138.829406942636,FALSE
"DEPT OF INFO TECH & TELECOMM",2014,1112,70456,74713.4289568345,92666.7875333388,100,100,100,FALSE
"DEPT OF INFO TECH & TELECOMM",2015,1223,73837,78231.3319705642,96645.5747907435,104.798739638924,100.484295953631,102.913721782668,FALSE
"DEPT OF INFO TECH & TELECOMM",2016,1364,80132,81919.3255131965,104283.031744287,113.733393891223,101.0644595854,106.641178909451,FALSE
"DEPT OF INFO TECH & TELECOMM",2017,1473,85442,86111.9456890699,109266.188690136,121.270012490065,102.847025381756,109.624915604859,FALSE
"DEPT OF INFO TECH & TELECOMM",2018,1486,87975.5,87836.2631224763,110541.335378795,124.8658737368,104.675046235713,112.134414076345,FALSE
"DEPT OF INFO TECH & TELECOMM",2019,1533,91821,91561.2341813435,113363.543246892,130.32389008743,106.530687797474,114.748740835409,FALSE
"DEPT OF INFO TECH & TELECOMM",2020,1667,94533,95414.0545890826,114684.106638216,134.173100942432,108.414239794744,117.935753675601,FALSE
"DEPT OF INFO TECH & TELECOMM",2021,1624,94733.5,95856.2974137931,112603.25494734,134.457675712501,110.65187123857,119.137579303534,FALSE
"DEPT OF INFO TECH & TELECOMM",2022,1517,96682,98433.027027027,109397.444055759,137.223231520382,116.237048769221,119.968709204972,FALSE
"DEPT OF PARKS & RECREATION",2014,3334,50835,54416.9796040791,66860.3971877098,100,100,100,FALSE
"DEPT OF PARKS & RECREATION",2015,3528,54858,57321.4133758504,71803.8780268782,107.913838890528,100.484295953631,102.913721782668,FALSE
"DEPT OF PARKS & RECREATION",2016,3719,56375,59315.80102178,73365.8952052139,110.898003344153,101.0644595854,106.641178909451,FALSE
"DEPT OF PARKS & RECREATION",2017,3773,59742,62078.7081897694,76400.1386288486,117.521392741222,102.847025381756,109.624915604859,FALSE
"DEPT OF PARKS & RECREATION",2018,3773,60659,63278.1600848131,76218.1159839082,119.325268023999,104.675046235713,112.134414076345,FALSE
"DEPT OF PARKS & RECREATION",2019,3719,65000,66568.6407636451,80249.9462110846,127.864660175076,106.530687797474,114.748740835409,FALSE
"DEPT OF PARKS & RECREATION",2020,3884,62215,66661.3516992793,75477.0471104972,122.386151273729,108.414239794744,117.935753675601,FALSE
"DEPT OF PARKS & RECREATION",2021,3638,66409,69069.5722924683,78935.8522359874,130.636372577948,110.65187123857,119.137579303534,FALSE
"DEPT OF PARKS & RECREATION",2022,3363,68646,70312.7448706512,77674.1993820115,135.036884036589,116.237048769221,119.968709204972,FALSE
"DEPT OF PARKS & RECREATION",2023,3983,67983,72065.6711021843,73059.6437144027,133.732664502803,122.385199421188,125.45294384081,FALSE
"DEPT OF PARKS & RECREATION",2024,3875,70046,76975.5638709677,72780.6362674124,137.790892101898,126.5824846726,131.901715171281,FALSE
"DEPT OF PARKS & RECREATION",2025,4176,72298,77475.7509578545,72298,142.22091078981,131.524337931956,138.829406942636,FALSE
"DEPT OF RECORDS & INFO SERVICE",2014,38,43909.5,52629.5236842105,57751.6791642322,100,100,100,FALSE
"DEPT OF RECORDS & INFO SERVICE",2015,42,51019,56616.5714285714,66778.9940036695,116.191257017274,100.484295953631,102.913721782668,FALSE
"DEPT OF RECORDS & INFO SERVICE",2016,45,55524,61006.9333333333,72258.4118026483,126.450995798176,101.0644595854,106.641178909451,FALSE
"DEPT OF RECORDS & INFO SERVICE",2017,46,54482,64201.6956521739,69673.468460663,124.077933021328,102.847025381756,109.624915604859,FALSE
"DEPT OF RECORDS & INFO SERVICE",2018,60,55590,65616.0833333333,69848.9105910987,126.601304956786,104.675046235713,112.134414076345,FALSE
"DEPT OF RECORDS & INFO SERVICE",2019,58,58283,69395.6724137931,71957.0402310869,132.734374110386,106.530687797474,114.748740835409,FALSE
"DEPT OF RECORDS & INFO SERVICE",2020,58,63100.5,74323.8448275862,76551.3045277815,143.705803983193,108.414239794744,117.935753675601,FALSE
"DEPT OF RECORDS & INFO SERVICE",2021,51,65297,74578.7843137255,77614.0936236545,148.708138329974,110.65187123857,119.137579303534,FALSE
"DEPT OF RECORDS & INFO SERVICE",2022,52,65206,75096.9615384615,73781.776722656,148.500893884011,116.237048769221,119.968709204972,FALSE
"DEPT OF RECORDS & INFO SERVICE",2023,48,71395.5,83262.25,76726.9728139629,162.596932326717,122.385199421188,125.45294384081,FALSE
"DEPT OF RECORDS & INFO SERVICE",2024,48,79586,88871.5041666667,82693.0833734729,181.250071169109,126.5824846726,131.901715171281,FALSE
"DEPT OF RECORDS & INFO SERVICE",2025,49,82173,93137.4081632653,82173,187.141734704335,131.524337931956,138.829406942636,FALSE
"DEPT OF YOUTH & COMM DEV SRVS",2014,376,64309,71430.25,84581.9864806615,100,100,100,FALSE
"DEPT OF YOUTH & COMM DEV SRVS",2015,445,66078,73789.9797752809,86489.7854872591,102.750781383632,100.484295953631,102.913721782668,FALSE
"DEPT OF YOUTH & COMM DEV SRVS",2016,472,71162,77949.0762711864,92609.5580415687,110.656362251007,101.0644595854,106.641178909451,FALSE
"DEPT OF YOUTH & COMM DEV SRVS",2017,482,72720.5,80174.9834024896,92997.4939097986,113.079817754902,102.847025381756,109.624915604859,FALSE
"DEPT OF YOUTH & COMM DEV SRVS",2018,478,75000,81296.9351464435,94237.6019847527,116.624422709108,104.675046235713,112.134414076345,FALSE
"DEPT OF YOUTH & COMM DEV SRVS",2019,478,78110.5,85559.3828451882,96436.3603618604,121.46122626693,106.530687797474,114.748740835409,FALSE
"DEPT OF YOUTH & COMM DEV SRVS",2020,545,78192,86549.2422018348,94859.7808834525,121.587958139607,108.414239794744,117.935753675601,FALSE
"DEPT OF YOUTH & COMM DEV SRVS",2021,488,79185,87659.6967213115,94121.8126956687,123.132065496276,110.65187123857,119.137579303534,FALSE
"DEPT OF YOUTH & COMM DEV SRVS",2022,447,79052,88675.8053691275,89448.777926562,122.925251520005,116.237048769221,119.968709204972,FALSE
"DEPT OF YOUTH & COMM DEV SRVS",2023,467,85000,94317.5760171306,91347.3914908761,132.174345736989,122.385199421188,125.45294384081,FALSE
"DEPT OF YOUTH & COMM DEV SRVS",2024,528,92700,104212.221590909,96319.0615022861,144.147786468457,126.5824846726,131.901715171281,FALSE
"DEPT OF YOUTH & COMM DEV SRVS",2025,558,95581,107320.637992832,95581,148.62771929279,131.524337931956,138.829406942636,FALSE
"DEPT. OF DESIGN & CONSTRUCTION",2014,1176,68611,72857.5867346939,90240.1634984942,100,100,100,FALSE
"DEPT. OF DESIGN & CONSTRUCTION",2015,1176,71560.5,76780.662414966,93665.8539053998,104.298873358499,100.484295953631,102.913721782668,FALSE
"DEPT. OF DESIGN & CONSTRUCTION",2016,1349,71353,76835.4205782061,92858.1236466098,103.996443718937,101.0644595854,106.641178909451,FALSE
"DEPT. OF DESIGN & CONSTRUCTION",2017,1322,75469,79980.6187594554,96512.3708978705,109.99548177406,102.847025381756,109.624915604859,FALSE
"DEPT. OF DESIGN & CONSTRUCTION",2018,1326,76104.5,80313.4901960784,95625.4077366482,110.921718091851,104.675046235713,112.134414076345,FALSE
"DEPT. OF DESIGN & CONSTRUCTION",2019,1284,82247,86553.2990654206,101543.343477278,119.874364169011,106.530687797474,114.748740835409,FALSE
"DEPT. OF DESIGN & CONSTRUCTION",2020,1242,85847,91264.4420289854,104146.55731407,125.121336228885,108.414239794744,117.935753675601,FALSE
"DEPT. OF DESIGN & CONSTRUCTION",2021,1195,85939,92377.1430962343,102149.832181007,125.255425514859,110.65187123857,119.137579303534,FALSE
"DEPT. OF DESIGN & CONSTRUCTION",2022,1081,85928,93073.6016281221,97229.0971724134,125.239393100232,116.237048769221,119.968709204972,FALSE
"DEPT. OF DESIGN & CONSTRUCTION",2023,1035,93807,99767.684057971,100812.055924525,136.722974450161,122.385199421188,125.45294384081,FALSE
"DEPT. OF DESIGN & CONSTRUCTION",2024,1061,97050,105821.246936852,100838.888012911,141.449621780764,126.5824846726,131.901715171281,FALSE
"DEPT. OF DESIGN & CONSTRUCTION",2025,1101,99810,108491.501362398,99810,145.472300360001,131.524337931956,138.829406942636,FALSE
"DEPT. OF HOMELESS SERVICES",2014,1748,47093,54094.7700228833,61938.756462296,100,100,100,FALSE
"DEPT. OF HOMELESS SERVICES",2015,1851,47703,54758.3416315505,62438.6669859669,101.295309281634,100.484295953631,102.913721782668,FALSE
"DEPT. OF HOMELESS SERVICES",2016,2254,48896,54373.1197870452,63632.7948905391,103.828594483257,101.0644595854,106.641178909451,FALSE
"DEPT. OF HOMELESS SERVICES",2017,2181,46737,51912.2191655204,59768.8942301312,99.2440490094069,102.847025381756,109.624915604859,FALSE
"DEPT. OF HOMELESS SERVICES",2018,2230,46737,52917.1076233185,58725.1040528185,99.2440490094069,104.675046235713,112.134414076345,FALSE
"DEPT. OF HOMELESS SERVICES",2019,2161,48499,56221.8213789914,59877.571404483,102.985581721275,106.530687797474,114.748740835409,FALSE
"DEPT. OF HOMELESS SERVICES",2020,1972,55853,60507.4863083163,67758.8927471285,118.601490667403,108.414239794744,117.935753675601,FALSE
"DEPT. OF HOMELESS SERVICES",2021,1845,57007,61742.4395663956,67760.3356234386,121.051961013314,110.65187123857,119.137579303534,FALSE
"DEPT. OF HOMELESS SERVICES",2022,1672,58866.5,63226.0011961723,66608.516999114,125.00053086446,116.237048769221,119.968709204972,FALSE
"DEPT. OF HOMELESS SERVICES",2023,1631,64327,67001.8755364807,69130.631205101,136.595672392925,122.385199421188,125.45294384081,FALSE
"DEPT. OF HOMELESS SERVICES",2024,1653,67679,72162.1101028432,70321.227221286,143.713503068397,126.5824846726,131.901715171281,FALSE
"DEPT. OF HOMELESS SERVICES",2025,1621,72298,75863.3812461443,72298,153.521754825558,131.524337931956,138.829406942636,FALSE
"DISTRICT ATTORNEY KINGS COUNTY",2015,1025,61800,67736.8429268293,80890.2924288358,100,100.484295953631,102.913721782668,FALSE
"DISTRICT ATTORNEY KINGS COUNTY",2016,1041,61800,68563.6714697406,80425.9392227445,100,101.0644595854,106.641178909451,FALSE
"DISTRICT ATTORNEY KINGS COUNTY",2017,1046,61800,69885.362332696,79031.980303017,100,102.847025381756,109.624915604859,FALSE
"DISTRICT ATTORNEY KINGS COUNTY",2018,1074,61800,69186.800744879,77651.7840354362,100,104.675046235713,112.134414076345,FALSE
"DISTRICT ATTORNEY KINGS COUNTY",2019,1086,70162,75061.7523020258,86623.0265548018,113.53074433657,106.530687797474,114.748740835409,FALSE
"DISTRICT ATTORNEY KINGS COUNTY",2020,1122,69151.5,76693.8722816398,83892.1646429566,111.895631067961,108.414239794744,117.935753675601,FALSE
"DISTRICT ATTORNEY KINGS COUNTY",2021,1120,70300,77398.6193750001,83560.8187473071,113.754045307443,110.65187123857,119.137579303534,FALSE
"DISTRICT ATTORNEY KINGS COUNTY",2022,1101,72000,79950.0297002725,81469.3114748832,116.504854368932,116.237048769221,119.968709204972,FALSE
"DISTRICT ATTORNEY KINGS COUNTY",2023,1134,79430.5,88593.9882716049,85361.9879978357,128.528317152104,122.385199421188,125.45294384081,FALSE
"DISTRICT ATTORNEY KINGS COUNTY",2024,1247,81013,91175.8425821972,84175.7942770734,131.088996763754,126.5824846726,131.901715171281,FALSE
"DISTRICT ATTORNEY KINGS COUNTY",2025,1277,85645,93350.4518402506,85645,138.584142394822,131.524337931956,138.829406942636,FALSE
"DISTRICT ATTORNEY QNS COUNTY",2015,630,63793,75135.8936507936,83498.9389144454,100,100.484295953631,102.913721782668,FALSE
"DISTRICT ATTORNEY QNS COUNTY",2016,630,64750,76657.5952380952,84265.0414995584,101.500164594862,101.0644595854,106.641178909451,FALSE
"DISTRICT ATTORNEY QNS COUNTY",2017,654,67000,77062.2706422018,85681.9203932385,105.027197341401,102.847025381756,109.624915604859,FALSE
"DISTRICT ATTORNEY QNS COUNTY",2018,674,65000,76504.5148367953,81672.5883867857,101.892057122255,104.675046235713,112.134414076345,FALSE
"DISTRICT ATTORNEY QNS COUNTY",2019,689,72904,81201.8911465893,90008.3396703525,114.282131268321,106.530687797474,114.748740835409,FALSE
"DISTRICT ATTORNEY QNS COUNTY",2020,730,73722,80736.6657534246,89436.9342936602,115.564403617952,108.414239794744,117.935753675601,FALSE
"DISTRICT ATTORNEY QNS COUNTY",2021,777,73722,80813.685971686,87628.3169230295,115.564403617952,110.65187123857,119.137579303534,FALSE
"DISTRICT ATTORNEY QNS COUNTY",2022,776,76575,85787.3840206186,86646.007308183,120.036681140564,116.237048769221,119.968709204972,FALSE
"DISTRICT ATTORNEY QNS COUNTY",2023,829,77575,89628.7527141134,83367.9281753496,121.604251250137,122.385199421188,125.45294384081,FALSE
"DISTRICT ATTORNEY QNS COUNTY",2024,834,89000,95479.1798561147,92474.6113668118,139.51373975201,126.5824846726,131.901715171281,FALSE
"DISTRICT ATTORNEY QNS COUNTY",2025,872,92676,101084.672018349,92676,145.276127474801,131.524337931956,138.829406942636,FALSE
"DISTRICT ATTORNEY RICHMOND COU",2015,98,62611,73472.5714285714,81951.8139039133,100,100.484295953631,102.913721782668,FALSE
"DISTRICT ATTORNEY RICHMOND COU",2016,101,64176,74084.3168316832,83518.0432938326,102.499560780055,101.0644595854,106.641178909451,FALSE
"DISTRICT ATTORNEY RICHMOND COU",2017,141,68101,77447.2482269504,87089.9173238797,108.768427273163,102.847025381756,109.624915604859,FALSE
"DISTRICT ATTORNEY RICHMOND COU",2018,140,70711.5,79119.9785714286,88849.0959032645,112.937822427369,104.675046235713,112.134414076345,FALSE
"DISTRICT ATTORNEY RICHMOND COU",2019,148,72803.5,81395.6475675675,89884.2609073646,116.27908833911,106.530687797474,114.748740835409,FALSE
"DISTRICT ATTORNEY RICHMOND COU",2020,186,71722,79698.9677419355,87010.6047232834,114.5517560812,108.414239794744,117.935753675601,FALSE
"DISTRICT ATTORNEY RICHMOND COU",2021,195,71722,79232.1794871795,85251.0532317832,114.5517560812,110.65187123857,119.137579303534,FALSE
"DISTRICT ATTORNEY RICHMOND COU",2022,191,70040,83401.4031413613,79251.5357736225,111.86532717893,116.237048769221,119.968709204972,FALSE
"DISTRICT ATTORNEY RICHMOND COU",2023,188,75984,86752.6117021277,81658.1199416792,121.358866652825,122.385199421188,125.45294384081,FALSE
"DISTRICT ATTORNEY RICHMOND COU",2024,223,85490,100822.775784753,88827.5789409971,136.54150229193,126.5824846726,131.901715171281,FALSE
"DISTRICT ATTORNEY RICHMOND COU",2025,231,90395,104040.25974026,90395,144.375588954018,131.524337931956,138.829406942636,FALSE
"DISTRICT ATTORNEY-MANHATTAN",2015,1278,66500,74729.0571205008,87042.1431475337,100,100.484295953631,102.913721782668,FALSE
"DISTRICT ATTORNEY-MANHATTAN",2016,1329,65500,76330.9638826185,85241.0844512907,98.4962406015038,101.0644595854,106.641178909451,FALSE
"DISTRICT ATTORNEY-MANHATTAN",2017,1364,66750,77983.7038123167,85362.2117350548,100.375939849624,102.847025381756,109.624915604859,FALSE
"DISTRICT ATTORNEY-MANHATTAN",2018,1410,72000,79393.7858156029,90468.0979053626,108.270676691729,104.675046235713,112.134414076345,FALSE
"DISTRICT ATTORNEY-MANHATTAN",2019,1389,72000,82513.2937365006,88892.2481107399,108.270676691729,106.530687797474,114.748740835409,FALSE
"DISTRICT ATTORNEY-MANHATTAN",2020,1478,72500,81699.3761840324,87954.44692616,109.022556390977,108.414239794744,117.935753675601,FALSE
"DISTRICT ATTORNEY-MANHATTAN",2021,1459,72500,81849.0836189169,86175.808807678,109.022556390977,110.65187123857,119.137579303534,FALSE
"DISTRICT ATTORNEY-MANHATTAN",2022,1431,77155,86798.0929419986,87302.2878728418,116.022556390977,116.237048769221,119.968709204972,FALSE
"DISTRICT ATTORNEY-MANHATTAN",2023,1483,77575,87711.0965879973,83367.9281753496,116.654135338346,122.385199421188,125.45294384081,FALSE
"DISTRICT ATTORNEY-MANHATTAN",2024,1517,90000,95476.9914304552,93513.651943967,135.338345864662,126.5824846726,131.901715171281,FALSE
"DISTRICT ATTORNEY-MANHATTAN",2025,1612,90000,99211.1470223323,90000,135.338345864662,131.524337931956,138.829406942636,FALSE
"DISTRICT ATTORNEY-SPECIAL NARC",2015,197,73000,86128.4314720812,95550.021801052,100,100.484295953631,102.913721782668,FALSE
"DISTRICT ATTORNEY-SPECIAL NARC",2016,200,75291,87414.69,97982.9998385058,103.138356164384,101.0644595854,106.641178909451,FALSE
"DISTRICT ATTORNEY-SPECIAL NARC",2017,205,78000,89210.1414634146,99749.1013533225,106.849315068493,102.847025381756,109.624915604859,FALSE
"DISTRICT ATTORNEY-SPECIAL NARC",2018,215,78950,89967.5581395349,99200.7823559497,108.150684931507,104.675046235713,112.134414076345,FALSE
"DISTRICT ATTORNEY-SPECIAL NARC",2019,209,82400,93374.7799043062,101732.239504513,112.876712328767,106.530687797474,114.748740835409,FALSE
"DISTRICT ATTORNEY-SPECIAL NARC",2020,219,82000,93184.9589041096,99479.5123854499,112.328767123288,108.414239794744,117.935753675601,FALSE
"DISTRICT ATTORNEY-SPECIAL NARC",2021,207,83000,93896.309178744,98656.443186721,113.698630136986,110.65187123857,119.137579303534,FALSE
"DISTRICT ATTORNEY-SPECIAL NARC",2022,193,93572,105882.74611399,105878.42240733,128.180821917808,116.237048769221,119.968709204972,FALSE
"DISTRICT ATTORNEY-SPECIAL NARC",2023,187,1e+05,111294.770053476,107467.519401031,136.986301369863,122.385199421188,125.45294384081,FALSE
"DISTRICT ATTORNEY-SPECIAL NARC",2024,179,118111,123252.608938547,122722.121608377,161.795890410959,126.5824846726,131.901715171281,FALSE
"DISTRICT ATTORNEY-SPECIAL NARC",2025,196,107000,122914.035714286,107000,146.575342465753,131.524337931956,138.829406942636,FALSE
"DISTRICTING COMMISSION",2022,9,,,,,116.237048769221,119.968709204972,TRUE
"DISTRICTING COMMISSION",2023,2,,,,,122.385199421188,125.45294384081,TRUE
"EQUAL EMPLOY PRACTICES COMM",2014,5,,,,,100,100,TRUE
"EQUAL EMPLOY PRACTICES COMM",2015,6,,,,,100.484295953631,102.913721782668,TRUE
"EQUAL EMPLOY PRACTICES COMM",2016,10,,,,,101.0644595854,106.641178909451,TRUE
"EQUAL EMPLOY PRACTICES COMM",2017,10,,,,,102.847025381756,109.624915604859,TRUE
"EQUAL EMPLOY PRACTICES COMM",2018,11,,,,,104.675046235713,112.134414076345,TRUE
"EQUAL EMPLOY PRACTICES COMM",2019,12,,,,,106.530687797474,114.748740835409,TRUE
"EQUAL EMPLOY PRACTICES COMM",2020,13,,,,,108.414239794744,117.935753675601,TRUE
"EQUAL EMPLOY PRACTICES COMM",2021,11,,,,,110.65187123857,119.137579303534,TRUE
"EQUAL EMPLOY PRACTICES COMM",2022,11,,,,,116.237048769221,119.968709204972,TRUE
"EQUAL EMPLOY PRACTICES COMM",2023,11,,,,,122.385199421188,125.45294384081,TRUE
"EQUAL EMPLOY PRACTICES COMM",2024,12,,,,,126.5824846726,131.901715171281,TRUE
"EQUAL EMPLOY PRACTICES COMM",2025,13,,,,,131.524337931956,138.829406942636,TRUE
"FINANCIAL INFO SVCS AGENCY",2014,404,1e+05,96894.9702970297,131524.337931956,100,100,100,FALSE
"FINANCIAL INFO SVCS AGENCY",2015,417,103321,100964.309352518,135237.312363103,103.321,100.484295953631,102.913721782668,FALSE
"FINANCIAL INFO SVCS AGENCY",2016,421,107189,104525.963182898,139494.757270983,107.189,101.0644595854,106.641178909451,FALSE
"FINANCIAL INFO SVCS AGENCY",2017,428,111828.5,108056.49182243,143010.158726795,111.8285,102.847025381756,109.624915604859,FALSE
"FINANCIAL INFO SVCS AGENCY",2018,427,112274,108353.591334895,141072.433669815,112.274,104.675046235713,112.134414076345,FALSE
"FINANCIAL INFO SVCS AGENCY",2019,427,117348,113631.152224824,144879.549045821,117.348,106.530687797474,114.748740835409,FALSE
"FINANCIAL INFO SVCS AGENCY",2020,427,121116,116994.761124122,146933.66612288,121.116,108.414239794744,117.935753675601,FALSE
"FINANCIAL INFO SVCS AGENCY",2021,414,121481.5,118055.45410628,144396.779554068,121.4815,110.65187123857,119.137579303534,FALSE
"FINANCIAL INFO SVCS AGENCY",2022,390,123537,118817.1,139784.365717676,123.537,116.237048769221,119.968709204972,FALSE
"FINANCIAL INFO SVCS AGENCY",2023,412,133108.5,126384.968446602,143048.403061921,133.1085,122.385199421188,125.45294384081,FALSE
"FINANCIAL INFO SVCS AGENCY",2024,398,138908.5,134218.047738693,144331.568011762,138.9085,126.5824846726,131.901715171281,FALSE
"FINANCIAL INFO SVCS AGENCY",2025,390,143539.5,138653.525641026,143539.5,143.5395,131.524337931956,138.829406942636,FALSE
"FIRE DEPARTMENT",2014,15130,76488,71828.495571713,100600.335597394,100,100,100,FALSE
"FIRE DEPARTMENT",2015,15580,76488,70928.6197047496,100115.480376971,100,100.484295953631,102.913721782668,FALSE
"FIRE DEPARTMENT",2016,16090,82808,72542.0034182721,107765.552996068,108.262734023638,101.0644595854,106.641178909451,FALSE
"FIRE DEPARTMENT",2017,16853,85292,73639.9524120335,109074.363495225,111.510302269637,102.847025381756,109.624915604859,FALSE
"FIRE DEPARTMENT",2018,16754,85292,74997.2006684957,107169.51397978,111.510302269637,104.675046235713,112.134414076345,FALSE
"FIRE DEPARTMENT",2019,16913,85292,74886.6674155976,105302.744803628,111.510302269637,106.530687797474,114.748740835409,FALSE
"FIRE DEPARTMENT",2020,16801,85292,75454.5173501614,103473.25085829,111.510302269637,108.414239794744,117.935753675601,FALSE
"FIRE DEPARTMENT",2021,16456,85292,78412.387335926,101380.787376889,111.510302269637,110.65187123857,119.137579303534,FALSE
"FIRE DEPARTMENT",2022,16474,92073,82854.3826028895,104182.276603152,120.375745214936,116.237048769221,119.968709204972,FALSE
"FIRE DEPARTMENT",2023,16525,92073,82770.4498541604,98948.569138111,120.375745214936,122.385199421188,125.45294384081,FALSE
"FIRE DEPARTMENT",2024,16637,105146,90550.0555989666,109250.96052556,137.4673151344,126.5824846726,131.901715171281,FALSE
"FIRE DEPARTMENT",2025,16977,109352,91893.6419273127,109352,142.966216922916,131.524337931956,138.829406942636,FALSE
"GUTTMAN COMMUNITY COLLEGE",2014,98,72603,74736.5918367347,95490.6150687379,100,100,100,FALSE
"GUTTMAN COMMUNITY COLLEGE",2015,123,74133,75249.6178861789,97033.0104955807,102.107350935912,100.484295953631,102.913721782668,FALSE
"GUTTMAN COMMUNITY COLLEGE",2016,155,71073,75974.7161290323,92493.7342779631,97.8926490640883,101.0644595854,106.641178909451,FALSE
"GUTTMAN COMMUNITY COLLEGE",2017,156,76793.5,82128.9807692308,98206.1873689278,105.771800063358,102.847025381756,109.624915604859,FALSE
"GUTTMAN COMMUNITY COLLEGE",2018,167,78477,84108.7245508982,98606.4572127658,108.090574769638,104.675046235713,112.134414076345,FALSE
"GUTTMAN COMMUNITY COLLEGE",2019,159,81855,85758.5849056603,101059.374570897,112.743275071278,106.530687797474,114.748740835409,FALSE
"GUTTMAN COMMUNITY COLLEGE",2020,157,85162,89438.7643312102,103315.539436216,117.298183270664,108.414239794744,117.935753675601,FALSE
"GUTTMAN COMMUNITY COLLEGE",2021,151,85162,91098.9470198676,101226.265236958,117.298183270664,110.65187123857,119.137579303534,FALSE
"GUTTMAN COMMUNITY COLLEGE",2022,143,88602,95092.8321678322,100254.776879133,122.036279492583,116.237048769221,119.968709204972,FALSE
"GUTTMAN COMMUNITY COLLEGE",2023,153,90375,94438.660130719,97123.7706586815,124.478327341845,122.385199421188,125.45294384081,FALSE
"GUTTMAN COMMUNITY COLLEGE",2024,159,90375,96359.1132075471,93903.2921604002,124.478327341845,126.5824846726,131.901715171281,FALSE
"GUTTMAN COMMUNITY COLLEGE",2025,166,90375,98701.2228915663,90375,124.478327341845,131.524337931956,138.829406942636,FALSE
"HOUSING PRESERVATION & DVLPMNT",2014,1934,53493,59764.7750775594,70356.3140899412,100,100,100,FALSE
"HOUSING PRESERVATION & DVLPMNT",2015,2055,57021,63312.8763990268,74635.0382618875,106.595255453985,100.484295953631,102.913721782668,FALSE
"HOUSING PRESERVATION & DVLPMNT",2016,2163,58994,65389.0503975959,76774.2371926633,110.283588506907,101.0644595854,106.641178909451,FALSE
"HOUSING PRESERVATION & DVLPMNT",2017,2216,61104,67707.5451263538,78141.9113986335,114.228029835679,102.847025381756,109.624915604859,FALSE
"HOUSING PRESERVATION & DVLPMNT",2018,2253,61570,68253.7027341324,77362.788722683,115.099171854261,104.675046235713,112.134414076345,FALSE
"HOUSING PRESERVATION & DVLPMNT",2019,2320,63929,71682.454271552,78927.6740204374,119.509094647898,106.530687797474,114.748740835409,FALSE
"HOUSING PRESERVATION & DVLPMNT",2020,2395,66335,73315.0651189976,80475.2860254734,124.006879404782,108.414239794744,117.935753675601,FALSE
"HOUSING PRESERVATION & DVLPMNT",2021,2302,66950,74191.264100782,79578.9020644695,125.156562540893,110.65187123857,119.137579303534,FALSE
"HOUSING PRESERVATION & DVLPMNT",2022,2189,67340,74818.0234627684,76196.4365933144,125.8856298955,116.237048769221,119.968709204972,FALSE
"HOUSING PRESERVATION & DVLPMNT",2023,2326,71726,80010.1863714532,77082.1529655833,134.084833529621,122.385199421188,125.45294384081,FALSE
"HOUSING PRESERVATION & DVLPMNT",2024,2389,75537,84723.1812473839,78486.0080765715,141.209130166564,126.5824846726,131.901715171281,FALSE
"HOUSING PRESERVATION & DVLPMNT",2025,2381,78082,87971.7001259974,78082,145.966762006244,131.524337931956,138.829406942636,FALSE
"HRA/DEPT OF SOCIAL SERVICES",2014,13311,41101,48869.378784464,54057.8181334132,100,100,100,FALSE
"HRA/DEPT OF SOCIAL SERVICES",2015,13246,42981,51002.7218783029,56258.0203702879,104.574097953821,100.484295953631,102.913721782668,FALSE
"HRA/DEPT OF SOCIAL SERVICES",2016,13058,44076,52670.2967529484,57360.0921874059,107.238266708839,101.0644595854,106.641178909451,FALSE
"HRA/DEPT OF SOCIAL SERVICES",2017,13082,46424,55499.0927992662,59368.6189900852,112.951023089463,102.847025381756,109.624915604859,FALSE
"HRA/DEPT OF SOCIAL SERVICES",2018,12820,46730,55494.3546801868,58716.3085432999,113.695530522372,104.675046235713,112.134414076345,FALSE
"HRA/DEPT OF SOCIAL SERVICES",2019,12409,50763,57853.5652349104,62672.7387617429,123.507943845649,106.530687797474,114.748740835409,FALSE
"HRA/DEPT OF SOCIAL SERVICES",2020,12194,52943,59926.3919140567,64228.5832222302,128.81195104742,108.414239794744,117.935753675601,FALSE
"HRA/DEPT OF SOCIAL SERVICES",2021,11588,53541.5,60423.1709527098,63641.1319624316,130.26811999708,110.65187123857,119.137579303534,FALSE
"HRA/DEPT OF SOCIAL SERVICES",2022,10542,54531,61579.6255928666,61702.8197782897,132.675603999903,116.237048769221,119.968709204972,FALSE
"HRA/DEPT OF SOCIAL SERVICES",2023,10485,54531,65238.3419170243,58603.1130045761,132.675603999903,122.385199421188,125.45294384081,FALSE
"HRA/DEPT OF SOCIAL SERVICES",2024,10812,59588,68604.5139659637,61914.3499115234,144.979440889516,126.5824846726,131.901715171281,FALSE
"HRA/DEPT OF SOCIAL SERVICES",2025,10640,61376,71208.3780075192,61376,149.329700007299,131.524337931956,138.829406942636,FALSE
"HUMAN RIGHTS COMMISSION",2014,61,56821,63377.5245901639,74733.4440563166,100,100,100,FALSE
"HUMAN RIGHTS COMMISSION",2015,63,63957,69843.4444444444,83713.5992373957,112.55873708664,100.484295953631,102.913721782668,FALSE
"HUMAN RIGHTS COMMISSION",2016,87,66000,73526.091954023,85891.7797524456,116.154238749758,101.0644595854,106.641178909451,FALSE
"HUMAN RIGHTS COMMISSION",2017,106,65561,74605.5849056604,83841.677356733,115.381637070801,102.847025381756,109.624915604859,FALSE
"HUMAN RIGHTS COMMISSION",2018,138,64796,72794.2391304348,81416.2621093871,114.035303848929,104.675046235713,112.134414076345,FALSE
"HUMAN RIGHTS COMMISSION",2019,125,65581,77042.312,80967.257268756,115.416835324968,106.530687797474,114.748740835409,FALSE
"HUMAN RIGHTS COMMISSION",2020,127,67539,79646.9606299213,81935.9364268403,118.862744407877,108.414239794744,117.935753675601,FALSE
"HUMAN RIGHTS COMMISSION",2021,118,72712,81555.5762711864,86427.7987589501,127.966772848067,110.65187123857,119.137579303534,FALSE
"HUMAN RIGHTS COMMISSION",2022,98,72712,84026.5306122449,82274.9524439126,127.966772848067,116.237048769221,119.968709204972,FALSE
"HUMAN RIGHTS COMMISSION",2023,99,74263,88194.1212121212,79808.6039327875,130.696397458686,122.385199421188,125.45294384081,FALSE
"HUMAN RIGHTS COMMISSION",2024,103,76491,91685.1650485437,79477.2527871776,134.617482972845,126.5824846726,131.901715171281,FALSE
"HUMAN RIGHTS COMMISSION",2025,102,81386.5,97737.8088235294,81386.5,143.233135636472,131.524337931956,138.829406942636,FALSE
"HUNTER COLLEGE HIGH SCHOOL",2014,172,68901,64978.7604651163,90621.5840784969,100,100,100,FALSE
"HUNTER COLLEGE HIGH SCHOOL",2015,169,68901,65724.4201183432,90184.8226317025,100,100.484295953631,102.913721782668,FALSE
"HUNTER COLLEGE HIGH SCHOOL",2016,169,68901,66082.2047337278,89667.1138897463,100,101.0644595854,106.641178909451,FALSE
"HUNTER COLLEGE HIGH SCHOOL",2017,174,78346,73613.8045977011,100191.578136249,113.708073903136,102.847025381756,109.624915604859,FALSE
"HUNTER COLLEGE HIGH SCHOOL",2018,175,82278,76833.4914285714,103382.418881353,119.414812557147,104.675046235713,112.134414076345,FALSE
"HUNTER COLLEGE HIGH SCHOOL",2019,171,82278,78061.4736842105,101581.616528548,119.414812557147,106.530687797474,114.748740835409,FALSE
"HUNTER COLLEGE HIGH SCHOOL",2020,174,86023,82073,104360.074316263,124.850147312811,108.414239794744,117.935753675601,FALSE
"HUNTER COLLEGE HIGH SCHOOL",2021,171,88604,84454.6023391813,105317.536049593,128.596101653096,110.65187123857,119.137579303534,FALSE
"HUNTER COLLEGE HIGH SCHOOL",2022,162,88604,84921.462962963,100257.039915563,128.596101653096,116.237048769221,119.968709204972,FALSE
"HUNTER COLLEGE HIGH SCHOOL",2023,166,88604,85600.1686746988,95220.5208900893,128.596101653096,122.385199421188,125.45294384081,FALSE
"HUNTER COLLEGE HIGH SCHOOL",2024,162,92389,87280.8209876543,95995.9198827908,134.089490718567,126.5824846726,131.901715171281,FALSE
"HUNTER COLLEGE HIGH SCHOOL",2025,162,93814,88247.037037037,93814,136.157675505435,131.524337931956,138.829406942636,FALSE
"INDEPENDENT BUDGET OFFICE",2014,34,80500,91989.5,105877.092035224,100,100,100,FALSE
"INDEPENDENT BUDGET OFFICE",2015,34,88000,96581.6470588235,115183.587924556,109.316770186335,100.484295953631,102.913721782668,FALSE
"INDEPENDENT BUDGET OFFICE",2016,35,85531,97525.9142857143,111309.239606158,106.249689440994,101.0644595854,106.641178909451,FALSE
"INDEPENDENT BUDGET OFFICE",2017,35,87737,99555.6285714286,112201.114172262,108.990062111801,102.847025381756,109.624915604859,FALSE
"INDEPENDENT BUDGET OFFICE",2018,31,91584,101076.935483871,115075.420535621,113.768944099379,104.675046235713,112.134414076345,FALSE
"INDEPENDENT BUDGET OFFICE",2019,34,89882.5,103559.882352941,110970.242927966,111.655279503106,106.530687797474,114.748740835409,FALSE
"INDEPENDENT BUDGET OFFICE",2020,36,88928,103020.166666667,107884.318017235,110.469565217391,108.414239794744,117.935753675601,FALSE
"INDEPENDENT BUDGET OFFICE",2021,36,94831,106144.222222222,112719.146552288,117.80248447205,110.65187123857,119.137579303534,FALSE
"INDEPENDENT BUDGET OFFICE",2022,28,,,,,116.237048769221,119.968709204972,TRUE
"INDEPENDENT BUDGET OFFICE",2023,31,101000,114006.483870968,108542.194595041,125.465838509317,122.385199421188,125.45294384081,FALSE
"INDEPENDENT BUDGET OFFICE",2024,44,105817,121476.522727273,109948.156752831,131.449689440994,126.5824846726,131.901715171281,FALSE
"INDEPENDENT BUDGET OFFICE",2025,47,96511,118676.234042553,96511,119.889440993789,131.524337931956,138.829406942636,FALSE
"KINGS DA",2014,990,50000,61678.9797979798,65762.1689659779,100,100,100,FALSE
"LANDMARKS PRESERVATION COMM",2014,58,54739,62508.8793103448,71995.1073405733,100,100,100,FALSE
"LANDMARKS PRESERVATION COMM",2015,68,56846.5,66440.7058823529,74406.6344426507,103.850088602276,100.484295953631,102.913721782668,FALSE
"LANDMARKS PRESERVATION COMM",2016,67,61185,69456,79625.584002324,111.775881912348,101.0644595854,106.641178909451,FALSE
"LANDMARKS PRESERVATION COMM",2017,63,64166,72892.1111111111,82057.7030440678,117.221724912768,102.847025381756,109.624915604859,FALSE
"LANDMARKS PRESERVATION COMM",2018,67,62334,70754.3582089552,78322.7557615676,113.874933776649,104.675046235713,112.134414076345,FALSE
"LANDMARKS PRESERVATION COMM",2019,70,64056,74475.5857142857,79084.4700691882,117.020771296516,106.530687797474,114.748740835409,FALSE
"LANDMARKS PRESERVATION COMM",2020,71,66962,77718.9295774648,81235.9403457866,122.329600467674,108.414239794744,117.935753675601,FALSE
"LANDMARKS PRESERVATION COMM",2021,69,70310,79199.1304347826,83572.7050657633,128.445897805952,110.65187123857,119.137579303534,FALSE
"LANDMARKS PRESERVATION COMM",2022,65,71241,82192.0461538462,80610.4891497521,130.146696139864,116.237048769221,119.968709204972,FALSE
"LANDMARKS PRESERVATION COMM",2023,71,77458,85565.4366197183,83242.1911776504,141.504229160197,122.385199421188,125.45294384081,FALSE
"LANDMARKS PRESERVATION COMM",2024,69,79781,91017.4637681159,82895.6962860182,145.74800416522,126.5824846726,131.901715171281,FALSE
"LANDMARKS PRESERVATION COMM",2025,66,82390.5,96225.5909090909,82390.5,150.515171998027,131.524337931956,138.829406942636,FALSE
"LAW DEPARTMENT",2014,1334,63338,71283.5374812593,83304.8851593422,100,100,100,FALSE
"LAW DEPARTMENT",2015,1348,67211,75335.6201780416,87972.7741817878,106.114812592756,100.484295953631,102.913721782668,FALSE
"LAW DEPARTMENT",2016,1411,68892,77359.4068036853,89655.4013743255,108.768827560075,101.0644595854,106.641178909451,FALSE
"LAW DEPARTMENT",2017,1586,70959,79074.1910466583,90744.826704236,112.032271306325,102.847025381756,109.624915604859,FALSE
"LAW DEPARTMENT",2018,1565,70959,80250.9003194889,89160.0799898142,112.032271306325,104.675046235713,112.134414076345,FALSE
"LAW DEPARTMENT",2019,1694,73986,84669.6298701295,91344.1926211278,116.811392844738,106.530687797474,114.748740835409,FALSE
"LAW DEPARTMENT",2020,1704,76206,87863.7312206566,92450.4356200683,120.316397739114,108.414239794744,117.935753675601,FALSE
"LAW DEPARTMENT",2021,1605,76206,88226.8342679128,90580.8784275574,120.316397739114,110.65187123857,119.137579303534,FALSE
"LAW DEPARTMENT",2022,1403,76587,90203.6229508197,86659.5855267622,120.917932362879,116.237048769221,119.968709204972,FALSE
"LAW DEPARTMENT",2023,1351,80121,94037.2829755736,86104.0512192998,126.497521235277,122.385199421188,125.45294384081,FALSE
"LAW DEPARTMENT",2024,1383,96221,110597.227621113,99977.5233744495,151.916700874672,126.5824846726,131.901715171281,FALSE
"LAW DEPARTMENT",2025,1346,101030,116048.057206538,101030,159.509299314787,131.524337931956,138.829406942636,FALSE
"MANHATTAN COMMUNITY BOARD #1",2014,3,,,,,100,100,TRUE
"MANHATTAN COMMUNITY BOARD #1",2015,3,,,,,100.484295953631,102.913721782668,TRUE
"MANHATTAN COMMUNITY BOARD #1",2016,3,,,,,101.0644595854,106.641178909451,TRUE
"MANHATTAN COMMUNITY BOARD #1",2017,3,,,,,102.847025381756,109.624915604859,TRUE
"MANHATTAN COMMUNITY BOARD #1",2018,3,,,,,104.675046235713,112.134414076345,TRUE
"MANHATTAN COMMUNITY BOARD #1",2019,3,,,,,106.530687797474,114.748740835409,TRUE
"MANHATTAN COMMUNITY BOARD #1",2020,3,,,,,108.414239794744,117.935753675601,TRUE
"MANHATTAN COMMUNITY BOARD #1",2021,3,,,,,110.65187123857,119.137579303534,TRUE
"MANHATTAN COMMUNITY BOARD #1",2022,2,,,,,116.237048769221,119.968709204972,TRUE
"MANHATTAN COMMUNITY BOARD #1",2023,2,,,,,122.385199421188,125.45294384081,TRUE
"MANHATTAN COMMUNITY BOARD #1",2024,3,,,,,126.5824846726,131.901715171281,TRUE
"MANHATTAN COMMUNITY BOARD #1",2025,3,,,,,131.524337931956,138.829406942636,TRUE
"MANHATTAN COMMUNITY BOARD #10",2014,2,,,,,100,100,TRUE
"MANHATTAN COMMUNITY BOARD #10",2015,3,,,,,100.484295953631,102.913721782668,TRUE
"MANHATTAN COMMUNITY BOARD #10",2016,3,,,,,101.0644595854,106.641178909451,TRUE
"MANHATTAN COMMUNITY BOARD #10",2017,3,,,,,102.847025381756,109.624915604859,TRUE
"MANHATTAN COMMUNITY BOARD #10",2018,3,,,,,104.675046235713,112.134414076345,TRUE
"MANHATTAN COMMUNITY BOARD #10",2019,2,,,,,106.530687797474,114.748740835409,TRUE
"MANHATTAN COMMUNITY BOARD #10",2020,2,,,,,108.414239794744,117.935753675601,TRUE
"MANHATTAN COMMUNITY BOARD #10",2021,3,,,,,110.65187123857,119.137579303534,TRUE
"MANHATTAN COMMUNITY BOARD #10",2022,3,,,,,116.237048769221,119.968709204972,TRUE
"MANHATTAN COMMUNITY BOARD #10",2023,4,,,,,122.385199421188,125.45294384081,TRUE
"MANHATTAN COMMUNITY BOARD #10",2024,3,,,,,126.5824846726,131.901715171281,TRUE
"MANHATTAN COMMUNITY BOARD #10",2025,3,,,,,131.524337931956,138.829406942636,TRUE
"MANHATTAN COMMUNITY BOARD #11",2014,2,,,,,100,100,TRUE
"MANHATTAN COMMUNITY BOARD #11",2015,3,,,,,100.484295953631,102.913721782668,TRUE
"MANHATTAN COMMUNITY BOARD #11",2016,3,,,,,101.0644595854,106.641178909451,TRUE
"MANHATTAN COMMUNITY BOARD #11",2017,3,,,,,102.847025381756,109.624915604859,TRUE
"MANHATTAN COMMUNITY BOARD #11",2018,2,,,,,104.675046235713,112.134414076345,TRUE
"MANHATTAN COMMUNITY BOARD #11",2019,1,,,,,106.530687797474,114.748740835409,TRUE
"MANHATTAN COMMUNITY BOARD #11",2020,3,,,,,108.414239794744,117.935753675601,TRUE
"MANHATTAN COMMUNITY BOARD #11",2021,3,,,,,110.65187123857,119.137579303534,TRUE
"MANHATTAN COMMUNITY BOARD #11",2022,2,,,,,116.237048769221,119.968709204972,TRUE
"MANHATTAN COMMUNITY BOARD #11",2023,3,,,,,122.385199421188,125.45294384081,TRUE
"MANHATTAN COMMUNITY BOARD #11",2024,3,,,,,126.5824846726,131.901715171281,TRUE
"MANHATTAN COMMUNITY BOARD #11",2025,3,,,,,131.524337931956,138.829406942636,TRUE
"MANHATTAN COMMUNITY BOARD #12",2014,3,,,,,100,100,TRUE
"MANHATTAN COMMUNITY BOARD #12",2015,3,,,,,100.484295953631,102.913721782668,TRUE
"MANHATTAN COMMUNITY BOARD #12",2016,3,,,,,101.0644595854,106.641178909451,TRUE
"MANHATTAN COMMUNITY BOARD #12",2017,3,,,,,102.847025381756,109.624915604859,TRUE
"MANHATTAN COMMUNITY BOARD #12",2018,3,,,,,104.675046235713,112.134414076345,TRUE
"MANHATTAN COMMUNITY BOARD #12",2019,2,,,,,106.530687797474,114.748740835409,TRUE
"MANHATTAN COMMUNITY BOARD #12",2020,3,,,,,108.414239794744,117.935753675601,TRUE
"MANHATTAN COMMUNITY BOARD #12",2021,3,,,,,110.65187123857,119.137579303534,TRUE
"MANHATTAN COMMUNITY BOARD #12",2022,3,,,,,116.237048769221,119.968709204972,TRUE
"MANHATTAN COMMUNITY BOARD #12",2023,3,,,,,122.385199421188,125.45294384081,TRUE
"MANHATTAN COMMUNITY BOARD #12",2024,2,,,,,126.5824846726,131.901715171281,TRUE
"MANHATTAN COMMUNITY BOARD #12",2025,3,,,,,131.524337931956,138.829406942636,TRUE
"MANHATTAN COMMUNITY BOARD #2",2014,4,,,,,100,100,TRUE
"MANHATTAN COMMUNITY BOARD #2",2015,4,,,,,100.484295953631,102.913721782668,TRUE
"MANHATTAN COMMUNITY BOARD #2",2016,4,,,,,101.0644595854,106.641178909451,TRUE
"MANHATTAN COMMUNITY BOARD #2",2017,4,,,,,102.847025381756,109.624915604859,TRUE
"MANHATTAN COMMUNITY BOARD #2",2018,4,,,,,104.675046235713,112.134414076345,TRUE
"MANHATTAN COMMUNITY BOARD #2",2019,4,,,,,106.530687797474,114.748740835409,TRUE
"MANHATTAN COMMUNITY BOARD #2",2020,4,,,,,108.414239794744,117.935753675601,TRUE
"MANHATTAN COMMUNITY BOARD #2",2021,4,,,,,110.65187123857,119.137579303534,TRUE
"MANHATTAN COMMUNITY BOARD #2",2022,3,,,,,116.237048769221,119.968709204972,TRUE
"MANHATTAN COMMUNITY BOARD #2",2023,3,,,,,122.385199421188,125.45294384081,TRUE
"MANHATTAN COMMUNITY BOARD #2",2024,3,,,,,126.5824846726,131.901715171281,TRUE
"MANHATTAN COMMUNITY BOARD #2",2025,3,,,,,131.524337931956,138.829406942636,TRUE
"MANHATTAN COMMUNITY BOARD #3",2014,4,,,,,100,100,TRUE
"MANHATTAN COMMUNITY BOARD #3",2015,4,,,,,100.484295953631,102.913721782668,TRUE
"MANHATTAN COMMUNITY BOARD #3",2016,4,,,,,101.0644595854,106.641178909451,TRUE
"MANHATTAN COMMUNITY BOARD #3",2017,4,,,,,102.847025381756,109.624915604859,TRUE
"MANHATTAN COMMUNITY BOARD #3",2018,3,,,,,104.675046235713,112.134414076345,TRUE
"MANHATTAN COMMUNITY BOARD #3",2019,4,,,,,106.530687797474,114.748740835409,TRUE
"MANHATTAN COMMUNITY BOARD #3",2020,4,,,,,108.414239794744,117.935753675601,TRUE
"MANHATTAN COMMUNITY BOARD #3",2021,3,,,,,110.65187123857,119.137579303534,TRUE
"MANHATTAN COMMUNITY BOARD #3",2022,4,,,,,116.237048769221,119.968709204972,TRUE
"MANHATTAN COMMUNITY BOARD #3",2023,4,,,,,122.385199421188,125.45294384081,TRUE
"MANHATTAN COMMUNITY BOARD #3",2024,2,,,,,126.5824846726,131.901715171281,TRUE
"MANHATTAN COMMUNITY BOARD #3",2025,3,,,,,131.524337931956,138.829406942636,TRUE
"MANHATTAN COMMUNITY BOARD #4",2014,3,,,,,100,100,TRUE
"MANHATTAN COMMUNITY BOARD #4",2015,3,,,,,100.484295953631,102.913721782668,TRUE
"MANHATTAN COMMUNITY BOARD #4",2016,3,,,,,101.0644595854,106.641178909451,TRUE
"MANHATTAN COMMUNITY BOARD #4",2017,3,,,,,102.847025381756,109.624915604859,TRUE
"MANHATTAN COMMUNITY BOARD #4",2018,3,,,,,104.675046235713,112.134414076345,TRUE
"MANHATTAN COMMUNITY BOARD #4",2019,3,,,,,106.530687797474,114.748740835409,TRUE
"MANHATTAN COMMUNITY BOARD #4",2020,3,,,,,108.414239794744,117.935753675601,TRUE
"MANHATTAN COMMUNITY BOARD #4",2021,3,,,,,110.65187123857,119.137579303534,TRUE
"MANHATTAN COMMUNITY BOARD #4",2022,3,,,,,116.237048769221,119.968709204972,TRUE
"MANHATTAN COMMUNITY BOARD #4",2023,3,,,,,122.385199421188,125.45294384081,TRUE
"MANHATTAN COMMUNITY BOARD #4",2024,3,,,,,126.5824846726,131.901715171281,TRUE
"MANHATTAN COMMUNITY BOARD #4",2025,3,,,,,131.524337931956,138.829406942636,TRUE
"MANHATTAN COMMUNITY BOARD #5",2014,3,,,,,100,100,TRUE
"MANHATTAN COMMUNITY BOARD #5",2015,3,,,,,100.484295953631,102.913721782668,TRUE
"MANHATTAN COMMUNITY BOARD #5",2016,2,,,,,101.0644595854,106.641178909451,TRUE
"MANHATTAN COMMUNITY BOARD #5",2017,3,,,,,102.847025381756,109.624915604859,TRUE
"MANHATTAN COMMUNITY BOARD #5",2018,2,,,,,104.675046235713,112.134414076345,TRUE
"MANHATTAN COMMUNITY BOARD #5",2019,3,,,,,106.530687797474,114.748740835409,TRUE
"MANHATTAN COMMUNITY BOARD #5",2020,3,,,,,108.414239794744,117.935753675601,TRUE
"MANHATTAN COMMUNITY BOARD #5",2021,3,,,,,110.65187123857,119.137579303534,TRUE
"MANHATTAN COMMUNITY BOARD #5",2022,3,,,,,116.237048769221,119.968709204972,TRUE
"MANHATTAN COMMUNITY BOARD #5",2023,3,,,,,122.385199421188,125.45294384081,TRUE
"MANHATTAN COMMUNITY BOARD #5",2024,3,,,,,126.5824846726,131.901715171281,TRUE
"MANHATTAN COMMUNITY BOARD #5",2025,2,,,,,131.524337931956,138.829406942636,TRUE
"MANHATTAN COMMUNITY BOARD #6",2014,3,,,,,100,100,TRUE
"MANHATTAN COMMUNITY BOARD #6",2015,2,,,,,100.484295953631,102.913721782668,TRUE
"MANHATTAN COMMUNITY BOARD #6",2016,2,,,,,101.0644595854,106.641178909451,TRUE
"MANHATTAN COMMUNITY BOARD #6",2017,1,,,,,102.847025381756,109.624915604859,TRUE
"MANHATTAN COMMUNITY BOARD #6",2018,3,,,,,104.675046235713,112.134414076345,TRUE
"MANHATTAN COMMUNITY BOARD #6",2019,3,,,,,106.530687797474,114.748740835409,TRUE
"MANHATTAN COMMUNITY BOARD #6",2020,3,,,,,108.414239794744,117.935753675601,TRUE
"MANHATTAN COMMUNITY BOARD #6",2021,2,,,,,110.65187123857,119.137579303534,TRUE
"MANHATTAN COMMUNITY BOARD #6",2022,3,,,,,116.237048769221,119.968709204972,TRUE
"MANHATTAN COMMUNITY BOARD #6",2023,3,,,,,122.385199421188,125.45294384081,TRUE
"MANHATTAN COMMUNITY BOARD #6",2024,3,,,,,126.5824846726,131.901715171281,TRUE
"MANHATTAN COMMUNITY BOARD #6",2025,3,,,,,131.524337931956,138.829406942636,TRUE
"MANHATTAN COMMUNITY BOARD #7",2014,3,,,,,100,100,TRUE
"MANHATTAN COMMUNITY BOARD #7",2015,3,,,,,100.484295953631,102.913721782668,TRUE
"MANHATTAN COMMUNITY BOARD #7",2016,3,,,,,101.0644595854,106.641178909451,TRUE
"MANHATTAN COMMUNITY BOARD #7",2017,2,,,,,102.847025381756,109.624915604859,TRUE
"MANHATTAN COMMUNITY BOARD #7",2018,3,,,,,104.675046235713,112.134414076345,TRUE
"MANHATTAN COMMUNITY BOARD #7",2019,3,,,,,106.530687797474,114.748740835409,TRUE
"MANHATTAN COMMUNITY BOARD #7",2020,3,,,,,108.414239794744,117.935753675601,TRUE
"MANHATTAN COMMUNITY BOARD #7",2021,2,,,,,110.65187123857,119.137579303534,TRUE
"MANHATTAN COMMUNITY BOARD #7",2022,2,,,,,116.237048769221,119.968709204972,TRUE
"MANHATTAN COMMUNITY BOARD #7",2023,3,,,,,122.385199421188,125.45294384081,TRUE
"MANHATTAN COMMUNITY BOARD #7",2024,3,,,,,126.5824846726,131.901715171281,TRUE
"MANHATTAN COMMUNITY BOARD #7",2025,3,,,,,131.524337931956,138.829406942636,TRUE
"MANHATTAN COMMUNITY BOARD #8",2014,4,,,,,100,100,TRUE
"MANHATTAN COMMUNITY BOARD #8",2015,4,,,,,100.484295953631,102.913721782668,TRUE
"MANHATTAN COMMUNITY BOARD #8",2016,3,,,,,101.0644595854,106.641178909451,TRUE
"MANHATTAN COMMUNITY BOARD #8",2017,3,,,,,102.847025381756,109.624915604859,TRUE
"MANHATTAN COMMUNITY BOARD #8",2018,2,,,,,104.675046235713,112.134414076345,TRUE
"MANHATTAN COMMUNITY BOARD #8",2019,3,,,,,106.530687797474,114.748740835409,TRUE
"MANHATTAN COMMUNITY BOARD #8",2020,1,,,,,108.414239794744,117.935753675601,TRUE
"MANHATTAN COMMUNITY BOARD #8",2021,2,,,,,110.65187123857,119.137579303534,TRUE
"MANHATTAN COMMUNITY BOARD #8",2022,3,,,,,116.237048769221,119.968709204972,TRUE
"MANHATTAN COMMUNITY BOARD #8",2023,4,,,,,122.385199421188,125.45294384081,TRUE
"MANHATTAN COMMUNITY BOARD #8",2024,3,,,,,126.5824846726,131.901715171281,TRUE
"MANHATTAN COMMUNITY BOARD #8",2025,3,,,,,131.524337931956,138.829406942636,TRUE
"MANHATTAN COMMUNITY BOARD #9",2014,2,,,,,100,100,TRUE
"MANHATTAN COMMUNITY BOARD #9",2015,2,,,,,100.484295953631,102.913721782668,TRUE
"MANHATTAN COMMUNITY BOARD #9",2016,2,,,,,101.0644595854,106.641178909451,TRUE
"MANHATTAN COMMUNITY BOARD #9",2017,2,,,,,102.847025381756,109.624915604859,TRUE
"MANHATTAN COMMUNITY BOARD #9",2018,2,,,,,104.675046235713,112.134414076345,TRUE
"MANHATTAN COMMUNITY BOARD #9",2019,2,,,,,106.530687797474,114.748740835409,TRUE
"MANHATTAN COMMUNITY BOARD #9",2020,2,,,,,108.414239794744,117.935753675601,TRUE
"MANHATTAN COMMUNITY BOARD #9",2021,2,,,,,110.65187123857,119.137579303534,TRUE
"MANHATTAN COMMUNITY BOARD #9",2022,2,,,,,116.237048769221,119.968709204972,TRUE
"MANHATTAN COMMUNITY BOARD #9",2023,3,,,,,122.385199421188,125.45294384081,TRUE
"MANHATTAN COMMUNITY BOARD #9",2024,2,,,,,126.5824846726,131.901715171281,TRUE
"MANHATTAN COMMUNITY BOARD #9",2025,3,,,,,131.524337931956,138.829406942636,TRUE
"MANHATTAN DA",2014,1231,62500,72153.67018684,82202.7112074724,100,100,100,FALSE
"MAYORS OFFICE OF CONTRACT SVCS",2017,99,70000,77257.3636363636,89518.4242914433,100,102.847025381756,109.624915604859,FALSE
"MAYORS OFFICE OF CONTRACT SVCS",2018,152,78000,82421.7302631579,98007.1060641428,111.428571428571,104.675046235713,112.134414076345,FALSE
"MAYORS OFFICE OF CONTRACT SVCS",2019,168,83350,89581.8630952381,102905.123333752,119.071428571429,106.530687797474,114.748740835409,FALSE
"MAYORS OFFICE OF CONTRACT SVCS",2020,184,85000,91973.2445652174,103119.006741015,121.428571428571,108.414239794744,117.935753675601,FALSE
"MAYORS OFFICE OF CONTRACT SVCS",2021,157,85000,93455.127388535,101033.706877967,121.428571428571,110.65187123857,119.137579303534,FALSE
"MAYORS OFFICE OF CONTRACT SVCS",2022,163,90000,97201.3294478528,101836.639343604,128.571428571429,116.237048769221,119.968709204972,FALSE
"MAYORS OFFICE OF CONTRACT SVCS",2023,176,90000,99148.1761363636,96720.7674609277,128.571428571429,122.385199421188,125.45294384081,FALSE
"MAYORS OFFICE OF CONTRACT SVCS",2024,182,99831.5,109529.725274725,103728.979378268,142.616428571429,126.5824846726,131.901715171281,FALSE
"MAYORS OFFICE OF CONTRACT SVCS",2025,180,102570,113162.527777778,102570,146.528571428571,131.524337931956,138.829406942636,FALSE
"MUNICIPAL WATER FIN AUTHORITY",2014,15,,,,,100,100,TRUE
"MUNICIPAL WATER FIN AUTHORITY",2015,14,,,,,100.484295953631,102.913721782668,TRUE
"MUNICIPAL WATER FIN AUTHORITY",2016,12,,,,,101.0644595854,106.641178909451,TRUE
"MUNICIPAL WATER FIN AUTHORITY",2017,13,,,,,102.847025381756,109.624915604859,TRUE
"MUNICIPAL WATER FIN AUTHORITY",2018,13,,,,,104.675046235713,112.134414076345,TRUE
"MUNICIPAL WATER FIN AUTHORITY",2019,13,,,,,106.530687797474,114.748740835409,TRUE
"MUNICIPAL WATER FIN AUTHORITY",2020,12,,,,,108.414239794744,117.935753675601,TRUE
"MUNICIPAL WATER FIN AUTHORITY",2021,11,,,,,110.65187123857,119.137579303534,TRUE
"MUNICIPAL WATER FIN AUTHORITY",2022,11,,,,,116.237048769221,119.968709204972,TRUE
"MUNICIPAL WATER FIN AUTHORITY",2023,8,,,,,122.385199421188,125.45294384081,TRUE
"MUNICIPAL WATER FIN AUTHORITY",2024,9,,,,,126.5824846726,131.901715171281,TRUE
"MUNICIPAL WATER FIN AUTHORITY",2025,11,,,,,131.524337931956,138.829406942636,TRUE
"NYC DEPT OF VETERANS' SERVICES",2017,32,73987.5,84802.96875,94617.7773894737,100,102.847025381756,109.624915604859,FALSE
"NYC DEPT OF VETERANS' SERVICES",2018,34,73987.5,85935.0588235294,92965.3943579585,100,104.675046235713,112.134414076345,FALSE
"NYC DEPT OF VETERANS' SERVICES",2019,38,88446.5,94916.6052631579,109197.33642398,119.542490285521,106.530687797474,114.748740835409,FALSE
"NYC DEPT OF VETERANS' SERVICES",2020,38,94641.5,98731.2368421053,114815.735017409,127.91552627133,108.414239794744,117.935753675601,FALSE
"NYC DEPT OF VETERANS' SERVICES",2021,36,94641.5,97785.75,112493.900817543,127.91552627133,110.65187123857,119.137579303534,FALSE
"NYC DEPT OF VETERANS' SERVICES",2022,31,94283,104386.677419355,106682.931858145,127.430984963676,116.237048769221,119.968709204972,FALSE
"NYC DEPT OF VETERANS' SERVICES",2023,30,86472.5,105168.166666667,92929.8507140563,116.874472039196,122.385199421188,125.45294384081,FALSE
"NYC DEPT OF VETERANS' SERVICES",2024,34,83812.55,105864.046470588,87084.6403248482,113.279337725967,126.5824846726,131.901715171281,FALSE
"NYC DEPT OF VETERANS' SERVICES",2025,35,85550.5,104031.523142857,85550.5,115.62831559385,131.524337931956,138.829406942636,FALSE
"NYC EMPLOYEES RETIREMENT SYS",2014,380,49756,61313.8026315789,65441.249581424,100,100,100,FALSE
"NYC EMPLOYEES RETIREMENT SYS",2015,376,52850,64500.5239361702,69175.5979751452,106.218345526168,100.484295953631,102.913721782668,FALSE
"NYC EMPLOYEES RETIREMENT SYS",2016,396,53506.5,66164.7474747475,69632.8562624883,107.537784387813,101.0644595854,106.641178909451,FALSE
"NYC EMPLOYEES RETIREMENT SYS",2017,404,55010,67874.0396039604,70348.693146747,110.559530508883,102.847025381756,109.624915604859,FALSE
"NYC EMPLOYEES RETIREMENT SYS",2018,406,54966,68612.354679803,69064.8537425855,110.471098962939,104.675046235713,112.134414076345,FALSE
"NYC EMPLOYEES RETIREMENT SYS",2019,402,57512,72565.910447761,71005.1524075677,115.588069780529,106.530687797474,114.748740835409,FALSE
"NYC EMPLOYEES RETIREMENT SYS",2020,421,63074,76560.4774346793,76519.155660974,126.766621111022,108.414239794744,117.935753675601,FALSE
"NYC EMPLOYEES RETIREMENT SYS",2021,434,64924.5,77773.8156682028,77171.3282611599,130.485770560334,110.65187123857,119.137579303534,FALSE
"NYC EMPLOYEES RETIREMENT SYS",2022,451,65000,79190.5831485588,73548.6839703806,130.637511053943,116.237048769221,119.968709204972,FALSE
"NYC EMPLOYEES RETIREMENT SYS",2023,470,67595.5,83332.8468085106,72643.2070767237,135.85396736072,122.385199421188,125.45294384081,FALSE
"NYC EMPLOYEES RETIREMENT SYS",2024,478,74533.5,89560.5439330544,77443.3308573963,149.798014309832,126.5824846726,131.901715171281,FALSE
"NYC EMPLOYEES RETIREMENT SYS",2025,469,76809,92516.1769722814,76809,154.371332100651,131.524337931956,138.829406942636,FALSE
"NYC FIRE PENSION FUND",2018,31,73000,88710.1612903226,91724.5992651593,100,104.675046235713,112.134414076345,FALSE
"NYC FIRE PENSION FUND",2019,35,67541,87421.4857142857,83387.1018006595,92.5219178082192,106.530687797474,114.748740835409,FALSE
"NYC FIRE PENSION FUND",2020,35,77488,98804.6285714286,94005.7128746798,106.147945205479,108.414239794744,117.935753675601,FALSE
"NYC FIRE PENSION FUND",2021,44,74546,90845.3409090909,88607.749563823,102.117808219178,110.65187123857,119.137579303534,FALSE
"NYC FIRE PENSION FUND",2022,48,74885.5,92298.2291666667,84734.3072840606,102.582876712329,116.237048769221,119.968709204972,FALSE
"NYC FIRE PENSION FUND",2023,46,84998,98435.0217391304,91345.2421404881,116.435616438356,122.385199421188,125.45294384081,FALSE
"NYC FIRE PENSION FUND",2024,48,87615.5,101902.458333333,91036.0596877405,120.021232876712,126.5824846726,131.901715171281,FALSE
"NYC FIRE PENSION FUND",2025,49,86240,105962.755918367,86240,118.13698630137,131.524337931956,138.829406942636,FALSE
"NYC HOUSING AUTHORITY",2014,8519,39019,49862.5684939546,51319.4814176699,100,100,100,FALSE
"NYC HOUSING AUTHORITY",2015,8404,41308,52470.5252260828,54068.2232953131,105.866372792742,100.484295953631,102.913721782668,FALSE
"NYC HOUSING AUTHORITY",2016,8037,45072,54658.0126913028,58656.2772273065,115.512955226941,101.0644595854,106.641178909451,FALSE
"NYC HOUSING AUTHORITY",2017,8084,43611,55725.8866897576,55771.2571682019,111.768625541403,102.847025381756,109.624915604859,FALSE
"NYC HOUSING AUTHORITY",2018,7800,43079,55141.6248717946,54128.8220786821,110.405187216484,104.675046235713,112.134414076345,FALSE
"NYC HOUSING AUTHORITY",2019,7871,43941,55957.022868758,54250.1982532503,112.614367359492,106.530687797474,114.748740835409,FALSE
"NYC HOUSING AUTHORITY",2020,8137,44930,57403.9856212364,54507.4937985154,115.149029959763,108.414239794744,117.935753675601,FALSE
"NYC HOUSING AUTHORITY",2021,8434,46278,58908.4569599242,55007.5045517479,118.603757143956,110.65187123857,119.137579303534,FALSE
"NYC HOUSING AUTHORITY",2022,8644,46278,58820.8076122166,52364.3999504812,118.603757143956,116.237048769221,119.968709204972,FALSE
"NYC HOUSING AUTHORITY",2023,8264,46278,61425.8564859631,49733.818628409,118.603757143956,122.385199421188,125.45294384081,FALSE
"NYC HOUSING AUTHORITY",2024,8243,51613,67632.6337498477,53628.0013087108,132.276583203055,126.5824846726,131.901715171281,FALSE
"NYC HOUSING AUTHORITY",2025,8438,54200,70848.0167101208,54200,138.906686486071,131.524337931956,138.829406942636,FALSE
"NYC POLICE PENSION FUND",2014,131,57431,71420.2824427481,75535.7425177016,100,100,100,FALSE
"NYC POLICE PENSION FUND",2015,130,61168.5,75581.9153846154,80063.7192950363,106.507809371246,100.484295953631,102.913721782668,FALSE
"NYC POLICE PENSION FUND",2016,131,62000,76755.9236641222,80686.2173432065,107.955633716982,101.0644595854,106.641178909451,FALSE
"NYC POLICE PENSION FUND",2017,132,65421,79242.1287878788,83662.6405081501,113.912346990301,102.847025381756,109.624915604859,FALSE
"NYC POLICE PENSION FUND",2018,137,63888,77226.795620438,80275.3588746917,111.243056885654,104.675046235713,112.134414076345,FALSE
"NYC POLICE PENSION FUND",2019,139,65461,80401.9352517986,80819.1035219048,113.981995786248,106.530687797474,114.748740835409,FALSE
"NYC POLICE PENSION FUND",2020,136,66511,82953.0735294117,80688.8030276666,115.810276679842,108.414239794744,117.935753675601,FALSE
"NYC POLICE PENSION FUND",2021,139,65491,80124.345323741,77844.6882017054,114.034232383208,110.65187123857,119.137579303534,FALSE
"NYC POLICE PENSION FUND",2022,138,67604,83573.9927536232,76495.1574020556,117.713430029078,116.237048769221,119.968709204972,FALSE
"NYC POLICE PENSION FUND",2023,140,71612.5,88404.8357142857,76960.1773310631,124.693109992861,122.385199421188,125.45294384081,FALSE
"NYC POLICE PENSION FUND",2024,143,76418,94871.4895104895,79401.4028250453,133.060542215876,126.5824846726,131.901715171281,FALSE
"NYC POLICE PENSION FUND",2025,137,78180,96157.8540145986,78180,136.128571677317,131.524337931956,138.829406942636,FALSE
"OFF OF PAYROLL ADMINISTRATION",2014,145,67353,76637.279862069,88585.5873273102,100,100,100,FALSE
"OFF OF PAYROLL ADMINISTRATION",2015,155,69496,80226.7483870968,90963.6207546015,103.181743946075,100.484295953631,102.913721782668,FALSE
"OFF OF PAYROLL ADMINISTRATION",2016,150,73417.5,82283.8466666667,95544.8445450784,109.004053271569,101.0644595854,106.641178909451,FALSE
"OFF OF PAYROLL ADMINISTRATION",2017,160,77743.5,85788.1625,99421.080270026,115.42692975814,102.847025381756,109.624915604859,FALSE
"OFF OF PAYROLL ADMINISTRATION",2018,150,79495.5,86391.0866666667,99886.2038477188,118.028150193755,104.675046235713,112.134414076345,FALSE
"OFF OF PAYROLL ADMINISTRATION",2019,147,80217,89009.5918367347,99037.0759263781,119.099371965614,106.530687797474,114.748740835409,FALSE
"OFF OF PAYROLL ADMINISTRATION",2020,147,80752,89326.9047619048,97965.4827335348,119.893694415987,108.414239794744,117.935753675601,FALSE
"OFF OF PAYROLL ADMINISTRATION",2021,143,82666,90445.9230769231,98259.4401502829,122.735438659006,110.65187123857,119.137579303534,FALSE
"OFF OF PAYROLL ADMINISTRATION",2022,139,85074,94017.6115107914,96262.780616864,126.310632043116,116.237048769221,119.968709204972,FALSE
"OFF OF PAYROLL ADMINISTRATION",2023,140,89320.5,97421.2714285714,95990.5256665977,132.615473698276,122.385199421188,125.45294384081,FALSE
"OFF OF PAYROLL ADMINISTRATION",2024,136,98507,106130.147058824,102352.770133826,146.254806764361,126.5824846726,131.901715171281,FALSE
"OFF OF PAYROLL ADMINISTRATION",2025,131,100684,109572.557251908,100684,149.487031015693,131.524337931956,138.829406942636,FALSE
"OFFICE OF COLLECTIVE BARGAININ",2014,15,,,,,100,100,TRUE
"OFFICE OF COLLECTIVE BARGAININ",2015,15,,,,,100.484295953631,102.913721782668,TRUE
"OFFICE OF COLLECTIVE BARGAININ",2016,17,,,,,101.0644595854,106.641178909451,TRUE
"OFFICE OF COLLECTIVE BARGAININ",2017,17,,,,,102.847025381756,109.624915604859,TRUE
"OFFICE OF COLLECTIVE BARGAININ",2018,15,,,,,104.675046235713,112.134414076345,TRUE
"OFFICE OF COLLECTIVE BARGAININ",2019,17,,,,,106.530687797474,114.748740835409,TRUE
"OFFICE OF COLLECTIVE BARGAININ",2020,14,,,,,108.414239794744,117.935753675601,TRUE
"OFFICE OF COLLECTIVE BARGAININ",2021,16,,,,,110.65187123857,119.137579303534,TRUE
"OFFICE OF COLLECTIVE BARGAININ",2022,16,,,,,116.237048769221,119.968709204972,TRUE
"OFFICE OF COLLECTIVE BARGAININ",2023,14,,,,,122.385199421188,125.45294384081,TRUE
"OFFICE OF COLLECTIVE BARGAININ",2024,15,,,,,126.5824846726,131.901715171281,TRUE
"OFFICE OF COLLECTIVE BARGAININ",2025,15,,,,,131.524337931956,138.829406942636,TRUE
"OFFICE OF CRIMINAL JUSTICE",2024,48,112455,120815.75,116845.308103987,100,126.5824846726,131.901715171281,FALSE
"OFFICE OF CRIMINAL JUSTICE",2025,96,121915.5,128679.03125,121915.5,108.412698412698,131.524337931956,138.829406942636,FALSE
"OFFICE OF EMERGENCY MANAGEMENT",2014,112,72250,78475.1964285714,95026.3341558381,100,100,100,FALSE
"OFFICE OF EMERGENCY MANAGEMENT",2015,149,71253,82130.7315436242,93263.365799868,98.6200692041522,100.484295953631,102.913721782668,FALSE
"OFFICE OF EMERGENCY MANAGEMENT",2016,156,76297,84466.3397435897,99292.1987844294,105.601384083045,101.0644595854,106.641178909451,FALSE
"OFFICE OF EMERGENCY MANAGEMENT",2017,165,76000,85835.496969697,97191.4320878527,105.190311418685,102.847025381756,109.624915604859,FALSE
"OFFICE OF EMERGENCY MANAGEMENT",2018,181,75000,84733.679558011,94237.6019847527,103.806228373702,104.675046235713,112.134414076345,FALSE
"OFFICE OF EMERGENCY MANAGEMENT",2019,178,78221,88853.9606741573,96572.7852704192,108.264359861592,106.530687797474,114.748740835409,FALSE
"OFFICE OF EMERGENCY MANAGEMENT",2020,190,78191,90406.2578947368,94858.5677186673,108.222837370242,108.414239794744,117.935753675601,FALSE
"OFFICE OF EMERGENCY MANAGEMENT",2021,191,82137,92931.1256544503,97630.6539039482,113.684429065744,110.65187123857,119.137579303534,FALSE
"OFFICE OF EMERGENCY MANAGEMENT",2022,196,79854,93105.0255102041,90356.255534935,110.524567474048,116.237048769221,119.968709204972,FALSE
"OFFICE OF EMERGENCY MANAGEMENT",2023,201,79310,93635.5323383085,85232.4896369575,109.771626297578,122.385199421188,125.45294384081,FALSE
"OFFICE OF EMERGENCY MANAGEMENT",2024,209,88866,105561.555023923,92335.379929473,122.997923875433,126.5824846726,131.901715171281,FALSE
"OFFICE OF EMERGENCY MANAGEMENT",2025,209,90419,107228.555023923,90419,125.147404844291,131.524337931956,138.829406942636,FALSE
"OFFICE OF LABOR RELATIONS",2014,99,56923,70622.5353535353,74867.5988810072,100,100,100,FALSE
"OFFICE OF LABOR RELATIONS",2015,105,58277,75557.8095238095,76279.0221986289,102.378651863043,100.484295953631,102.913721782668,FALSE
"OFFICE OF LABOR RELATIONS",2016,119,63683,77122.5882352941,82876.4577268938,111.875691723908,101.0644595854,106.641178909451,FALSE
"OFFICE OF LABOR RELATIONS",2017,127,60873,78148.0157480315,77846.5005984718,106.939198566485,102.847025381756,109.624915604859,FALSE
"OFFICE OF LABOR RELATIONS",2018,133,60873,78111.7669172933,76487.0072749047,106.939198566485,104.675046235713,112.134414076345,FALSE
"OFFICE OF LABOR RELATIONS",2019,130,65016,81958.0307692308,80269.7000439981,114.217451645205,106.530687797474,114.748740835409,FALSE
"OFFICE OF LABOR RELATIONS",2020,155,68499,81754.3677419355,83100.5746206212,120.336243697627,108.414239794744,117.935753675601,FALSE
"OFFICE OF LABOR RELATIONS",2021,150,70000,82969.4133333333,83204.2291936201,122.973139152891,110.65187123857,119.137579303534,FALSE
"OFFICE OF LABOR RELATIONS",2022,144,70000,83577.5847222222,79206.2750450253,122.973139152891,116.237048769221,119.968709204972,FALSE
"OFFICE OF LABOR RELATIONS",2023,151,71028,85203.8450331126,76332.0296801641,124.779087539307,122.385199421188,125.45294384081,FALSE
"OFFICE OF LABOR RELATIONS",2024,157,78472.13,95070.8288535032,81535.727245797,137.856630887339,126.5824846726,131.901715171281,FALSE
"OFFICE OF LABOR RELATIONS",2025,160,78977,98204.79775,78977,138.743565869684,131.524337931956,138.829406942636,FALSE
"OFFICE OF MANAGEMENT & BUDGET",2014,323,66661,78517.7182662539,87675.4389088211,100,100,100,FALSE
"OFFICE OF MANAGEMENT & BUDGET",2015,331,69711,83459.2688821752,91245.0352023718,104.575388908057,100.484295953631,102.913721782668,FALSE
"OFFICE OF MANAGEMENT & BUDGET",2016,355,71785,84333.2732394366,93420.3243868077,107.686653365536,101.0644595854,106.641178909451,FALSE
"OFFICE OF MANAGEMENT & BUDGET",2017,388,73939,87160.8969072165,94555.753909786,110.917928023882,102.847025381756,109.624915604859,FALSE
"OFFICE OF MANAGEMENT & BUDGET",2018,388,73939,87177.206185567,92904.4540420084,110.917928023882,104.675046235713,112.134414076345,FALSE
"OFFICE OF MANAGEMENT & BUDGET",2019,392,77115,90834.0994897959,95207.3015702737,115.682332998305,106.530687797474,114.748740835409,FALSE
"OFFICE OF MANAGEMENT & BUDGET",2020,398,79428,93287.08040201,96359.2525579454,119.152127930874,108.414239794744,117.935753675601,FALSE
"OFFICE OF MANAGEMENT & BUDGET",2021,372,79428,95612.3064516129,94410.6502341552,119.152127930874,110.65187123857,119.137579303534,FALSE
"OFFICE OF MANAGEMENT & BUDGET",2022,373,83399,99134.890080429,94367.4876068581,125.109134276413,116.237048769221,119.968709204972,FALSE
"OFFICE OF MANAGEMENT & BUDGET",2023,406,83399,98525.763546798,89626.8365052656,125.109134276413,122.385199421188,125.45294384081,FALSE
"OFFICE OF MANAGEMENT & BUDGET",2024,434,95208,111766.829493087,98924.9752697913,142.824140051904,126.5824846726,131.901715171281,FALSE
"OFFICE OF MANAGEMENT & BUDGET",2025,421,101434,119712.805225653,101434,152.163933934384,131.524337931956,138.829406942636,FALSE
"OFFICE OF RACIAL EQUITY",2024,10,,,,,126.5824846726,131.901715171281,TRUE
"OFFICE OF RACIAL EQUITY",2025,28,,,,,131.524337931956,138.829406942636,TRUE
"OFFICE OF THE ACTUARY",2014,35,66760,85212.6,87805.6480033737,100,100,100,FALSE
"OFFICE OF THE ACTUARY",2015,34,73799.5,93907.2647058823,96596.4908754348,110.544487717196,100.484295953631,102.913721782668,FALSE
"OFFICE OF THE ACTUARY",2016,34,81664.5,102431.529411765,106277.412842327,122.325494307969,101.0644595854,106.641178909451,FALSE
"OFFICE OF THE ACTUARY",2017,38,78768,102719.289473684,100731.246351263,117.986818454164,102.847025381756,109.624915604859,FALSE
"OFFICE OF THE ACTUARY",2018,41,81303,102964.219512195,102157.330055551,121.784002396645,104.675046235713,112.134414076345,FALSE
"OFFICE OF THE ACTUARY",2019,43,85788,109282.744186047,105915.113623947,128.50209706411,106.530687797474,114.748740835409,FALSE
"OFFICE OF THE ACTUARY",2020,42,90812.5,110984.238095238,110170.527054923,136.028310365488,108.414239794744,117.935753675601,FALSE
"OFFICE OF THE ACTUARY",2021,40,97901,113739.1,116368.246318352,146.646195326543,110.65187123857,119.137579303534,FALSE
"OFFICE OF THE ACTUARY",2022,40,94232,113729.225,106625.224429183,141.150389454763,116.237048769221,119.968709204972,FALSE
"OFFICE OF THE ACTUARY",2023,35,107173,120856.028571429,115176.164567667,160.534751348113,122.385199421188,125.45294384081,FALSE
"OFFICE OF THE ACTUARY",2024,40,108754,127684.7,112999.818927935,162.902935889754,126.5824846726,131.901715171281,FALSE
"OFFICE OF THE ACTUARY",2025,38,116716.5,137996.052631579,116716.5,174.829988016777,131.524337931956,138.829406942636,FALSE
"OFFICE OF THE COMPTROLLER",2014,710,64296,72540.5,84564.8883167303,100,100,100,FALSE
"OFFICE OF THE COMPTROLLER",2015,706,66753,76668.514164306,87373.2959628168,103.821388577828,100.484295953631,102.913721782668,FALSE
"OFFICE OF THE COMPTROLLER",2016,720,70073.5,82936.0541666667,91192.9943709545,108.985784496703,101.0644595854,106.641178909451,FALSE
"OFFICE OF THE COMPTROLLER",2017,741,73903,85779.1241565452,94509.7158630076,114.941831529178,102.847025381756,109.624915604859,FALSE
"OFFICE OF THE COMPTROLLER",2018,746,73062,85008.4490616624,91802.5023494667,113.633818589026,104.675046235713,112.134414076345,FALSE
"OFFICE OF THE COMPTROLLER",2019,744,74310,87542.0241935484,91744.2077376261,115.574841358716,106.530687797474,114.748740835409,FALSE
"OFFICE OF THE COMPTROLLER",2020,748,78030.5,90634.0641711229,94663.8547706445,121.361359960184,108.414239794744,117.935753675601,FALSE
"OFFICE OF THE COMPTROLLER",2021,736,79873,91599.691576087,94939.5914054575,124.227012566878,110.65187123857,119.137579303534,FALSE
"OFFICE OF THE COMPTROLLER",2022,657,80000,93236.2541856926,90521.4571943146,124.424536518601,116.237048769221,119.968709204972,FALSE
"OFFICE OF THE COMPTROLLER",2023,655,87418,98632.1053435114,93945.9561099931,135.961801667289,122.385199421188,125.45294384081,FALSE
"OFFICE OF THE COMPTROLLER",2024,664,91254.5,106895.402108434,94817.1283480082,141.928735846709,126.5824846726,131.901715171281,FALSE
"OFFICE OF THE COMPTROLLER",2025,690,92143.5,108867.514492754,92143.5,143.311403508772,131.524337931956,138.829406942636,FALSE
"OFFICE OF THE MAYOR",2014,413,70000,81868.9225181598,92067.0365523691,100,100,100,FALSE
"OFFICE OF THE MAYOR",2015,452,77924,88883.2234513274,101995.067107194,111.32,100.484295953631,102.913721782668,FALSE
"OFFICE OF THE MAYOR",2016,519,80000,91240.9653179191,104111.248184783,114.285714285714,101.0644595854,106.641178909451,FALSE
"OFFICE OF THE MAYOR",2017,456,86487,98761.5877192982,110602.570881344,123.552857142857,102.847025381756,109.624915604859,FALSE
"OFFICE OF THE MAYOR",2018,457,86000,99589.5908096281,108059.116942516,122.857142857143,104.675046235713,112.134414076345,FALSE
"OFFICE OF THE MAYOR",2019,480,93196,106106.258333333,115061.138262896,133.137142857143,106.530687797474,114.748740835409,FALSE
"OFFICE OF THE MAYOR",2020,493,93730,107953.064908722,113709.93531571,133.9,108.414239794744,117.935753675601,FALSE
"OFFICE OF THE MAYOR",2021,422,93348,107977.881516588,110956.405525229,133.354285714286,110.65187123857,119.137579303534,FALSE
"OFFICE OF THE MAYOR",2022,433,1e+05,116531.055427252,113151.821492893,142.857142857143,116.237048769221,119.968709204972,FALSE
"OFFICE OF THE MAYOR",2023,413,1e+05,117725.731234867,107467.519401031,142.857142857143,122.385199421188,125.45294384081,FALSE
"OFFICE OF THE MAYOR",2024,326,117689,133901.128834356,122283.646484817,168.127142857143,126.5824846726,131.901715171281,FALSE
"OFFICE OF THE MAYOR",2025,328,122399.5,138506.353658537,122399.5,174.856428571429,131.524337931956,138.829406942636,FALSE
"POLICE DEPARTMENT",2014,47794,76488,66749.3470310079,100600.335597394,100,100,100,FALSE
"POLICE DEPARTMENT",2015,48047,76488,67809.886402897,100115.480376971,100,100.484295953631,102.913721782668,FALSE
"POLICE DEPARTMENT",2016,49184,78026,68735.6187987965,101542.303135823,102.010772931702,101.0644595854,106.641178909451,FALSE
"POLICE DEPARTMENT",2017,50096,85292,72191.331164165,109074.363495225,111.510302269637,102.847025381756,109.624915604859,FALSE
"POLICE DEPARTMENT",2018,50831,85292,73417.0391296658,107169.51397978,111.510302269637,104.675046235713,112.134414076345,FALSE
"POLICE DEPARTMENT",2019,50700,85292,74106.8385996048,105302.744803628,111.510302269637,106.530687797474,114.748740835409,FALSE
"POLICE DEPARTMENT",2020,50297,85292,74922.8619599543,103473.25085829,111.510302269637,108.414239794744,117.935753675601,FALSE
"POLICE DEPARTMENT",2021,48018,85292,74975.4963138811,101380.787376889,111.510302269637,110.65187123857,119.137579303534,FALSE
"POLICE DEPARTMENT",2022,47424,85292,76661.7919829623,96509.4515877186,111.510302269637,116.237048769221,119.968709204972,FALSE
"POLICE DEPARTMENT",2023,46192,101590,83185.210231209,109176.252959507,132.81821985148,122.385199421188,125.45294384081,FALSE
"POLICE DEPARTMENT",2024,45545,105146,88287.2540783818,109250.96052556,137.4673151344,126.5824846726,131.901715171281,FALSE
"POLICE DEPARTMENT",2025,45050,109352,90697.1066370712,109352,142.966216922916,131.524337931956,138.829406942636,FALSE
"PRESIDENT BOROUGH OF MANHATTAN",2014,46,57691.12,68809.8569565217,75877.8636255302,100,100,100,FALSE
"PRESIDENT BOROUGH OF MANHATTAN",2015,50,59733.62,69696.0148,78185.5985377501,103.540406218496,100.484295953631,102.913721782668,FALSE
"PRESIDENT BOROUGH OF MANHATTAN",2016,53,60945,71920.0516981132,79313.2502577696,105.640174779065,101.0644595854,106.641178909451,FALSE
"PRESIDENT BOROUGH OF MANHATTAN",2017,52,63063.12,75114.0142307692,80647.3019043172,109.311658362673,102.847025381756,109.624915604859,FALSE
"PRESIDENT BOROUGH OF MANHATTAN",2018,50,62773,75478.0748,78874.3598585184,108.808773343281,104.675046235713,112.134414076345,FALSE
"PRESIDENT BOROUGH OF MANHATTAN",2019,53,64219,75552.7686792453,79285.7122419945,111.315224942764,106.530687797474,114.748740835409,FALSE
"PRESIDENT BOROUGH OF MANHATTAN",2020,54,66444,78183.4581481482,80607.520987059,115.171971006976,108.414239794744,117.935753675601,FALSE
"PRESIDENT BOROUGH OF MANHATTAN",2021,51,69070,81551.2141176471,82098.8015771906,119.723798047256,110.65187123857,119.137579303534,FALSE
"PRESIDENT BOROUGH OF MANHATTAN",2022,47,72500,86010.92,82035.0705823476,125.669253777704,116.237048769221,119.968709204972,FALSE
"PRESIDENT BOROUGH OF MANHATTAN",2023,46,76322,88780.1791304348,82021.3601572547,132.294190163062,122.385199421188,125.45294384081,FALSE
"PRESIDENT BOROUGH OF MANHATTAN",2024,51,77762,94435.4752941177,80797.8733607418,134.790241548439,126.5824846726,131.901715171281,FALSE
"PRESIDENT BOROUGH OF MANHATTAN",2025,50,85078,99129.2248,85078,147.471569281373,131.524337931956,138.829406942636,FALSE
"PUBLIC ADMINISTRATOR-BRONX",2014,7,,,,,100,100,TRUE
"PUBLIC ADMINISTRATOR-BRONX",2015,8,,,,,100.484295953631,102.913721782668,TRUE
"PUBLIC ADMINISTRATOR-BRONX",2016,8,,,,,101.0644595854,106.641178909451,TRUE
"PUBLIC ADMINISTRATOR-BRONX",2017,7,,,,,102.847025381756,109.624915604859,TRUE
"PUBLIC ADMINISTRATOR-BRONX",2018,6,,,,,104.675046235713,112.134414076345,TRUE
"PUBLIC ADMINISTRATOR-BRONX",2019,7,,,,,106.530687797474,114.748740835409,TRUE
"PUBLIC ADMINISTRATOR-BRONX",2020,8,,,,,108.414239794744,117.935753675601,TRUE
"PUBLIC ADMINISTRATOR-BRONX",2021,7,,,,,110.65187123857,119.137579303534,TRUE
"PUBLIC ADMINISTRATOR-BRONX",2022,7,,,,,116.237048769221,119.968709204972,TRUE
"PUBLIC ADMINISTRATOR-BRONX",2023,8,,,,,122.385199421188,125.45294384081,TRUE
"PUBLIC ADMINISTRATOR-BRONX",2024,7,,,,,126.5824846726,131.901715171281,TRUE
"PUBLIC ADMINISTRATOR-BRONX",2025,9,,,,,131.524337931956,138.829406942636,TRUE
"PUBLIC ADMINISTRATOR-KINGS",2014,9,,,,,100,100,TRUE
"PUBLIC ADMINISTRATOR-KINGS",2015,10,,,,,100.484295953631,102.913721782668,TRUE
"PUBLIC ADMINISTRATOR-KINGS",2016,11,,,,,101.0644595854,106.641178909451,TRUE
"PUBLIC ADMINISTRATOR-KINGS",2017,12,,,,,102.847025381756,109.624915604859,TRUE
"PUBLIC ADMINISTRATOR-KINGS",2018,13,,,,,104.675046235713,112.134414076345,TRUE
"PUBLIC ADMINISTRATOR-KINGS",2019,12,,,,,106.530687797474,114.748740835409,TRUE
"PUBLIC ADMINISTRATOR-KINGS",2020,12,,,,,108.414239794744,117.935753675601,TRUE
"PUBLIC ADMINISTRATOR-KINGS",2021,11,,,,,110.65187123857,119.137579303534,TRUE
"PUBLIC ADMINISTRATOR-KINGS",2022,12,,,,,116.237048769221,119.968709204972,TRUE
"PUBLIC ADMINISTRATOR-KINGS",2023,11,,,,,122.385199421188,125.45294384081,TRUE
"PUBLIC ADMINISTRATOR-KINGS",2024,12,,,,,126.5824846726,131.901715171281,TRUE
"PUBLIC ADMINISTRATOR-KINGS",2025,15,,,,,131.524337931956,138.829406942636,TRUE
"PUBLIC ADMINISTRATOR-NEW YORK",2014,11,,,,,100,100,TRUE
"PUBLIC ADMINISTRATOR-NEW YORK",2015,9,,,,,100.484295953631,102.913721782668,TRUE
"PUBLIC ADMINISTRATOR-NEW YORK",2016,10,,,,,101.0644595854,106.641178909451,TRUE
"PUBLIC ADMINISTRATOR-NEW YORK",2017,10,,,,,102.847025381756,109.624915604859,TRUE
"PUBLIC ADMINISTRATOR-NEW YORK",2018,10,,,,,104.675046235713,112.134414076345,TRUE
"PUBLIC ADMINISTRATOR-NEW YORK",2019,11,,,,,106.530687797474,114.748740835409,TRUE
"PUBLIC ADMINISTRATOR-NEW YORK",2020,10,,,,,108.414239794744,117.935753675601,TRUE
"PUBLIC ADMINISTRATOR-NEW YORK",2021,10,,,,,110.65187123857,119.137579303534,TRUE
"PUBLIC ADMINISTRATOR-NEW YORK",2022,10,,,,,116.237048769221,119.968709204972,TRUE
"PUBLIC ADMINISTRATOR-NEW YORK",2023,12,,,,,122.385199421188,125.45294384081,TRUE
"PUBLIC ADMINISTRATOR-NEW YORK",2024,12,,,,,126.5824846726,131.901715171281,TRUE
"PUBLIC ADMINISTRATOR-NEW YORK",2025,12,,,,,131.524337931956,138.829406942636,TRUE
"PUBLIC ADMINISTRATOR-QUEENS",2014,7,,,,,100,100,TRUE
"PUBLIC ADMINISTRATOR-QUEENS",2015,8,,,,,100.484295953631,102.913721782668,TRUE
"PUBLIC ADMINISTRATOR-QUEENS",2016,7,,,,,101.0644595854,106.641178909451,TRUE
"PUBLIC ADMINISTRATOR-QUEENS",2017,8,,,,,102.847025381756,109.624915604859,TRUE
"PUBLIC ADMINISTRATOR-QUEENS",2018,8,,,,,104.675046235713,112.134414076345,TRUE
"PUBLIC ADMINISTRATOR-QUEENS",2019,8,,,,,106.530687797474,114.748740835409,TRUE
"PUBLIC ADMINISTRATOR-QUEENS",2020,8,,,,,108.414239794744,117.935753675601,TRUE
"PUBLIC ADMINISTRATOR-QUEENS",2021,8,,,,,110.65187123857,119.137579303534,TRUE
"PUBLIC ADMINISTRATOR-QUEENS",2022,7,,,,,116.237048769221,119.968709204972,TRUE
"PUBLIC ADMINISTRATOR-QUEENS",2023,7,,,,,122.385199421188,125.45294384081,TRUE
"PUBLIC ADMINISTRATOR-QUEENS",2024,7,,,,,126.5824846726,131.901715171281,TRUE
"PUBLIC ADMINISTRATOR-QUEENS",2025,7,,,,,131.524337931956,138.829406942636,TRUE
"PUBLIC ADMINISTRATOR-RICHMOND",2014,5,,,,,100,100,TRUE
"PUBLIC ADMINISTRATOR-RICHMOND",2015,5,,,,,100.484295953631,102.913721782668,TRUE
"PUBLIC ADMINISTRATOR-RICHMOND",2016,5,,,,,101.0644595854,106.641178909451,TRUE
"PUBLIC ADMINISTRATOR-RICHMOND",2017,5,,,,,102.847025381756,109.624915604859,TRUE
"PUBLIC ADMINISTRATOR-RICHMOND",2018,5,,,,,104.675046235713,112.134414076345,TRUE
"PUBLIC ADMINISTRATOR-RICHMOND",2019,5,,,,,106.530687797474,114.748740835409,TRUE
"PUBLIC ADMINISTRATOR-RICHMOND",2020,5,,,,,108.414239794744,117.935753675601,TRUE
"PUBLIC ADMINISTRATOR-RICHMOND",2021,5,,,,,110.65187123857,119.137579303534,TRUE
"PUBLIC ADMINISTRATOR-RICHMOND",2022,5,,,,,116.237048769221,119.968709204972,TRUE
"PUBLIC ADMINISTRATOR-RICHMOND",2023,5,,,,,122.385199421188,125.45294384081,TRUE
"PUBLIC ADMINISTRATOR-RICHMOND",2024,5,,,,,126.5824846726,131.901715171281,TRUE
"PUBLIC ADMINISTRATOR-RICHMOND",2025,5,,,,,131.524337931956,138.829406942636,TRUE
"PUBLIC ADVOCATE",2014,24,,,,,100,100,TRUE
"PUBLIC ADVOCATE",2015,41,58000,69166.0243902439,75916.4556775482,100,100.484295953631,102.913721782668,FALSE
"PUBLIC ADVOCATE",2016,39,60600,72646.358974359,78864.2704999728,104.48275862069,101.0644595854,106.641178909451,FALSE
"PUBLIC ADVOCATE",2017,44,65375,74841.4306818182,83603.8141150443,112.715517241379,102.847025381756,109.624915604859,FALSE
"PUBLIC ADVOCATE",2018,37,65750,74173.0943243243,82614.9644066332,113.362068965517,104.675046235713,112.134414076345,FALSE
"PUBLIC ADVOCATE",2019,21,,,,,106.530687797474,114.748740835409,TRUE
"PUBLIC ADVOCATE",2020,57,55000,75268.4210526316,66724.0631853628,94.8275862068966,108.414239794744,117.935753675601,FALSE
"PUBLIC ADVOCATE",2021,49,60000,78118.3673469388,71317.9107373887,103.448275862069,110.65187123857,119.137579303534,FALSE
"PUBLIC ADVOCATE",2022,46,62500,78071.7391304348,70719.8884330583,107.758620689655,116.237048769221,119.968709204972,FALSE
"PUBLIC ADVOCATE",2023,51,60000,78613.7254901961,64480.5116406184,103.448275862069,122.385199421188,125.45294384081,FALSE
"PUBLIC ADVOCATE",2024,51,69525,83235.8045098039,72239.2961267145,119.870689655172,126.5824846726,131.901715171281,FALSE
"PUBLIC ADVOCATE",2025,48,74280.5,90498.7291666667,74280.5,128.069827586207,131.524337931956,138.829406942636,FALSE
"QUEENS COMMUNITY BOARD #1",2014,2,,,,,100,100,TRUE
"QUEENS COMMUNITY BOARD #1",2015,3,,,,,100.484295953631,102.913721782668,TRUE
"QUEENS COMMUNITY BOARD #1",2016,2,,,,,101.0644595854,106.641178909451,TRUE
"QUEENS COMMUNITY BOARD #1",2017,2,,,,,102.847025381756,109.624915604859,TRUE
"QUEENS COMMUNITY BOARD #1",2018,2,,,,,104.675046235713,112.134414076345,TRUE
"QUEENS COMMUNITY BOARD #1",2019,2,,,,,106.530687797474,114.748740835409,TRUE
"QUEENS COMMUNITY BOARD #1",2020,2,,,,,108.414239794744,117.935753675601,TRUE
"QUEENS COMMUNITY BOARD #1",2021,3,,,,,110.65187123857,119.137579303534,TRUE
"QUEENS COMMUNITY BOARD #1",2022,3,,,,,116.237048769221,119.968709204972,TRUE
"QUEENS COMMUNITY BOARD #1",2023,2,,,,,122.385199421188,125.45294384081,TRUE
"QUEENS COMMUNITY BOARD #1",2024,2,,,,,126.5824846726,131.901715171281,TRUE
"QUEENS COMMUNITY BOARD #1",2025,2,,,,,131.524337931956,138.829406942636,TRUE
"QUEENS COMMUNITY BOARD #10",2014,3,,,,,100,100,TRUE
"QUEENS COMMUNITY BOARD #10",2015,3,,,,,100.484295953631,102.913721782668,TRUE
"QUEENS COMMUNITY BOARD #10",2016,3,,,,,101.0644595854,106.641178909451,TRUE
"QUEENS COMMUNITY BOARD #10",2017,3,,,,,102.847025381756,109.624915604859,TRUE
"QUEENS COMMUNITY BOARD #10",2018,3,,,,,104.675046235713,112.134414076345,TRUE
"QUEENS COMMUNITY BOARD #10",2019,2,,,,,106.530687797474,114.748740835409,TRUE
"QUEENS COMMUNITY BOARD #10",2020,3,,,,,108.414239794744,117.935753675601,TRUE
"QUEENS COMMUNITY BOARD #10",2021,2,,,,,110.65187123857,119.137579303534,TRUE
"QUEENS COMMUNITY BOARD #10",2022,2,,,,,116.237048769221,119.968709204972,TRUE
"QUEENS COMMUNITY BOARD #10",2023,1,,,,,122.385199421188,125.45294384081,TRUE
"QUEENS COMMUNITY BOARD #10",2024,1,,,,,126.5824846726,131.901715171281,TRUE
"QUEENS COMMUNITY BOARD #10",2025,1,,,,,131.524337931956,138.829406942636,TRUE
"QUEENS COMMUNITY BOARD #11",2014,2,,,,,100,100,TRUE
"QUEENS COMMUNITY BOARD #11",2015,2,,,,,100.484295953631,102.913721782668,TRUE
"QUEENS COMMUNITY BOARD #11",2016,2,,,,,101.0644595854,106.641178909451,TRUE
"QUEENS COMMUNITY BOARD #11",2017,2,,,,,102.847025381756,109.624915604859,TRUE
"QUEENS COMMUNITY BOARD #11",2018,2,,,,,104.675046235713,112.134414076345,TRUE
"QUEENS COMMUNITY BOARD #11",2019,2,,,,,106.530687797474,114.748740835409,TRUE
"QUEENS COMMUNITY BOARD #11",2020,2,,,,,108.414239794744,117.935753675601,TRUE
"QUEENS COMMUNITY BOARD #11",2021,2,,,,,110.65187123857,119.137579303534,TRUE
"QUEENS COMMUNITY BOARD #11",2022,2,,,,,116.237048769221,119.968709204972,TRUE
"QUEENS COMMUNITY BOARD #11",2023,2,,,,,122.385199421188,125.45294384081,TRUE
"QUEENS COMMUNITY BOARD #11",2024,2,,,,,126.5824846726,131.901715171281,TRUE
"QUEENS COMMUNITY BOARD #11",2025,2,,,,,131.524337931956,138.829406942636,TRUE
"QUEENS COMMUNITY BOARD #12",2014,3,,,,,100,100,TRUE
"QUEENS COMMUNITY BOARD #12",2015,3,,,,,100.484295953631,102.913721782668,TRUE
"QUEENS COMMUNITY BOARD #12",2016,3,,,,,101.0644595854,106.641178909451,TRUE
"QUEENS COMMUNITY BOARD #12",2017,3,,,,,102.847025381756,109.624915604859,TRUE
"QUEENS COMMUNITY BOARD #12",2018,3,,,,,104.675046235713,112.134414076345,TRUE
"QUEENS COMMUNITY BOARD #12",2019,3,,,,,106.530687797474,114.748740835409,TRUE
"QUEENS COMMUNITY BOARD #12",2020,3,,,,,108.414239794744,117.935753675601,TRUE
"QUEENS COMMUNITY BOARD #12",2021,3,,,,,110.65187123857,119.137579303534,TRUE
"QUEENS COMMUNITY BOARD #12",2022,3,,,,,116.237048769221,119.968709204972,TRUE
"QUEENS COMMUNITY BOARD #12",2023,3,,,,,122.385199421188,125.45294384081,TRUE
"QUEENS COMMUNITY BOARD #12",2024,3,,,,,126.5824846726,131.901715171281,TRUE
"QUEENS COMMUNITY BOARD #13",2014,2,,,,,100,100,TRUE
"QUEENS COMMUNITY BOARD #13",2015,2,,,,,100.484295953631,102.913721782668,TRUE
"QUEENS COMMUNITY BOARD #13",2016,2,,,,,101.0644595854,106.641178909451,TRUE
"QUEENS COMMUNITY BOARD #13",2017,3,,,,,102.847025381756,109.624915604859,TRUE
"QUEENS COMMUNITY BOARD #13",2018,3,,,,,104.675046235713,112.134414076345,TRUE
"QUEENS COMMUNITY BOARD #13",2019,3,,,,,106.530687797474,114.748740835409,TRUE
"QUEENS COMMUNITY BOARD #13",2020,3,,,,,108.414239794744,117.935753675601,TRUE
"QUEENS COMMUNITY BOARD #13",2021,3,,,,,110.65187123857,119.137579303534,TRUE
"QUEENS COMMUNITY BOARD #13",2022,1,,,,,116.237048769221,119.968709204972,TRUE
"QUEENS COMMUNITY BOARD #13",2023,1,,,,,122.385199421188,125.45294384081,TRUE
"QUEENS COMMUNITY BOARD #13",2024,1,,,,,126.5824846726,131.901715171281,TRUE
"QUEENS COMMUNITY BOARD #13",2025,1,,,,,131.524337931956,138.829406942636,TRUE
"QUEENS COMMUNITY BOARD #14",2014,2,,,,,100,100,TRUE
"QUEENS COMMUNITY BOARD #14",2015,2,,,,,100.484295953631,102.913721782668,TRUE
"QUEENS COMMUNITY BOARD #14",2016,2,,,,,101.0644595854,106.641178909451,TRUE
"QUEENS COMMUNITY BOARD #14",2017,2,,,,,102.847025381756,109.624915604859,TRUE
"QUEENS COMMUNITY BOARD #14",2018,2,,,,,104.675046235713,112.134414076345,TRUE
"QUEENS COMMUNITY BOARD #14",2019,2,,,,,106.530687797474,114.748740835409,TRUE
"QUEENS COMMUNITY BOARD #14",2020,2,,,,,108.414239794744,117.935753675601,TRUE
"QUEENS COMMUNITY BOARD #14",2021,2,,,,,110.65187123857,119.137579303534,TRUE
"QUEENS COMMUNITY BOARD #14",2022,2,,,,,116.237048769221,119.968709204972,TRUE
"QUEENS COMMUNITY BOARD #14",2023,2,,,,,122.385199421188,125.45294384081,TRUE
"QUEENS COMMUNITY BOARD #14",2024,2,,,,,126.5824846726,131.901715171281,TRUE
"QUEENS COMMUNITY BOARD #14",2025,2,,,,,131.524337931956,138.829406942636,TRUE
"QUEENS COMMUNITY BOARD #2",2014,3,,,,,100,100,TRUE
"QUEENS COMMUNITY BOARD #2",2015,3,,,,,100.484295953631,102.913721782668,TRUE
"QUEENS COMMUNITY BOARD #2",2016,3,,,,,101.0644595854,106.641178909451,TRUE
"QUEENS COMMUNITY BOARD #2",2017,3,,,,,102.847025381756,109.624915604859,TRUE
"QUEENS COMMUNITY BOARD #2",2018,3,,,,,104.675046235713,112.134414076345,TRUE
"QUEENS COMMUNITY BOARD #2",2019,3,,,,,106.530687797474,114.748740835409,TRUE
"QUEENS COMMUNITY BOARD #2",2020,3,,,,,108.414239794744,117.935753675601,TRUE
"QUEENS COMMUNITY BOARD #2",2021,3,,,,,110.65187123857,119.137579303534,TRUE
"QUEENS COMMUNITY BOARD #2",2022,2,,,,,116.237048769221,119.968709204972,TRUE
"QUEENS COMMUNITY BOARD #2",2023,2,,,,,122.385199421188,125.45294384081,TRUE
"QUEENS COMMUNITY BOARD #2",2024,2,,,,,126.5824846726,131.901715171281,TRUE
"QUEENS COMMUNITY BOARD #2",2025,3,,,,,131.524337931956,138.829406942636,TRUE
"QUEENS COMMUNITY BOARD #3",2014,4,,,,,100,100,TRUE
"QUEENS COMMUNITY BOARD #3",2015,2,,,,,100.484295953631,102.913721782668,TRUE
"QUEENS COMMUNITY BOARD #3",2016,3,,,,,101.0644595854,106.641178909451,TRUE
"QUEENS COMMUNITY BOARD #3",2017,3,,,,,102.847025381756,109.624915604859,TRUE
"QUEENS COMMUNITY BOARD #3",2018,3,,,,,104.675046235713,112.134414076345,TRUE
"QUEENS COMMUNITY BOARD #3",2019,3,,,,,106.530687797474,114.748740835409,TRUE
"QUEENS COMMUNITY BOARD #3",2020,3,,,,,108.414239794744,117.935753675601,TRUE
"QUEENS COMMUNITY BOARD #3",2021,3,,,,,110.65187123857,119.137579303534,TRUE
"QUEENS COMMUNITY BOARD #3",2022,3,,,,,116.237048769221,119.968709204972,TRUE
"QUEENS COMMUNITY BOARD #3",2023,3,,,,,122.385199421188,125.45294384081,TRUE
"QUEENS COMMUNITY BOARD #3",2024,2,,,,,126.5824846726,131.901715171281,TRUE
"QUEENS COMMUNITY BOARD #3",2025,2,,,,,131.524337931956,138.829406942636,TRUE
"QUEENS COMMUNITY BOARD #4",2014,3,,,,,100,100,TRUE
"QUEENS COMMUNITY BOARD #4",2015,3,,,,,100.484295953631,102.913721782668,TRUE
"QUEENS COMMUNITY BOARD #4",2016,3,,,,,101.0644595854,106.641178909451,TRUE
"QUEENS COMMUNITY BOARD #4",2017,3,,,,,102.847025381756,109.624915604859,TRUE
"QUEENS COMMUNITY BOARD #4",2018,3,,,,,104.675046235713,112.134414076345,TRUE
"QUEENS COMMUNITY BOARD #4",2019,3,,,,,106.530687797474,114.748740835409,TRUE
"QUEENS COMMUNITY BOARD #4",2020,3,,,,,108.414239794744,117.935753675601,TRUE
"QUEENS COMMUNITY BOARD #4",2021,3,,,,,110.65187123857,119.137579303534,TRUE
"QUEENS COMMUNITY BOARD #4",2022,3,,,,,116.237048769221,119.968709204972,TRUE
"QUEENS COMMUNITY BOARD #4",2023,2,,,,,122.385199421188,125.45294384081,TRUE
"QUEENS COMMUNITY BOARD #4",2024,2,,,,,126.5824846726,131.901715171281,TRUE
"QUEENS COMMUNITY BOARD #4",2025,2,,,,,131.524337931956,138.829406942636,TRUE
"QUEENS COMMUNITY BOARD #5",2014,2,,,,,100,100,TRUE
"QUEENS COMMUNITY BOARD #5",2015,2,,,,,100.484295953631,102.913721782668,TRUE
"QUEENS COMMUNITY BOARD #5",2016,2,,,,,101.0644595854,106.641178909451,TRUE
"QUEENS COMMUNITY BOARD #5",2017,2,,,,,102.847025381756,109.624915604859,TRUE
"QUEENS COMMUNITY BOARD #5",2018,2,,,,,104.675046235713,112.134414076345,TRUE
"QUEENS COMMUNITY BOARD #5",2019,2,,,,,106.530687797474,114.748740835409,TRUE
"QUEENS COMMUNITY BOARD #5",2020,2,,,,,108.414239794744,117.935753675601,TRUE
"QUEENS COMMUNITY BOARD #5",2021,2,,,,,110.65187123857,119.137579303534,TRUE
"QUEENS COMMUNITY BOARD #5",2022,2,,,,,116.237048769221,119.968709204972,TRUE
"QUEENS COMMUNITY BOARD #5",2023,2,,,,,122.385199421188,125.45294384081,TRUE
"QUEENS COMMUNITY BOARD #5",2024,3,,,,,126.5824846726,131.901715171281,TRUE
"QUEENS COMMUNITY BOARD #5",2025,3,,,,,131.524337931956,138.829406942636,TRUE
"QUEENS COMMUNITY BOARD #6",2014,2,,,,,100,100,TRUE
"QUEENS COMMUNITY BOARD #6",2015,2,,,,,100.484295953631,102.913721782668,TRUE
"QUEENS COMMUNITY BOARD #6",2016,2,,,,,101.0644595854,106.641178909451,TRUE
"QUEENS COMMUNITY BOARD #6",2017,2,,,,,102.847025381756,109.624915604859,TRUE
"QUEENS COMMUNITY BOARD #6",2018,2,,,,,104.675046235713,112.134414076345,TRUE
"QUEENS COMMUNITY BOARD #6",2019,3,,,,,106.530687797474,114.748740835409,TRUE
"QUEENS COMMUNITY BOARD #6",2020,3,,,,,108.414239794744,117.935753675601,TRUE
"QUEENS COMMUNITY BOARD #6",2021,3,,,,,110.65187123857,119.137579303534,TRUE
"QUEENS COMMUNITY BOARD #6",2022,3,,,,,116.237048769221,119.968709204972,TRUE
"QUEENS COMMUNITY BOARD #6",2023,3,,,,,122.385199421188,125.45294384081,TRUE
"QUEENS COMMUNITY BOARD #6",2024,2,,,,,126.5824846726,131.901715171281,TRUE
"QUEENS COMMUNITY BOARD #6",2025,2,,,,,131.524337931956,138.829406942636,TRUE
"QUEENS COMMUNITY BOARD #7",2014,3,,,,,100,100,TRUE
"QUEENS COMMUNITY BOARD #7",2015,3,,,,,100.484295953631,102.913721782668,TRUE
"QUEENS COMMUNITY BOARD #7",2016,3,,,,,101.0644595854,106.641178909451,TRUE
"QUEENS COMMUNITY BOARD #7",2017,2,,,,,102.847025381756,109.624915604859,TRUE
"QUEENS COMMUNITY BOARD #7",2018,2,,,,,104.675046235713,112.134414076345,TRUE
"QUEENS COMMUNITY BOARD #7",2019,2,,,,,106.530687797474,114.748740835409,TRUE
"QUEENS COMMUNITY BOARD #7",2020,2,,,,,108.414239794744,117.935753675601,TRUE
"QUEENS COMMUNITY BOARD #7",2021,2,,,,,110.65187123857,119.137579303534,TRUE
"QUEENS COMMUNITY BOARD #7",2022,3,,,,,116.237048769221,119.968709204972,TRUE
"QUEENS COMMUNITY BOARD #7",2023,3,,,,,122.385199421188,125.45294384081,TRUE
"QUEENS COMMUNITY BOARD #7",2024,3,,,,,126.5824846726,131.901715171281,TRUE
"QUEENS COMMUNITY BOARD #7",2025,3,,,,,131.524337931956,138.829406942636,TRUE
"QUEENS COMMUNITY BOARD #8",2014,2,,,,,100,100,TRUE
"QUEENS COMMUNITY BOARD #8",2015,3,,,,,100.484295953631,102.913721782668,TRUE
"QUEENS COMMUNITY BOARD #8",2016,2,,,,,101.0644595854,106.641178909451,TRUE
"QUEENS COMMUNITY BOARD #8",2017,3,,,,,102.847025381756,109.624915604859,TRUE
"QUEENS COMMUNITY BOARD #8",2018,3,,,,,104.675046235713,112.134414076345,TRUE
"QUEENS COMMUNITY BOARD #8",2019,3,,,,,106.530687797474,114.748740835409,TRUE
"QUEENS COMMUNITY BOARD #8",2020,3,,,,,108.414239794744,117.935753675601,TRUE
"QUEENS COMMUNITY BOARD #8",2021,3,,,,,110.65187123857,119.137579303534,TRUE
"QUEENS COMMUNITY BOARD #8",2022,3,,,,,116.237048769221,119.968709204972,TRUE
"QUEENS COMMUNITY BOARD #8",2023,3,,,,,122.385199421188,125.45294384081,TRUE
"QUEENS COMMUNITY BOARD #8",2024,3,,,,,126.5824846726,131.901715171281,TRUE
"QUEENS COMMUNITY BOARD #8",2025,3,,,,,131.524337931956,138.829406942636,TRUE
"QUEENS COMMUNITY BOARD #9",2014,3,,,,,100,100,TRUE
"QUEENS COMMUNITY BOARD #9",2015,2,,,,,100.484295953631,102.913721782668,TRUE
"QUEENS COMMUNITY BOARD #9",2016,3,,,,,101.0644595854,106.641178909451,TRUE
"QUEENS COMMUNITY BOARD #9",2017,3,,,,,102.847025381756,109.624915604859,TRUE
"QUEENS COMMUNITY BOARD #9",2018,3,,,,,104.675046235713,112.134414076345,TRUE
"QUEENS COMMUNITY BOARD #9",2019,3,,,,,106.530687797474,114.748740835409,TRUE
"QUEENS COMMUNITY BOARD #9",2020,3,,,,,108.414239794744,117.935753675601,TRUE
"QUEENS COMMUNITY BOARD #9",2021,3,,,,,110.65187123857,119.137579303534,TRUE
"QUEENS COMMUNITY BOARD #9",2022,2,,,,,116.237048769221,119.968709204972,TRUE
"QUEENS COMMUNITY BOARD #9",2023,2,,,,,122.385199421188,125.45294384081,TRUE
"QUEENS COMMUNITY BOARD #9",2024,3,,,,,126.5824846726,131.901715171281,TRUE
"QUEENS COMMUNITY BOARD #9",2025,3,,,,,131.524337931956,138.829406942636,TRUE
"QUEENS DA",2014,601,62400,73437.84359401,82071.1868695405,100,100,100,FALSE
"RICHMOND DA",2014,98,60569,73162.5408163265,79662.9762420063,100,100,100,FALSE
"SPEC NARCS-DA",2014,203,70000,81057.6896551724,92067.0365523691,100,100,100,FALSE
"STATEN ISLAND COMMUNITY BD #1",2014,3,,,,,100,100,TRUE
"STATEN ISLAND COMMUNITY BD #1",2015,3,,,,,100.484295953631,102.913721782668,TRUE
"STATEN ISLAND COMMUNITY BD #1",2016,3,,,,,101.0644595854,106.641178909451,TRUE
"STATEN ISLAND COMMUNITY BD #1",2017,3,,,,,102.847025381756,109.624915604859,TRUE
"STATEN ISLAND COMMUNITY BD #1",2018,3,,,,,104.675046235713,112.134414076345,TRUE
"STATEN ISLAND COMMUNITY BD #1",2019,3,,,,,106.530687797474,114.748740835409,TRUE
"STATEN ISLAND COMMUNITY BD #1",2020,3,,,,,108.414239794744,117.935753675601,TRUE
"STATEN ISLAND COMMUNITY BD #1",2021,3,,,,,110.65187123857,119.137579303534,TRUE
"STATEN ISLAND COMMUNITY BD #1",2022,2,,,,,116.237048769221,119.968709204972,TRUE
"STATEN ISLAND COMMUNITY BD #1",2023,2,,,,,122.385199421188,125.45294384081,TRUE
"STATEN ISLAND COMMUNITY BD #1",2024,2,,,,,126.5824846726,131.901715171281,TRUE
"STATEN ISLAND COMMUNITY BD #1",2025,2,,,,,131.524337931956,138.829406942636,TRUE
"STATEN ISLAND COMMUNITY BD #2",2014,1,,,,,100,100,TRUE
"STATEN ISLAND COMMUNITY BD #2",2015,1,,,,,100.484295953631,102.913721782668,TRUE
"STATEN ISLAND COMMUNITY BD #2",2016,1,,,,,101.0644595854,106.641178909451,TRUE
"STATEN ISLAND COMMUNITY BD #2",2017,1,,,,,102.847025381756,109.624915604859,TRUE
"STATEN ISLAND COMMUNITY BD #2",2018,1,,,,,104.675046235713,112.134414076345,TRUE
"STATEN ISLAND COMMUNITY BD #2",2019,1,,,,,106.530687797474,114.748740835409,TRUE
"STATEN ISLAND COMMUNITY BD #2",2020,1,,,,,108.414239794744,117.935753675601,TRUE
"STATEN ISLAND COMMUNITY BD #2",2021,1,,,,,110.65187123857,119.137579303534,TRUE
"STATEN ISLAND COMMUNITY BD #2",2022,1,,,,,116.237048769221,119.968709204972,TRUE
"STATEN ISLAND COMMUNITY BD #2",2023,2,,,,,122.385199421188,125.45294384081,TRUE
"STATEN ISLAND COMMUNITY BD #2",2024,1,,,,,126.5824846726,131.901715171281,TRUE
"STATEN ISLAND COMMUNITY BD #2",2025,1,,,,,131.524337931956,138.829406942636,TRUE
"STATEN ISLAND COMMUNITY BD #3",2014,3,,,,,100,100,TRUE
"STATEN ISLAND COMMUNITY BD #3",2015,3,,,,,100.484295953631,102.913721782668,TRUE
"STATEN ISLAND COMMUNITY BD #3",2016,3,,,,,101.0644595854,106.641178909451,TRUE
"STATEN ISLAND COMMUNITY BD #3",2017,3,,,,,102.847025381756,109.624915604859,TRUE
"STATEN ISLAND COMMUNITY BD #3",2018,3,,,,,104.675046235713,112.134414076345,TRUE
"STATEN ISLAND COMMUNITY BD #3",2019,3,,,,,106.530687797474,114.748740835409,TRUE
"STATEN ISLAND COMMUNITY BD #3",2020,3,,,,,108.414239794744,117.935753675601,TRUE
"STATEN ISLAND COMMUNITY BD #3",2021,3,,,,,110.65187123857,119.137579303534,TRUE
"STATEN ISLAND COMMUNITY BD #3",2022,3,,,,,116.237048769221,119.968709204972,TRUE
"STATEN ISLAND COMMUNITY BD #3",2023,3,,,,,122.385199421188,125.45294384081,TRUE
"STATEN ISLAND COMMUNITY BD #3",2024,3,,,,,126.5824846726,131.901715171281,TRUE
"STATEN ISLAND COMMUNITY BD #3",2025,2,,,,,131.524337931956,138.829406942636,TRUE
"TAX COMMISSION",2014,36,84500,91324.0277777778,111138.065552503,100,100,100,FALSE
"TAX COMMISSION",2015,38,85098,88819,111385.147331862,100.707692307692,100.484295953631,102.913721782668,FALSE
"TAX COMMISSION",2016,38,90575,95589.3421052632,117873.453804208,107.189349112426,101.0644595854,106.641178909451,FALSE
"TAX COMMISSION",2017,38,93292,101072.710526316,119305.040557105,110.404733727811,102.847025381756,109.624915604859,FALSE
"TAX COMMISSION",2018,39,86392,101938.076923077,108551.665475557,102.239053254438,104.675046235713,112.134414076345,FALSE
"TAX COMMISSION",2019,43,98488,105414.953488372,121594.718499035,116.553846153846,106.530687797474,114.748740835409,FALSE
"TAX COMMISSION",2020,45,107129,109077.266666667,129965.13027245,126.779881656805,108.414239794744,117.935753675601,FALSE
"TAX COMMISSION",2021,42,107129,111400.285714286,127336.940989762,126.779881656805,110.65187123857,119.137579303534,FALSE
"TAX COMMISSION",2022,43,104119,112472.674418605,117812.545020186,123.21775147929,116.237048769221,119.968709204972,FALSE
"TAX COMMISSION",2023,41,113774,119420.464878049,122270.095523329,134.643786982249,122.385199421188,125.45294384081,FALSE
"TAX COMMISSION",2024,37,117187,123215.824324324,121762.048115085,138.682840236686,126.5824846726,131.901715171281,FALSE
"TAX COMMISSION",2025,36,120996,131133.522222222,120996,143.190532544379,131.524337931956,138.829406942636,FALSE
"TAXI & LIMOUSINE COMMISSION",2014,470,39293.5,50038.2510638298,51680.5157252931,100,100,100,FALSE
"TAXI & LIMOUSINE COMMISSION",2015,533,40653,51471.7260787993,53210.8909079201,103.459859773245,100.484295953631,102.913721782668,FALSE
"TAXI & LIMOUSINE COMMISSION",2016,512,44920.5,54934.4495117188,58459.1165510565,114.320434677491,101.0644595854,106.641178909451,FALSE
"TAXI & LIMOUSINE COMMISSION",2017,508,44319,57132.970472441,56676.6720881782,112.789647142657,102.847025381756,109.624915604859,FALSE
"TAXI & LIMOUSINE COMMISSION",2018,524,44453.5,57378.1564885496,55855.8831977227,113.131942942217,104.675046235713,112.134414076345,FALSE
"TAXI & LIMOUSINE COMMISSION",2019,544,46189,58543.1544117646,57025.6117775967,117.54870398412,106.530687797474,114.748740835409,FALSE
"TAXI & LIMOUSINE COMMISSION",2020,571,54100,63212.2031523643,65632.2148786932,137.68180487867,108.414239794744,117.935753675601,FALSE
"TAXI & LIMOUSINE COMMISSION",2021,508,58014,64823.2263779528,68957.2878919811,147.642739893367,110.65187123857,119.137579303534,FALSE
"TAXI & LIMOUSINE COMMISSION",2022,474,58028,67079.9251054852,65659.7389758961,147.678369195923,116.237048769221,119.968709204972,FALSE
"TAXI & LIMOUSINE COMMISSION",2023,412,62306,72543.9781553398,66958.7126380062,158.565666077087,122.385199421188,125.45294384081,FALSE
"TAXI & LIMOUSINE COMMISSION",2024,414,67558.5,78058.347826087,70196.0228317389,171.933016911194,126.5824846726,131.901715171281,FALSE
"TAXI & LIMOUSINE COMMISSION",2025,391,72200,83179.0255754476,72200,183.745403183733,131.524337931956,138.829406942636,FALSE
"TEACHERS RETIREMENT SYSTEM",2014,376,59249,71899.9072606383,77926.8549813045,100,100,100,FALSE
"TEACHERS RETIREMENT SYSTEM",2015,369,62000,76295.9833062331,81152.0733104825,104.643116339516,100.484295953631,102.913721782668,FALSE
"TEACHERS RETIREMENT SYSTEM",2016,364,64636.5,78370.7195604396,84117.3336661962,109.092980472244,101.0644595854,106.641178909451,FALSE
"TEACHERS RETIREMENT SYSTEM",2017,350,67427.5,81604.8628571428,86228.6221987327,113.803608499722,102.847025381756,109.624915604859,FALSE
"TEACHERS RETIREMENT SYSTEM",2018,347,70543,83806.9769452449,88637.3754241388,119.061925095782,104.675046235713,112.134414076345,FALSE
"TEACHERS RETIREMENT SYSTEM",2019,341,72839,87363.9208211143,89928.0897241414,122.937095984742,106.530687797474,114.748740835409,FALSE
"TEACHERS RETIREMENT SYSTEM",2020,331,76600,90809.0694864049,92928.4225454325,129.284882445273,108.414239794744,117.935753675601,FALSE
"TEACHERS RETIREMENT SYSTEM",2021,335,77771,91876.7402985075,92441.0872659576,131.261287110331,110.65187123857,119.137579303534,FALSE
"TEACHERS RETIREMENT SYSTEM",2022,335,77513,91016.8507462687,87707.3713937864,130.825836722983,116.237048769221,119.968709204972,FALSE
"TEACHERS RETIREMENT SYSTEM",2023,344,81502,94830.3139534884,87588.1776622281,137.558439804891,122.385199421188,125.45294384081,FALSE
"TEACHERS RETIREMENT SYSTEM",2024,359,87462,102143.871866295,90876.5669591472,147.617681311077,126.5824846726,131.901715171281,FALSE
"TEACHERS RETIREMENT SYSTEM",2025,363,89512,106079.542699725,89512,151.077655319077,131.524337931956,138.829406942636,FALSE
"TECHNOLOGY & INNOVATION",2023,1458,103044,103747.474622771,110738.830691598,100,122.385199421188,125.45294384081,FALSE
"TECHNOLOGY & INNOVATION",2024,1484,108609,110090.173180593,112849.158044248,105.400605566554,126.5824846726,131.901715171281,FALSE
"TECHNOLOGY & INNOVATION",2025,1479,112057,114598.962136579,112057,108.746748961609,131.524337931956,138.829406942636,FALSE
