"title","fiscal_year","n_vet","n_new","median_vet","median_new","n","compression_ratio","experience_premium","suppressed"
"12 MONTH SPECIAL EDUCATION ASST. PRINCIPAL",2014,166,0,,,166,,,TRUE
"12 MONTH SPECIAL EDUCATION ASST. PRINCIPAL",2015,168,0,,,168,,,TRUE
"12 MONTH SPECIAL EDUCATION ASST. PRINCIPAL",2016,169,0,,,169,,,TRUE
"12 MONTH SPECIAL EDUCATION ASST. PRINCIPAL",2017,174,0,,,174,,,TRUE
"12 MONTH SPECIAL EDUCATION ASST. PRINCIPAL",2018,170,0,,,170,,,TRUE
"12 MONTH SPECIAL EDUCATION ASST. PRINCIPAL",2019,176,0,,,176,,,TRUE
"12 MONTH SPECIAL EDUCATION ASST. PRINCIPAL",2020,189,0,,,189,,,TRUE
"12 MONTH SPECIAL EDUCATION ASST. PRINCIPAL",2021,205,0,,,205,,,TRUE
"12 MONTH SPECIAL EDUCATION ASST. PRINCIPAL",2022,217,0,,,217,,,TRUE
"12 MONTH SPECIAL EDUCATION ASST. PRINCIPAL",2023,233,0,,,233,,,TRUE
"12 MONTH SPECIAL EDUCATION ASST. PRINCIPAL",2024,250,0,,,250,,,TRUE
"12 MONTH SPECIAL EDUCATION ASST. PRINCIPAL",2025,256,0,,,256,,,TRUE
"12 MONTH SPECIAL EDUCATION SUPERVISOR",2014,18,0,,,18,,,TRUE
"12 MONTH SPECIAL EDUCATION SUPERVISOR",2015,15,0,,,15,,,TRUE
"12 MONTH SPECIAL EDUCATION SUPERVISOR",2016,17,0,,,17,,,TRUE
"12 MONTH SPECIAL EDUCATION SUPERVISOR",2017,17,0,,,17,,,TRUE
"12 MONTH SPECIAL EDUCATION SUPERVISOR",2018,18,0,,,18,,,TRUE
"12 MONTH SPECIAL EDUCATION SUPERVISOR",2019,17,0,,,17,,,TRUE
"12 MONTH SPECIAL EDUCATION SUPERVISOR",2020,19,0,,,19,,,TRUE
"12 MONTH SPECIAL EDUCATION SUPERVISOR",2021,20,0,,,20,,,TRUE
"12 MONTH SPECIAL EDUCATION SUPERVISOR",2022,20,0,,,20,,,TRUE
"12 MONTH SPECIAL EDUCATION SUPERVISOR",2023,20,0,,,20,,,TRUE
"12 MONTH SPECIAL EDUCATION SUPERVISOR",2024,19,0,,,19,,,TRUE
"12 MONTH SPECIAL EDUCATION SUPERVISOR",2025,20,0,,,20,,,TRUE
"ACCOUNTANT",2014,175,21,,,196,,,TRUE
"ACCOUNTANT",2015,172,51,59099.5,50920,223,0.861597813856293,8179.5,FALSE
"ACCOUNTANT",2016,173,84,60945,52193,257,0.856395110345393,8752,FALSE
"ACCOUNTANT",2017,164,121,62826.5,50721,285,0.807318567801803,12105.5,FALSE
"ACCOUNTANT",2018,157,152,62962,53000,309,0.841777580127696,9962,FALSE
"ACCOUNTANT",2019,149,120,66395,56068,269,0.844461179305671,10327,FALSE
"ACCOUNTANT",2020,142,55,68387.5,57750,197,0.844452568086273,10637.5,FALSE
"ACCOUNTANT",2021,143,36,68387,57750,179,0.844458742158597,10637,FALSE
"ACCOUNTANT",2022,114,40,66476,58616.5,154,0.88176936037066,7859.5,FALSE
"ACCOUNTANT",2023,91,58,73371,65160.5,149,0.88809611426858,8210.5,FALSE
"ACCOUNTANT",2024,89,55,76543,72499,144,0.947166951909384,4044,FALSE
"ACCOUNTANT",2025,98,33,79220.5,74855,131,0.944894313971762,4365.5,FALSE
"ACTUARIAL SPECIALIST LEVEL I",2014,14,0,,,14,,,TRUE
"ACTUARIAL SPECIALIST LEVEL I",2015,14,1,,,15,,,TRUE
"ACTUARIAL SPECIALIST LEVEL I",2016,12,1,,,13,,,TRUE
"ACTUARIAL SPECIALIST LEVEL I",2017,12,3,,,15,,,TRUE
"ACTUARIAL SPECIALIST LEVEL I",2018,11,5,,,16,,,TRUE
"ACTUARIAL SPECIALIST LEVEL I",2019,13,3,,,16,,,TRUE
"ACTUARIAL SPECIALIST LEVEL I",2020,12,1,,,13,,,TRUE
"ACTUARIAL SPECIALIST LEVEL I",2021,12,1,,,13,,,TRUE
"ACTUARIAL SPECIALIST LEVEL I",2022,9,4,,,13,,,TRUE
"ACTUARIAL SPECIALIST LEVEL I",2023,8,7,,,15,,,TRUE
"ACTUARIAL SPECIALIST LEVEL I",2024,8,10,,,18,,,TRUE
"ACTUARIAL SPECIALIST LEVEL I",2025,7,5,,,12,,,TRUE
"ACTUARIAL SPECIALIST LEVEL II OJ",2017,1,0,,,1,,,TRUE
"ACTUARIAL SPECIALIST LEVEL II OJ",2018,0,1,,,1,,,TRUE
"ACTUARIAL SPECIALIST LEVEL II OJ",2019,0,1,,,1,,,TRUE
"ACTUARIAL SPECIALIST LEVEL II OJ",2020,0,1,,,1,,,TRUE
"ACTUARIAL SPECIALIST LEVEL II OJ",2021,0,1,,,1,,,TRUE
"ACTUARIAL SPECIALIST LEVEL II OJ",2022,2,0,,,2,,,TRUE
"ACTUARIAL SPECIALIST LEVEL II OJ",2024,1,0,,,1,,,TRUE
"ACTUARIAL SPECIALIST LEVEL II OJ",2025,1,0,,,1,,,TRUE
"ADM DIR FLEET MAINTENANCE NM",2016,1,0,,,1,,,TRUE
"ADM DIR FLEET MAINTENANCE NM",2017,1,0,,,1,,,TRUE
"ADM MANAGER",2016,4,0,,,4,,,TRUE
"ADM MANAGER NON MGR",2016,13,9,,,22,,,TRUE
"ADM MANAGER NON MGRL",2014,39,6,,,45,,,TRUE
"ADM MANAGER NON MGRL",2015,730,181,67200.5,56383,911,0.839026495338576,10817.5,FALSE
"ADM MANAGER NON MGRL",2016,718,63,68837.5,66625,781,0.967859088432904,2212.5,FALSE
"ADM MANAGER NON MGRL",2017,958,48,69976.5,71237,1006,1.0180131901424,-1260.5,FALSE
"ADM MANAGER NON MGRL",2020,1049,21,,,1070,,,TRUE
"ADM MANAGER NON MGRL",2021,1023,13,,,1036,,,TRUE
"ADM MANAGER NON MGRL",2022,972,14,,,986,,,TRUE
"ADM MANAGER NON MGRL",2023,1045,23,,,1068,,,TRUE
"ADM MANAGER NON MGRL",2024,1183,17,,,1200,,,TRUE
"ADM MANAGER NON MGRL",2025,1205,11,,,1216,,,TRUE
"ADM MANAGER NON MGRL FROM M1/M2",2014,584,125,63143.5,55000,709,0.871031856010516,8143.5,FALSE
"ADM MANAGER NON MGRL FROM M1/M2",2016,13,0,,,13,,,TRUE
"ADM MANAGER NON MGRL FROM M1/M2",2017,40,0,,,40,,,TRUE
"ADM MANAGER NON MGRL FROM M1/M2",2018,1066,29,,,1095,,,TRUE
"ADM MANAGER NON MGRL FROM M1/M2",2019,1095,25,,,1120,,,TRUE
"ADM SCHOOL SECURITY MANAGER",2014,4,0,,,4,,,TRUE
"ADM SCHOOL SECURITY MANAGER",2016,4,0,,,4,,,TRUE
"ADM SCHOOL SECURITY MANAGER U",2015,4,0,,,4,,,TRUE
"ADM SCHOOL SECURITY MANAGER U",2017,4,0,,,4,,,TRUE
"ADM SCHOOL SECURITY MANAGER U",2018,3,0,,,3,,,TRUE
"ADM SCHOOL SECURITY MANAGER U",2019,2,0,,,2,,,TRUE
"ADM SCHOOL SECURITY MANAGER U",2020,1,0,,,1,,,TRUE
"ADM TRAFFIC ENFRCMNT AGENT",2014,1,0,,,1,,,TRUE
"ADM TRAFFIC ENFRCMNT AGENT DIRECTOR OF PARKING ENFRCMNT DIST",2015,1,0,,,1,,,TRUE
"ADM TRAFFIC ENFRCMNT AGENT DIRECTOR OF PARKING ENFRCMNT DIST",2016,1,0,,,1,,,TRUE
"ADM TRAFFIC ENFRCMNT AGENT DIRECTOR OF PARKING ENFRCMNT DIST",2017,1,0,,,1,,,TRUE
"ADMIN ASST CAMPAIGN FIN BOARD",2014,7,0,,,7,,,TRUE
"ADMIN ASST CAMPAIGN FIN BOARD",2015,6,0,,,6,,,TRUE
"ADMIN ASST CAMPAIGN FIN BOARD",2016,6,0,,,6,,,TRUE
"ADMIN ASST CAMPAIGN FIN BOARD",2017,6,0,,,6,,,TRUE
"ADMIN ASST CAMPAIGN FIN BOARD",2018,5,0,,,5,,,TRUE
"ADMIN ASST CAMPAIGN FIN BOARD",2019,7,2,,,9,,,TRUE
"ADMIN ASST CAMPAIGN FIN BOARD",2020,7,2,,,9,,,TRUE
"ADMIN ASST CAMPAIGN FIN BOARD",2021,5,1,,,6,,,TRUE
"ADMIN ASST CAMPAIGN FIN BOARD",2022,5,3,,,8,,,TRUE
"ADMIN ASST CAMPAIGN FIN BOARD",2023,5,1,,,6,,,TRUE
"ADMIN ASST CAMPAIGN FIN BOARD",2024,3,1,,,4,,,TRUE
"ADMIN ASST CAMPAIGN FIN BOARD",2025,3,2,,,5,,,TRUE
"ADMIN COMMUNITY RELATIONS SPECIALIST",2014,30,4,,,34,,,TRUE
"ADMIN COMMUNITY RELATIONS SPECIALIST",2015,26,1,,,27,,,TRUE
"ADMIN COMMUNITY RELATIONS SPECIALIST",2016,69,17,,,86,,,TRUE
"ADMIN COMMUNITY RELATIONS SPECIALIST",2017,139,68,90015,83443,207,0.926989946120091,6572,FALSE
"ADMIN COMMUNITY RELATIONS SPECIALIST",2018,237,32,84000,87956,269,1.04709523809524,-3956,FALSE
"ADMIN COMMUNITY RELATIONS SPECIALIST",2019,247,9,,,256,,,TRUE
"ADMIN COMMUNITY RELATIONS SPECIALIST",2020,223,17,,,240,,,TRUE
"ADMIN COMMUNITY RELATIONS SPECIALIST",2021,228,11,,,239,,,TRUE
"ADMIN COMMUNITY RELATIONS SPECIALIST",2022,227,17,,,244,,,TRUE
"ADMIN COMMUNITY RELATIONS SPECIALIST",2023,233,39,92881,94091,272,1.01302742218538,-1210,FALSE
"ADMIN COMMUNITY RELATIONS SPECIALIST",2024,233,42,103555,98549.5,275,0.951663367292743,5005.5,FALSE
"ADMIN COMMUNITY RELATIONS SPECIALIST",2025,246,27,,,273,,,TRUE
"ADMIN CONSTRUCTION PROJECT MANAGER",2016,11,6,,,17,,,TRUE
"ADMIN CONSTRUCTION PROJECT MANAGER",2017,11,5,,,16,,,TRUE
"ADMIN CONSTRUCTION PROJECT MANAGER",2018,13,1,,,14,,,TRUE
"ADMIN CONSTRUCTION PROJECT MANAGER",2019,16,8,,,24,,,TRUE
"ADMIN CONSTRUCTION PROJECT MANAGER",2020,18,11,,,29,,,TRUE
"ADMIN CONSTRUCTION PROJECT MANAGER",2021,17,5,,,22,,,TRUE
"ADMIN CONSTRUCTION PROJECT MANAGER",2022,17,10,,,27,,,TRUE
"ADMIN CONSTRUCTION PROJECT MANAGER",2023,19,22,,,41,,,TRUE
"ADMIN CONSTRUCTION PROJECT MANAGER",2024,22,8,,,30,,,TRUE
"ADMIN CONSTRUCTION PROJECT MANAGER",2025,37,3,,,40,,,TRUE
"ADMIN CONTRACT SPECIALIST",2014,41,22,,,63,,,TRUE
"ADMIN CONTRACT SPECIALIST",2015,48,31,95611,76050,79,0.795410569913504,19561,FALSE
"ADMIN CONTRACT SPECIALIST",2016,59,51,98374,78000,110,0.792892430926871,20374,FALSE
"ADMIN CONTRACT SPECIALIST",2017,67,47,100295,93000,114,0.927264569519916,7295,FALSE
"ADMIN CONTRACT SPECIALIST",2018,62,50,101360,96500,112,0.952052091554854,4860,FALSE
"ADMIN CONTRACT SPECIALIST",2019,29,20,,,49,,,TRUE
"ADMIN CONTRACT SPECIALIST",2020,29,8,,,37,,,TRUE
"ADMIN CONTRACT SPECIALIST",2021,27,5,,,32,,,TRUE
"ADMIN CONTRACT SPECIALIST",2022,25,4,,,29,,,TRUE
"ADMIN CONTRACT SPECIALIST",2023,25,2,,,27,,,TRUE
"ADMIN CONTRACT SPECIALIST",2024,27,4,,,31,,,TRUE
"ADMIN CONTRACT SPECIALIST",2025,33,5,,,38,,,TRUE
"ADMIN DIR OF LABORATORY",2016,3,0,,,3,,,TRUE
"ADMIN DIR OF LABORATORY",2017,2,0,,,2,,,TRUE
"ADMIN DIR OF LABORATORY",2018,2,0,,,2,,,TRUE
"ADMIN DIR OF LABORATORY",2019,1,0,,,1,,,TRUE
"ADMIN DIR OF LABORATORY",2020,1,0,,,1,,,TRUE
"ADMIN DIR OF LABORATORY",2021,2,0,,,2,,,TRUE
"ADMIN DIR OF LABORATORY",2022,1,0,,,1,,,TRUE
"ADMIN DIR OF LABORATORY",2023,1,0,,,1,,,TRUE
"ADMIN DIR OF LABORATORY",2024,1,0,,,1,,,TRUE
"ADMIN DIR OF LABORATORY",2025,2,0,,,2,,,TRUE
"ADMIN HOUSING DEVELOPMENT SPEC",2016,11,2,,,13,,,TRUE
"ADMIN HOUSING DEVELOPMENT SPEC",2017,9,12,,,21,,,TRUE
"ADMIN HOUSING DEVELOPMENT SPEC",2018,10,5,,,15,,,TRUE
"ADMIN HOUSING DEVELOPMENT SPEC",2019,27,3,,,30,,,TRUE
"ADMIN HOUSING DEVELOPMENT SPEC",2020,29,2,,,31,,,TRUE
"ADMIN HOUSING DEVELOPMENT SPEC",2021,27,0,,,27,,,TRUE
"ADMIN HOUSING DEVELOPMENT SPEC",2022,24,0,,,24,,,TRUE
"ADMIN HOUSING DEVELOPMENT SPEC",2023,23,1,,,24,,,TRUE
"ADMIN HOUSING DEVELOPMENT SPEC",2024,23,3,,,26,,,TRUE
"ADMIN HOUSING DEVELOPMENT SPEC",2025,30,2,,,32,,,TRUE
"ADMIN INSPECTOR",2016,37,1,,,38,,,TRUE
"ADMIN INSPECTOR",2017,37,1,,,38,,,TRUE
"ADMIN INSPECTOR",2018,42,3,,,45,,,TRUE
"ADMIN INSPECTOR",2019,43,1,,,44,,,TRUE
"ADMIN INSPECTOR",2020,40,1,,,41,,,TRUE
"ADMIN INSPECTOR",2021,40,0,,,40,,,TRUE
"ADMIN INSPECTOR",2022,44,0,,,44,,,TRUE
"ADMIN INSPECTOR",2023,44,0,,,44,,,TRUE
"ADMIN INSPECTOR",2024,41,0,,,41,,,TRUE
"ADMIN INSPECTOR",2025,45,1,,,46,,,TRUE
"ADMIN JOB OPOR SPEC MANAGERIAL",2014,24,0,,,24,,,TRUE
"ADMIN JOB OPOR SPEC MANAGERIAL",2015,25,0,,,25,,,TRUE
"ADMIN JOB OPOR SPEC MANAGERIAL",2016,24,0,,,24,,,TRUE
"ADMIN JOB OPOR SPEC MANAGERIAL",2017,23,0,,,23,,,TRUE
"ADMIN JOB OPOR SPEC MANAGERIAL",2018,21,3,,,24,,,TRUE
"ADMIN JOB OPOR SPEC MANAGERIAL",2019,22,0,,,22,,,TRUE
"ADMIN JOB OPOR SPEC MANAGERIAL",2020,20,0,,,20,,,TRUE
"ADMIN JOB OPOR SPEC MANAGERIAL",2021,18,0,,,18,,,TRUE
"ADMIN JOB OPOR SPEC MANAGERIAL",2022,19,0,,,19,,,TRUE
"ADMIN JOB OPOR SPEC MANAGERIAL",2023,20,0,,,20,,,TRUE
"ADMIN JOB OPOR SPEC MANAGERIAL",2024,20,0,,,20,,,TRUE
"ADMIN JOB OPOR SPEC MANAGERIAL",2025,24,1,,,25,,,TRUE
"ADMIN JOB OPPORTUNITY SPEC NM",2014,79,0,,,79,,,TRUE
"ADMIN JOB OPPORTUNITY SPEC NM",2015,81,0,,,81,,,TRUE
"ADMIN JOB OPPORTUNITY SPEC NM",2016,82,0,,,82,,,TRUE
"ADMIN JOB OPPORTUNITY SPEC NM",2017,85,0,,,85,,,TRUE
"ADMIN JOB OPPORTUNITY SPEC NM",2018,91,0,,,91,,,TRUE
"ADMIN JOB OPPORTUNITY SPEC NM",2019,92,0,,,92,,,TRUE
"ADMIN JOB OPPORTUNITY SPEC NM",2020,92,0,,,92,,,TRUE
"ADMIN JOB OPPORTUNITY SPEC NM",2021,88,2,,,90,,,TRUE
"ADMIN JOB OPPORTUNITY SPEC NM",2022,82,1,,,83,,,TRUE
"ADMIN JOB OPPORTUNITY SPEC NM",2023,73,1,,,74,,,TRUE
"ADMIN JOB OPPORTUNITY SPEC NM",2024,85,0,,,85,,,TRUE
"ADMIN JOB OPPORTUNITY SPEC NM",2025,84,1,,,85,,,TRUE
"ADMIN LANDMARKS PRESERVATIONIST",2016,1,0,,,1,,,TRUE
"ADMIN LANDMARKS PRESERVATIONIST",2017,2,0,,,2,,,TRUE
"ADMIN LANDMARKS PRESERVATIONIST",2018,2,0,,,2,,,TRUE
"ADMIN LANDMARKS PRESERVATIONIST",2019,2,1,,,3,,,TRUE
"ADMIN LANDMARKS PRESERVATIONIST",2020,1,1,,,2,,,TRUE
"ADMIN LANDMARKS PRESERVATIONIST",2021,1,0,,,1,,,TRUE
"ADMIN LANDMARKS PRESERVATIONIST",2022,1,0,,,1,,,TRUE
"ADMIN LANDMARKS PRESERVATIONIST",2023,1,1,,,2,,,TRUE
"ADMIN LANDMARKS PRESERVATIONIST",2024,1,0,,,1,,,TRUE
"ADMIN LANDMARKS PRESERVATIONIST",2025,1,0,,,1,,,TRUE
"ADMIN SCHL SECUR MGR",2014,1,0,,,1,,,TRUE
"ADMIN SCHL SECUR MGR MGL",2015,1,0,,,1,,,TRUE
"ADMIN SCHL SECUR MGR MGL",2016,1,0,,,1,,,TRUE
"ADMIN SCHL SECUR MGR MGL",2018,1,0,,,1,,,TRUE
"ADMIN SCHL SECUR MGR MGL",2019,1,0,,,1,,,TRUE
"ADMIN SCHOOL SECURITY",2017,1,0,,,1,,,TRUE
"ADMIN TESTS & MEAS SPEC",2014,4,0,,,4,,,TRUE
"ADMIN TESTS & MEAS SPEC",2015,5,1,,,6,,,TRUE
"ADMIN TESTS & MEAS SPEC",2016,5,0,,,5,,,TRUE
"ADMIN TESTS & MEAS SPEC",2017,6,0,,,6,,,TRUE
"ADMIN TESTS & MEAS SPEC",2018,5,2,,,7,,,TRUE
"ADMIN TESTS & MEAS SPEC",2019,2,2,,,4,,,TRUE
"ADMIN TESTS & MEAS SPEC",2020,1,1,,,2,,,TRUE
"ADMIN TESTS & MEAS SPEC",2021,1,0,,,1,,,TRUE
"ADMIN TESTS & MEAS SPEC",2022,1,0,,,1,,,TRUE
"ADMIN TESTS & MEAS SPEC",2023,4,0,,,4,,,TRUE
"ADMIN TESTS & MEAS SPEC",2024,4,1,,,5,,,TRUE
"ADMIN TESTS & MEAS SPEC",2025,4,1,,,5,,,TRUE
"ADMIN TRAFFIC ENF AGNT",2014,22,0,,,22,,,TRUE
"ADMIN TRAFFIC ENF AGNT UNION",2015,22,0,,,22,,,TRUE
"ADMIN TRAFFIC ENF AGNT UNION",2016,22,0,,,22,,,TRUE
"ADMIN TRAFFIC ENF AGNT UNION",2017,26,0,,,26,,,TRUE
"ADMIN TRAFFIC ENF AGNT UNION",2018,24,0,,,24,,,TRUE
"ADMIN TRAFFIC ENF AGNT UNION",2019,26,0,,,26,,,TRUE
"ADMIN TRAFFIC ENF AGNT UNION",2020,24,0,,,24,,,TRUE
"ADMIN TRAFFIC ENF AGNT UNION",2021,21,0,,,21,,,TRUE
"ADMIN TRAFFIC ENF AGNT UNION",2022,19,0,,,19,,,TRUE
"ADMIN TRAFFIC ENF AGNT UNION",2023,25,0,,,25,,,TRUE
"ADMIN TRAFFIC ENF AGNT UNION",2024,27,0,,,27,,,TRUE
"ADMIN TRAFFIC ENF AGNT UNION",2025,25,0,,,25,,,TRUE
"ADMIN TRAFFIC ENFRCMNT AGENT",2014,2,0,,,2,,,TRUE
"ADMIN TRAFFIC ENFRCMNT AGENT",2015,2,0,,,2,,,TRUE
"ADMIN TRAFFIC ENFRCMNT AGENT",2016,2,0,,,2,,,TRUE
"ADMIN TRAFFIC ENFRCMNT AGENT",2017,1,0,,,1,,,TRUE
"ADMIN TRAFFIC ENFRCMNT AGENT",2018,3,0,,,3,,,TRUE
"ADMIN TRAFFIC ENFRCMNT AGENT",2019,3,0,,,3,,,TRUE
"ADMIN TRAFFIC ENFRCMNT AGENT",2020,3,0,,,3,,,TRUE
"ADMIN TRAFFIC ENFRCMNT AGENT",2021,3,0,,,3,,,TRUE
"ADMIN TRAFFIC ENFRCMNT AGENT",2022,3,0,,,3,,,TRUE
"ADMIN TRAFFIC ENFRCMNT AGENT",2023,3,0,,,3,,,TRUE
"ADMIN TRAFFIC ENFRCMNT AGENT",2024,2,0,,,2,,,TRUE
"ADMIN TRAFFIC ENFRCMNT AGENT",2025,3,0,,,3,,,TRUE
"ADMINISTRATIIVE TAXI & LIMOUSINE INSPECTOR",2014,5,0,,,5,,,TRUE
"ADMINISTRATIIVE TAXI & LIMOUSINE INSPECTOR",2015,5,1,,,6,,,TRUE
"ADMINISTRATIIVE TAXI & LIMOUSINE INSPECTOR",2016,5,1,,,6,,,TRUE
"ADMINISTRATIIVE TAXI & LIMOUSINE INSPECTOR",2017,5,2,,,7,,,TRUE
"ADMINISTRATIIVE TAXI & LIMOUSINE INSPECTOR",2018,8,4,,,12,,,TRUE
"ADMINISTRATIIVE TAXI & LIMOUSINE INSPECTOR",2019,7,5,,,12,,,TRUE
"ADMINISTRATIIVE TAXI & LIMOUSINE INSPECTOR",2020,6,3,,,9,,,TRUE
"ADMINISTRATIIVE TAXI & LIMOUSINE INSPECTOR",2021,8,1,,,9,,,TRUE
"ADMINISTRATIIVE TAXI & LIMOUSINE INSPECTOR",2022,11,1,,,12,,,TRUE
"ADMINISTRATIIVE TAXI & LIMOUSINE INSPECTOR",2023,11,1,,,12,,,TRUE
"ADMINISTRATIIVE TAXI & LIMOUSINE INSPECTOR",2024,10,1,,,11,,,TRUE
"ADMINISTRATIIVE TAXI & LIMOUSINE INSPECTOR",2025,10,1,,,11,,,TRUE
"ADMINISTRATION PUBLIC RECORD OFFICER",2014,2,0,,,2,,,TRUE
"ADMINISTRATION PUBLIC RECORD OFFICER",2015,2,0,,,2,,,TRUE
"ADMINISTRATION PUBLIC RECORD OFFICER",2016,3,0,,,3,,,TRUE
"ADMINISTRATION PUBLIC RECORD OFFICER",2017,1,4,,,5,,,TRUE
"ADMINISTRATION PUBLIC RECORD OFFICER",2018,2,3,,,5,,,TRUE
"ADMINISTRATIVE ACCOUNTANT",2014,86,4,,,90,,,TRUE
"ADMINISTRATIVE ACCOUNTANT",2015,88,6,,,94,,,TRUE
"ADMINISTRATIVE ACCOUNTANT",2016,92,8,,,100,,,TRUE
"ADMINISTRATIVE ACCOUNTANT",2017,84,11,,,95,,,TRUE
"ADMINISTRATIVE ACCOUNTANT",2018,82,16,,,98,,,TRUE
"ADMINISTRATIVE ACCOUNTANT",2019,81,12,,,93,,,TRUE
"ADMINISTRATIVE ACCOUNTANT",2020,77,14,,,91,,,TRUE
"ADMINISTRATIVE ACCOUNTANT",2021,70,8,,,78,,,TRUE
"ADMINISTRATIVE ACCOUNTANT",2022,79,6,,,85,,,TRUE
"ADMINISTRATIVE ACCOUNTANT",2023,99,12,,,111,,,TRUE
"ADMINISTRATIVE ACCOUNTANT",2024,103,15,,,118,,,TRUE
"ADMINISTRATIVE ACCOUNTANT",2025,105,12,,,117,,,TRUE
"ADMINISTRATIVE ACTUARY",2014,5,0,,,5,,,TRUE
"ADMINISTRATIVE ACTUARY",2015,5,0,,,5,,,TRUE
"ADMINISTRATIVE ACTUARY",2016,5,1,,,6,,,TRUE
"ADMINISTRATIVE ACTUARY",2017,5,2,,,7,,,TRUE
"ADMINISTRATIVE ACTUARY",2018,4,3,,,7,,,TRUE
"ADMINISTRATIVE ACTUARY",2019,4,3,,,7,,,TRUE
"ADMINISTRATIVE ACTUARY",2020,4,1,,,5,,,TRUE
"ADMINISTRATIVE ACTUARY",2021,4,0,,,4,,,TRUE
"ADMINISTRATIVE ACTUARY",2022,5,1,,,6,,,TRUE
"ADMINISTRATIVE ACTUARY",2023,5,1,,,6,,,TRUE
"ADMINISTRATIVE ACTUARY",2024,5,0,,,5,,,TRUE
"ADMINISTRATIVE ACTUARY",2025,6,0,,,6,,,TRUE
"ADMINISTRATIVE ARCHITECT",2014,26,8,,,34,,,TRUE
"ADMINISTRATIVE ARCHITECT",2015,33,17,,,50,,,TRUE
"ADMINISTRATIVE ARCHITECT",2016,34,23,,,57,,,TRUE
"ADMINISTRATIVE ARCHITECT",2017,36,26,,,62,,,TRUE
"ADMINISTRATIVE ARCHITECT",2018,31,15,,,46,,,TRUE
"ADMINISTRATIVE ARCHITECT",2019,26,9,,,35,,,TRUE
"ADMINISTRATIVE ARCHITECT",2020,28,6,,,34,,,TRUE
"ADMINISTRATIVE ARCHITECT",2021,27,8,,,35,,,TRUE
"ADMINISTRATIVE ARCHITECT",2022,21,5,,,26,,,TRUE
"ADMINISTRATIVE ARCHITECT",2023,23,11,,,34,,,TRUE
"ADMINISTRATIVE ARCHITECT",2024,25,14,,,39,,,TRUE
"ADMINISTRATIVE ARCHITECT",2025,30,18,,,48,,,TRUE
"ADMINISTRATIVE ASSESSOR",2014,6,0,,,6,,,TRUE
"ADMINISTRATIVE ASSESSOR",2015,6,0,,,6,,,TRUE
"ADMINISTRATIVE ASSESSOR",2016,6,1,,,7,,,TRUE
"ADMINISTRATIVE ASSESSOR",2017,7,1,,,8,,,TRUE
"ADMINISTRATIVE ASSESSOR",2018,6,0,,,6,,,TRUE
"ADMINISTRATIVE ASSESSOR",2019,4,0,,,4,,,TRUE
"ADMINISTRATIVE ASSESSOR",2020,4,0,,,4,,,TRUE
"ADMINISTRATIVE ASSESSOR",2021,3,0,,,3,,,TRUE
"ADMINISTRATIVE ASSESSOR",2022,5,0,,,5,,,TRUE
"ADMINISTRATIVE ASSESSOR",2023,5,0,,,5,,,TRUE
"ADMINISTRATIVE ASSESSOR",2024,5,0,,,5,,,TRUE
"ADMINISTRATIVE ASSESSOR",2025,5,0,,,5,,,TRUE
"ADMINISTRATIVE ASSISTANT",2014,33,8,,,41,,,TRUE
"ADMINISTRATIVE ASSISTANT",2015,32,6,,,38,,,TRUE
"ADMINISTRATIVE ASSISTANT",2016,36,4,,,40,,,TRUE
"ADMINISTRATIVE ASSISTANT",2017,35,6,,,41,,,TRUE
"ADMINISTRATIVE ASSISTANT",2018,39,6,,,45,,,TRUE
"ADMINISTRATIVE ASSISTANT",2019,38,2,,,40,,,TRUE
"ADMINISTRATIVE ASSISTANT",2020,39,7,,,46,,,TRUE
"ADMINISTRATIVE ASSISTANT",2021,40,4,,,44,,,TRUE
"ADMINISTRATIVE ASSISTANT",2022,46,3,,,49,,,TRUE
"ADMINISTRATIVE ASSISTANT",2023,40,7,,,47,,,TRUE
"ADMINISTRATIVE ASSISTANT",2024,49,7,,,56,,,TRUE
"ADMINISTRATIVE ASSISTANT",2025,51,2,,,53,,,TRUE
"ADMINISTRATIVE ASSISTANT TO COMMUNITY EDUCATION COUNCIL",2016,2,9,,,11,,,TRUE
"ADMINISTRATIVE ASSISTANT TO COMMUNITY EDUCATION COUNCIL",2017,2,11,,,13,,,TRUE
"ADMINISTRATIVE ASSISTANT TO COMMUNITY EDUCATION COUNCIL",2018,2,7,,,9,,,TRUE
"ADMINISTRATIVE ASSISTANT TO COMMUNITY EDUCATION COUNCIL",2019,1,8,,,9,,,TRUE
"ADMINISTRATIVE ASSISTANT TO COMMUNITY EDUCATION COUNCIL",2020,1,8,,,9,,,TRUE
"ADMINISTRATIVE ASSISTANT TO COMMUNITY EDUCATION COUNCIL",2021,1,6,,,7,,,TRUE
"ADMINISTRATIVE ASSISTANT TO COMMUNITY EDUCATION COUNCIL",2022,1,6,,,7,,,TRUE
"ADMINISTRATIVE ASSISTANT TO COMMUNITY EDUCATION COUNCIL",2023,8,11,,,19,,,TRUE
"ADMINISTRATIVE ASSISTANT TO COMMUNITY EDUCATION COUNCIL",2024,11,10,,,21,,,TRUE
"ADMINISTRATIVE ASSISTANT TO COMMUNITY EDUCATION COUNCIL",2025,8,8,,,16,,,TRUE
"ADMINISTRATIVE ASSISTANT TO THE COMPTROLLER",2014,1,0,,,1,,,TRUE
"ADMINISTRATIVE ASSISTANT TO THE COMPTROLLER",2015,1,0,,,1,,,TRUE
"ADMINISTRATIVE ASSISTANT TO THE COMPTROLLER",2018,0,1,,,1,,,TRUE
"ADMINISTRATIVE ASSISTANT TO THE COMPTROLLER",2019,0,2,,,2,,,TRUE
"ADMINISTRATIVE ASSISTANT TO THE COMPTROLLER",2020,1,2,,,3,,,TRUE
"ADMINISTRATIVE ASSISTANT TO THE COMPTROLLER",2021,1,0,,,1,,,TRUE
"ADMINISTRATIVE ASSISTANT TO THE COMPTROLLER",2022,0,3,,,3,,,TRUE
"ADMINISTRATIVE ASSISTANT TO THE COMPTROLLER",2023,0,3,,,3,,,TRUE
"ADMINISTRATIVE ASSISTANT TO THE MAYOR",2014,0,1,,,1,,,TRUE
"ADMINISTRATIVE ASSISTANT TO THE MAYOR",2015,0,1,,,1,,,TRUE
"ADMINISTRATIVE ASSISTANT TO THE MAYOR",2024,0,1,,,1,,,TRUE
"ADMINISTRATIVE ASSISTANT TO THE MAYOR",2025,0,1,,,1,,,TRUE
"ADMINISTRATIVE ASSOCIATE",2014,25,2,,,27,,,TRUE
"ADMINISTRATIVE ASSOCIATE",2015,29,0,,,29,,,TRUE
"ADMINISTRATIVE ASSOCIATE",2016,31,1,,,32,,,TRUE
"ADMINISTRATIVE ASSOCIATE",2017,32,4,,,36,,,TRUE
"ADMINISTRATIVE ASSOCIATE",2018,33,4,,,37,,,TRUE
"ADMINISTRATIVE ASSOCIATE",2019,34,4,,,38,,,TRUE
"ADMINISTRATIVE ASSOCIATE",2020,39,3,,,42,,,TRUE
"ADMINISTRATIVE ASSOCIATE",2021,43,2,,,45,,,TRUE
"ADMINISTRATIVE ASSOCIATE",2022,39,2,,,41,,,TRUE
"ADMINISTRATIVE ASSOCIATE",2023,46,2,,,48,,,TRUE
"ADMINISTRATIVE ASSOCIATE",2024,49,1,,,50,,,TRUE
"ADMINISTRATIVE ASSOCIATE",2025,48,1,,,49,,,TRUE
"ADMINISTRATIVE ATTORNEY",2014,3,0,,,3,,,TRUE
"ADMINISTRATIVE ATTORNEY",2015,3,0,,,3,,,TRUE
"ADMINISTRATIVE ATTORNEY",2016,2,0,,,2,,,TRUE
"ADMINISTRATIVE ATTORNEY",2017,2,0,,,2,,,TRUE
"ADMINISTRATIVE ATTORNEY",2018,3,0,,,3,,,TRUE
"ADMINISTRATIVE ATTORNEY",2019,3,0,,,3,,,TRUE
"ADMINISTRATIVE ATTORNEY",2020,2,0,,,2,,,TRUE
"ADMINISTRATIVE ATTORNEY",2021,2,0,,,2,,,TRUE
"ADMINISTRATIVE BLASTING INSPECTOR",2014,1,0,,,1,,,TRUE
"ADMINISTRATIVE BLASTING INSPECTOR",2015,1,0,,,1,,,TRUE
"ADMINISTRATIVE BLASTING INSPECTOR",2016,1,0,,,1,,,TRUE
"ADMINISTRATIVE BLASTING INSPECTOR",2021,1,0,,,1,,,TRUE
"ADMINISTRATIVE BLASTING INSPECTOR",2022,1,0,,,1,,,TRUE
"ADMINISTRATIVE BLASTING INSPECTOR",2023,1,0,,,1,,,TRUE
"ADMINISTRATIVE BLASTING INSPECTOR",2024,1,0,,,1,,,TRUE
"ADMINISTRATIVE BLASTING INSPECTOR",2025,1,0,,,1,,,TRUE
"ADMINISTRATIVE BOROUGH SUPERINTENDENT",2014,4,0,,,4,,,TRUE
"ADMINISTRATIVE BOROUGH SUPERINTENDENT",2015,4,0,,,4,,,TRUE
"ADMINISTRATIVE BOROUGH SUPERINTENDENT",2016,4,1,,,5,,,TRUE
"ADMINISTRATIVE BOROUGH SUPERINTENDENT",2017,4,3,,,7,,,TRUE
"ADMINISTRATIVE BOROUGH SUPERINTENDENT",2018,3,1,,,4,,,TRUE
"ADMINISTRATIVE BOROUGH SUPERINTENDENT",2019,2,0,,,2,,,TRUE
"ADMINISTRATIVE BOROUGH SUPERINTENDENT",2020,1,0,,,1,,,TRUE
"ADMINISTRATIVE BOROUGH SUPERINTENDENT",2021,1,0,,,1,,,TRUE
"ADMINISTRATIVE BOROUGH SUPERINTENDENT",2022,1,0,,,1,,,TRUE
"ADMINISTRATIVE BOROUGH SUPERINTENDENT",2023,2,0,,,2,,,TRUE
"ADMINISTRATIVE BOROUGH SUPERINTENDENT",2024,2,0,,,2,,,TRUE
"ADMINISTRATIVE BOROUGH SUPERINTENDENT",2025,1,0,,,1,,,TRUE
"ADMINISTRATIVE BUSINESS PROMOTION COORDINATOR",2014,4,14,,,18,,,TRUE
"ADMINISTRATIVE BUSINESS PROMOTION COORDINATOR",2015,5,13,,,18,,,TRUE
"ADMINISTRATIVE BUSINESS PROMOTION COORDINATOR",2016,12,33,,,45,,,TRUE
"ADMINISTRATIVE BUSINESS PROMOTION COORDINATOR",2017,14,39,,,53,,,TRUE
"ADMINISTRATIVE BUSINESS PROMOTION COORDINATOR",2018,12,31,,,43,,,TRUE
"ADMINISTRATIVE BUSINESS PROMOTION COORDINATOR",2019,14,51,,,65,,,TRUE
"ADMINISTRATIVE BUSINESS PROMOTION COORDINATOR",2020,16,88,,,104,,,TRUE
"ADMINISTRATIVE BUSINESS PROMOTION COORDINATOR",2021,18,38,,,56,,,TRUE
"ADMINISTRATIVE BUSINESS PROMOTION COORDINATOR",2022,25,4,,,29,,,TRUE
"ADMINISTRATIVE BUSINESS PROMOTION COORDINATOR",2023,23,4,,,27,,,TRUE
"ADMINISTRATIVE BUSINESS PROMOTION COORDINATOR",2024,23,3,,,26,,,TRUE
"ADMINISTRATIVE BUSINESS PROMOTION COORDINATOR",2025,24,2,,,26,,,TRUE
"ADMINISTRATIVE CHIEF",2014,1,0,,,1,,,TRUE
"ADMINISTRATIVE CHIEF",2015,1,0,,,1,,,TRUE
"ADMINISTRATIVE CHIEF",2016,3,0,,,3,,,TRUE
"ADMINISTRATIVE CHIEF",2017,28,1,,,29,,,TRUE
"ADMINISTRATIVE CHIEF",2018,37,4,,,41,,,TRUE
"ADMINISTRATIVE CHIEF",2019,36,2,,,38,,,TRUE
"ADMINISTRATIVE CHIEF",2020,35,0,,,35,,,TRUE
"ADMINISTRATIVE CHIEF",2021,34,0,,,34,,,TRUE
"ADMINISTRATIVE CHIEF",2022,30,1,,,31,,,TRUE
"ADMINISTRATIVE CHIEF",2023,25,3,,,28,,,TRUE
"ADMINISTRATIVE CHIEF",2024,10,3,,,13,,,TRUE
"ADMINISTRATIVE CHIEF",2025,11,1,,,12,,,TRUE
"ADMINISTRATIVE CITY PLANNER",2014,43,5,,,48,,,TRUE
"ADMINISTRATIVE CITY PLANNER",2015,44,11,,,55,,,TRUE
"ADMINISTRATIVE CITY PLANNER",2016,43,17,,,60,,,TRUE
"ADMINISTRATIVE CITY PLANNER",2017,43,28,,,71,,,TRUE
"ADMINISTRATIVE CITY PLANNER",2018,44,31,121000,115000,75,0.950413223140496,6000,FALSE
"ADMINISTRATIVE CITY PLANNER",2019,73,16,,,89,,,TRUE
"ADMINISTRATIVE CITY PLANNER",2020,80,4,,,84,,,TRUE
"ADMINISTRATIVE CITY PLANNER",2021,83,2,,,85,,,TRUE
"ADMINISTRATIVE CITY PLANNER",2022,83,1,,,84,,,TRUE
"ADMINISTRATIVE CITY PLANNER",2023,85,4,,,89,,,TRUE
"ADMINISTRATIVE CITY PLANNER",2024,90,11,,,101,,,TRUE
"ADMINISTRATIVE CITY PLANNER",2025,102,5,,,107,,,TRUE
"ADMINISTRATIVE CLAIM EXAMINER",2014,21,3,,,24,,,TRUE
"ADMINISTRATIVE CLAIM EXAMINER",2015,19,5,,,24,,,TRUE
"ADMINISTRATIVE CLAIM EXAMINER",2016,21,10,,,31,,,TRUE
"ADMINISTRATIVE CLAIM EXAMINER",2017,22,8,,,30,,,TRUE
"ADMINISTRATIVE CLAIM EXAMINER",2018,17,8,,,25,,,TRUE
"ADMINISTRATIVE CLAIM EXAMINER",2019,19,6,,,25,,,TRUE
"ADMINISTRATIVE CLAIM EXAMINER",2020,17,6,,,23,,,TRUE
"ADMINISTRATIVE CLAIM EXAMINER",2021,17,5,,,22,,,TRUE
"ADMINISTRATIVE CLAIM EXAMINER",2022,11,4,,,15,,,TRUE
"ADMINISTRATIVE CLAIM EXAMINER",2023,11,4,,,15,,,TRUE
"ADMINISTRATIVE CLAIM EXAMINER",2024,10,1,,,11,,,TRUE
"ADMINISTRATIVE CLAIM EXAMINER",2025,11,1,,,12,,,TRUE
"ADMINISTRATIVE COMMUNITY RELATIONS SPECIALIST",2014,7,1,,,8,,,TRUE
"ADMINISTRATIVE COMMUNITY RELATIONS SPECIALIST",2015,9,3,,,12,,,TRUE
"ADMINISTRATIVE COMMUNITY RELATIONS SPECIALIST",2016,19,3,,,22,,,TRUE
"ADMINISTRATIVE COMMUNITY RELATIONS SPECIALIST",2017,18,28,,,46,,,TRUE
"ADMINISTRATIVE COMMUNITY RELATIONS SPECIALIST",2018,25,19,,,44,,,TRUE
"ADMINISTRATIVE COMMUNITY RELATIONS SPECIALIST",2019,39,7,,,46,,,TRUE
"ADMINISTRATIVE COMMUNITY RELATIONS SPECIALIST",2020,35,9,,,44,,,TRUE
"ADMINISTRATIVE COMMUNITY RELATIONS SPECIALIST",2021,36,8,,,44,,,TRUE
"ADMINISTRATIVE COMMUNITY RELATIONS SPECIALIST",2022,38,3,,,41,,,TRUE
"ADMINISTRATIVE COMMUNITY RELATIONS SPECIALIST",2023,36,7,,,43,,,TRUE
"ADMINISTRATIVE COMMUNITY RELATIONS SPECIALIST",2024,41,9,,,50,,,TRUE
"ADMINISTRATIVE COMMUNITY RELATIONS SPECIALIST",2025,49,7,,,56,,,TRUE
"ADMINISTRATIVE CONSTRUCTION PROJECT MANAGER",2014,39,3,,,42,,,TRUE
"ADMINISTRATIVE CONSTRUCTION PROJECT MANAGER",2015,44,4,,,48,,,TRUE
"ADMINISTRATIVE CONSTRUCTION PROJECT MANAGER",2016,31,1,,,32,,,TRUE
"ADMINISTRATIVE CONSTRUCTION PROJECT MANAGER",2017,33,2,,,35,,,TRUE
"ADMINISTRATIVE CONSTRUCTION PROJECT MANAGER",2018,35,3,,,38,,,TRUE
"ADMINISTRATIVE CONSTRUCTION PROJECT MANAGER",2019,40,8,,,48,,,TRUE
"ADMINISTRATIVE CONSTRUCTION PROJECT MANAGER",2020,40,16,,,56,,,TRUE
"ADMINISTRATIVE CONSTRUCTION PROJECT MANAGER",2021,38,19,,,57,,,TRUE
"ADMINISTRATIVE CONSTRUCTION PROJECT MANAGER",2022,35,12,,,47,,,TRUE
"ADMINISTRATIVE CONSTRUCTION PROJECT MANAGER",2023,32,15,,,47,,,TRUE
"ADMINISTRATIVE CONSTRUCTION PROJECT MANAGER",2024,32,11,,,43,,,TRUE
"ADMINISTRATIVE CONSTRUCTION PROJECT MANAGER",2025,24,6,,,30,,,TRUE
"ADMINISTRATIVE CONSULTANT",2017,1,1,,,2,,,TRUE
"ADMINISTRATIVE CONSULTANT",2018,1,1,,,2,,,TRUE
"ADMINISTRATIVE CONSULTANT",2019,3,0,,,3,,,TRUE
"ADMINISTRATIVE CONSULTANT",2020,3,0,,,3,,,TRUE
"ADMINISTRATIVE CONSULTANT",2021,3,0,,,3,,,TRUE
"ADMINISTRATIVE CONSULTANT",2022,4,0,,,4,,,TRUE
"ADMINISTRATIVE CONSULTANT",2023,4,0,,,4,,,TRUE
"ADMINISTRATIVE CONSULTANT",2024,4,0,,,4,,,TRUE
"ADMINISTRATIVE CONSULTANT",2025,3,0,,,3,,,TRUE
"ADMINISTRATIVE CONTRACT SPECIALIST",2019,50,15,,,65,,,TRUE
"ADMINISTRATIVE CONTRACT SPECIALIST",2020,53,7,,,60,,,TRUE
"ADMINISTRATIVE CONTRACT SPECIALIST",2021,53,4,,,57,,,TRUE
"ADMINISTRATIVE CONTRACT SPECIALIST",2022,48,4,,,52,,,TRUE
"ADMINISTRATIVE CONTRACT SPECIALIST",2023,53,7,,,60,,,TRUE
"ADMINISTRATIVE CONTRACT SPECIALIST",2024,55,10,,,65,,,TRUE
"ADMINISTRATIVE CONTRACT SPECIALIST",2025,60,5,,,65,,,TRUE
"ADMINISTRATIVE DEPUTY REGISTER",2014,3,0,,,3,,,TRUE
"ADMINISTRATIVE DEPUTY REGISTER",2015,3,0,,,3,,,TRUE
"ADMINISTRATIVE DEPUTY REGISTER",2016,3,0,,,3,,,TRUE
"ADMINISTRATIVE DEPUTY REGISTER",2017,3,0,,,3,,,TRUE
"ADMINISTRATIVE DEPUTY REGISTER",2018,3,0,,,3,,,TRUE
"ADMINISTRATIVE DEPUTY REGISTER",2019,3,0,,,3,,,TRUE
"ADMINISTRATIVE DEPUTY REGISTER",2020,3,0,,,3,,,TRUE
"ADMINISTRATIVE DEPUTY REGISTER",2021,1,0,,,1,,,TRUE
"ADMINISTRATIVE DEPUTY REGISTER",2022,3,0,,,3,,,TRUE
"ADMINISTRATIVE DEPUTY REGISTER",2023,2,0,,,2,,,TRUE
"ADMINISTRATIVE DEPUTY REGISTER",2024,2,0,,,2,,,TRUE
"ADMINISTRATIVE DEPUTY REGISTER",2025,3,1,,,4,,,TRUE
"ADMINISTRATIVE DIRECTOR OF LABORATORY",2014,16,0,,,16,,,TRUE
"ADMINISTRATIVE DIRECTOR OF LABORATORY",2015,16,0,,,16,,,TRUE
"ADMINISTRATIVE DIRECTOR OF LABORATORY",2016,13,0,,,13,,,TRUE
"ADMINISTRATIVE DIRECTOR OF LABORATORY",2017,12,0,,,12,,,TRUE
"ADMINISTRATIVE DIRECTOR OF LABORATORY",2018,15,0,,,15,,,TRUE
"ADMINISTRATIVE DIRECTOR OF LABORATORY",2019,19,0,,,19,,,TRUE
"ADMINISTRATIVE DIRECTOR OF LABORATORY",2020,18,0,,,18,,,TRUE
"ADMINISTRATIVE DIRECTOR OF LABORATORY",2021,14,0,,,14,,,TRUE
"ADMINISTRATIVE DIRECTOR OF LABORATORY",2022,14,0,,,14,,,TRUE
"ADMINISTRATIVE DIRECTOR OF LABORATORY",2023,15,1,,,16,,,TRUE
"ADMINISTRATIVE DIRECTOR OF LABORATORY",2024,16,1,,,17,,,TRUE
"ADMINISTRATIVE DIRECTOR OF LABORATORY",2025,16,0,,,16,,,TRUE
"ADMINISTRATIVE DIRECTOR OF MARINE MAINTENANCE",2014,1,0,,,1,,,TRUE
"ADMINISTRATIVE DIRECTOR OF MARINE MAINTENANCE",2015,1,0,,,1,,,TRUE
"ADMINISTRATIVE DIRECTOR OF MARINE MAINTENANCE",2016,1,0,,,1,,,TRUE
"ADMINISTRATIVE DIRECTOR OF MARINE MAINTENANCE",2017,1,1,,,2,,,TRUE
"ADMINISTRATIVE DIRECTOR OF MARINE MAINTENANCE",2018,1,1,,,2,,,TRUE
"ADMINISTRATIVE DIRECTOR OF MARINE MAINTENANCE",2019,1,0,,,1,,,TRUE
"ADMINISTRATIVE DIRECTOR OF MARINE MAINTENANCE",2020,1,1,,,2,,,TRUE
"ADMINISTRATIVE DIRECTOR OF MARINE MAINTENANCE",2021,1,1,,,2,,,TRUE
"ADMINISTRATIVE DIRECTOR OF MARINE MAINTENANCE",2022,1,0,,,1,,,TRUE
"ADMINISTRATIVE DIRECTOR OF MARINE MAINTENANCE",2023,1,0,,,1,,,TRUE
"ADMINISTRATIVE DIRECTOR OF MARINE MAINTENANCE",2024,2,0,,,2,,,TRUE
"ADMINISTRATIVE DIRECTOR OF MARINE MAINTENANCE",2025,2,0,,,2,,,TRUE
"ADMINISTRATIVE DIRECTOR OF RESIDENTIAL CHILD CARE",2014,1,2,,,3,,,TRUE
"ADMINISTRATIVE DIRECTOR OF RESIDENTIAL CHILD CARE",2015,1,3,,,4,,,TRUE
"ADMINISTRATIVE DIRECTOR OF RESIDENTIAL CHILD CARE",2016,1,1,,,2,,,TRUE
"ADMINISTRATIVE DIRECTOR OF RESIDENTIAL CHILD CARE",2017,1,2,,,3,,,TRUE
"ADMINISTRATIVE DIRECTOR OF RESIDENTIAL CHILD CARE",2018,1,2,,,3,,,TRUE
"ADMINISTRATIVE DIRECTOR OF RESIDENTIAL CHILD CARE",2019,3,6,,,9,,,TRUE
"ADMINISTRATIVE DIRECTOR OF RESIDENTIAL CHILD CARE",2020,3,9,,,12,,,TRUE
"ADMINISTRATIVE DIRECTOR OF RESIDENTIAL CHILD CARE",2021,3,5,,,8,,,TRUE
"ADMINISTRATIVE DIRECTOR OF RESIDENTIAL CHILD CARE",2022,13,3,,,16,,,TRUE
"ADMINISTRATIVE DIRECTOR OF RESIDENTIAL CHILD CARE",2023,20,3,,,23,,,TRUE
"ADMINISTRATIVE DIRECTOR OF RESIDENTIAL CHILD CARE",2024,23,2,,,25,,,TRUE
"ADMINISTRATIVE DIRECTOR OF RESIDENTIAL CHILD CARE",2025,25,6,,,31,,,TRUE
"ADMINISTRATIVE DIRECTOR OF SOCIAL SERVICES",2014,251,53,85699,80000,304,0.933499807465665,5699,FALSE
"ADMINISTRATIVE DIRECTOR OF SOCIAL SERVICES",2015,273,75,90058,97200,348,1.07930444824446,-7142,FALSE
"ADMINISTRATIVE DIRECTOR OF SOCIAL SERVICES",2016,289,155,92585,95000,444,1.02608413889939,-2415,FALSE
"ADMINISTRATIVE DIRECTOR OF SOCIAL SERVICES",2017,337,187,97061,88000,524,0.906646335809439,9061,FALSE
"ADMINISTRATIVE DIRECTOR OF SOCIAL SERVICES",2018,367,58,92518,90055,425,0.973378153440412,2463,FALSE
"ADMINISTRATIVE DIRECTOR OF SOCIAL SERVICES",2019,367,13,,,380,,,TRUE
"ADMINISTRATIVE DIRECTOR OF SOCIAL SERVICES",2020,371,32,101803,94500,403,0.928263410704989,7303,FALSE
"ADMINISTRATIVE DIRECTOR OF SOCIAL SERVICES",2021,367,28,,,395,,,TRUE
"ADMINISTRATIVE DIRECTOR OF SOCIAL SERVICES",2022,357,11,,,368,,,TRUE
"ADMINISTRATIVE DIRECTOR OF SOCIAL SERVICES",2023,379,23,,,402,,,TRUE
"ADMINISTRATIVE DIRECTOR OF SOCIAL SERVICES",2024,410,32,119290,127205,442,1.06635090954816,-7915,FALSE
"ADMINISTRATIVE DIRECTOR OF SOCIAL SERVICES",2025,399,32,123096,134643,431,1.09380483525054,-11547,FALSE
"ADMINISTRATIVE EDUCATION ANALYST",2014,197,17,,,214,,,TRUE
"ADMINISTRATIVE EDUCATION ANALYST",2015,222,13,,,235,,,TRUE
"ADMINISTRATIVE EDUCATION ANALYST",2016,232,58,105614,80393,290,0.761196432291174,25221,FALSE
"ADMINISTRATIVE EDUCATION ANALYST",2017,203,78,104886,82805,281,0.789476193200236,22081,FALSE
"ADMINISTRATIVE EDUCATION ANALYST",2018,219,57,104886,84188,276,0.802661937722861,20698,FALSE
"ADMINISTRATIVE EDUCATION ANALYST",2019,229,34,108771,91145,263,0.837953130889667,17626,FALSE
"ADMINISTRATIVE EDUCATION ANALYST",2020,237,5,,,242,,,TRUE
"ADMINISTRATIVE EDUCATION ANALYST",2021,245,4,,,249,,,TRUE
"ADMINISTRATIVE EDUCATION ANALYST",2022,235,7,,,242,,,TRUE
"ADMINISTRATIVE EDUCATION ANALYST",2023,232,3,,,235,,,TRUE
"ADMINISTRATIVE EDUCATION ANALYST",2024,234,1,,,235,,,TRUE
"ADMINISTRATIVE EDUCATION ANALYST",2025,238,8,,,246,,,TRUE
"ADMINISTRATIVE EDUCATION OFFICER",2014,94,49,115213.5,81000,143,0.703042612193884,34213.5,FALSE
"ADMINISTRATIVE EDUCATION OFFICER",2015,94,70,120721.5,84706,164,0.701664575075691,36015.5,FALSE
"ADMINISTRATIVE EDUCATION OFFICER",2016,140,133,113349.5,80393,273,0.709248827740749,32956.5,FALSE
"ADMINISTRATIVE EDUCATION OFFICER",2017,155,165,109081,82805,320,0.759114786259752,26276,FALSE
"ADMINISTRATIVE EDUCATION OFFICER",2018,152,143,107727.5,83369,295,0.77388781880207,24358.5,FALSE
"ADMINISTRATIVE EDUCATION OFFICER",2019,154,113,109391,85872,267,0.785000594198792,23519,FALSE
"ADMINISTRATIVE EDUCATION OFFICER",2020,153,52,112673,88019,205,0.781189814773726,24654,FALSE
"ADMINISTRATIVE EDUCATION OFFICER",2021,157,2,,,159,,,TRUE
"ADMINISTRATIVE EDUCATION OFFICER",2022,154,8,,,162,,,TRUE
"ADMINISTRATIVE EDUCATION OFFICER",2023,162,9,,,171,,,TRUE
"ADMINISTRATIVE EDUCATION OFFICER",2024,163,4,,,167,,,TRUE
"ADMINISTRATIVE EDUCATION OFFICER",2025,185,7,,,192,,,TRUE
"ADMINISTRATIVE ENERGY CONSERVATION SPECIALIST",2024,0,1,,,1,,,TRUE
"ADMINISTRATIVE ENERGY CONSERVATION SPECIALIST",2025,0,4,,,4,,,TRUE
"ADMINISTRATIVE ENGINEER",2014,267,33,112140,99162,300,0.884269662921348,12978,FALSE
"ADMINISTRATIVE ENGINEER",2015,254,38,118677.5,107108,292,0.902513113269154,11569.5,FALSE
"ADMINISTRATIVE ENGINEER",2016,265,37,123485,117039,302,0.947799327853585,6446,FALSE
"ADMINISTRATIVE ENGINEER",2017,275,33,126959,118450,308,0.932978363093597,8509,FALSE
"ADMINISTRATIVE ENGINEER",2018,367,14,,,381,,,TRUE
"ADMINISTRATIVE ENGINEER",2019,383,29,,,412,,,TRUE
"ADMINISTRATIVE ENGINEER",2020,373,28,,,401,,,TRUE
"ADMINISTRATIVE ENGINEER",2021,376,13,,,389,,,TRUE
"ADMINISTRATIVE ENGINEER",2022,352,11,,,363,,,TRUE
"ADMINISTRATIVE ENGINEER",2023,346,19,,,365,,,TRUE
"ADMINISTRATIVE ENGINEER",2024,341,18,,,359,,,TRUE
"ADMINISTRATIVE ENGINEER",2025,332,12,,,344,,,TRUE
"ADMINISTRATIVE FIRE PROTECTION INSPECTOR",2014,6,0,,,6,,,TRUE
"ADMINISTRATIVE FIRE PROTECTION INSPECTOR",2015,6,0,,,6,,,TRUE
"ADMINISTRATIVE FIRE PROTECTION INSPECTOR",2016,7,0,,,7,,,TRUE
"ADMINISTRATIVE FIRE PROTECTION INSPECTOR",2017,8,0,,,8,,,TRUE
"ADMINISTRATIVE FIRE PROTECTION INSPECTOR",2018,8,0,,,8,,,TRUE
"ADMINISTRATIVE FIRE PROTECTION INSPECTOR",2019,8,0,,,8,,,TRUE
"ADMINISTRATIVE FIRE PROTECTION INSPECTOR",2020,11,1,,,12,,,TRUE
"ADMINISTRATIVE FIRE PROTECTION INSPECTOR",2021,11,1,,,12,,,TRUE
"ADMINISTRATIVE FIRE PROTECTION INSPECTOR",2022,9,0,,,9,,,TRUE
"ADMINISTRATIVE FIRE PROTECTION INSPECTOR",2023,11,0,,,11,,,TRUE
"ADMINISTRATIVE FIRE PROTECTION INSPECTOR",2024,13,1,,,14,,,TRUE
"ADMINISTRATIVE FIRE PROTECTION INSPECTOR",2025,13,2,,,15,,,TRUE
"ADMINISTRATIVE GRAPHIC ARTIST",2014,5,2,,,7,,,TRUE
"ADMINISTRATIVE GRAPHIC ARTIST",2015,5,4,,,9,,,TRUE
"ADMINISTRATIVE GRAPHIC ARTIST",2016,6,3,,,9,,,TRUE
"ADMINISTRATIVE GRAPHIC ARTIST",2017,7,3,,,10,,,TRUE
"ADMINISTRATIVE GRAPHIC ARTIST",2018,6,3,,,9,,,TRUE
"ADMINISTRATIVE GRAPHIC ARTIST",2019,6,1,,,7,,,TRUE
"ADMINISTRATIVE GRAPHIC ARTIST",2020,7,1,,,8,,,TRUE
"ADMINISTRATIVE GRAPHIC ARTIST",2021,7,1,,,8,,,TRUE
"ADMINISTRATIVE GRAPHIC ARTIST",2022,7,0,,,7,,,TRUE
"ADMINISTRATIVE GRAPHIC ARTIST",2023,7,11,,,18,,,TRUE
"ADMINISTRATIVE GRAPHIC ARTIST",2024,9,12,,,21,,,TRUE
"ADMINISTRATIVE GRAPHIC ARTIST",2025,12,7,,,19,,,TRUE
"ADMINISTRATIVE HORTICULTURIST",2014,12,2,,,14,,,TRUE
"ADMINISTRATIVE HORTICULTURIST",2015,13,2,,,15,,,TRUE
"ADMINISTRATIVE HORTICULTURIST",2016,15,3,,,18,,,TRUE
"ADMINISTRATIVE HORTICULTURIST",2017,19,4,,,23,,,TRUE
"ADMINISTRATIVE HORTICULTURIST",2018,18,3,,,21,,,TRUE
"ADMINISTRATIVE HORTICULTURIST",2019,20,1,,,21,,,TRUE
"ADMINISTRATIVE HORTICULTURIST",2020,17,1,,,18,,,TRUE
"ADMINISTRATIVE HORTICULTURIST",2021,15,3,,,18,,,TRUE
"ADMINISTRATIVE HORTICULTURIST",2022,17,1,,,18,,,TRUE
"ADMINISTRATIVE HORTICULTURIST",2023,18,2,,,20,,,TRUE
"ADMINISTRATIVE HORTICULTURIST",2024,24,4,,,28,,,TRUE
"ADMINISTRATIVE HORTICULTURIST",2025,26,1,,,27,,,TRUE
"ADMINISTRATIVE HOUSING DEVELOPMENT SPECIALIST",2014,14,3,,,17,,,TRUE
"ADMINISTRATIVE HOUSING DEVELOPMENT SPECIALIST",2015,15,4,,,19,,,TRUE
"ADMINISTRATIVE HOUSING DEVELOPMENT SPECIALIST",2016,15,6,,,21,,,TRUE
"ADMINISTRATIVE HOUSING DEVELOPMENT SPECIALIST",2017,16,10,,,26,,,TRUE
"ADMINISTRATIVE HOUSING DEVELOPMENT SPECIALIST",2018,13,14,,,27,,,TRUE
"ADMINISTRATIVE HOUSING DEVELOPMENT SPECIALIST",2019,15,5,,,20,,,TRUE
"ADMINISTRATIVE HOUSING DEVELOPMENT SPECIALIST",2020,14,2,,,16,,,TRUE
"ADMINISTRATIVE HOUSING DEVELOPMENT SPECIALIST",2021,13,1,,,14,,,TRUE
"ADMINISTRATIVE HOUSING DEVELOPMENT SPECIALIST",2022,13,2,,,15,,,TRUE
"ADMINISTRATIVE HOUSING DEVELOPMENT SPECIALIST",2023,12,3,,,15,,,TRUE
"ADMINISTRATIVE HOUSING DEVELOPMENT SPECIALIST",2024,14,3,,,17,,,TRUE
"ADMINISTRATIVE HOUSING DEVELOPMENT SPECIALIST",2025,17,2,,,19,,,TRUE
"ADMINISTRATIVE HOUSING MANAGER",2014,40,0,,,40,,,TRUE
"ADMINISTRATIVE HOUSING MANAGER",2015,39,0,,,39,,,TRUE
"ADMINISTRATIVE HOUSING MANAGER",2016,35,0,,,35,,,TRUE
"ADMINISTRATIVE HOUSING MANAGER",2017,30,0,,,30,,,TRUE
"ADMINISTRATIVE HOUSING MANAGER",2018,25,0,,,25,,,TRUE
"ADMINISTRATIVE HOUSING MANAGER",2019,25,0,,,25,,,TRUE
"ADMINISTRATIVE HOUSING MANAGER",2020,25,0,,,25,,,TRUE
"ADMINISTRATIVE HOUSING MANAGER",2021,29,0,,,29,,,TRUE
"ADMINISTRATIVE HOUSING MANAGER",2022,32,0,,,32,,,TRUE
"ADMINISTRATIVE HOUSING MANAGER",2023,30,1,,,31,,,TRUE
"ADMINISTRATIVE HOUSING MANAGER",2024,33,1,,,34,,,TRUE
"ADMINISTRATIVE HOUSING MANAGER",2025,31,0,,,31,,,TRUE
"ADMINISTRATIVE HOUSING SUPERINTENDENT",2014,61,0,,,61,,,TRUE
"ADMINISTRATIVE HOUSING SUPERINTENDENT",2015,62,3,,,65,,,TRUE
"ADMINISTRATIVE HOUSING SUPERINTENDENT",2016,56,2,,,58,,,TRUE
"ADMINISTRATIVE HOUSING SUPERINTENDENT",2017,55,0,,,55,,,TRUE
"ADMINISTRATIVE HOUSING SUPERINTENDENT",2018,45,1,,,46,,,TRUE
"ADMINISTRATIVE HOUSING SUPERINTENDENT",2019,48,1,,,49,,,TRUE
"ADMINISTRATIVE HOUSING SUPERINTENDENT",2020,53,1,,,54,,,TRUE
"ADMINISTRATIVE HOUSING SUPERINTENDENT",2021,66,1,,,67,,,TRUE
"ADMINISTRATIVE HOUSING SUPERINTENDENT",2022,87,0,,,87,,,TRUE
"ADMINISTRATIVE HOUSING SUPERINTENDENT",2023,121,0,,,121,,,TRUE
"ADMINISTRATIVE HOUSING SUPERINTENDENT",2024,110,0,,,110,,,TRUE
"ADMINISTRATIVE HOUSING SUPERINTENDENT",2025,117,0,,,117,,,TRUE
"ADMINISTRATIVE INSPECTOR",2014,68,1,,,69,,,TRUE
"ADMINISTRATIVE INSPECTOR",2015,69,7,,,76,,,TRUE
"ADMINISTRATIVE INSPECTOR",2016,34,6,,,40,,,TRUE
"ADMINISTRATIVE INSPECTOR",2017,33,1,,,34,,,TRUE
"ADMINISTRATIVE INSPECTOR",2018,30,1,,,31,,,TRUE
"ADMINISTRATIVE INSPECTOR",2019,30,2,,,32,,,TRUE
"ADMINISTRATIVE INSPECTOR",2020,32,7,,,39,,,TRUE
"ADMINISTRATIVE INSPECTOR",2021,35,5,,,40,,,TRUE
"ADMINISTRATIVE INSPECTOR",2022,34,2,,,36,,,TRUE
"ADMINISTRATIVE INSPECTOR",2023,35,7,,,42,,,TRUE
"ADMINISTRATIVE INSPECTOR",2024,39,8,,,47,,,TRUE
"ADMINISTRATIVE INSPECTOR",2025,37,5,,,42,,,TRUE
"ADMINISTRATIVE INVESTIGATOR",2014,49,3,,,52,,,TRUE
"ADMINISTRATIVE INVESTIGATOR",2015,45,1,,,46,,,TRUE
"ADMINISTRATIVE INVESTIGATOR",2016,47,1,,,48,,,TRUE
"ADMINISTRATIVE INVESTIGATOR",2017,53,2,,,55,,,TRUE
"ADMINISTRATIVE INVESTIGATOR",2018,58,1,,,59,,,TRUE
"ADMINISTRATIVE INVESTIGATOR",2019,65,2,,,67,,,TRUE
"ADMINISTRATIVE INVESTIGATOR",2020,64,1,,,65,,,TRUE
"ADMINISTRATIVE INVESTIGATOR",2021,60,0,,,60,,,TRUE
"ADMINISTRATIVE INVESTIGATOR",2022,51,3,,,54,,,TRUE
"ADMINISTRATIVE INVESTIGATOR",2023,49,3,,,52,,,TRUE
"ADMINISTRATIVE INVESTIGATOR",2024,53,1,,,54,,,TRUE
"ADMINISTRATIVE INVESTIGATOR",2025,51,0,,,51,,,TRUE
"ADMINISTRATIVE JUVENILE COUNSELOR",2014,0,5,,,5,,,TRUE
"ADMINISTRATIVE JUVENILE COUNSELOR",2019,0,1,,,1,,,TRUE
"ADMINISTRATIVE JUVENILE COUNSELOR",2020,0,2,,,2,,,TRUE
"ADMINISTRATIVE JUVENILE COUNSELOR",2022,1,0,,,1,,,TRUE
"ADMINISTRATIVE JUVENILE COUNSELOR",2023,1,0,,,1,,,TRUE
"ADMINISTRATIVE JUVENILE COUNSELOR",2024,1,1,,,2,,,TRUE
"ADMINISTRATIVE JUVENILE COUNSELOR",2025,1,1,,,2,,,TRUE
"ADMINISTRATIVE LABOR RELATIONS ANALYST",2014,3,0,,,3,,,TRUE
"ADMINISTRATIVE LABOR RELATIONS ANALYST",2015,4,3,,,7,,,TRUE
"ADMINISTRATIVE LABOR RELATIONS ANALYST",2016,6,13,,,19,,,TRUE
"ADMINISTRATIVE LABOR RELATIONS ANALYST",2017,12,14,,,26,,,TRUE
"ADMINISTRATIVE LABOR RELATIONS ANALYST",2018,11,12,,,23,,,TRUE
"ADMINISTRATIVE LABOR RELATIONS ANALYST",2019,11,13,,,24,,,TRUE
"ADMINISTRATIVE LABOR RELATIONS ANALYST",2020,12,13,,,25,,,TRUE
"ADMINISTRATIVE LABOR RELATIONS ANALYST",2021,14,11,,,25,,,TRUE
"ADMINISTRATIVE LABOR RELATIONS ANALYST",2022,12,3,,,15,,,TRUE
"ADMINISTRATIVE LABOR RELATIONS ANALYST",2023,12,7,,,19,,,TRUE
"ADMINISTRATIVE LABOR RELATIONS ANALYST",2024,11,5,,,16,,,TRUE
"ADMINISTRATIVE LABOR RELATIONS ANALYST",2025,14,1,,,15,,,TRUE
"ADMINISTRATIVE LANDMARKS PRESERVATIONIST",2014,7,0,,,7,,,TRUE
"ADMINISTRATIVE LANDMARKS PRESERVATIONIST",2015,6,1,,,7,,,TRUE
"ADMINISTRATIVE LANDMARKS PRESERVATIONIST",2016,5,2,,,7,,,TRUE
"ADMINISTRATIVE LANDMARKS PRESERVATIONIST",2017,5,2,,,7,,,TRUE
"ADMINISTRATIVE LANDMARKS PRESERVATIONIST",2018,5,1,,,6,,,TRUE
"ADMINISTRATIVE LANDMARKS PRESERVATIONIST",2019,5,0,,,5,,,TRUE
"ADMINISTRATIVE LANDMARKS PRESERVATIONIST",2020,5,1,,,6,,,TRUE
"ADMINISTRATIVE LANDMARKS PRESERVATIONIST",2021,5,1,,,6,,,TRUE
"ADMINISTRATIVE LANDMARKS PRESERVATIONIST",2022,5,0,,,5,,,TRUE
"ADMINISTRATIVE LANDMARKS PRESERVATIONIST",2023,7,0,,,7,,,TRUE
"ADMINISTRATIVE LANDMARKS PRESERVATIONIST",2024,7,0,,,7,,,TRUE
"ADMINISTRATIVE LANDMARKS PRESERVATIONIST",2025,6,0,,,6,,,TRUE
"ADMINISTRATIVE LANDSCAPE ARCHITECT",2014,6,0,,,6,,,TRUE
"ADMINISTRATIVE LANDSCAPE ARCHITECT",2015,6,0,,,6,,,TRUE
"ADMINISTRATIVE LANDSCAPE ARCHITECT",2016,7,0,,,7,,,TRUE
"ADMINISTRATIVE LANDSCAPE ARCHITECT",2017,7,0,,,7,,,TRUE
"ADMINISTRATIVE LANDSCAPE ARCHITECT",2018,6,0,,,6,,,TRUE
"ADMINISTRATIVE LANDSCAPE ARCHITECT",2019,7,0,,,7,,,TRUE
"ADMINISTRATIVE LANDSCAPE ARCHITECT",2020,6,0,,,6,,,TRUE
"ADMINISTRATIVE LANDSCAPE ARCHITECT",2021,6,0,,,6,,,TRUE
"ADMINISTRATIVE LANDSCAPE ARCHITECT",2022,4,0,,,4,,,TRUE
"ADMINISTRATIVE LANDSCAPE ARCHITECT",2023,5,0,,,5,,,TRUE
"ADMINISTRATIVE LANDSCAPE ARCHITECT",2024,4,0,,,4,,,TRUE
"ADMINISTRATIVE LANDSCAPE ARCHITECT",2025,4,0,,,4,,,TRUE
"ADMINISTRATIVE LAW JUDGE",2015,0,1,,,1,,,TRUE
"ADMINISTRATIVE LAW JUDGE",2016,0,3,,,3,,,TRUE
"ADMINISTRATIVE LAW JUDGE",2017,0,3,,,3,,,TRUE
"ADMINISTRATIVE LAW JUDGE",2018,0,1,,,1,,,TRUE
"ADMINISTRATIVE LAW JUDGE",2021,5,2,,,7,,,TRUE
"ADMINISTRATIVE LAW JUDGE",2022,6,7,,,13,,,TRUE
"ADMINISTRATIVE LAW JUDGE",2023,5,5,,,10,,,TRUE
"ADMINISTRATIVE LAW JUDGE",2024,5,1,,,6,,,TRUE
"ADMINISTRATIVE LAW JUDGE",2025,5,1,,,6,,,TRUE
"ADMINISTRATIVE MANAGEMENT AUDITOR",2014,26,5,,,31,,,TRUE
"ADMINISTRATIVE MANAGEMENT AUDITOR",2015,27,12,,,39,,,TRUE
"ADMINISTRATIVE MANAGEMENT AUDITOR",2016,26,14,,,40,,,TRUE
"ADMINISTRATIVE MANAGEMENT AUDITOR",2017,29,10,,,39,,,TRUE
"ADMINISTRATIVE MANAGEMENT AUDITOR",2018,32,9,,,41,,,TRUE
"ADMINISTRATIVE MANAGEMENT AUDITOR",2019,28,10,,,38,,,TRUE
"ADMINISTRATIVE MANAGEMENT AUDITOR",2020,31,10,,,41,,,TRUE
"ADMINISTRATIVE MANAGEMENT AUDITOR",2021,32,4,,,36,,,TRUE
"ADMINISTRATIVE MANAGEMENT AUDITOR",2022,40,2,,,42,,,TRUE
"ADMINISTRATIVE MANAGEMENT AUDITOR",2023,63,5,,,68,,,TRUE
"ADMINISTRATIVE MANAGEMENT AUDITOR",2024,75,6,,,81,,,TRUE
"ADMINISTRATIVE MANAGEMENT AUDITOR",2025,78,5,,,83,,,TRUE
"ADMINISTRATIVE MANAGER",2014,88,43,102950,90000,131,0.874210781932977,12950,FALSE
"ADMINISTRATIVE MANAGER",2015,83,41,110029,92264,124,0.838542566050768,17765,FALSE
"ADMINISTRATIVE MANAGER",2016,78,28,,,106,,,TRUE
"ADMINISTRATIVE MANAGER",2017,74,2,,,76,,,TRUE
"ADMINISTRATIVE MANAGER",2018,79,4,,,83,,,TRUE
"ADMINISTRATIVE MANAGER",2019,79,3,,,82,,,TRUE
"ADMINISTRATIVE MANAGER",2020,82,3,,,85,,,TRUE
"ADMINISTRATIVE MANAGER",2021,78,2,,,80,,,TRUE
"ADMINISTRATIVE MANAGER",2022,72,4,,,76,,,TRUE
"ADMINISTRATIVE MANAGER",2023,71,4,,,75,,,TRUE
"ADMINISTRATIVE MANAGER",2024,81,6,,,87,,,TRUE
"ADMINISTRATIVE MANAGER",2025,95,8,,,103,,,TRUE
"ADMINISTRATIVE NUTRITIONIST",2017,0,1,,,1,,,TRUE
"ADMINISTRATIVE NUTRITIONIST",2018,0,1,,,1,,,TRUE
"ADMINISTRATIVE NUTRITIONIST",2019,0,1,,,1,,,TRUE
"ADMINISTRATIVE NUTRITIONIST",2020,0,1,,,1,,,TRUE
"ADMINISTRATIVE NUTRITIONIST",2022,0,1,,,1,,,TRUE
"ADMINISTRATIVE NUTRITIONIST",2023,1,1,,,2,,,TRUE
"ADMINISTRATIVE NUTRITIONIST",2024,1,0,,,1,,,TRUE
"ADMINISTRATIVE NUTRITIONIST",2025,2,0,,,2,,,TRUE
"ADMINISTRATIVE PARKS & RECREATION MANAGER",2014,43,1,,,44,,,TRUE
"ADMINISTRATIVE PARKS & RECREATION MANAGER",2015,49,2,,,51,,,TRUE
"ADMINISTRATIVE PARKS & RECREATION MANAGER",2016,45,0,,,45,,,TRUE
"ADMINISTRATIVE PARKS & RECREATION MANAGER",2017,47,0,,,47,,,TRUE
"ADMINISTRATIVE PARKS & RECREATION MANAGER",2018,48,0,,,48,,,TRUE
"ADMINISTRATIVE PARKS & RECREATION MANAGER",2019,71,1,,,72,,,TRUE
"ADMINISTRATIVE PARKS & RECREATION MANAGER",2020,86,1,,,87,,,TRUE
"ADMINISTRATIVE PARKS & RECREATION MANAGER",2021,88,2,,,90,,,TRUE
"ADMINISTRATIVE PARKS & RECREATION MANAGER",2022,70,1,,,71,,,TRUE
"ADMINISTRATIVE PARKS & RECREATION MANAGER",2023,78,8,,,86,,,TRUE
"ADMINISTRATIVE PARKS & RECREATION MANAGER",2024,81,6,,,87,,,TRUE
"ADMINISTRATIVE PARKS & RECREATION MANAGER",2025,87,0,,,87,,,TRUE
"ADMINISTRATIVE PRINTING SERVICES MANAGER",2014,7,0,,,7,,,TRUE
"ADMINISTRATIVE PRINTING SERVICES MANAGER",2015,6,0,,,6,,,TRUE
"ADMINISTRATIVE PRINTING SERVICES MANAGER",2016,6,0,,,6,,,TRUE
"ADMINISTRATIVE PRINTING SERVICES MANAGER",2017,6,1,,,7,,,TRUE
"ADMINISTRATIVE PRINTING SERVICES MANAGER",2018,5,1,,,6,,,TRUE
"ADMINISTRATIVE PRINTING SERVICES MANAGER",2019,6,0,,,6,,,TRUE
"ADMINISTRATIVE PRINTING SERVICES MANAGER",2020,6,0,,,6,,,TRUE
"ADMINISTRATIVE PRINTING SERVICES MANAGER",2021,6,0,,,6,,,TRUE
"ADMINISTRATIVE PRINTING SERVICES MANAGER",2022,6,0,,,6,,,TRUE
"ADMINISTRATIVE PRINTING SERVICES MANAGER",2023,7,1,,,8,,,TRUE
"ADMINISTRATIVE PRINTING SERVICES MANAGER",2024,9,1,,,10,,,TRUE
"ADMINISTRATIVE PRINTING SERVICES MANAGER",2025,10,0,,,10,,,TRUE
"ADMINISTRATIVE PROBATION OFFICER",2014,40,0,,,40,,,TRUE
"ADMINISTRATIVE PROBATION OFFICER",2015,40,0,,,40,,,TRUE
"ADMINISTRATIVE PROBATION OFFICER",2016,39,0,,,39,,,TRUE
"ADMINISTRATIVE PROBATION OFFICER",2017,40,0,,,40,,,TRUE
"ADMINISTRATIVE PROBATION OFFICER",2018,41,0,,,41,,,TRUE
"ADMINISTRATIVE PROBATION OFFICER",2019,44,3,,,47,,,TRUE
"ADMINISTRATIVE PROBATION OFFICER",2020,42,3,,,45,,,TRUE
"ADMINISTRATIVE PROBATION OFFICER",2021,45,0,,,45,,,TRUE
"ADMINISTRATIVE PROBATION OFFICER",2022,39,1,,,40,,,TRUE
"ADMINISTRATIVE PROBATION OFFICER",2023,40,0,,,40,,,TRUE
"ADMINISTRATIVE PROBATION OFFICER",2024,35,0,,,35,,,TRUE
"ADMINISTRATIVE PROBATION OFFICER",2025,21,0,,,21,,,TRUE
"ADMINISTRATIVE PROCUREMENT ANALYST",2014,45,21,,,66,,,TRUE
"ADMINISTRATIVE PROCUREMENT ANALYST",2015,50,34,92570,74875,84,0.808847358755536,17695,FALSE
"ADMINISTRATIVE PROCUREMENT ANALYST",2016,62,64,94170,80196.5,126,0.851614102155676,13973.5,FALSE
"ADMINISTRATIVE PROCUREMENT ANALYST",2017,93,74,93275,84500,167,0.905923344947735,8775,FALSE
"ADMINISTRATIVE PROCUREMENT ANALYST",2018,92,57,97010.5,91670,149,0.944949258070003,5340.5,FALSE
"ADMINISTRATIVE PROCUREMENT ANALYST",2019,195,31,82216,91404,226,1.11175440303591,-9188,FALSE
"ADMINISTRATIVE PROCUREMENT ANALYST",2020,24,6,,,30,,,TRUE
"ADMINISTRATIVE PROCUREMENT ANALYST",2021,25,3,,,28,,,TRUE
"ADMINISTRATIVE PROCUREMENT ANALYST",2022,24,7,,,31,,,TRUE
"ADMINISTRATIVE PROCUREMENT ANALYST",2023,26,9,,,35,,,TRUE
"ADMINISTRATIVE PROCUREMENT ANALYST",2024,29,5,,,34,,,TRUE
"ADMINISTRATIVE PROCUREMENT ANALYST",2025,35,6,,,41,,,TRUE
"ADMINISTRATIVE PROCUREMENT ANALYST NON MGRL",2020,166,17,,,183,,,TRUE
"ADMINISTRATIVE PROCUREMENT ANALYST NON MGRL",2021,162,9,,,171,,,TRUE
"ADMINISTRATIVE PROCUREMENT ANALYST NON MGRL",2022,143,8,,,151,,,TRUE
"ADMINISTRATIVE PROCUREMENT ANALYST NON MGRL",2023,128,19,,,147,,,TRUE
"ADMINISTRATIVE PROCUREMENT ANALYST NON MGRL",2024,133,23,,,156,,,TRUE
"ADMINISTRATIVE PROCUREMENT ANALYST NON MGRL",2025,160,18,,,178,,,TRUE
"ADMINISTRATIVE PROGRAM OFFICER",2014,9,3,,,12,,,TRUE
"ADMINISTRATIVE PROGRAM OFFICER",2015,10,3,,,13,,,TRUE
"ADMINISTRATIVE PROGRAM OFFICER",2016,12,2,,,14,,,TRUE
"ADMINISTRATIVE PROGRAM OFFICER",2017,12,8,,,20,,,TRUE
"ADMINISTRATIVE PROGRAM OFFICER",2018,12,7,,,19,,,TRUE
"ADMINISTRATIVE PROGRAM OFFICER",2019,12,2,,,14,,,TRUE
"ADMINISTRATIVE PROGRAM OFFICER",2020,10,14,,,24,,,TRUE
"ADMINISTRATIVE PROGRAM OFFICER",2021,9,16,,,25,,,TRUE
"ADMINISTRATIVE PROGRAM OFFICER",2022,7,11,,,18,,,TRUE
"ADMINISTRATIVE PROGRAM OFFICER",2023,6,15,,,21,,,TRUE
"ADMINISTRATIVE PROGRAM OFFICER",2024,5,14,,,19,,,TRUE
"ADMINISTRATIVE PROGRAM OFFICER",2025,5,12,,,17,,,TRUE
"ADMINISTRATIVE PROJECT DIRECTOR",2014,6,5,,,11,,,TRUE
"ADMINISTRATIVE PROJECT DIRECTOR",2015,8,10,,,18,,,TRUE
"ADMINISTRATIVE PROJECT DIRECTOR",2016,8,12,,,20,,,TRUE
"ADMINISTRATIVE PROJECT DIRECTOR",2017,8,3,,,11,,,TRUE
"ADMINISTRATIVE PROJECT DIRECTOR",2018,7,5,,,12,,,TRUE
"ADMINISTRATIVE PROJECT DIRECTOR",2019,8,6,,,14,,,TRUE
"ADMINISTRATIVE PROJECT DIRECTOR",2020,8,11,,,19,,,TRUE
"ADMINISTRATIVE PROJECT DIRECTOR",2021,7,6,,,13,,,TRUE
"ADMINISTRATIVE PROJECT DIRECTOR",2022,7,4,,,11,,,TRUE
"ADMINISTRATIVE PROJECT DIRECTOR",2023,7,5,,,12,,,TRUE
"ADMINISTRATIVE PROJECT DIRECTOR",2024,6,7,,,13,,,TRUE
"ADMINISTRATIVE PROJECT DIRECTOR",2025,7,5,,,12,,,TRUE
"ADMINISTRATIVE PROJECT MANAGER",2014,127,62,103834,97500,189,0.938998786524645,6334,FALSE
"ADMINISTRATIVE PROJECT MANAGER",2015,140,48,108615,109604,188,1.00910555632279,-989,FALSE
"ADMINISTRATIVE PROJECT MANAGER",2016,161,65,113638,104780,226,0.922050722469596,8858,FALSE
"ADMINISTRATIVE PROJECT MANAGER",2017,161,100,116907,104051,261,0.890032247855133,12856,FALSE
"ADMINISTRATIVE PROJECT MANAGER",2018,158,108,116430.5,105000,266,0.901825552582871,11430.5,FALSE
"ADMINISTRATIVE PROJECT MANAGER",2019,194,67,120372,108467,261,0.901098262054298,11905,FALSE
"ADMINISTRATIVE PROJECT MANAGER",2020,266,29,,,295,,,TRUE
"ADMINISTRATIVE PROJECT MANAGER",2021,272,13,,,285,,,TRUE
"ADMINISTRATIVE PROJECT MANAGER",2022,266,11,,,277,,,TRUE
"ADMINISTRATIVE PROJECT MANAGER",2023,269,17,,,286,,,TRUE
"ADMINISTRATIVE PROJECT MANAGER",2024,274,16,,,290,,,TRUE
"ADMINISTRATIVE PROJECT MANAGER",2025,287,13,,,300,,,TRUE
"ADMINISTRATIVE PSYCHOLOGIST",2014,4,0,,,4,,,TRUE
"ADMINISTRATIVE PSYCHOLOGIST",2015,4,0,,,4,,,TRUE
"ADMINISTRATIVE PSYCHOLOGIST",2016,3,1,,,4,,,TRUE
"ADMINISTRATIVE PSYCHOLOGIST",2017,3,2,,,5,,,TRUE
"ADMINISTRATIVE PSYCHOLOGIST",2018,3,0,,,3,,,TRUE
"ADMINISTRATIVE PSYCHOLOGIST",2019,1,0,,,1,,,TRUE
"ADMINISTRATIVE PSYCHOLOGIST",2020,1,3,,,4,,,TRUE
"ADMINISTRATIVE PSYCHOLOGIST",2021,1,5,,,6,,,TRUE
"ADMINISTRATIVE PSYCHOLOGIST",2022,0,2,,,2,,,TRUE
"ADMINISTRATIVE PSYCHOLOGIST",2023,0,4,,,4,,,TRUE
"ADMINISTRATIVE PSYCHOLOGIST",2024,1,2,,,3,,,TRUE
"ADMINISTRATIVE PSYCHOLOGIST",2025,1,1,,,2,,,TRUE
"ADMINISTRATIVE PUBLIC HEALTH NURSE",2014,12,1,,,13,,,TRUE
"ADMINISTRATIVE PUBLIC HEALTH NURSE",2015,11,1,,,12,,,TRUE
"ADMINISTRATIVE PUBLIC HEALTH NURSE",2016,10,6,,,16,,,TRUE
"ADMINISTRATIVE PUBLIC HEALTH NURSE",2017,13,14,,,27,,,TRUE
"ADMINISTRATIVE PUBLIC HEALTH NURSE",2018,14,10,,,24,,,TRUE
"ADMINISTRATIVE PUBLIC HEALTH NURSE",2019,14,5,,,19,,,TRUE
"ADMINISTRATIVE PUBLIC HEALTH NURSE",2020,15,7,,,22,,,TRUE
"ADMINISTRATIVE PUBLIC HEALTH NURSE",2021,14,1,,,15,,,TRUE
"ADMINISTRATIVE PUBLIC HEALTH NURSE",2022,14,4,,,18,,,TRUE
"ADMINISTRATIVE PUBLIC HEALTH NURSE",2023,18,6,,,24,,,TRUE
"ADMINISTRATIVE PUBLIC HEALTH NURSE",2024,16,7,,,23,,,TRUE
"ADMINISTRATIVE PUBLIC HEALTH NURSE",2025,16,7,,,23,,,TRUE
"ADMINISTRATIVE PUBLIC HEALTH SANITARIAN",2014,9,0,,,9,,,TRUE
"ADMINISTRATIVE PUBLIC HEALTH SANITARIAN",2015,11,1,,,12,,,TRUE
"ADMINISTRATIVE PUBLIC HEALTH SANITARIAN",2016,16,1,,,17,,,TRUE
"ADMINISTRATIVE PUBLIC HEALTH SANITARIAN",2017,18,2,,,20,,,TRUE
"ADMINISTRATIVE PUBLIC HEALTH SANITARIAN",2018,17,2,,,19,,,TRUE
"ADMINISTRATIVE PUBLIC HEALTH SANITARIAN",2019,20,1,,,21,,,TRUE
"ADMINISTRATIVE PUBLIC HEALTH SANITARIAN",2020,22,2,,,24,,,TRUE
"ADMINISTRATIVE PUBLIC HEALTH SANITARIAN",2021,22,1,,,23,,,TRUE
"ADMINISTRATIVE PUBLIC HEALTH SANITARIAN",2022,22,2,,,24,,,TRUE
"ADMINISTRATIVE PUBLIC HEALTH SANITARIAN",2023,24,4,,,28,,,TRUE
"ADMINISTRATIVE PUBLIC HEALTH SANITARIAN",2024,24,3,,,27,,,TRUE
"ADMINISTRATIVE PUBLIC HEALTH SANITARIAN",2025,26,2,,,28,,,TRUE
"ADMINISTRATIVE PUBLIC INFORMATION SPECIALIST",2014,13,28,,,41,,,TRUE
"ADMINISTRATIVE PUBLIC INFORMATION SPECIALIST",2015,11,62,,,73,,,TRUE
"ADMINISTRATIVE PUBLIC INFORMATION SPECIALIST",2016,9,87,,,96,,,TRUE
"ADMINISTRATIVE PUBLIC INFORMATION SPECIALIST",2017,13,77,,,90,,,TRUE
"ADMINISTRATIVE PUBLIC INFORMATION SPECIALIST",2018,11,67,,,78,,,TRUE
"ADMINISTRATIVE PUBLIC INFORMATION SPECIALIST",2019,16,37,,,53,,,TRUE
"ADMINISTRATIVE PUBLIC INFORMATION SPECIALIST",2020,20,22,,,42,,,TRUE
"ADMINISTRATIVE PUBLIC INFORMATION SPECIALIST",2021,21,11,,,32,,,TRUE
"ADMINISTRATIVE PUBLIC INFORMATION SPECIALIST",2022,10,4,,,14,,,TRUE
"ADMINISTRATIVE PUBLIC INFORMATION SPECIALIST",2023,12,10,,,22,,,TRUE
"ADMINISTRATIVE PUBLIC INFORMATION SPECIALIST",2024,12,10,,,22,,,TRUE
"ADMINISTRATIVE PUBLIC INFORMATION SPECIALIST",2025,16,0,,,16,,,TRUE
"ADMINISTRATIVE PUBLIC INFORMATION SPECIALIST NM FORMER M1/M2",2022,11,1,,,12,,,TRUE
"ADMINISTRATIVE PUBLIC INFORMATION SPECIALIST NM FORMER M1/M2",2023,7,3,,,10,,,TRUE
"ADMINISTRATIVE PUBLIC INFORMATION SPECIALIST NM FORMER M1/M2",2024,8,3,,,11,,,TRUE
"ADMINISTRATIVE PUBLIC INFORMATION SPECIALIST NM FORMER M1/M2",2025,9,2,,,11,,,TRUE
"ADMINISTRATIVE PUBLIC RECORDS OFFICER",2019,3,3,,,6,,,TRUE
"ADMINISTRATIVE PUBLIC RECORDS OFFICER",2020,1,3,,,4,,,TRUE
"ADMINISTRATIVE PUBLIC RECORDS OFFICER",2021,2,1,,,3,,,TRUE
"ADMINISTRATIVE PUBLIC RECORDS OFFICER",2022,2,1,,,3,,,TRUE
"ADMINISTRATIVE PUBLIC RECORDS OFFICER",2023,1,6,,,7,,,TRUE
"ADMINISTRATIVE PUBLIC RECORDS OFFICER",2024,1,5,,,6,,,TRUE
"ADMINISTRATIVE PUBLIC RECORDS OFFICER",2025,1,4,,,5,,,TRUE
"ADMINISTRATIVE QUALITY ASSURANCE SPECIALIST",2014,10,3,,,13,,,TRUE
"ADMINISTRATIVE QUALITY ASSURANCE SPECIALIST",2015,10,2,,,12,,,TRUE
"ADMINISTRATIVE QUALITY ASSURANCE SPECIALIST",2016,13,6,,,19,,,TRUE
"ADMINISTRATIVE QUALITY ASSURANCE SPECIALIST",2017,18,13,,,31,,,TRUE
"ADMINISTRATIVE QUALITY ASSURANCE SPECIALIST",2018,23,12,,,35,,,TRUE
"ADMINISTRATIVE QUALITY ASSURANCE SPECIALIST",2019,29,10,,,39,,,TRUE
"ADMINISTRATIVE QUALITY ASSURANCE SPECIALIST",2020,40,7,,,47,,,TRUE
"ADMINISTRATIVE QUALITY ASSURANCE SPECIALIST",2021,38,4,,,42,,,TRUE
"ADMINISTRATIVE QUALITY ASSURANCE SPECIALIST",2022,37,0,,,37,,,TRUE
"ADMINISTRATIVE QUALITY ASSURANCE SPECIALIST",2023,43,0,,,43,,,TRUE
"ADMINISTRATIVE QUALITY ASSURANCE SPECIALIST",2024,45,0,,,45,,,TRUE
"ADMINISTRATIVE QUALITY ASSURANCE SPECIALIST",2025,45,0,,,45,,,TRUE
"ADMINISTRATIVE REAL PROPERTY MANAGER",2014,9,1,,,10,,,TRUE
"ADMINISTRATIVE REAL PROPERTY MANAGER",2015,10,2,,,12,,,TRUE
"ADMINISTRATIVE REAL PROPERTY MANAGER",2016,11,2,,,13,,,TRUE
"ADMINISTRATIVE REAL PROPERTY MANAGER",2017,10,1,,,11,,,TRUE
"ADMINISTRATIVE REAL PROPERTY MANAGER",2018,10,1,,,11,,,TRUE
"ADMINISTRATIVE REAL PROPERTY MANAGER",2019,10,3,,,13,,,TRUE
"ADMINISTRATIVE REAL PROPERTY MANAGER",2020,8,4,,,12,,,TRUE
"ADMINISTRATIVE REAL PROPERTY MANAGER",2021,8,3,,,11,,,TRUE
"ADMINISTRATIVE REAL PROPERTY MANAGER",2022,8,5,,,13,,,TRUE
"ADMINISTRATIVE REAL PROPERTY MANAGER",2023,6,6,,,12,,,TRUE
"ADMINISTRATIVE REAL PROPERTY MANAGER",2024,10,11,,,21,,,TRUE
"ADMINISTRATIVE REAL PROPERTY MANAGER",2025,19,11,,,30,,,TRUE
"ADMINISTRATIVE RETIREMENT BENEFITS SPECIALIST",2014,55,1,,,56,,,TRUE
"ADMINISTRATIVE RETIREMENT BENEFITS SPECIALIST",2015,51,1,,,52,,,TRUE
"ADMINISTRATIVE RETIREMENT BENEFITS SPECIALIST",2016,50,1,,,51,,,TRUE
"ADMINISTRATIVE RETIREMENT BENEFITS SPECIALIST",2017,54,4,,,58,,,TRUE
"ADMINISTRATIVE RETIREMENT BENEFITS SPECIALIST",2018,49,5,,,54,,,TRUE
"ADMINISTRATIVE RETIREMENT BENEFITS SPECIALIST",2019,48,4,,,52,,,TRUE
"ADMINISTRATIVE RETIREMENT BENEFITS SPECIALIST",2020,49,5,,,54,,,TRUE
"ADMINISTRATIVE RETIREMENT BENEFITS SPECIALIST",2021,50,9,,,59,,,TRUE
"ADMINISTRATIVE RETIREMENT BENEFITS SPECIALIST",2022,47,7,,,54,,,TRUE
"ADMINISTRATIVE RETIREMENT BENEFITS SPECIALIST",2023,47,7,,,54,,,TRUE
"ADMINISTRATIVE RETIREMENT BENEFITS SPECIALIST",2024,49,3,,,52,,,TRUE
"ADMINISTRATIVE RETIREMENT BENEFITS SPECIALIST",2025,46,8,,,54,,,TRUE
"ADMINISTRATIVE RETIREMENTS BENEFITS SPECIALIST",2019,2,1,,,3,,,TRUE
"ADMINISTRATIVE RETIREMENTS BENEFITS SPECIALIST",2020,5,1,,,6,,,TRUE
"ADMINISTRATIVE RETIREMENTS BENEFITS SPECIALIST",2021,6,2,,,8,,,TRUE
"ADMINISTRATIVE RETIREMENTS BENEFITS SPECIALIST",2022,6,7,,,13,,,TRUE
"ADMINISTRATIVE RETIREMENTS BENEFITS SPECIALIST",2023,6,7,,,13,,,TRUE
"ADMINISTRATIVE RETIREMENTS BENEFITS SPECIALIST",2024,6,6,,,12,,,TRUE
"ADMINISTRATIVE RETIREMENTS BENEFITS SPECIALIST",2025,10,6,,,16,,,TRUE
"ADMINISTRATIVE SANITATION ENFORCEMENT AGENT",2014,1,0,,,1,,,TRUE
"ADMINISTRATIVE SANITATION ENFORCEMENT AGENT",2015,1,0,,,1,,,TRUE
"ADMINISTRATIVE SANITATION ENFORCEMENT AGENT",2016,1,0,,,1,,,TRUE
"ADMINISTRATIVE SANITATION ENFORCEMENT AGENT",2017,1,0,,,1,,,TRUE
"ADMINISTRATIVE SANITATION ENFORCEMENT AGENT",2018,1,0,,,1,,,TRUE
"ADMINISTRATIVE SANITATION ENFORCEMENT AGENT",2019,1,0,,,1,,,TRUE
"ADMINISTRATIVE SANITATION ENFORCEMENT AGENT",2020,1,0,,,1,,,TRUE
"ADMINISTRATIVE SCHOOL FOOD SERVICE MANAGER",2014,16,0,,,16,,,TRUE
"ADMINISTRATIVE SCHOOL FOOD SERVICE MANAGER",2015,16,0,,,16,,,TRUE
"ADMINISTRATIVE SCHOOL FOOD SERVICE MANAGER",2016,18,0,,,18,,,TRUE
"ADMINISTRATIVE SCHOOL FOOD SERVICE MANAGER",2017,18,0,,,18,,,TRUE
"ADMINISTRATIVE SCHOOL FOOD SERVICE MANAGER",2018,18,0,,,18,,,TRUE
"ADMINISTRATIVE SCHOOL FOOD SERVICE MANAGER",2019,16,0,,,16,,,TRUE
"ADMINISTRATIVE SCHOOL FOOD SERVICE MANAGER",2020,16,0,,,16,,,TRUE
"ADMINISTRATIVE SCHOOL FOOD SERVICE MANAGER",2021,16,0,,,16,,,TRUE
"ADMINISTRATIVE SCHOOL FOOD SERVICE MANAGER",2022,18,0,,,18,,,TRUE
"ADMINISTRATIVE SCHOOL FOOD SERVICE MANAGER",2023,18,0,,,18,,,TRUE
"ADMINISTRATIVE SCHOOL FOOD SERVICE MANAGER",2024,18,0,,,18,,,TRUE
"ADMINISTRATIVE SCHOOL FOOD SERVICE MANAGER",2025,16,1,,,17,,,TRUE
"ADMINISTRATIVE SPACE ANALYST",2014,16,2,,,18,,,TRUE
"ADMINISTRATIVE SPACE ANALYST",2015,17,0,,,17,,,TRUE
"ADMINISTRATIVE SPACE ANALYST",2016,17,3,,,20,,,TRUE
"ADMINISTRATIVE SPACE ANALYST",2017,21,4,,,25,,,TRUE
"ADMINISTRATIVE SPACE ANALYST",2018,23,4,,,27,,,TRUE
"ADMINISTRATIVE SPACE ANALYST",2019,20,5,,,25,,,TRUE
"ADMINISTRATIVE SPACE ANALYST",2020,19,5,,,24,,,TRUE
"ADMINISTRATIVE SPACE ANALYST",2021,19,2,,,21,,,TRUE
"ADMINISTRATIVE SPACE ANALYST",2022,18,4,,,22,,,TRUE
"ADMINISTRATIVE SPACE ANALYST",2023,19,8,,,27,,,TRUE
"ADMINISTRATIVE SPACE ANALYST",2024,17,19,,,36,,,TRUE
"ADMINISTRATIVE SPACE ANALYST",2025,18,22,,,40,,,TRUE
"ADMINISTRATIVE STAFF ANALYST",2014,1357,550,88649,80000,1907,0.902435447664384,8649,FALSE
"ADMINISTRATIVE STAFF ANALYST",2015,1310,607,88560,80000,1917,0.903342366757001,8560,FALSE
"ADMINISTRATIVE STAFF ANALYST",2016,1188,398,94518,85744.5,1586,0.907176410842379,8773.5,FALSE
"ADMINISTRATIVE STAFF ANALYST",2017,1193,250,98470,87512,1443,0.888717375850513,10958,FALSE
"ADMINISTRATIVE STAFF ANALYST",2018,1264,218,99240.5,88388.5,1482,0.890649482822033,10852,FALSE
"ADMINISTRATIVE STAFF ANALYST",2019,1256,128,101733,1e+05,1384,0.982965212861117,1733,FALSE
"ADMINISTRATIVE STAFF ANALYST",2020,1236,137,103986,1e+05,1373,0.961667916834959,3986,FALSE
"ADMINISTRATIVE STAFF ANALYST",2021,1235,89,104407,109857,1324,1.05219956516326,-5450,FALSE
"ADMINISTRATIVE STAFF ANALYST",2022,1154,75,112599,115000,1229,1.02132345757955,-2401,FALSE
"ADMINISTRATIVE STAFF ANALYST",2023,1183,108,113595,117838,1291,1.03735199612659,-4243,FALSE
"ADMINISTRATIVE STAFF ANALYST",2024,1198,125,126628.5,128614,1323,1.01567972454858,-1985.5,FALSE
"ADMINISTRATIVE STAFF ANALYST",2025,1235,121,130956,130188,1356,0.994135434802529,768,FALSE
"ADMINISTRATIVE STOREKEEPER",2014,8,1,,,9,,,TRUE
"ADMINISTRATIVE STOREKEEPER",2015,10,3,,,13,,,TRUE
"ADMINISTRATIVE STOREKEEPER",2016,9,2,,,11,,,TRUE
"ADMINISTRATIVE STOREKEEPER",2017,10,2,,,12,,,TRUE
"ADMINISTRATIVE STOREKEEPER",2018,9,3,,,12,,,TRUE
"ADMINISTRATIVE STOREKEEPER",2019,10,3,,,13,,,TRUE
"ADMINISTRATIVE STOREKEEPER",2020,9,2,,,11,,,TRUE
"ADMINISTRATIVE STOREKEEPER",2021,8,2,,,10,,,TRUE
"ADMINISTRATIVE STOREKEEPER",2022,6,3,,,9,,,TRUE
"ADMINISTRATIVE STOREKEEPER",2023,7,3,,,10,,,TRUE
"ADMINISTRATIVE STOREKEEPER",2024,6,1,,,7,,,TRUE
"ADMINISTRATIVE STOREKEEPER",2025,10,3,,,13,,,TRUE
"ADMINISTRATIVE SUPERINTENDENT OF BRIDGE OPERATIONS",2014,1,0,,,1,,,TRUE
"ADMINISTRATIVE SUPERINTENDENT OF BRIDGE OPERATIONS",2015,1,0,,,1,,,TRUE
"ADMINISTRATIVE SUPERINTENDENT OF BRIDGE OPERATIONS",2016,1,0,,,1,,,TRUE
"ADMINISTRATIVE SUPERINTENDENT OF BRIDGE OPERATIONS",2017,1,0,,,1,,,TRUE
"ADMINISTRATIVE SUPERINTENDENT OF BRIDGE OPERATIONS",2018,1,0,,,1,,,TRUE
"ADMINISTRATIVE SUPERINTENDENT OF BRIDGE OPERATIONS",2019,1,0,,,1,,,TRUE
"ADMINISTRATIVE SUPERINTENDENT OF BRIDGE OPERATIONS",2021,1,0,,,1,,,TRUE
"ADMINISTRATIVE SUPERINTENDENT OF BRIDGE OPERATIONS",2022,1,0,,,1,,,TRUE
"ADMINISTRATIVE SUPERINTENDENT OF BRIDGE OPERATIONS",2023,1,1,,,2,,,TRUE
"ADMINISTRATIVE SUPERINTENDENT OF BRIDGE OPERATIONS",2024,1,1,,,2,,,TRUE
"ADMINISTRATIVE SUPERINTENDENT OF BRIDGE OPERATIONS",2025,1,0,,,1,,,TRUE
"ADMINISTRATIVE SUPERINTENDENT OF HIGHWAY OPERATIONS",2014,20,0,,,20,,,TRUE
"ADMINISTRATIVE SUPERINTENDENT OF HIGHWAY OPERATIONS",2015,22,0,,,22,,,TRUE
"ADMINISTRATIVE SUPERINTENDENT OF HIGHWAY OPERATIONS",2016,21,0,,,21,,,TRUE
"ADMINISTRATIVE SUPERINTENDENT OF HIGHWAY OPERATIONS",2017,20,0,,,20,,,TRUE
"ADMINISTRATIVE SUPERINTENDENT OF HIGHWAY OPERATIONS",2018,17,0,,,17,,,TRUE
"ADMINISTRATIVE SUPERINTENDENT OF HIGHWAY OPERATIONS",2019,21,0,,,21,,,TRUE
"ADMINISTRATIVE SUPERINTENDENT OF HIGHWAY OPERATIONS",2020,20,0,,,20,,,TRUE
"ADMINISTRATIVE SUPERINTENDENT OF HIGHWAY OPERATIONS",2021,18,0,,,18,,,TRUE
"ADMINISTRATIVE SUPERINTENDENT OF HIGHWAY OPERATIONS",2022,18,1,,,19,,,TRUE
"ADMINISTRATIVE SUPERINTENDENT OF HIGHWAY OPERATIONS",2023,18,1,,,19,,,TRUE
"ADMINISTRATIVE SUPERINTENDENT OF HIGHWAY OPERATIONS",2024,21,0,,,21,,,TRUE
"ADMINISTRATIVE SUPERINTENDENT OF HIGHWAY OPERATIONS",2025,20,0,,,20,,,TRUE
"ADMINISTRATIVE SUPERVISOR OF BUILDING MAINTENANCE",2014,18,2,,,20,,,TRUE
"ADMINISTRATIVE SUPERVISOR OF BUILDING MAINTENANCE",2015,20,7,,,27,,,TRUE
"ADMINISTRATIVE SUPERVISOR OF BUILDING MAINTENANCE",2016,19,9,,,28,,,TRUE
"ADMINISTRATIVE SUPERVISOR OF BUILDING MAINTENANCE",2017,21,11,,,32,,,TRUE
"ADMINISTRATIVE SUPERVISOR OF BUILDING MAINTENANCE",2018,19,11,,,30,,,TRUE
"ADMINISTRATIVE SUPERVISOR OF BUILDING MAINTENANCE",2019,22,6,,,28,,,TRUE
"ADMINISTRATIVE SUPERVISOR OF BUILDING MAINTENANCE",2020,22,6,,,28,,,TRUE
"ADMINISTRATIVE SUPERVISOR OF BUILDING MAINTENANCE",2021,21,6,,,27,,,TRUE
"ADMINISTRATIVE SUPERVISOR OF BUILDING MAINTENANCE",2022,18,7,,,25,,,TRUE
"ADMINISTRATIVE SUPERVISOR OF BUILDING MAINTENANCE",2023,22,10,,,32,,,TRUE
"ADMINISTRATIVE SUPERVISOR OF BUILDING MAINTENANCE",2024,22,13,,,35,,,TRUE
"ADMINISTRATIVE SUPERVISOR OF BUILDING MAINTENANCE",2025,30,12,,,42,,,TRUE
"ADMINISTRATIVE SUPERVISOR OF SKILLED TRADES",2020,1,0,,,1,,,TRUE
"ADMINISTRATIVE SUPERVISOR OF SKILLED TRADES",2021,1,0,,,1,,,TRUE
"ADMINISTRATIVE SUPERVISOR OF SKILLED TRADES",2022,1,1,,,2,,,TRUE
"ADMINISTRATIVE SUPERVISOR OF SKILLED TRADES",2023,0,2,,,2,,,TRUE
"ADMINISTRATIVE SUPERVISOR OF SKILLED TRADES",2024,1,1,,,2,,,TRUE
"ADMINISTRATIVE SUPERVISOR OF SKILLED TRADES",2025,2,1,,,3,,,TRUE
"ADMINISTRATIVE TAX AUDITOR",2014,30,1,,,31,,,TRUE
"ADMINISTRATIVE TAX AUDITOR",2015,31,1,,,32,,,TRUE
"ADMINISTRATIVE TAX AUDITOR",2016,28,0,,,28,,,TRUE
"ADMINISTRATIVE TAX AUDITOR",2017,33,0,,,33,,,TRUE
"ADMINISTRATIVE TAX AUDITOR",2018,33,0,,,33,,,TRUE
"ADMINISTRATIVE TAX AUDITOR",2019,29,0,,,29,,,TRUE
"ADMINISTRATIVE TAX AUDITOR",2020,30,0,,,30,,,TRUE
"ADMINISTRATIVE TAX AUDITOR",2021,32,0,,,32,,,TRUE
"ADMINISTRATIVE TAX AUDITOR",2022,32,0,,,32,,,TRUE
"ADMINISTRATIVE TAX AUDITOR",2023,29,0,,,29,,,TRUE
"ADMINISTRATIVE TAX AUDITOR",2024,27,0,,,27,,,TRUE
"ADMINISTRATIVE TAX AUDITOR",2025,28,0,,,28,,,TRUE
"ADMINISTRATIVE TRANSPORTATION COORDINATOR",2014,12,0,,,12,,,TRUE
"ADMINISTRATIVE TRANSPORTATION COORDINATOR",2015,11,1,,,12,,,TRUE
"ADMINISTRATIVE TRANSPORTATION COORDINATOR",2016,18,1,,,19,,,TRUE
"ADMINISTRATIVE TRANSPORTATION COORDINATOR",2017,17,1,,,18,,,TRUE
"ADMINISTRATIVE TRANSPORTATION COORDINATOR",2018,20,1,,,21,,,TRUE
"ADMINISTRATIVE TRANSPORTATION COORDINATOR",2019,21,0,,,21,,,TRUE
"ADMINISTRATIVE TRANSPORTATION COORDINATOR",2020,25,0,,,25,,,TRUE
"ADMINISTRATIVE TRANSPORTATION COORDINATOR",2021,24,0,,,24,,,TRUE
"ADMINISTRATIVE TRANSPORTATION COORDINATOR",2022,23,0,,,23,,,TRUE
"ADMINISTRATIVE TRANSPORTATION COORDINATOR",2023,24,0,,,24,,,TRUE
"ADMINISTRATIVE TRANSPORTATION COORDINATOR",2024,23,0,,,23,,,TRUE
"ADMINISTRATIVE TRANSPORTATION COORDINATOR",2025,19,0,,,19,,,TRUE
"ADMINISTRATOR",2014,4,5,,,9,,,TRUE
"ADMINISTRATOR",2015,2,2,,,4,,,TRUE
"ADMINISTRATOR",2016,1,3,,,4,,,TRUE
"ADMINISTRATOR",2017,2,3,,,5,,,TRUE
"ADMINISTRATOR",2018,2,0,,,2,,,TRUE
"ADMINISTRATOR",2019,2,1,,,3,,,TRUE
"ADMINISTRATOR",2020,2,1,,,3,,,TRUE
"ADMINISTRATOR",2021,3,0,,,3,,,TRUE
"ADMINISTRATOR",2022,2,1,,,3,,,TRUE
"ADMINISTRATOR",2023,0,2,,,2,,,TRUE
"ADMINISTRATOR",2024,0,2,,,2,,,TRUE
"ADMINISTRATOR",2025,1,2,,,3,,,TRUE
"ADMINISTRATOR OF MEDICAL AFFAIRS",2014,1,0,,,1,,,TRUE
"ADMINISTRATOR OF MEDICAL AFFAIRS",2015,1,0,,,1,,,TRUE
"ADMINISTRATOR OF MEDICAL AFFAIRS",2016,1,0,,,1,,,TRUE
"ADMINISTRATOR OF MEDICAL AFFAIRS",2017,1,0,,,1,,,TRUE
"ADMINISTRATOR OF MEDICAL AFFAIRS",2018,1,0,,,1,,,TRUE
"ADMINISTRATOR OF MEDICAL AFFAIRS",2019,1,0,,,1,,,TRUE
"ADMINISTRATOR OF MEDICAL AFFAIRS",2020,1,0,,,1,,,TRUE
"ADMINISTRATOR OF MEDICAL AFFAIRS",2021,1,0,,,1,,,TRUE
"ADMINISTRATOR OF MEDICAL AFFAIRS",2022,1,0,,,1,,,TRUE
"ADMINISTRATOR OF MEDICAL AFFAIRS",2023,1,0,,,1,,,TRUE
"ADMINISTRATOR OF MEDICAL AFFAIRS",2024,1,0,,,1,,,TRUE
"ADMINISTRATOR OF MEDICAL AFFAIRS",2025,1,0,,,1,,,TRUE
"ADMINISTRATOR SUPT CAMPUS B/G",2014,5,2,,,7,,,TRUE
"ADMINISTRATOR SUPT CAMPUS B/G",2015,6,1,,,7,,,TRUE
"ADMINISTRATOR SUPT CAMPUS B/G",2016,5,4,,,9,,,TRUE
"ADMINISTRATOR SUPT CAMPUS B/G",2017,4,4,,,8,,,TRUE
"ADMINISTRATOR SUPT CAMPUS B/G",2018,5,0,,,5,,,TRUE
"ADMINISTRATOR SUPT CAMPUS B/G",2019,5,1,,,6,,,TRUE
"ADMINISTRATOR SUPT CAMPUS B/G",2020,6,2,,,8,,,TRUE
"ADMINISTRATOR SUPT CAMPUS B/G",2021,5,2,,,7,,,TRUE
"ADMINISTRATOR SUPT CAMPUS B/G",2022,5,2,,,7,,,TRUE
"ADMINISTRATOR SUPT CAMPUS B/G",2023,6,1,,,7,,,TRUE
"ADMINISTRATOR SUPT CAMPUS B/G",2024,4,2,,,6,,,TRUE
"ADMINISTRATOR SUPT CAMPUS B/G",2025,3,3,,,6,,,TRUE
"ADULT ED 30 H",2014,28,1,,,29,,,TRUE
"ADULT ED 30 H",2015,27,0,,,27,,,TRUE
"ADULT ED 30 H",2016,25,0,,,25,,,TRUE
"ADULT ED 30 H",2017,21,0,,,21,,,TRUE
"ADULT ED 30 H",2018,21,0,,,21,,,TRUE
"ADULT ED 30 H",2019,17,0,,,17,,,TRUE
"ADULT ED 30 H",2020,15,0,,,15,,,TRUE
"ADULT ED 30 H",2021,12,0,,,12,,,TRUE
"ADULT ED 30 H",2022,13,0,,,13,,,TRUE
"ADULT ED 30 H",2023,11,0,,,11,,,TRUE
"ADULT ED 30 H",2024,10,0,,,10,,,TRUE
"ADULT ED 30 H",2025,8,0,,,8,,,TRUE
"ADULT ED 35 H",2014,2,0,,,2,,,TRUE
"ADULT ED 35 H",2015,2,0,,,2,,,TRUE
"ADULT ED 35 H",2016,1,0,,,1,,,TRUE
"ADULT ED 35 H",2017,1,0,,,1,,,TRUE
"ADULT ED 35 H",2018,1,0,,,1,,,TRUE
"ADULT ED 35 H",2019,1,0,,,1,,,TRUE
"ADULT ED 35 H",2020,1,0,,,1,,,TRUE
"ADULT ED 35 H",2021,1,0,,,1,,,TRUE
"ADULT EDUCAT TEACH REG SUB",2014,7,1,,,8,,,TRUE
"ADULT EDUCAT TEACH REG SUB",2015,10,0,,,10,,,TRUE
"ADULT EDUCAT TEACH REG SUB",2016,7,0,,,7,,,TRUE
"ADULT EDUCAT TEACH REG SUB",2017,6,0,,,6,,,TRUE
"ADULT EDUCAT TEACH REG SUB",2018,3,0,,,3,,,TRUE
"ADULT EDUCAT TEACH REG SUB",2019,2,0,,,2,,,TRUE
"ADULT EDUCAT TEACH REG SUB",2020,3,0,,,3,,,TRUE
"ADULT EDUCAT TEACH REG SUB",2021,3,0,,,3,,,TRUE
"ADULT EDUCAT TEACH REG SUB",2022,2,0,,,2,,,TRUE
"ADULT EDUCAT TEACH REG SUB",2023,1,0,,,1,,,TRUE
"ADULT EDUCAT TEACH REG SUB",2024,1,0,,,1,,,TRUE
"ADULT EDUCAT TEACH REG SUB",2025,1,0,,,1,,,TRUE
"ADULT EDUCATION TEACHER",2014,117,3,,,120,,,TRUE
"ADULT EDUCATION TEACHER",2015,121,3,,,124,,,TRUE
"ADULT EDUCATION TEACHER",2016,112,1,,,113,,,TRUE
"ADULT EDUCATION TEACHER",2017,122,0,,,122,,,TRUE
"ADULT EDUCATION TEACHER",2018,133,0,,,133,,,TRUE
"ADULT EDUCATION TEACHER",2019,141,0,,,141,,,TRUE
"ADULT EDUCATION TEACHER",2020,148,0,,,148,,,TRUE
"ADULT EDUCATION TEACHER",2021,146,1,,,147,,,TRUE
"ADULT EDUCATION TEACHER",2022,134,0,,,134,,,TRUE
"ADULT EDUCATION TEACHER",2023,143,0,,,143,,,TRUE
"ADULT EDUCATION TEACHER",2024,141,0,,,141,,,TRUE
"ADULT EDUCATION TEACHER",2025,141,0,,,141,,,TRUE
"ADULT EDUCATOR ASSISTANT COORD",2014,1,0,,,1,,,TRUE
"ADVISOR FOR GAY LESBIAN TRANSGENDER ISSUES",2024,1,0,,,1,,,TRUE
"ADVISOR FOR GAY LESBIAN TRANSGENDER ISSUES",2025,1,0,,,1,,,TRUE
"AGENCY ATTORNEY",2014,177,203,80438,69085,380,0.858860240184987,11353,FALSE
"AGENCY ATTORNEY",2015,197,248,84118,72247,445,0.858876815901472,11871,FALSE
"AGENCY ATTORNEY",2016,207,315,86635,74053,522,0.854770012119813,12582,FALSE
"AGENCY ATTORNEY",2017,232,383,88808,78000,615,0.878299252319611,10808,FALSE
"AGENCY ATTORNEY",2018,245,358,88808,76275,603,0.858875326547158,12533,FALSE
"AGENCY ATTORNEY",2019,238,329,92622,79552,567,0.858888816911749,13070,FALSE
"AGENCY ATTORNEY",2020,239,398,95632,82137,637,0.858886146896436,13495,FALSE
"AGENCY ATTORNEY",2021,257,249,95803,83000,506,0.866361178668726,12803,FALSE
"AGENCY ATTORNEY",2022,225,192,98574,88708,417,0.899912755899121,9866,FALSE
"AGENCY ATTORNEY",2023,203,309,106644,90000,512,0.843929334983684,16644,FALSE
"AGENCY ATTORNEY",2024,192,286,120531.5,94310,478,0.782451060511153,26221.5,FALSE
"AGENCY ATTORNEY",2025,204,251,127802,103191,455,0.807428678737422,24611,FALSE
"AGENCY ATTORNEY DC37",2024,5,0,,,5,,,TRUE
"AGENCY ATTORNEY DC37",2025,5,0,,,5,,,TRUE
"AGENCY ATTORNEY INTERN",2015,2,79,,,81,,,TRUE
"AGENCY ATTORNEY INTERNE",2014,3,60,,,63,,,TRUE
"AGENCY ATTORNEY INTERNE",2015,1,3,,,4,,,TRUE
"AGENCY ATTORNEY INTERNE",2016,2,85,,,87,,,TRUE
"AGENCY ATTORNEY INTERNE",2017,2,101,,,103,,,TRUE
"AGENCY ATTORNEY INTERNE",2018,2,70,,,72,,,TRUE
"AGENCY ATTORNEY INTERNE",2019,2,71,,,73,,,TRUE
"AGENCY ATTORNEY INTERNE",2020,1,102,,,103,,,TRUE
"AGENCY ATTORNEY INTERNE",2021,1,96,,,97,,,TRUE
"AGENCY ATTORNEY INTERNE",2022,1,62,,,63,,,TRUE
"AGENCY ATTORNEY INTERNE",2023,1,77,,,78,,,TRUE
"AGENCY ATTORNEY INTERNE",2024,1,103,,,104,,,TRUE
"AGENCY ATTORNEY INTERNE",2025,1,99,,,100,,,TRUE
"AGENCY CHIEF CONTRACTING OFFICER",2014,7,1,,,8,,,TRUE
"AGENCY CHIEF CONTRACTING OFFICER",2015,8,4,,,12,,,TRUE
"AGENCY CHIEF CONTRACTING OFFICER",2016,11,4,,,15,,,TRUE
"AGENCY CHIEF CONTRACTING OFFICER",2017,12,3,,,15,,,TRUE
"AGENCY CHIEF CONTRACTING OFFICER",2018,11,6,,,17,,,TRUE
"AGENCY CHIEF CONTRACTING OFFICER",2019,11,5,,,16,,,TRUE
"AGENCY CHIEF CONTRACTING OFFICER",2020,12,2,,,14,,,TRUE
"AGENCY CHIEF CONTRACTING OFFICER",2021,15,2,,,17,,,TRUE
"AGENCY CHIEF CONTRACTING OFFICER",2022,11,7,,,18,,,TRUE
"AGENCY CHIEF CONTRACTING OFFICER",2023,12,11,,,23,,,TRUE
"AGENCY CHIEF CONTRACTING OFFICER",2024,9,7,,,16,,,TRUE
"AGENCY CHIEF CONTRACTING OFFICER",2025,10,5,,,15,,,TRUE
"AGENCY DEPUTY MEDICAL DIRECTOR",2014,4,0,,,4,,,TRUE
"AGENCY DEPUTY MEDICAL DIRECTOR",2015,4,2,,,6,,,TRUE
"AGENCY DEPUTY MEDICAL DIRECTOR",2016,3,1,,,4,,,TRUE
"AGENCY DEPUTY MEDICAL DIRECTOR",2017,5,3,,,8,,,TRUE
"AGENCY DEPUTY MEDICAL DIRECTOR",2018,5,2,,,7,,,TRUE
"AGENCY DEPUTY MEDICAL DIRECTOR",2019,5,0,,,5,,,TRUE
"AGENCY DEPUTY MEDICAL DIRECTOR",2020,5,0,,,5,,,TRUE
"AGENCY DEPUTY MEDICAL DIRECTOR",2021,6,0,,,6,,,TRUE
"AGENCY DEPUTY MEDICAL DIRECTOR",2022,7,0,,,7,,,TRUE
"AGENCY DEPUTY MEDICAL DIRECTOR",2023,6,1,,,7,,,TRUE
"AGENCY DEPUTY MEDICAL DIRECTOR",2024,6,3,,,9,,,TRUE
"AGENCY DEPUTY MEDICAL DIRECTOR",2025,6,2,,,8,,,TRUE
"AGENCY MEDICAL DIRECTOR",2014,8,2,,,10,,,TRUE
"AGENCY MEDICAL DIRECTOR",2015,7,8,,,15,,,TRUE
"AGENCY MEDICAL DIRECTOR",2016,8,9,,,17,,,TRUE
"AGENCY MEDICAL DIRECTOR",2017,9,5,,,14,,,TRUE
"AGENCY MEDICAL DIRECTOR",2018,9,2,,,11,,,TRUE
"AGENCY MEDICAL DIRECTOR",2019,9,0,,,9,,,TRUE
"AGENCY MEDICAL DIRECTOR",2020,8,0,,,8,,,TRUE
"AGENCY MEDICAL DIRECTOR",2021,5,1,,,6,,,TRUE
"AGENCY MEDICAL DIRECTOR",2022,3,1,,,4,,,TRUE
"AGENCY MEDICAL DIRECTOR",2023,3,4,,,7,,,TRUE
"AGENCY MEDICAL DIRECTOR",2024,4,1,,,5,,,TRUE
"AGENCY MEDICAL DIRECTOR",2025,6,1,,,7,,,TRUE
"AGENCY SECURITY DIRECTOR",2014,5,0,,,5,,,TRUE
"AGENCY SECURITY DIRECTOR",2015,2,0,,,2,,,TRUE
"AIR POLLUTION INSPECTOR",2014,14,3,,,17,,,TRUE
"AIR POLLUTION INSPECTOR",2015,14,5,,,19,,,TRUE
"AIR POLLUTION INSPECTOR",2016,13,17,,,30,,,TRUE
"AIR POLLUTION INSPECTOR",2017,12,15,,,27,,,TRUE
"AIR POLLUTION INSPECTOR",2018,11,12,,,23,,,TRUE
"AIR POLLUTION INSPECTOR",2019,10,22,,,32,,,TRUE
"AIR POLLUTION INSPECTOR",2020,9,22,,,31,,,TRUE
"AIR POLLUTION INSPECTOR",2021,9,11,,,20,,,TRUE
"AIR POLLUTION INSPECTOR",2022,9,2,,,11,,,TRUE
"AIR POLLUTION INSPECTOR",2023,9,10,,,19,,,TRUE
"AIR POLLUTION INSPECTOR",2024,7,12,,,19,,,TRUE
"AIR POLLUTION INSPECTOR",2025,6,8,,,14,,,TRUE
"ANALYST",2014,7,15,,,22,,,TRUE
"ANALYST",2015,8,15,,,23,,,TRUE
"ANALYST",2016,7,20,,,27,,,TRUE
"ANALYST",2017,7,24,,,31,,,TRUE
"ANALYST",2018,8,25,,,33,,,TRUE
"ANALYST",2019,8,20,,,28,,,TRUE
"ANALYST",2020,10,19,,,29,,,TRUE
"ANALYST",2021,10,22,,,32,,,TRUE
"ANALYST",2022,10,27,,,37,,,TRUE
"ANALYST",2023,11,50,,,61,,,TRUE
"ANALYST",2024,15,52,,,67,,,TRUE
"ANALYST",2025,14,42,,,56,,,TRUE
"ANNUAL ED PARA",2014,11092,1273,33088,21713,12365,0.656219777562863,11375,FALSE
"ANNUAL ED PARA",2015,11669,2222,34772,27684,13891,0.796157828137582,7088,FALSE
"ANNUAL ED PARA",2016,12372,2635,35985,28650,15007,0.796165068778658,7335,FALSE
"ANNUAL ED PARA",2017,12775,2579,38860,29954,15354,0.770818322182192,8906,FALSE
"ANNUAL ED PARA",2018,13191,1672,40809,31457,14863,0.770834864858242,9352,FALSE
"ANNUAL ED PARA",2019,12777,1215,42570,32586,13992,0.765468639887245,9984,FALSE
"ANNUAL ED PARA",2020,12585,839,43635,27620,13424,0.632978113899393,16015,FALSE
"ANNUAL ED PARA",2021,12534,195,45212,33165,12729,0.733544191807485,12047,FALSE
"ANNUAL ED PARA",2022,12300,835,45212,28448,13135,0.629213483146067,16764,FALSE
"ANNUAL ED PARA",2023,12101,2197,45212,34403,14298,0.760926302751482,10809,FALSE
"ANNUAL ED PARA",2024,12443,1120,47965,34717,13563,0.723798603148129,13248,FALSE
"ANNUAL ED PARA",2025,12902,1623,49111,31086,14525,0.632974282747246,18025,FALSE
"APPRAISER",2014,9,0,,,9,,,TRUE
"APPRAISER",2015,7,0,,,7,,,TRUE
"APPRAISER",2016,8,1,,,9,,,TRUE
"APPRAISER",2017,8,2,,,10,,,TRUE
"APPRAISER",2018,8,2,,,10,,,TRUE
"APPRAISER",2019,8,1,,,9,,,TRUE
"APPRAISER",2020,8,2,,,10,,,TRUE
"APPRAISER",2021,8,2,,,10,,,TRUE
"APPRAISER",2022,7,0,,,7,,,TRUE
"APPRAISER",2023,6,0,,,6,,,TRUE
"APPRAISER",2024,3,3,,,6,,,TRUE
"APPRAISER",2025,3,3,,,6,,,TRUE
"APPRENTICE",2014,0,16,,,16,,,TRUE
"APPRENTICE",2015,0,40,,,40,,,TRUE
"APPRENTICE",2016,1,47,,,48,,,TRUE
"APPRENTICE",2017,2,71,,,73,,,TRUE
"APPRENTICE",2018,1,91,,,92,,,TRUE
"APPRENTICE",2019,0,69,,,69,,,TRUE
"APPRENTICE",2020,0,25,,,25,,,TRUE
"APPRENTICE",2021,0,11,,,11,,,TRUE
"APPRENTICE",2022,0,54,,,54,,,TRUE
"APPRENTICE",2023,0,127,,,127,,,TRUE
"APPRENTICE",2024,0,98,,,98,,,TRUE
"APPRENTICE",2025,0,19,,,19,,,TRUE
"APPRENTICE INSPECTOR",2014,2,21,,,23,,,TRUE
"APPRENTICE INSPECTOR",2015,1,39,,,40,,,TRUE
"APPRENTICE INSPECTOR",2016,1,51,,,52,,,TRUE
"APPRENTICE INSPECTOR",2017,1,65,,,66,,,TRUE
"APPRENTICE INSPECTOR",2018,1,54,,,55,,,TRUE
"APPRENTICE INSPECTOR",2019,2,51,,,53,,,TRUE
"APPRENTICE INSPECTOR",2020,3,77,,,80,,,TRUE
"APPRENTICE INSPECTOR",2021,3,49,,,52,,,TRUE
"APPRENTICE INSPECTOR",2022,3,38,,,41,,,TRUE
"APPRENTICE INSPECTOR",2023,3,59,,,62,,,TRUE
"APPRENTICE INSPECTOR",2024,3,57,,,60,,,TRUE
"APPRENTICE INSPECTOR",2025,3,34,,,37,,,TRUE
"ARCHITECT",2014,52,11,,,63,,,TRUE
"ARCHITECT",2015,45,9,,,54,,,TRUE
"ARCHITECT",2016,45,14,,,59,,,TRUE
"ARCHITECT",2017,45,22,,,67,,,TRUE
"ARCHITECT",2018,42,23,,,65,,,TRUE
"ARCHITECT",2019,39,26,,,65,,,TRUE
"ARCHITECT",2020,33,21,,,54,,,TRUE
"ARCHITECT",2021,30,5,,,35,,,TRUE
"ARCHITECT",2022,21,10,,,31,,,TRUE
"ARCHITECT",2023,17,14,,,31,,,TRUE
"ARCHITECT",2024,14,16,,,30,,,TRUE
"ARCHITECT",2025,15,16,,,31,,,TRUE
"ARCHITECTURAL INTERN",2014,0,1,,,1,,,TRUE
"ARCHITECTURAL INTERN",2016,0,1,,,1,,,TRUE
"ARCHITECTURAL INTERN",2019,0,2,,,2,,,TRUE
"ARCHITECTURAL INTERN",2020,0,4,,,4,,,TRUE
"ARCHITECTURAL INTERN",2021,0,1,,,1,,,TRUE
"ARCHITECTURAL INTERN",2024,0,1,,,1,,,TRUE
"ARCHITECTURAL INTERN",2025,0,1,,,1,,,TRUE
"AREA MANAGER OF SCHOOL MAINTENANCE",2014,13,3,,,16,,,TRUE
"AREA MANAGER OF SCHOOL MAINTENANCE",2015,13,1,,,14,,,TRUE
"AREA MANAGER OF SCHOOL MAINTENANCE",2016,13,0,,,13,,,TRUE
"AREA MANAGER OF SCHOOL MAINTENANCE",2017,13,2,,,15,,,TRUE
"AREA MANAGER OF SCHOOL MAINTENANCE",2018,13,3,,,16,,,TRUE
"AREA MANAGER OF SCHOOL MAINTENANCE",2019,11,1,,,12,,,TRUE
"AREA MANAGER OF SCHOOL MAINTENANCE",2020,15,0,,,15,,,TRUE
"AREA MANAGER OF SCHOOL MAINTENANCE",2021,13,0,,,13,,,TRUE
"AREA MANAGER OF SCHOOL MAINTENANCE",2022,12,0,,,12,,,TRUE
"AREA MANAGER OF SCHOOL MAINTENANCE",2023,12,1,,,13,,,TRUE
"AREA MANAGER OF SCHOOL MAINTENANCE",2024,13,3,,,16,,,TRUE
"AREA MANAGER OF SCHOOL MAINTENANCE",2025,13,1,,,14,,,TRUE
"AREA SUPERVISOR",2014,35,0,,,35,,,TRUE
"AREA SUPERVISOR",2015,39,0,,,39,,,TRUE
"AREA SUPERVISOR",2016,52,0,,,52,,,TRUE
"AREA SUPERVISOR",2017,50,0,,,50,,,TRUE
"AREA SUPERVISOR",2018,46,0,,,46,,,TRUE
"AREA SUPERVISOR",2019,54,0,,,54,,,TRUE
"AREA SUPERVISOR",2020,54,0,,,54,,,TRUE
"AREA SUPERVISOR",2021,53,0,,,53,,,TRUE
"AREA SUPERVISOR",2022,54,0,,,54,,,TRUE
"AREA SUPERVISOR",2023,56,0,,,56,,,TRUE
"AREA SUPERVISOR",2024,59,0,,,59,,,TRUE
"AREA SUPERVISOR",2025,59,0,,,59,,,TRUE
"ARTS PROGRAM SPECIALIST",2014,0,3,,,3,,,TRUE
"ARTS PROGRAM SPECIALIST",2015,0,4,,,4,,,TRUE
"ARTS PROGRAM SPECIALIST",2016,0,1,,,1,,,TRUE
"ARTS PROGRAM SPECIALIST",2018,0,2,,,2,,,TRUE
"ARTS PROGRAM SPECIALIST",2019,0,3,,,3,,,TRUE
"ARTS PROGRAM SPECIALIST",2020,0,1,,,1,,,TRUE
"ARTS PROGRAM SPECIALIST",2023,0,1,,,1,,,TRUE
"ASBESTOS HANDLER",2014,25,1,,,26,,,TRUE
"ASBESTOS HANDLER",2015,22,2,,,24,,,TRUE
"ASBESTOS HANDLER",2016,22,4,,,26,,,TRUE
"ASBESTOS HANDLER",2017,20,2,,,22,,,TRUE
"ASBESTOS HANDLER",2018,21,0,,,21,,,TRUE
"ASBESTOS HANDLER",2019,16,0,,,16,,,TRUE
"ASBESTOS HANDLER",2020,15,2,,,17,,,TRUE
"ASBESTOS HANDLER",2021,15,5,,,20,,,TRUE
"ASBESTOS HANDLER",2022,12,7,,,19,,,TRUE
"ASBESTOS HANDLER",2023,15,4,,,19,,,TRUE
"ASBESTOS HANDLER",2024,10,8,,,18,,,TRUE
"ASBESTOS HANDLER",2025,10,8,,,18,,,TRUE
"ASBESTOS HANDLER SUPERVISOR",2014,4,0,,,4,,,TRUE
"ASBESTOS HANDLER SUPERVISOR",2015,7,0,,,7,,,TRUE
"ASBESTOS HANDLER SUPERVISOR",2016,7,0,,,7,,,TRUE
"ASBESTOS HANDLER SUPERVISOR",2017,7,0,,,7,,,TRUE
"ASBESTOS HANDLER SUPERVISOR",2018,7,0,,,7,,,TRUE
"ASBESTOS HANDLER SUPERVISOR",2019,7,0,,,7,,,TRUE
"ASBESTOS HANDLER SUPERVISOR",2020,6,1,,,7,,,TRUE
"ASBESTOS HANDLER SUPERVISOR",2021,6,1,,,7,,,TRUE
"ASBESTOS HANDLER SUPERVISOR",2022,6,1,,,7,,,TRUE
"ASBESTOS HANDLER SUPERVISOR",2023,5,1,,,6,,,TRUE
"ASBESTOS HANDLER SUPERVISOR",2024,4,0,,,4,,,TRUE
"ASBESTOS HANDLER SUPERVISOR",2025,5,0,,,5,,,TRUE
"ASBESTOS HAZARD INVESTIGATOR",2014,4,2,,,6,,,TRUE
"ASBESTOS HAZARD INVESTIGATOR",2015,6,2,,,8,,,TRUE
"ASBESTOS HAZARD INVESTIGATOR",2016,6,4,,,10,,,TRUE
"ASBESTOS HAZARD INVESTIGATOR",2017,6,3,,,9,,,TRUE
"ASBESTOS HAZARD INVESTIGATOR",2018,5,0,,,5,,,TRUE
"ASBESTOS HAZARD INVESTIGATOR",2019,5,1,,,6,,,TRUE
"ASBESTOS HAZARD INVESTIGATOR",2020,3,3,,,6,,,TRUE
"ASBESTOS HAZARD INVESTIGATOR",2021,2,2,,,4,,,TRUE
"ASBESTOS HAZARD INVESTIGATOR",2022,2,1,,,3,,,TRUE
"ASBESTOS HAZARD INVESTIGATOR",2023,1,1,,,2,,,TRUE
"ASBESTOS HAZARD INVESTIGATOR",2024,1,0,,,1,,,TRUE
"ASBESTOS HAZARD INVESTIGATOR",2025,1,0,,,1,,,TRUE
"ASIST SYSTMS ANALYST",2018,1,0,,,1,,,TRUE
"ASIST SYSTMS ANALYST",2019,1,0,,,1,,,TRUE
"ASIST SYSTMS ANALYST",2020,1,0,,,1,,,TRUE
"ASIST SYSTMS ANALYST",2021,1,0,,,1,,,TRUE
"ASIST SYSTMS ANALYST",2022,1,0,,,1,,,TRUE
"ASIST SYSTMS ANALYST",2023,1,0,,,1,,,TRUE
"ASIST SYSTMS ANALYST",2024,1,0,,,1,,,TRUE
"ASIST SYSTMS ANALYST",2025,1,0,,,1,,,TRUE
"ASPHALT PLANT MANAGER",2018,1,0,,,1,,,TRUE
"ASPHALT PLANT MANAGER",2019,2,0,,,2,,,TRUE
"ASPHALT PLANT MANAGER",2020,2,0,,,2,,,TRUE
"ASPHALT PLANT MANAGER",2021,2,0,,,2,,,TRUE
"ASPHALT PLANT MANAGER",2022,2,0,,,2,,,TRUE
"ASPHALT PLANT MANAGER",2023,2,0,,,2,,,TRUE
"ASPHALT PLANT MANAGER",2024,2,0,,,2,,,TRUE
"ASPHALT PLANT MANAGER",2025,2,0,,,2,,,TRUE
"ASPIRING PRINCIPAL",2014,8,0,,,8,,,TRUE
"ASPIRING PRINCIPAL",2015,21,0,,,21,,,TRUE
"ASPIRING PRINCIPAL",2016,11,0,,,11,,,TRUE
"ASS COMMISSIONER DESIGN AND CONSTRUCTION MANAGEMENT",2020,0,1,,,1,,,TRUE
"ASS COMMISSIONER DESIGN AND CONSTRUCTION MANAGEMENT",2024,0,1,,,1,,,TRUE
"ASS COMMISSIONER DESIGN AND CONSTRUCTION MANAGEMENT",2025,0,1,,,1,,,TRUE
"ASSIST COMMISSIONER",2025,0,1,,,1,,,TRUE
"ASSIST COMMISSIONER FOR INTERGOVERNMENTAL RELATIONS",2022,0,1,,,1,,,TRUE
"ASSIST COMMISSIONER FOR POLICY ANALYSIS & PROG DEVE",2018,0,1,,,1,,,TRUE
"ASSIST COMMISSIONER FOR POLICY ANALYSIS & PROG DEVE",2019,0,1,,,1,,,TRUE
"ASSIST COMMISSIONER FOR POLICY ANALYSIS & PROG DEVE",2023,0,1,,,1,,,TRUE
"ASSIST COMMISSIONER FOR POLICY ANALYSIS & PROG DEVE",2024,0,2,,,2,,,TRUE
"ASSIST COORDINATING MANAGER",2014,3,0,,,3,,,TRUE
"ASSIST COORDINATING MANAGER",2015,3,0,,,3,,,TRUE
"ASSIST COORDINATING MANAGER",2016,1,0,,,1,,,TRUE
"ASSIST COORDINATING MANAGER",2017,1,0,,,1,,,TRUE
"ASSIST COORDINATING MANAGER",2018,5,0,,,5,,,TRUE
"ASSIST COORDINATING MANAGER",2019,5,0,,,5,,,TRUE
"ASSIST COORDINATING MANAGER",2020,5,0,,,5,,,TRUE
"ASSIST COORDINATING MANAGER",2021,6,0,,,6,,,TRUE
"ASSIST COORDINATING MANAGER",2022,6,0,,,6,,,TRUE
"ASSIST COORDINATING MANAGER",2023,4,0,,,4,,,TRUE
"ASSIST COORDINATING MANAGER",2024,3,0,,,3,,,TRUE
"ASSIST COORDINATING MANAGER",2025,2,0,,,2,,,TRUE
"ASSISTANCE FINANCE OFFICER",2014,2,0,,,2,,,TRUE
"ASSISTANCE FINANCE OFFICER",2015,2,0,,,2,,,TRUE
"ASSISTANCE FINANCE OFFICER",2016,2,0,,,2,,,TRUE
"ASSISTANCE FINANCE OFFICER",2017,2,0,,,2,,,TRUE
"ASSISTANCE FINANCE OFFICER",2018,1,0,,,1,,,TRUE
"ASSISTANCE FINANCE OFFICER",2019,2,0,,,2,,,TRUE
"ASSISTANCE FINANCE OFFICER",2020,2,0,,,2,,,TRUE
"ASSISTANCE FINANCE OFFICER",2021,2,0,,,2,,,TRUE
"ASSISTANCE FINANCE OFFICER",2022,1,0,,,1,,,TRUE
"ASSISTANCE FINANCE OFFICER",2023,1,0,,,1,,,TRUE
"ASSISTANCE FINANCE OFFICER",2024,1,0,,,1,,,TRUE
"ASSISTANCE FINANCE OFFICER",2025,1,0,,,1,,,TRUE
"ASSISTANT ACCOUNTANT",2014,3,0,,,3,,,TRUE
"ASSISTANT ACCOUNTANT",2015,2,0,,,2,,,TRUE
"ASSISTANT ACCOUNTANT",2016,2,0,,,2,,,TRUE
"ASSISTANT ACCOUNTANT",2017,2,0,,,2,,,TRUE
"ASSISTANT ACCOUNTANT",2018,2,0,,,2,,,TRUE
"ASSISTANT ACCOUNTANT",2019,2,0,,,2,,,TRUE
"ASSISTANT ACCOUNTANT",2020,2,0,,,2,,,TRUE
"ASSISTANT ACCOUNTANT",2021,2,0,,,2,,,TRUE
"ASSISTANT ACCOUNTANT",2022,2,0,,,2,,,TRUE
"ASSISTANT ACCOUNTANT",2023,2,0,,,2,,,TRUE
"ASSISTANT ACCOUNTANT",2024,2,0,,,2,,,TRUE
"ASSISTANT ACCOUNTANT",2025,1,0,,,1,,,TRUE
"ASSISTANT ADMINISTRATOR",2014,1,4,,,5,,,TRUE
"ASSISTANT ADMINISTRATOR",2015,2,2,,,4,,,TRUE
"ASSISTANT ADMINISTRATOR",2016,2,2,,,4,,,TRUE
"ASSISTANT ADMINISTRATOR",2017,1,4,,,5,,,TRUE
"ASSISTANT ADMINISTRATOR",2018,1,2,,,3,,,TRUE
"ASSISTANT ADMINISTRATOR",2019,2,2,,,4,,,TRUE
"ASSISTANT ADMINISTRATOR",2020,2,1,,,3,,,TRUE
"ASSISTANT ADMINISTRATOR",2021,2,1,,,3,,,TRUE
"ASSISTANT ADMINISTRATOR",2022,2,0,,,2,,,TRUE
"ASSISTANT ADMINISTRATOR",2023,2,4,,,6,,,TRUE
"ASSISTANT ADMINISTRATOR",2024,2,3,,,5,,,TRUE
"ASSISTANT ADMINISTRATOR",2025,1,0,,,1,,,TRUE
"ASSISTANT ADMINISTRATOR OF PUBLIC AFFAIRS",2014,0,1,,,1,,,TRUE
"ASSISTANT ADMINISTRATOR OF PUBLIC AFFAIRS",2015,0,1,,,1,,,TRUE
"ASSISTANT ADMINISTRATOR OF PUBLIC AFFAIRS",2018,0,1,,,1,,,TRUE
"ASSISTANT ADMINISTRATOR OF PUBLIC AFFAIRS",2019,0,1,,,1,,,TRUE
"ASSISTANT ADMINISTRATOR OF PUBLIC AFFAIRS",2022,0,1,,,1,,,TRUE
"ASSISTANT ADMINISTRATOR OF PUBLIC AFFAIRS",2023,0,1,,,1,,,TRUE
"ASSISTANT ADVOCATE PD",2014,1,5,,,6,,,TRUE
"ASSISTANT ADVOCATE PD",2015,1,5,,,6,,,TRUE
"ASSISTANT ADVOCATE PD",2016,1,0,,,1,,,TRUE
"ASSISTANT ADVOCATE PD",2017,2,0,,,2,,,TRUE
"ASSISTANT ADVOCATE PD",2018,1,0,,,1,,,TRUE
"ASSISTANT ADVOCATE PD",2019,1,0,,,1,,,TRUE
"ASSISTANT ADVOCATE PD",2020,2,0,,,2,,,TRUE
"ASSISTANT ADVOCATE PD",2021,1,0,,,1,,,TRUE
"ASSISTANT ADVOCATE PD",2022,1,0,,,1,,,TRUE
"ASSISTANT ADVOCATE PD",2023,1,0,,,1,,,TRUE
"ASSISTANT ADVOCATE PD",2024,1,0,,,1,,,TRUE
"ASSISTANT ADVOCATE PD",2025,1,0,,,1,,,TRUE
"ASSISTANT ARCHITECT",2014,31,6,,,37,,,TRUE
"ASSISTANT ARCHITECT",2015,30,10,,,40,,,TRUE
"ASSISTANT ARCHITECT",2016,28,17,,,45,,,TRUE
"ASSISTANT ARCHITECT",2017,29,21,,,50,,,TRUE
"ASSISTANT ARCHITECT",2018,34,11,,,45,,,TRUE
"ASSISTANT ARCHITECT",2019,30,14,,,44,,,TRUE
"ASSISTANT ARCHITECT",2020,27,20,,,47,,,TRUE
"ASSISTANT ARCHITECT",2021,26,11,,,37,,,TRUE
"ASSISTANT ARCHITECT",2022,22,2,,,24,,,TRUE
"ASSISTANT ARCHITECT",2023,20,12,,,32,,,TRUE
"ASSISTANT ARCHITECT",2024,22,9,,,31,,,TRUE
"ASSISTANT ARCHITECT",2025,22,16,,,38,,,TRUE
"ASSISTANT BUDGET ANALYST",2014,1,1,,,2,,,TRUE
"ASSISTANT BUDGET ANALYST",2015,1,1,,,2,,,TRUE
"ASSISTANT BUDGET ANALYST",2016,1,3,,,4,,,TRUE
"ASSISTANT BUDGET ANALYST",2017,2,1,,,3,,,TRUE
"ASSISTANT BUDGET ANALYST",2018,2,2,,,4,,,TRUE
"ASSISTANT BUDGET ANALYST",2019,2,15,,,17,,,TRUE
"ASSISTANT BUDGET ANALYST",2020,2,19,,,21,,,TRUE
"ASSISTANT BUDGET ANALYST",2021,3,9,,,12,,,TRUE
"ASSISTANT BUDGET ANALYST",2022,2,5,,,7,,,TRUE
"ASSISTANT BUDGET ANALYST",2023,0,7,,,7,,,TRUE
"ASSISTANT BUDGET ANALYST",2024,0,4,,,4,,,TRUE
"ASSISTANT BUDGET ANALYST",2025,2,7,,,9,,,TRUE
"ASSISTANT CAPTAIN",2014,5,0,,,5,,,TRUE
"ASSISTANT CAPTAIN",2015,7,0,,,7,,,TRUE
"ASSISTANT CAPTAIN",2016,6,0,,,6,,,TRUE
"ASSISTANT CAPTAIN",2017,7,1,,,8,,,TRUE
"ASSISTANT CAPTAIN",2018,6,0,,,6,,,TRUE
"ASSISTANT CAPTAIN",2019,7,0,,,7,,,TRUE
"ASSISTANT CAPTAIN",2020,8,0,,,8,,,TRUE
"ASSISTANT CAPTAIN",2021,8,0,,,8,,,TRUE
"ASSISTANT CAPTAIN",2022,7,0,,,7,,,TRUE
"ASSISTANT CAPTAIN",2023,10,0,,,10,,,TRUE
"ASSISTANT CAPTAIN",2024,11,0,,,11,,,TRUE
"ASSISTANT CAPTAIN",2025,11,0,,,11,,,TRUE
"ASSISTANT CARETAKER",2015,0,3,,,3,,,TRUE
"ASSISTANT CHEMICAL ENGINEER",2014,16,0,,,16,,,TRUE
"ASSISTANT CHEMICAL ENGINEER",2015,14,0,,,14,,,TRUE
"ASSISTANT CHEMICAL ENGINEER",2016,16,4,,,20,,,TRUE
"ASSISTANT CHEMICAL ENGINEER",2017,17,3,,,20,,,TRUE
"ASSISTANT CHEMICAL ENGINEER",2018,14,1,,,15,,,TRUE
"ASSISTANT CHEMICAL ENGINEER",2019,13,5,,,18,,,TRUE
"ASSISTANT CHEMICAL ENGINEER",2020,12,9,,,21,,,TRUE
"ASSISTANT CHEMICAL ENGINEER",2021,11,0,,,11,,,TRUE
"ASSISTANT CHEMICAL ENGINEER",2022,9,2,,,11,,,TRUE
"ASSISTANT CHEMICAL ENGINEER",2023,7,4,,,11,,,TRUE
"ASSISTANT CHEMICAL ENGINEER",2024,7,3,,,10,,,TRUE
"ASSISTANT CHEMICAL ENGINEER",2025,7,5,,,12,,,TRUE
"ASSISTANT CHIEF FIRE MARSHAL",2014,1,0,,,1,,,TRUE
"ASSISTANT CHIEF FIRE MARSHAL",2015,1,0,,,1,,,TRUE
"ASSISTANT CHIEF FIRE MARSHAL",2016,1,0,,,1,,,TRUE
"ASSISTANT CHIEF FIRE MARSHAL",2017,1,0,,,1,,,TRUE
"ASSISTANT CHIEF FIRE MARSHAL",2018,1,0,,,1,,,TRUE
"ASSISTANT CHIEF FIRE MARSHAL",2019,1,0,,,1,,,TRUE
"ASSISTANT CHIEF FIRE MARSHAL",2020,1,0,,,1,,,TRUE
"ASSISTANT CHIEF FIRE MARSHAL",2021,1,0,,,1,,,TRUE
"ASSISTANT CHIEF FIRE MARSHAL",2022,1,0,,,1,,,TRUE
"ASSISTANT CHIEF FIRE MARSHAL",2023,1,0,,,1,,,TRUE
"ASSISTANT CHIEF FIRE MARSHAL",2024,1,0,,,1,,,TRUE
"ASSISTANT CHIEF FIRE MARSHAL",2025,1,0,,,1,,,TRUE
"ASSISTANT CHIEF OF DEPARTMENT",2014,11,0,,,11,,,TRUE
"ASSISTANT CHIEF OF DEPARTMENT",2015,9,0,,,9,,,TRUE
"ASSISTANT CHIEF OF DEPARTMENT",2016,12,0,,,12,,,TRUE
"ASSISTANT CHIEF OF DEPARTMENT",2017,14,0,,,14,,,TRUE
"ASSISTANT CHIEF OF DEPARTMENT",2018,10,0,,,10,,,TRUE
"ASSISTANT CHIEF OF DEPARTMENT",2019,8,0,,,8,,,TRUE
"ASSISTANT CHIEF OF DEPARTMENT",2020,11,0,,,11,,,TRUE
"ASSISTANT CHIEF OF DEPARTMENT",2021,9,0,,,9,,,TRUE
"ASSISTANT CHIEF OF DEPARTMENT",2022,15,0,,,15,,,TRUE
"ASSISTANT CHIEF OF DEPARTMENT",2023,9,0,,,9,,,TRUE
"ASSISTANT CHIEF OF DEPARTMENT",2024,7,0,,,7,,,TRUE
"ASSISTANT CHIEF OF DEPARTMENT",2025,8,0,,,8,,,TRUE
"ASSISTANT CHIEF RACKET INVESTIGATOR",2015,1,0,,,1,,,TRUE
"ASSISTANT CHIEF RACKET INVESTIGATOR",2016,2,0,,,2,,,TRUE
"ASSISTANT CHIEF RACKET INVESTIGATOR",2017,3,1,,,4,,,TRUE
"ASSISTANT CHIEF RACKET INVESTIGATOR",2018,3,1,,,4,,,TRUE
"ASSISTANT CHIEF RACKET INVESTIGATOR",2019,3,0,,,3,,,TRUE
"ASSISTANT CHIEF RACKET INVESTIGATOR",2020,3,0,,,3,,,TRUE
"ASSISTANT CHIEF RACKET INVESTIGATOR",2021,3,0,,,3,,,TRUE
"ASSISTANT CHIEF RACKET INVESTIGATOR",2022,2,0,,,2,,,TRUE
"ASSISTANT CHIEF RACKET INVESTIGATOR",2023,2,0,,,2,,,TRUE
"ASSISTANT CITY ASSESSOR",2014,0,19,,,19,,,TRUE
"ASSISTANT CITY ASSESSOR",2015,1,25,,,26,,,TRUE
"ASSISTANT CITY ASSESSOR",2016,2,37,,,39,,,TRUE
"ASSISTANT CITY ASSESSOR",2017,1,20,,,21,,,TRUE
"ASSISTANT CITY ASSESSOR",2018,0,6,,,6,,,TRUE
"ASSISTANT CITY ASSESSOR",2019,1,44,,,45,,,TRUE
"ASSISTANT CITY ASSESSOR",2020,1,69,,,70,,,TRUE
"ASSISTANT CITY ASSESSOR",2021,1,28,,,29,,,TRUE
"ASSISTANT CITY ASSESSOR",2022,0,6,,,6,,,TRUE
"ASSISTANT CITY ASSESSOR",2023,0,4,,,4,,,TRUE
"ASSISTANT CITY ASSESSOR",2025,0,23,,,23,,,TRUE
"ASSISTANT CITY HIGHWAY REPAIRER",2014,7,0,,,7,,,TRUE
"ASSISTANT CITY HIGHWAY REPAIRER",2015,6,0,,,6,,,TRUE
"ASSISTANT CITY HIGHWAY REPAIRER",2016,2,0,,,2,,,TRUE
"ASSISTANT CITY HIGHWAY REPAIRER",2017,5,0,,,5,,,TRUE
"ASSISTANT CITY HIGHWAY REPAIRER",2018,19,1,,,20,,,TRUE
"ASSISTANT CITY HIGHWAY REPAIRER",2019,24,0,,,24,,,TRUE
"ASSISTANT CITY HIGHWAY REPAIRER",2020,7,0,,,7,,,TRUE
"ASSISTANT CITY HIGHWAY REPAIRER",2021,10,0,,,10,,,TRUE
"ASSISTANT CITY HIGHWAY REPAIRER",2022,8,0,,,8,,,TRUE
"ASSISTANT CITY HIGHWAY REPAIRER",2023,8,0,,,8,,,TRUE
"ASSISTANT CITY HIGHWAY REPAIRER",2024,8,2,,,10,,,TRUE
"ASSISTANT CITY HIGHWAY REPAIRER",2025,10,1,,,11,,,TRUE
"ASSISTANT CIVIL ENGINEER",2014,169,21,,,190,,,TRUE
"ASSISTANT CIVIL ENGINEER",2015,151,26,,,177,,,TRUE
"ASSISTANT CIVIL ENGINEER",2016,138,37,65041,59324,175,0.912101597453914,5717,FALSE
"ASSISTANT CIVIL ENGINEER",2017,133,108,68026,61104,241,0.89824478875724,6922,FALSE
"ASSISTANT CIVIL ENGINEER",2018,123,96,69841,61104,219,0.874901562119672,8737,FALSE
"ASSISTANT CIVIL ENGINEER",2019,110,88,73473,65000,198,0.884678725518218,8473,FALSE
"ASSISTANT CIVIL ENGINEER",2020,95,41,76029,70040,136,0.921227426376777,5989,FALSE
"ASSISTANT CIVIL ENGINEER",2021,88,16,,,104,,,TRUE
"ASSISTANT CIVIL ENGINEER",2022,71,37,76563,65640,108,0.857333176599663,10923,FALSE
"ASSISTANT CIVIL ENGINEER",2023,52,68,82061,71726,120,0.874057103861761,10335,FALSE
"ASSISTANT CIVIL ENGINEER",2024,47,80,86174,73878,127,0.857311950240212,12296,FALSE
"ASSISTANT CIVIL ENGINEER",2025,44,83,87109,76279,127,0.875673007381556,10830,FALSE
"ASSISTANT COLLEGE SECURITY DIRECTOR",2014,8,3,,,11,,,TRUE
"ASSISTANT COLLEGE SECURITY DIRECTOR",2015,9,2,,,11,,,TRUE
"ASSISTANT COLLEGE SECURITY DIRECTOR",2016,8,3,,,11,,,TRUE
"ASSISTANT COLLEGE SECURITY DIRECTOR",2017,10,4,,,14,,,TRUE
"ASSISTANT COLLEGE SECURITY DIRECTOR",2018,9,1,,,10,,,TRUE
"ASSISTANT COLLEGE SECURITY DIRECTOR",2019,10,1,,,11,,,TRUE
"ASSISTANT COLLEGE SECURITY DIRECTOR",2020,9,1,,,10,,,TRUE
"ASSISTANT COLLEGE SECURITY DIRECTOR",2021,9,0,,,9,,,TRUE
"ASSISTANT COLLEGE SECURITY DIRECTOR",2022,9,1,,,10,,,TRUE
"ASSISTANT COLLEGE SECURITY DIRECTOR",2023,11,2,,,13,,,TRUE
"ASSISTANT COLLEGE SECURITY DIRECTOR",2024,11,1,,,12,,,TRUE
"ASSISTANT COLLEGE SECURITY DIRECTOR",2025,7,2,,,9,,,TRUE
"ASSISTANT COMISSIONER FOR FAMILY OPERATIONS",2018,0,1,,,1,,,TRUE
"ASSISTANT COMISSIONER FOR FAMILY OPERATIONS",2019,0,1,,,1,,,TRUE
"ASSISTANT COMMISIONER",2022,0,1,,,1,,,TRUE
"ASSISTANT COMMISIONER",2023,0,1,,,1,,,TRUE
"ASSISTANT COMMISSIONER",2014,20,2,,,22,,,TRUE
"ASSISTANT COMMISSIONER",2015,23,8,,,31,,,TRUE
"ASSISTANT COMMISSIONER",2016,27,8,,,35,,,TRUE
"ASSISTANT COMMISSIONER",2017,34,8,,,42,,,TRUE
"ASSISTANT COMMISSIONER",2018,35,9,,,44,,,TRUE
"ASSISTANT COMMISSIONER",2019,37,13,,,50,,,TRUE
"ASSISTANT COMMISSIONER",2020,37,16,,,53,,,TRUE
"ASSISTANT COMMISSIONER",2021,35,11,,,46,,,TRUE
"ASSISTANT COMMISSIONER",2022,28,8,,,36,,,TRUE
"ASSISTANT COMMISSIONER",2023,29,29,,,58,,,TRUE
"ASSISTANT COMMISSIONER",2024,23,27,,,50,,,TRUE
"ASSISTANT COMMISSIONER",2025,26,19,,,45,,,TRUE
"ASSISTANT COMMISSIONER FOR FACILITIES DEVELOPMENT & CONST",2021,0,1,,,1,,,TRUE
"ASSISTANT COMMISSIONER FOR FACILITIES DEVELOPMENT & CONST",2022,0,1,,,1,,,TRUE
"ASSISTANT COMMISSIONER FOR FACILITIES OPERATIONS",2017,0,1,,,1,,,TRUE
"ASSISTANT COMMISSIONER FOR LABOR RELATIONS & ADMIN",2014,1,0,,,1,,,TRUE
"ASSISTANT COMMISSIONER FOR LABOR RELATIONS & ADMIN",2015,1,0,,,1,,,TRUE
"ASSISTANT COMMISSIONER FOR LABOR RELATIONS & ADMIN",2016,1,0,,,1,,,TRUE
"ASSISTANT COMMISSIONER FOR LABOR RELATIONS & ADMIN",2017,1,0,,,1,,,TRUE
"ASSISTANT COMMISSIONER OF INFORMATION TECHNOLOGY",2024,0,1,,,1,,,TRUE
"ASSISTANT COMMISSIONER OF INFORMATION TECHNOLOGY",2025,1,0,,,1,,,TRUE
"ASSISTANT COMMISSIONER OF LABOR RELATIONS",2014,3,1,,,4,,,TRUE
"ASSISTANT COMMISSIONER OF LABOR RELATIONS",2015,2,2,,,4,,,TRUE
"ASSISTANT COMMISSIONER OF LABOR RELATIONS",2016,2,1,,,3,,,TRUE
"ASSISTANT COMMISSIONER OF LABOR RELATIONS",2017,2,0,,,2,,,TRUE
"ASSISTANT COMMISSIONER OF LABOR RELATIONS",2018,2,0,,,2,,,TRUE
"ASSISTANT COMMISSIONER OF LABOR RELATIONS",2019,3,1,,,4,,,TRUE
"ASSISTANT COMMISSIONER OF LABOR RELATIONS",2020,3,1,,,4,,,TRUE
"ASSISTANT COMMISSIONER OF LABOR RELATIONS",2021,3,0,,,3,,,TRUE
"ASSISTANT COMMISSIONER OF LABOR RELATIONS",2022,2,1,,,3,,,TRUE
"ASSISTANT COMMISSIONER OF LABOR RELATIONS",2023,2,0,,,2,,,TRUE
"ASSISTANT COMMISSIONER OF LABOR RELATIONS",2024,2,1,,,3,,,TRUE
"ASSISTANT COMMISSIONER OF LABOR RELATIONS",2025,3,2,,,5,,,TRUE
"ASSISTANT COMMISSIONER OF OPERATIONS",2016,1,0,,,1,,,TRUE
"ASSISTANT COMPTROLLER",2023,0,1,,,1,,,TRUE
"ASSISTANT COMPTROLLER",2024,0,2,,,2,,,TRUE
"ASSISTANT COMPTROLLER",2025,2,3,,,5,,,TRUE
"ASSISTANT COMPTROLLER OF IT",2023,0,1,,,1,,,TRUE
"ASSISTANT COMPTROLLER OF IT",2024,0,1,,,1,,,TRUE
"ASSISTANT CORPORATION COUNSEL",2014,251,162,119775,63338,413,0.528808182007932,56437,FALSE
"ASSISTANT CORPORATION COUNSEL",2015,258,178,125257,67211,436,0.536584781688848,58046,FALSE
"ASSISTANT CORPORATION COUNSEL",2016,247,217,128513,68892,464,0.536070280827621,59621,FALSE
"ASSISTANT CORPORATION COUNSEL",2017,268,289,132239,70959,557,0.536596616731826,61280,FALSE
"ASSISTANT CORPORATION COUNSEL",2018,275,282,132239,74959,557,0.566844879347242,57280,FALSE
"ASSISTANT CORPORATION COUNSEL",2019,273,286,149190,78097,559,0.523473423151686,71093,FALSE
"ASSISTANT CORPORATION COUNSEL",2020,269,263,153666,78779,532,0.512663829344162,74887,FALSE
"ASSISTANT CORPORATION COUNSEL",2021,270,141,153666,73579,411,0.478824203141879,80087,FALSE
"ASSISTANT CORPORATION COUNSEL",2022,258,141,153666,75121,399,0.488858953834941,78545,FALSE
"ASSISTANT CORPORATION COUNSEL",2023,249,201,153666,78205,450,0.508928455221064,75461,FALSE
"ASSISTANT CORPORATION COUNSEL",2024,250,231,176175,96031,481,0.54508869022279,80144,FALSE
"ASSISTANT CORPORATION COUNSEL",2025,249,189,181967,95713,438,0.525990976385828,86254,FALSE
"ASSISTANT COUNSEL",2016,1,0,,,1,,,TRUE
"ASSISTANT COUNSEL",2017,1,0,,,1,,,TRUE
"ASSISTANT COUNSEL",2018,1,0,,,1,,,TRUE
"ASSISTANT COUNSEL",2019,1,0,,,1,,,TRUE
"ASSISTANT COUNSEL",2020,1,0,,,1,,,TRUE
"ASSISTANT COUNSEL",2021,1,0,,,1,,,TRUE
"ASSISTANT COUNSEL",2022,1,0,,,1,,,TRUE
"ASSISTANT COUNSEL",2023,1,0,,,1,,,TRUE
"ASSISTANT COUNSEL",2024,1,0,,,1,,,TRUE
"ASSISTANT COUNSEL",2025,1,1,,,2,,,TRUE
"ASSISTANT COUNSEL PD",2014,6,0,,,6,,,TRUE
"ASSISTANT COUNSEL PD",2015,7,0,,,7,,,TRUE
"ASSISTANT COUNSEL PD",2016,7,1,,,8,,,TRUE
"ASSISTANT COUNSEL PD",2017,5,2,,,7,,,TRUE
"ASSISTANT COUNSEL PD",2018,6,1,,,7,,,TRUE
"ASSISTANT COUNSEL PD",2019,6,0,,,6,,,TRUE
"ASSISTANT COUNSEL PD",2020,5,0,,,5,,,TRUE
"ASSISTANT COUNSEL PD",2021,4,0,,,4,,,TRUE
"ASSISTANT COUNSEL PD",2022,6,0,,,6,,,TRUE
"ASSISTANT COUNSEL PD",2023,6,0,,,6,,,TRUE
"ASSISTANT COUNSEL PD",2024,4,0,,,4,,,TRUE
"ASSISTANT COUNSEL PD",2025,4,0,,,4,,,TRUE
"ASSISTANT DEAN",2014,3,4,,,7,,,TRUE
"ASSISTANT DEAN",2015,4,1,,,5,,,TRUE
"ASSISTANT DEAN",2016,5,2,,,7,,,TRUE
"ASSISTANT DEAN",2017,4,5,,,9,,,TRUE
"ASSISTANT DEAN",2018,4,4,,,8,,,TRUE
"ASSISTANT DEAN",2019,4,4,,,8,,,TRUE
"ASSISTANT DEAN",2020,2,2,,,4,,,TRUE
"ASSISTANT DEAN",2021,4,1,,,5,,,TRUE
"ASSISTANT DEAN",2022,6,1,,,7,,,TRUE
"ASSISTANT DEAN",2023,6,0,,,6,,,TRUE
"ASSISTANT DEAN",2024,5,1,,,6,,,TRUE
"ASSISTANT DEAN",2025,4,3,,,7,,,TRUE
"ASSISTANT DEPUTY ADMINISTRATOR",2017,0,1,,,1,,,TRUE
"ASSISTANT DEPUTY ADMINISTRATOR",2018,0,3,,,3,,,TRUE
"ASSISTANT DEPUTY ADMINISTRATOR",2019,0,1,,,1,,,TRUE
"ASSISTANT DEPUTY ADMINISTRATOR",2023,0,1,,,1,,,TRUE
"ASSISTANT DEPUTY ADMINISTRATOR",2024,0,2,,,2,,,TRUE
"ASSISTANT DEPUTY ADMINISTRATOR",2025,0,1,,,1,,,TRUE
"ASSISTANT DEPUTY COMMISSIONER",2014,0,1,,,1,,,TRUE
"ASSISTANT DEPUTY COMMISSIONER",2015,0,1,,,1,,,TRUE
"ASSISTANT DEPUTY COMMISSIONER",2016,0,1,,,1,,,TRUE
"ASSISTANT DEPUTY COMMISSIONER",2025,1,0,,,1,,,TRUE
"ASSISTANT DEPUTY COMMISSIONER SS",2014,1,0,,,1,,,TRUE
"ASSISTANT DEPUTY COMMISSIONER SS",2015,1,0,,,1,,,TRUE
"ASSISTANT DEPUTY COMMISSIONER SS",2017,1,0,,,1,,,TRUE
"ASSISTANT DEPUTY COMMISSIONER SS",2018,0,1,,,1,,,TRUE
"ASSISTANT DEPUTY COMMISSIONER SS",2019,0,1,,,1,,,TRUE
"ASSISTANT DEPUTY COMMISSIONER SS",2020,0,1,,,1,,,TRUE
"ASSISTANT DEPUTY COMMISSIONER SS",2022,1,1,,,2,,,TRUE
"ASSISTANT DEPUTY COMMISSIONER SS",2023,1,1,,,2,,,TRUE
"ASSISTANT DEPUTY COMMISSIONER SS",2024,1,2,,,3,,,TRUE
"ASSISTANT DEPUTY COMMISSIONER SS",2025,1,2,,,3,,,TRUE
"ASSISTANT DIR OF ADMINISTRATION",2025,0,1,,,1,,,TRUE
"ASSISTANT DIRECTOR",2014,1,0,,,1,,,TRUE
"ASSISTANT DIRECTOR",2015,1,0,,,1,,,TRUE
"ASSISTANT DIRECTOR",2016,1,0,,,1,,,TRUE
"ASSISTANT DIRECTOR",2017,1,0,,,1,,,TRUE
"ASSISTANT DIRECTOR",2018,1,0,,,1,,,TRUE
"ASSISTANT DIRECTOR",2022,1,0,,,1,,,TRUE
"ASSISTANT DIRECTOR",2023,1,1,,,2,,,TRUE
"ASSISTANT DIRECTOR",2024,1,1,,,2,,,TRUE
"ASSISTANT DIRECTOR",2025,2,8,,,10,,,TRUE
"ASSISTANT DIRECTOR HEALTH PROGRAM",2014,1,0,,,1,,,TRUE
"ASSISTANT DIRECTOR HEALTH PROGRAM",2015,1,0,,,1,,,TRUE
"ASSISTANT DIRECTOR OF ADMINISTRATION",2014,3,0,,,3,,,TRUE
"ASSISTANT DIRECTOR OF ADMINISTRATION",2015,3,0,,,3,,,TRUE
"ASSISTANT DIRECTOR OF ADMINISTRATION",2016,4,0,,,4,,,TRUE
"ASSISTANT DIRECTOR OF ADMINISTRATION",2017,5,1,,,6,,,TRUE
"ASSISTANT DIRECTOR OF ADMINISTRATION",2018,6,1,,,7,,,TRUE
"ASSISTANT DIRECTOR OF ADMINISTRATION",2019,5,1,,,6,,,TRUE
"ASSISTANT DIRECTOR OF ADMINISTRATION",2020,4,2,,,6,,,TRUE
"ASSISTANT DIRECTOR OF ADMINISTRATION",2021,4,1,,,5,,,TRUE
"ASSISTANT DIRECTOR OF ADMINISTRATION",2022,4,0,,,4,,,TRUE
"ASSISTANT DIRECTOR OF ADMINISTRATION",2023,4,0,,,4,,,TRUE
"ASSISTANT DIRECTOR OF ADMINISTRATION",2024,4,0,,,4,,,TRUE
"ASSISTANT DIRECTOR OF ADMINISTRATION",2025,5,0,,,5,,,TRUE
"ASSISTANT DIRECTOR OF EDUCATION",2024,0,1,,,1,,,TRUE
"ASSISTANT DIRECTOR OF EDUCATION",2025,0,1,,,1,,,TRUE
"ASSISTANT DIRECTOR OF FINANCE",2019,1,0,,,1,,,TRUE
"ASSISTANT DIRECTOR OF FINANCE",2020,1,0,,,1,,,TRUE
"ASSISTANT DIRECTOR OF FINANCE",2021,1,0,,,1,,,TRUE
"ASSISTANT DIRECTOR OF FINANCE",2022,1,0,,,1,,,TRUE
"ASSISTANT DIRECTOR OF FINANCE",2023,1,1,,,2,,,TRUE
"ASSISTANT DIRECTOR OF FINANCE",2024,0,2,,,2,,,TRUE
"ASSISTANT DIRECTOR OF FINANCE",2025,0,1,,,1,,,TRUE
"ASSISTANT DIRECTOR OF FORENSIC BIOLOGY",2014,2,0,,,2,,,TRUE
"ASSISTANT DIRECTOR OF FORENSIC BIOLOGY",2015,1,0,,,1,,,TRUE
"ASSISTANT DIRECTOR OF INTERGROUP RELATIONS",2016,0,1,,,1,,,TRUE
"ASSISTANT DIRECTOR OF INTERGROUP RELATIONS",2017,2,0,,,2,,,TRUE
"ASSISTANT DIRECTOR OF INTERGROUP RELATIONS",2018,3,0,,,3,,,TRUE
"ASSISTANT DIRECTOR OF INTERGROUP RELATIONS",2019,2,0,,,2,,,TRUE
"ASSISTANT DIRECTOR OF INTERGROUP RELATIONS",2022,1,0,,,1,,,TRUE
"ASSISTANT DIRECTOR OF INTERGROUP RELATIONS",2023,1,0,,,1,,,TRUE
"ASSISTANT DIRECTOR OF INTERGROUP RELATIONS",2024,1,0,,,1,,,TRUE
"ASSISTANT DIRECTOR OF INTERGROUP RELATIONS",2025,1,0,,,1,,,TRUE
"ASSISTANT DIRECTOR OF LEGAL SERVICES",2014,1,0,,,1,,,TRUE
"ASSISTANT DIRECTOR OF LEGAL SERVICES",2015,1,1,,,2,,,TRUE
"ASSISTANT DIRECTOR OF LEGAL SERVICES",2016,1,0,,,1,,,TRUE
"ASSISTANT DIRECTOR OF LEGAL SERVICES",2017,1,0,,,1,,,TRUE
"ASSISTANT DIRECTOR OF LEGAL SERVICES",2018,1,1,,,2,,,TRUE
"ASSISTANT DIRECTOR OF LEGAL SERVICES",2019,1,3,,,4,,,TRUE
"ASSISTANT DIRECTOR OF LEGAL SERVICES",2020,2,3,,,5,,,TRUE
"ASSISTANT DIRECTOR OF LEGAL SERVICES",2021,2,0,,,2,,,TRUE
"ASSISTANT DIRECTOR OF LEGAL SERVICES",2022,3,1,,,4,,,TRUE
"ASSISTANT DIRECTOR OF LEGAL SERVICES",2023,2,2,,,4,,,TRUE
"ASSISTANT DIRECTOR OF LEGAL SERVICES",2024,2,1,,,3,,,TRUE
"ASSISTANT DIRECTOR OF LEGAL SERVICES",2025,1,0,,,1,,,TRUE
"ASSISTANT DIRECTOR OF NEIGHBORHOOD SAFETY",2024,0,2,,,2,,,TRUE
"ASSISTANT DIRECTOR OF NEIGHBORHOOD SAFETY",2025,0,2,,,2,,,TRUE
"ASSISTANT DIRECTOR OF TOXICOLOGY",2014,1,0,,,1,,,TRUE
"ASSISTANT DIRECTOR OF TOXICOLOGY",2015,1,0,,,1,,,TRUE
"ASSISTANT DISTRICT ATTORNEY",2014,572,452,125146,58500,1024,0.467454013711984,66646,FALSE
"ASSISTANT DISTRICT ATTORNEY",2015,583,455,130730,63300,1038,0.484204084754838,67430,FALSE
"ASSISTANT DISTRICT ATTORNEY",2016,580,483,133958,63300,1063,0.472536168052673,70658,FALSE
"ASSISTANT DISTRICT ATTORNEY",2017,559,608,139000,65200,1167,0.469064748201439,73800,FALSE
"ASSISTANT DISTRICT ATTORNEY",2018,583,612,136537,63300,1195,0.463610596395116,73237,FALSE
"ASSISTANT DISTRICT ATTORNEY",2019,577,533,145398,72000,1110,0.495192506086741,73398,FALSE
"ASSISTANT DISTRICT ATTORNEY",2020,553,522,146781,72700,1075,0.495295712660358,74081,FALSE
"ASSISTANT DISTRICT ATTORNEY",2021,553,529,146568,73722,1082,0.502988373997053,72846,FALSE
"ASSISTANT DISTRICT ATTORNEY",2022,488,567,160000,76575,1055,0.47859375,83425,FALSE
"ASSISTANT DISTRICT ATTORNEY",2023,460,665,165000,77575,1125,0.470151515151515,87425,FALSE
"ASSISTANT DISTRICT ATTORNEY",2024,459,596,175000,90000,1055,0.514285714285714,85000,FALSE
"ASSISTANT DISTRICT ATTORNEY",2025,454,627,185000,92500,1081,0.5,92500,FALSE
"ASSISTANT DISTRICT MANAGER",2014,3,0,,,3,,,TRUE
"ASSISTANT DISTRICT MANAGER",2015,3,2,,,5,,,TRUE
"ASSISTANT DISTRICT MANAGER",2016,3,4,,,7,,,TRUE
"ASSISTANT DISTRICT MANAGER",2017,3,4,,,7,,,TRUE
"ASSISTANT DISTRICT MANAGER",2018,3,3,,,6,,,TRUE
"ASSISTANT DISTRICT MANAGER",2019,3,4,,,7,,,TRUE
"ASSISTANT DISTRICT MANAGER",2020,3,2,,,5,,,TRUE
"ASSISTANT DISTRICT MANAGER",2021,3,1,,,4,,,TRUE
"ASSISTANT DISTRICT MANAGER",2022,1,1,,,2,,,TRUE
"ASSISTANT DISTRICT MANAGER",2023,1,3,,,4,,,TRUE
"ASSISTANT DISTRICT MANAGER",2024,0,4,,,4,,,TRUE
"ASSISTANT DISTRICT MANAGER",2025,1,1,,,2,,,TRUE
"ASSISTANT ELECTRICAL ENGINEER",2014,41,10,,,51,,,TRUE
"ASSISTANT ELECTRICAL ENGINEER",2015,36,13,,,49,,,TRUE
"ASSISTANT ELECTRICAL ENGINEER",2016,35,10,,,45,,,TRUE
"ASSISTANT ELECTRICAL ENGINEER",2017,31,9,,,40,,,TRUE
"ASSISTANT ELECTRICAL ENGINEER",2018,38,13,,,51,,,TRUE
"ASSISTANT ELECTRICAL ENGINEER",2019,31,21,,,52,,,TRUE
"ASSISTANT ELECTRICAL ENGINEER",2020,29,25,,,54,,,TRUE
"ASSISTANT ELECTRICAL ENGINEER",2021,26,8,,,34,,,TRUE
"ASSISTANT ELECTRICAL ENGINEER",2022,19,8,,,27,,,TRUE
"ASSISTANT ELECTRICAL ENGINEER",2023,18,17,,,35,,,TRUE
"ASSISTANT ELECTRICAL ENGINEER",2024,19,23,,,42,,,TRUE
"ASSISTANT ELECTRICAL ENGINEER",2025,16,19,,,35,,,TRUE
"ASSISTANT ENVIRONMENTAL ENGINEER",2014,9,2,,,11,,,TRUE
"ASSISTANT ENVIRONMENTAL ENGINEER",2015,7,13,,,20,,,TRUE
"ASSISTANT ENVIRONMENTAL ENGINEER",2016,7,2,,,9,,,TRUE
"ASSISTANT ENVIRONMENTAL ENGINEER",2017,9,4,,,13,,,TRUE
"ASSISTANT ENVIRONMENTAL ENGINEER",2018,13,16,,,29,,,TRUE
"ASSISTANT ENVIRONMENTAL ENGINEER",2019,15,12,,,27,,,TRUE
"ASSISTANT ENVIRONMENTAL ENGINEER",2020,12,22,,,34,,,TRUE
"ASSISTANT ENVIRONMENTAL ENGINEER",2021,10,6,,,16,,,TRUE
"ASSISTANT ENVIRONMENTAL ENGINEER",2022,9,4,,,13,,,TRUE
"ASSISTANT ENVIRONMENTAL ENGINEER",2023,9,7,,,16,,,TRUE
"ASSISTANT ENVIRONMENTAL ENGINEER",2024,9,13,,,22,,,TRUE
"ASSISTANT ENVIRONMENTAL ENGINEER",2025,9,16,,,25,,,TRUE
"ASSISTANT EXECUTIVE DIRECTOR",2014,1,0,,,1,,,TRUE
"ASSISTANT EXECUTIVE DIRECTOR",2015,1,0,,,1,,,TRUE
"ASSISTANT EXECUTIVE DIRECTOR",2016,3,1,,,4,,,TRUE
"ASSISTANT EXECUTIVE DIRECTOR",2017,2,2,,,4,,,TRUE
"ASSISTANT EXECUTIVE DIRECTOR",2018,2,0,,,2,,,TRUE
"ASSISTANT EXECUTIVE DIRECTOR",2019,3,0,,,3,,,TRUE
"ASSISTANT EXECUTIVE DIRECTOR",2020,4,1,,,5,,,TRUE
"ASSISTANT EXECUTIVE DIRECTOR",2021,3,2,,,5,,,TRUE
"ASSISTANT EXECUTIVE DIRECTOR",2022,3,4,,,7,,,TRUE
"ASSISTANT EXECUTIVE DIRECTOR",2023,1,5,,,6,,,TRUE
"ASSISTANT EXECUTIVE DIRECTOR",2024,1,5,,,6,,,TRUE
"ASSISTANT EXECUTIVE DIRECTOR",2025,1,3,,,4,,,TRUE
"ASSISTANT EXECUTIVE SECRETARY",2024,0,1,,,1,,,TRUE
"ASSISTANT HIGHWAY TRANSPORTATION SPECIALIST",2014,2,9,,,11,,,TRUE
"ASSISTANT HIGHWAY TRANSPORTATION SPECIALIST",2015,0,17,,,17,,,TRUE
"ASSISTANT HIGHWAY TRANSPORTATION SPECIALIST",2016,0,26,,,26,,,TRUE
"ASSISTANT HIGHWAY TRANSPORTATION SPECIALIST",2017,0,46,,,46,,,TRUE
"ASSISTANT HIGHWAY TRANSPORTATION SPECIALIST",2018,2,27,,,29,,,TRUE
"ASSISTANT HIGHWAY TRANSPORTATION SPECIALIST",2019,2,29,,,31,,,TRUE
"ASSISTANT HOUSEKEEPER",2014,1,0,,,1,,,TRUE
"ASSISTANT HOUSING MANAGER",2014,161,0,,,161,,,TRUE
"ASSISTANT HOUSING MANAGER",2015,166,0,,,166,,,TRUE
"ASSISTANT HOUSING MANAGER",2016,165,0,,,165,,,TRUE
"ASSISTANT HOUSING MANAGER",2017,154,0,,,154,,,TRUE
"ASSISTANT HOUSING MANAGER",2018,159,0,,,159,,,TRUE
"ASSISTANT HOUSING MANAGER",2019,156,1,,,157,,,TRUE
"ASSISTANT HOUSING MANAGER",2020,154,0,,,154,,,TRUE
"ASSISTANT HOUSING MANAGER",2021,156,0,,,156,,,TRUE
"ASSISTANT HOUSING MANAGER",2022,144,1,,,145,,,TRUE
"ASSISTANT HOUSING MANAGER",2023,139,3,,,142,,,TRUE
"ASSISTANT HOUSING MANAGER",2024,131,0,,,131,,,TRUE
"ASSISTANT HOUSING MANAGER",2025,132,0,,,132,,,TRUE
"ASSISTANT LANDSCAPE ARCHITECT",2014,10,10,,,20,,,TRUE
"ASSISTANT LANDSCAPE ARCHITECT",2015,8,15,,,23,,,TRUE
"ASSISTANT LANDSCAPE ARCHITECT",2016,8,20,,,28,,,TRUE
"ASSISTANT LANDSCAPE ARCHITECT",2017,8,14,,,22,,,TRUE
"ASSISTANT LANDSCAPE ARCHITECT",2018,8,13,,,21,,,TRUE
"ASSISTANT LANDSCAPE ARCHITECT",2019,5,16,,,21,,,TRUE
"ASSISTANT LANDSCAPE ARCHITECT",2020,5,9,,,14,,,TRUE
"ASSISTANT LANDSCAPE ARCHITECT",2021,4,7,,,11,,,TRUE
"ASSISTANT LANDSCAPE ARCHITECT",2022,3,4,,,7,,,TRUE
"ASSISTANT LANDSCAPE ARCHITECT",2023,5,8,,,13,,,TRUE
"ASSISTANT LANDSCAPE ARCHITECT",2024,5,9,,,14,,,TRUE
"ASSISTANT LANDSCAPE ARCHITECT",2025,4,11,,,15,,,TRUE
"ASSISTANT LAUNDRY SUPERVISOR",2014,1,0,,,1,,,TRUE
"ASSISTANT LAUNDRY SUPERVISOR",2015,1,0,,,1,,,TRUE
"ASSISTANT LEGISLATIVE REPRESENTATIVE",2014,0,6,,,6,,,TRUE
"ASSISTANT LEGISLATIVE REPRESENTATIVE",2015,0,3,,,3,,,TRUE
"ASSISTANT LEGISLATIVE REPRESENTATIVE",2016,0,6,,,6,,,TRUE
"ASSISTANT LEGISLATIVE REPRESENTATIVE",2017,0,6,,,6,,,TRUE
"ASSISTANT LEGISLATIVE REPRESENTATIVE",2018,0,2,,,2,,,TRUE
"ASSISTANT LEGISLATIVE REPRESENTATIVE",2019,0,6,,,6,,,TRUE
"ASSISTANT LEGISLATIVE REPRESENTATIVE",2020,0,5,,,5,,,TRUE
"ASSISTANT LEGISLATIVE REPRESENTATIVE",2021,0,3,,,3,,,TRUE
"ASSISTANT LEGISLATIVE REPRESENTATIVE",2022,0,3,,,3,,,TRUE
"ASSISTANT LEGISLATIVE REPRESENTATIVE",2023,0,5,,,5,,,TRUE
"ASSISTANT LEGISLATIVE REPRESENTATIVE",2024,0,3,,,3,,,TRUE
"ASSISTANT LEGISLATIVE REPRESENTATIVE",2025,0,3,,,3,,,TRUE
"ASSISTANT MECHANICAL ENGINEER",2014,51,8,,,59,,,TRUE
"ASSISTANT MECHANICAL ENGINEER",2015,44,10,,,54,,,TRUE
"ASSISTANT MECHANICAL ENGINEER",2016,34,26,,,60,,,TRUE
"ASSISTANT MECHANICAL ENGINEER",2017,34,18,,,52,,,TRUE
"ASSISTANT MECHANICAL ENGINEER",2018,44,19,,,63,,,TRUE
"ASSISTANT MECHANICAL ENGINEER",2019,44,23,,,67,,,TRUE
"ASSISTANT MECHANICAL ENGINEER",2020,38,28,,,66,,,TRUE
"ASSISTANT MECHANICAL ENGINEER",2021,37,13,,,50,,,TRUE
"ASSISTANT MECHANICAL ENGINEER",2022,31,21,,,52,,,TRUE
"ASSISTANT MECHANICAL ENGINEER",2023,24,30,,,54,,,TRUE
"ASSISTANT MECHANICAL ENGINEER",2024,21,31,,,52,,,TRUE
"ASSISTANT MECHANICAL ENGINEER",2025,24,21,,,45,,,TRUE
"ASSISTANT MEDIA SERVICES TECHNICAN",2015,0,1,,,1,,,TRUE
"ASSISTANT MEDIA SERVICES TECHNICAN",2016,0,2,,,2,,,TRUE
"ASSISTANT MEDIA SERVICES TECHNICAN",2019,0,4,,,4,,,TRUE
"ASSISTANT MEDIA SERVICES TECHNICAN",2020,0,2,,,2,,,TRUE
"ASSISTANT MEDIA SERVICES TECHNICAN",2021,0,3,,,3,,,TRUE
"ASSISTANT MEDIA SERVICES TECHNICAN",2022,0,2,,,2,,,TRUE
"ASSISTANT PLAN EXAMINER",2014,12,1,,,13,,,TRUE
"ASSISTANT PLAN EXAMINER",2015,11,2,,,13,,,TRUE
"ASSISTANT PLAN EXAMINER",2016,13,63,,,76,,,TRUE
"ASSISTANT PLAN EXAMINER",2017,15,123,,,138,,,TRUE
"ASSISTANT PLAN EXAMINER",2018,14,74,,,88,,,TRUE
"ASSISTANT PLAN EXAMINER",2019,15,34,,,49,,,TRUE
"ASSISTANT PLAN EXAMINER",2020,17,27,,,44,,,TRUE
"ASSISTANT PLAN EXAMINER",2021,17,11,,,28,,,TRUE
"ASSISTANT PLAN EXAMINER",2022,14,29,,,43,,,TRUE
"ASSISTANT PLAN EXAMINER",2023,14,63,,,77,,,TRUE
"ASSISTANT PLAN EXAMINER",2024,14,37,,,51,,,TRUE
"ASSISTANT PLAN EXAMINER",2025,13,14,,,27,,,TRUE
"ASSISTANT PRINCIPAL",2014,2839,6,,,2845,,,TRUE
"ASSISTANT PRINCIPAL",2015,2796,8,,,2804,,,TRUE
"ASSISTANT PRINCIPAL",2016,2876,6,,,2882,,,TRUE
"ASSISTANT PRINCIPAL",2017,2978,4,,,2982,,,TRUE
"ASSISTANT PRINCIPAL",2018,3048,6,,,3054,,,TRUE
"ASSISTANT PRINCIPAL",2019,3110,5,,,3115,,,TRUE
"ASSISTANT PRINCIPAL",2020,3057,2,,,3059,,,TRUE
"ASSISTANT PRINCIPAL",2021,3053,5,,,3058,,,TRUE
"ASSISTANT PRINCIPAL",2022,3068,6,,,3074,,,TRUE
"ASSISTANT PRINCIPAL",2023,3054,8,,,3062,,,TRUE
"ASSISTANT PRINCIPAL",2024,3124,11,,,3135,,,TRUE
"ASSISTANT PRINCIPAL",2025,3164,7,,,3171,,,TRUE
"ASSISTANT PRINCIPAL ADMIN",2020,1,1,,,2,,,TRUE
"ASSISTANT PRINCIPAL ADMIN",2021,0,1,,,1,,,TRUE
"ASSISTANT PRINCIPAL ADMIN",2022,0,1,,,1,,,TRUE
"ASSISTANT PRINCIPAL ASSIGNED",2014,14,0,,,14,,,TRUE
"ASSISTANT PRINCIPAL ASSIGNED",2015,8,0,,,8,,,TRUE
"ASSISTANT PRINCIPAL ASSIGNED",2016,7,0,,,7,,,TRUE
"ASSISTANT PRINCIPAL ASSIGNED",2017,7,0,,,7,,,TRUE
"ASSISTANT PRINCIPAL ASSIGNED",2018,5,0,,,5,,,TRUE
"ASSISTANT PRINCIPAL ASSIGNED",2019,3,0,,,3,,,TRUE
"ASSISTANT PRINCIPAL ASSIGNED",2020,7,0,,,7,,,TRUE
"ASSISTANT PRINCIPAL ASSIGNED",2021,10,0,,,10,,,TRUE
"ASSISTANT PRINCIPAL ASSIGNED",2022,11,0,,,11,,,TRUE
"ASSISTANT PRINCIPAL ASSIGNED",2023,23,0,,,23,,,TRUE
"ASSISTANT PRINCIPAL ASSIGNED",2024,31,0,,,31,,,TRUE
"ASSISTANT PRINCIPAL ASSIGNED",2025,29,0,,,29,,,TRUE
"ASSISTANT PRINCIPAL CUSTODIAL SUPERVISOR",2014,3,1,,,4,,,TRUE
"ASSISTANT PRINCIPAL CUSTODIAL SUPERVISOR",2015,2,0,,,2,,,TRUE
"ASSISTANT PRINCIPAL CUSTODIAL SUPERVISOR",2016,2,0,,,2,,,TRUE
"ASSISTANT PRINCIPAL CUSTODIAL SUPERVISOR",2017,2,1,,,3,,,TRUE
"ASSISTANT PRINCIPAL CUSTODIAL SUPERVISOR",2018,3,1,,,4,,,TRUE
"ASSISTANT PRINCIPAL CUSTODIAL SUPERVISOR",2019,3,0,,,3,,,TRUE
"ASSISTANT PRINCIPAL CUSTODIAL SUPERVISOR",2020,2,0,,,2,,,TRUE
"ASSISTANT PRINCIPAL CUSTODIAL SUPERVISOR",2021,2,0,,,2,,,TRUE
"ASSISTANT PRINCIPAL CUSTODIAL SUPERVISOR",2022,3,0,,,3,,,TRUE
"ASSISTANT PRINCIPAL CUSTODIAL SUPERVISOR",2023,4,0,,,4,,,TRUE
"ASSISTANT PRINCIPAL CUSTODIAL SUPERVISOR",2024,2,0,,,2,,,TRUE
"ASSISTANT PRINCIPAL CUSTODIAL SUPERVISOR",2025,1,0,,,1,,,TRUE
"ASSISTANT PRINTING PRESS OPERATOR",2014,8,1,,,9,,,TRUE
"ASSISTANT PRINTING PRESS OPERATOR",2015,7,3,,,10,,,TRUE
"ASSISTANT PRINTING PRESS OPERATOR",2016,7,1,,,8,,,TRUE
"ASSISTANT PRINTING PRESS OPERATOR",2017,7,1,,,8,,,TRUE
"ASSISTANT PRINTING PRESS OPERATOR",2018,8,0,,,8,,,TRUE
"ASSISTANT PRINTING PRESS OPERATOR",2019,8,0,,,8,,,TRUE
"ASSISTANT PRINTING PRESS OPERATOR",2020,7,0,,,7,,,TRUE
"ASSISTANT PRINTING PRESS OPERATOR",2021,7,1,,,8,,,TRUE
"ASSISTANT PRINTING PRESS OPERATOR",2022,6,3,,,9,,,TRUE
"ASSISTANT PRINTING PRESS OPERATOR",2023,5,2,,,7,,,TRUE
"ASSISTANT PRINTING PRESS OPERATOR",2024,6,0,,,6,,,TRUE
"ASSISTANT PRINTING PRESS OPERATOR",2025,8,0,,,8,,,TRUE
"ASSISTANT PROFESSOR",2014,185,207,74133,64956,392,0.876208975759783,9177,FALSE
"ASSISTANT PROFESSOR",2015,195,230,74133,64956,425,0.876208975759783,9177,FALSE
"ASSISTANT PROFESSOR",2016,179,207,76395,64956,386,0.850265069703515,11439,FALSE
"ASSISTANT PROFESSOR",2017,181,154,84354,71723,335,0.850261991132608,12631,FALSE
"ASSISTANT PROFESSOR",2018,172,153,84354,71723,325,0.850261991132608,12631,FALSE
"ASSISTANT PROFESSOR",2019,155,160,90149,71723,315,0.795605053855284,18426,FALSE
"ASSISTANT PROFESSOR",2020,132,118,93791,76382.5,250,0.814390506551801,17408.5,FALSE
"ASSISTANT PROFESSOR",2021,125,61,93791,78144,186,0.833171626275442,15647,FALSE
"ASSISTANT PROFESSOR",2022,127,28,,,155,,,TRUE
"ASSISTANT PROFESSOR",2023,133,39,99532,82928,172,0.833179279025841,16604,FALSE
"ASSISTANT PROFESSOR",2024,123,47,99532,82928,170,0.833179279025841,16604,FALSE
"ASSISTANT PROFESSOR",2025,124,49,99532,82928,173,0.833179279025841,16604,FALSE
"ASSISTANT PURCHASING AGENT",2014,1,1,,,2,,,TRUE
"ASSISTANT PURCHASING AGENT",2015,2,0,,,2,,,TRUE
"ASSISTANT PURCHASING AGENT",2016,2,2,,,4,,,TRUE
"ASSISTANT PURCHASING AGENT",2017,2,2,,,4,,,TRUE
"ASSISTANT PURCHASING AGENT",2018,1,1,,,2,,,TRUE
"ASSISTANT PURCHASING AGENT",2020,0,2,,,2,,,TRUE
"ASSISTANT PURCHASING AGENT",2021,0,2,,,2,,,TRUE
"ASSISTANT PURCHASING AGENT",2022,0,1,,,1,,,TRUE
"ASSISTANT RESIDENT BUILDING SUPT",2014,212,1,,,213,,,TRUE
"ASSISTANT RESIDENT BUILDING SUPT",2015,203,0,,,203,,,TRUE
"ASSISTANT RESIDENT BUILDING SUPT",2016,195,0,,,195,,,TRUE
"ASSISTANT RESIDENT BUILDING SUPT",2017,189,0,,,189,,,TRUE
"ASSISTANT RESIDENT BUILDING SUPT",2018,176,0,,,176,,,TRUE
"ASSISTANT RESIDENT BUILDING SUPT",2019,182,0,,,182,,,TRUE
"ASSISTANT RESIDENT BUILDING SUPT",2020,172,0,,,172,,,TRUE
"ASSISTANT RESIDENT BUILDING SUPT",2021,171,1,,,172,,,TRUE
"ASSISTANT RESIDENT BUILDING SUPT",2022,166,2,,,168,,,TRUE
"ASSISTANT RESIDENT BUILDING SUPT",2023,154,3,,,157,,,TRUE
"ASSISTANT RESIDENT BUILDING SUPT",2024,146,4,,,150,,,TRUE
"ASSISTANT RESIDENT BUILDING SUPT",2025,142,2,,,144,,,TRUE
"ASSISTANT RETIREMENT BENEFITS EXAMINER",2014,46,12,,,58,,,TRUE
"ASSISTANT RETIREMENT BENEFITS EXAMINER",2015,40,22,,,62,,,TRUE
"ASSISTANT RETIREMENT BENEFITS EXAMINER",2016,42,36,49675.5,39331,78,0.791758512747733,10344.5,FALSE
"ASSISTANT RETIREMENT BENEFITS EXAMINER",2017,37,30,50760,42325.5,67,0.833835697399527,8434.5,FALSE
"ASSISTANT RETIREMENT BENEFITS EXAMINER",2018,27,28,,,55,,,TRUE
"ASSISTANT RETIREMENT BENEFITS EXAMINER",2019,23,29,,,52,,,TRUE
"ASSISTANT RETIREMENT BENEFITS EXAMINER",2020,23,26,,,49,,,TRUE
"ASSISTANT RETIREMENT BENEFITS EXAMINER",2021,17,25,,,42,,,TRUE
"ASSISTANT RETIREMENT BENEFITS EXAMINER",2022,8,51,,,59,,,TRUE
"ASSISTANT RETIREMENT BENEFITS EXAMINER",2023,5,70,,,75,,,TRUE
"ASSISTANT RETIREMENT BENEFITS EXAMINER",2024,4,80,,,84,,,TRUE
"ASSISTANT RETIREMENT BENEFITS EXAMINER",2025,3,68,,,71,,,TRUE
"ASSISTANT SECRETARY TO THE COMPTROLLER",2014,0,2,,,2,,,TRUE
"ASSISTANT SECRETARY TO THE COMPTROLLER",2015,0,2,,,2,,,TRUE
"ASSISTANT SECRETARY TO THE COMPTROLLER",2018,0,1,,,1,,,TRUE
"ASSISTANT SECRETARY TO THE COMPTROLLER",2019,0,1,,,1,,,TRUE
"ASSISTANT SERGEANT AT ARMS",2014,4,0,,,4,,,TRUE
"ASSISTANT SERGEANT AT ARMS",2015,2,2,,,4,,,TRUE
"ASSISTANT SERGEANT AT ARMS",2016,2,4,,,6,,,TRUE
"ASSISTANT SERGEANT AT ARMS",2017,0,8,,,8,,,TRUE
"ASSISTANT SERGEANT AT ARMS",2018,1,5,,,6,,,TRUE
"ASSISTANT SERGEANT AT ARMS",2019,1,4,,,5,,,TRUE
"ASSISTANT SERGEANT AT ARMS",2020,1,6,,,7,,,TRUE
"ASSISTANT SERGEANT AT ARMS",2021,1,2,,,3,,,TRUE
"ASSISTANT SERGEANT AT ARMS",2022,0,1,,,1,,,TRUE
"ASSISTANT SERGEANT AT ARMS",2023,0,5,,,5,,,TRUE
"ASSISTANT SERGEANT AT ARMS",2024,0,6,,,6,,,TRUE
"ASSISTANT SERGEANT AT ARMS",2025,0,7,,,7,,,TRUE
"ASSISTANT SUPERINTENDENT",2014,139,3,,,142,,,TRUE
"ASSISTANT SUPERINTENDENT",2015,148,1,,,149,,,TRUE
"ASSISTANT SUPERINTENDENT",2016,167,2,,,169,,,TRUE
"ASSISTANT SUPERINTENDENT",2017,179,3,,,182,,,TRUE
"ASSISTANT SUPERINTENDENT",2018,182,4,,,186,,,TRUE
"ASSISTANT SUPERINTENDENT",2019,188,3,,,191,,,TRUE
"ASSISTANT SUPERINTENDENT",2020,192,4,,,196,,,TRUE
"ASSISTANT SUPERINTENDENT",2021,188,3,,,191,,,TRUE
"ASSISTANT SUPERINTENDENT",2022,179,0,,,179,,,TRUE
"ASSISTANT SUPERINTENDENT",2023,205,0,,,205,,,TRUE
"ASSISTANT SUPERINTENDENT",2024,198,0,,,198,,,TRUE
"ASSISTANT SUPERINTENDENT",2025,189,0,,,189,,,TRUE
"ASSISTANT SUPERINTENDENT OF WELFARE SHELTERS",2014,54,0,,,54,,,TRUE
"ASSISTANT SUPERINTENDENT OF WELFARE SHELTERS",2015,58,1,,,59,,,TRUE
"ASSISTANT SUPERINTENDENT OF WELFARE SHELTERS",2016,53,9,,,62,,,TRUE
"ASSISTANT SUPERINTENDENT OF WELFARE SHELTERS",2017,53,14,,,67,,,TRUE
"ASSISTANT SUPERINTENDENT OF WELFARE SHELTERS",2018,53,11,,,64,,,TRUE
"ASSISTANT SUPERINTENDENT OF WELFARE SHELTERS",2019,47,10,,,57,,,TRUE
"ASSISTANT SUPERINTENDENT OF WELFARE SHELTERS",2020,42,8,,,50,,,TRUE
"ASSISTANT SUPERINTENDENT OF WELFARE SHELTERS",2021,41,1,,,42,,,TRUE
"ASSISTANT SUPERINTENDENT OF WELFARE SHELTERS",2022,26,6,,,32,,,TRUE
"ASSISTANT SUPERINTENDENT OF WELFARE SHELTERS",2023,27,7,,,34,,,TRUE
"ASSISTANT SUPERINTENDENT OF WELFARE SHELTERS",2024,25,4,,,29,,,TRUE
"ASSISTANT SUPERINTENDENT OF WELFARE SHELTERS",2025,22,3,,,25,,,TRUE
"ASSISTANT SUPERVISING CHIEF SURGEON",2020,1,0,,,1,,,TRUE
"ASSISTANT SUPERVISING CHIEF SURGEON",2021,1,0,,,1,,,TRUE
"ASSISTANT SUPERVISING CHIEF SURGEON",2022,1,0,,,1,,,TRUE
"ASSISTANT TEACHER",2014,0,12,,,12,,,TRUE
"ASSISTANT TEACHER",2015,0,11,,,11,,,TRUE
"ASSISTANT TEACHER",2016,0,12,,,12,,,TRUE
"ASSISTANT TEACHER",2017,0,11,,,11,,,TRUE
"ASSISTANT TEACHER",2018,0,11,,,11,,,TRUE
"ASSISTANT TEACHER",2019,0,12,,,12,,,TRUE
"ASSISTANT TEACHER",2020,0,11,,,11,,,TRUE
"ASSISTANT TEACHER",2021,0,9,,,9,,,TRUE
"ASSISTANT TEACHER",2022,0,6,,,6,,,TRUE
"ASSISTANT TEACHER",2023,0,7,,,7,,,TRUE
"ASSISTANT TEACHER",2024,0,3,,,3,,,TRUE
"ASSISTANT TEACHER",2025,0,6,,,6,,,TRUE
"ASSISTANT TO COMMISSIONER",2024,0,1,,,1,,,TRUE
"ASSISTANT TO COMMISSIONER",2025,0,1,,,1,,,TRUE
"ASSISTANT TO DEPUTY COMPTROLLER",2019,0,1,,,1,,,TRUE
"ASSISTANT TO DEPUTY COMPTROLLER",2020,0,2,,,2,,,TRUE
"ASSISTANT TO DEPUTY COMPTROLLER",2021,0,1,,,1,,,TRUE
"ASSISTANT TO DEPUTY COMPTROLLER",2022,0,2,,,2,,,TRUE
"ASSISTANT TO DEPUTY COMPTROLLER",2023,0,2,,,2,,,TRUE
"ASSISTANT TO HEO",2014,78,84,61718,43662,162,0.70744353349104,18056,FALSE
"ASSISTANT TO HEO",2015,90,99,58893,41623,189,0.706756320785153,17270,FALSE
"ASSISTANT TO HEO",2016,97,123,58893,41623,220,0.706756320785153,17270,FALSE
"ASSISTANT TO HEO",2017,99,121,62949,45957,220,0.730067197254921,16992,FALSE
"ASSISTANT TO HEO",2018,76,127,71268,45957,203,0.644847617444014,25311,FALSE
"ASSISTANT TO HEO",2019,44,143,77121,51153,187,0.663282374450539,25968,FALSE
"ASSISTANT TO HEO",2020,38,109,80237,50158,147,0.625123072896544,30079,FALSE
"ASSISTANT TO HEO",2021,39,63,80237,47814,102,0.595909617757394,32423,FALSE
"ASSISTANT TO HEO",2022,36,57,84478,50745,93,0.600688936764601,33733,FALSE
"ASSISTANT TO HEO",2023,40,90,83950,54268,130,0.646432400238237,29682,FALSE
"ASSISTANT TO HEO",2024,53,80,79726,60394,133,0.757519504302235,19332,FALSE
"ASSISTANT TO HEO",2025,65,85,79726,57517,150,0.721433409427289,22209,FALSE
"ASSISTANT TO POLICE COMMISSIONOR",2014,0,1,,,1,,,TRUE
"ASSISTANT TO POLICE COMMISSIONOR",2015,0,1,,,1,,,TRUE
"ASSISTANT TO POLICE COMMISSIONOR",2018,0,1,,,1,,,TRUE
"ASSISTANT TO POLICE COMMISSIONOR",2019,0,1,,,1,,,TRUE
"ASSISTANT TO POLICE COMMISSIONOR",2022,0,1,,,1,,,TRUE
"ASSISTANT TO POLICE COMMISSIONOR",2023,0,1,,,1,,,TRUE
"ASSISTANT TO POLICE COMMISSIONOR",2024,0,1,,,1,,,TRUE
"ASSISTANT TO THE CHAIRMAN",2016,0,1,,,1,,,TRUE
"ASSISTANT TO THE CHAIRMAN",2018,0,1,,,1,,,TRUE
"ASSISTANT TO THE CHAIRMAN",2019,0,1,,,1,,,TRUE
"ASSISTANT TO THE COMMISSIONER",2018,0,1,,,1,,,TRUE
"ASSISTANT TO THE COMMISSIONER",2021,0,1,,,1,,,TRUE
"ASSISTANT TO THE COMMISSIONER",2022,0,1,,,1,,,TRUE
"ASSISTANT TO THE COMMISSIONER",2023,0,2,,,2,,,TRUE
"ASSISTANT TO THE COMMISSIONER",2024,0,1,,,1,,,TRUE
"ASSISTANT TO THE COMMISSIONER OF PARKS AND RECREATION",2023,1,0,,,1,,,TRUE
"ASSISTANT TO THE COMMISSIONER OF PARKS AND RECREATION",2024,1,0,,,1,,,TRUE
"ASSISTANT TO THE COMMISSIONER OF PARKS AND RECREATION",2025,1,0,,,1,,,TRUE
"ASSISTANT TO THE COMPTROLLER",2014,0,1,,,1,,,TRUE
"ASSISTANT TO THE COMPTROLLER",2015,0,1,,,1,,,TRUE
"ASSISTANT TO THE COMPTROLLER",2017,0,1,,,1,,,TRUE
"ASSISTANT TO THE COMPTROLLER",2018,0,1,,,1,,,TRUE
"ASSISTANT TO THE COMPTROLLER",2020,0,1,,,1,,,TRUE
"ASSISTANT TO THE COMPTROLLER",2021,0,1,,,1,,,TRUE
"ASSISTANT TO THE COMPTROLLER",2022,0,2,,,2,,,TRUE
"ASSISTANT TO THE COMPTROLLER",2023,0,2,,,2,,,TRUE
"ASSISTANT TO THE DEPUTY COMMISSIONER",2016,1,0,,,1,,,TRUE
"ASSISTANT TO THE DEPUTY COMMISSIONER",2017,1,0,,,1,,,TRUE
"ASSISTANT TO THE DEPUTY COMMISSIONER",2018,1,0,,,1,,,TRUE
"ASSISTANT TO THE DEPUTY COMMISSIONER",2022,1,0,,,1,,,TRUE
"ASSISTANT TO THE DEPUTY COMMISSIONER",2023,1,0,,,1,,,TRUE
"ASSISTANT TO THE DEPUTY COMMISSIONER",2024,1,0,,,1,,,TRUE
"ASSISTANT TO THE DEPUTY COMMISSIONER",2025,1,0,,,1,,,TRUE
"ASSISTANT TO THE DEPUTY MAYOR",2014,0,9,,,9,,,TRUE
"ASSISTANT TO THE DEPUTY MAYOR",2015,0,9,,,9,,,TRUE
"ASSISTANT TO THE DEPUTY MAYOR",2016,0,2,,,2,,,TRUE
"ASSISTANT TO THE DEPUTY MAYOR",2018,0,3,,,3,,,TRUE
"ASSISTANT TO THE DEPUTY MAYOR",2019,0,4,,,4,,,TRUE
"ASSISTANT TO THE DEPUTY MAYOR",2020,0,2,,,2,,,TRUE
"ASSISTANT TO THE DEPUTY MAYOR",2021,0,6,,,6,,,TRUE
"ASSISTANT TO THE DEPUTY MAYOR",2022,0,8,,,8,,,TRUE
"ASSISTANT TO THE DEPUTY MAYOR",2023,0,4,,,4,,,TRUE
"ASSISTANT TO THE DEPUTY MAYOR",2024,0,2,,,2,,,TRUE
"ASSISTANT TO THE DEPUTY MAYOR",2025,0,4,,,4,,,TRUE
"ASSISTANT TO THE MAYOR",2014,0,5,,,5,,,TRUE
"ASSISTANT TO THE MAYOR",2015,0,4,,,4,,,TRUE
"ASSISTANT TO THE MAYOR",2016,0,1,,,1,,,TRUE
"ASSISTANT TO THE MAYOR",2021,0,1,,,1,,,TRUE
"ASSISTANT TO THE MAYOR",2022,0,2,,,2,,,TRUE
"ASSISTANT TO THE MAYOR",2023,0,1,,,1,,,TRUE
"ASSISTANT TO THE PRESIDENT",2014,2,8,,,10,,,TRUE
"ASSISTANT TO THE PRESIDENT",2015,2,13,,,15,,,TRUE
"ASSISTANT TO THE PRESIDENT",2016,2,14,,,16,,,TRUE
"ASSISTANT TO THE PRESIDENT",2017,2,9,,,11,,,TRUE
"ASSISTANT TO THE PRESIDENT",2018,3,6,,,9,,,TRUE
"ASSISTANT TO THE PRESIDENT",2019,3,4,,,7,,,TRUE
"ASSISTANT TO THE PRESIDENT",2020,4,5,,,9,,,TRUE
"ASSISTANT TO THE PRESIDENT",2021,4,2,,,6,,,TRUE
"ASSISTANT TO THE PRESIDENT",2022,2,20,,,22,,,TRUE
"ASSISTANT TO THE PRESIDENT",2023,2,26,,,28,,,TRUE
"ASSISTANT TO THE PRESIDENT",2024,2,8,,,10,,,TRUE
"ASSISTANT TO THE PRESIDENT",2025,2,11,,,13,,,TRUE
"ASSISTANT TO THE PUBLIC ADVOCATE",2014,0,11,,,11,,,TRUE
"ASSISTANT TO THE PUBLIC ADVOCATE",2015,0,19,,,19,,,TRUE
"ASSISTANT TO THE PUBLIC ADVOCATE",2016,0,11,,,11,,,TRUE
"ASSISTANT TO THE PUBLIC ADVOCATE",2017,0,10,,,10,,,TRUE
"ASSISTANT TO THE PUBLIC ADVOCATE",2018,0,9,,,9,,,TRUE
"ASSISTANT TO THE PUBLIC ADVOCATE",2019,0,5,,,5,,,TRUE
"ASSISTANT TO THE PUBLIC ADVOCATE",2020,0,28,,,28,,,TRUE
"ASSISTANT TO THE PUBLIC ADVOCATE",2021,0,18,,,18,,,TRUE
"ASSISTANT TO THE PUBLIC ADVOCATE",2022,0,11,,,11,,,TRUE
"ASSISTANT TO THE PUBLIC ADVOCATE",2023,0,17,,,17,,,TRUE
"ASSISTANT TO THE PUBLIC ADVOCATE",2024,0,12,,,12,,,TRUE
"ASSISTANT TO THE PUBLIC ADVOCATE",2025,0,5,,,5,,,TRUE
"ASSISTANT TRANSPORTATION SPECIALIST",2020,3,20,,,23,,,TRUE
"ASSISTANT TRANSPORTATION SPECIALIST",2021,3,2,,,5,,,TRUE
"ASSISTANT TRANSPORTATION SPECIALIST",2022,4,1,,,5,,,TRUE
"ASSISTANT TRANSPORTATION SPECIALIST",2023,5,3,,,8,,,TRUE
"ASSISTANT TRANSPORTATION SPECIALIST",2024,5,2,,,7,,,TRUE
"ASSISTANT TRANSPORTATION SPECIALIST",2025,3,1,,,4,,,TRUE
"ASSISTANT URBAN DESIGNER",2014,0,3,,,3,,,TRUE
"ASSISTANT URBAN DESIGNER",2015,0,4,,,4,,,TRUE
"ASSISTANT URBAN DESIGNER",2016,0,7,,,7,,,TRUE
"ASSISTANT URBAN DESIGNER",2017,0,16,,,16,,,TRUE
"ASSISTANT URBAN DESIGNER",2018,0,8,,,8,,,TRUE
"ASSISTANT URBAN DESIGNER",2019,0,10,,,10,,,TRUE
"ASSISTANT URBAN DESIGNER",2020,0,7,,,7,,,TRUE
"ASSISTANT URBAN DESIGNER",2021,0,4,,,4,,,TRUE
"ASSISTANT URBAN DESIGNER",2022,0,9,,,9,,,TRUE
"ASSISTANT URBAN DESIGNER",2023,0,6,,,6,,,TRUE
"ASSISTANT URBAN DESIGNER",2024,0,1,,,1,,,TRUE
"ASSISTANT URBAN DESIGNER",2025,0,2,,,2,,,TRUE
"ASSISTANT VICE PRESIDENT",2014,2,3,,,5,,,TRUE
"ASSISTANT VICE PRESIDENT",2015,3,3,,,6,,,TRUE
"ASSISTANT VICE PRESIDENT",2016,3,2,,,5,,,TRUE
"ASSISTANT VICE PRESIDENT",2017,6,1,,,7,,,TRUE
"ASSISTANT VICE PRESIDENT",2018,6,0,,,6,,,TRUE
"ASSISTANT VICE PRESIDENT",2019,6,3,,,9,,,TRUE
"ASSISTANT VICE PRESIDENT",2020,4,2,,,6,,,TRUE
"ASSISTANT VICE PRESIDENT",2021,4,0,,,4,,,TRUE
"ASSISTANT VICE PRESIDENT",2022,3,1,,,4,,,TRUE
"ASSISTANT VICE PRESIDENT",2023,4,4,,,8,,,TRUE
"ASSISTANT VICE PRESIDENT",2024,6,7,,,13,,,TRUE
"ASSISTANT VICE PRESIDENT",2025,4,4,,,8,,,TRUE
"ASSOC COMMISSIONER FOR PLANNING REVIEW AND EVALUATION",2023,0,1,,,1,,,TRUE
"ASSOC COMMISSIONER FOR PLANNING REVIEW AND EVALUATION",2024,0,1,,,1,,,TRUE
"ASSOC INSPECTOR",2014,5,0,,,5,,,TRUE
"ASSOC INSPECTOR",2015,5,0,,,5,,,TRUE
"ASSOC INSPECTOR",2016,5,0,,,5,,,TRUE
"ASSOC INSPECTOR",2017,5,0,,,5,,,TRUE
"ASSOC INSPECTOR",2018,5,0,,,5,,,TRUE
"ASSOC INSPECTOR",2019,3,1,,,4,,,TRUE
"ASSOC INSPECTOR",2020,1,0,,,1,,,TRUE
"ASSOC INSPECTOR",2021,1,5,,,6,,,TRUE
"ASSOC INSPECTOR",2022,1,3,,,4,,,TRUE
"ASSOC INSPECTOR",2023,1,0,,,1,,,TRUE
"ASSOC INSPECTOR",2024,1,7,,,8,,,TRUE
"ASSOC INSPECTOR",2025,1,14,,,15,,,TRUE
"ASSOC SPVR OF SCHOOL SECURITY",2014,30,0,,,30,,,TRUE
"ASSOC SPVR OF SCHOOL SECURITY",2015,29,0,,,29,,,TRUE
"ASSOC SPVR OF SCHOOL SECURITY",2016,32,0,,,32,,,TRUE
"ASSOC SPVR OF SCHOOL SECURITY",2017,36,0,,,36,,,TRUE
"ASSOC SPVR OF SCHOOL SECURITY",2018,33,0,,,33,,,TRUE
"ASSOC SPVR OF SCHOOL SECURITY",2019,36,0,,,36,,,TRUE
"ASSOC SPVR OF SCHOOL SECURITY",2020,38,0,,,38,,,TRUE
"ASSOC SPVR OF SCHOOL SECURITY",2021,36,0,,,36,,,TRUE
"ASSOC SPVR OF SCHOOL SECURITY",2022,37,0,,,37,,,TRUE
"ASSOC SPVR OF SCHOOL SECURITY",2023,35,0,,,35,,,TRUE
"ASSOC SPVR OF SCHOOL SECURITY",2024,36,0,,,36,,,TRUE
"ASSOC SPVR OF SCHOOL SECURITY",2025,34,0,,,34,,,TRUE
"ASSOC SUPVR OF SCHL SEC",2014,3,0,,,3,,,TRUE
"ASSOC SUPVR OF SCHL SEC",2015,4,0,,,4,,,TRUE
"ASSOC SUPVR OF SCHL SEC",2016,4,0,,,4,,,TRUE
"ASSOC SUPVR OF SCHL SEC",2017,4,0,,,4,,,TRUE
"ASSOC SUPVR OF SCHL SEC",2018,4,0,,,4,,,TRUE
"ASSOC SUPVR OF SCHL SEC",2019,5,0,,,5,,,TRUE
"ASSOC SUPVR OF SCHL SEC",2020,5,0,,,5,,,TRUE
"ASSOC SUPVR OF SCHL SEC",2021,5,0,,,5,,,TRUE
"ASSOC SUPVR OF SCHL SEC",2022,5,0,,,5,,,TRUE
"ASSOC SUPVR OF SCHL SEC",2023,5,0,,,5,,,TRUE
"ASSOC SUPVR OF SCHL SEC",2024,4,0,,,4,,,TRUE
"ASSOC SUPVR OF SCHL SEC",2025,3,0,,,3,,,TRUE
"ASSOC WATER USE INSPECTOR MGRL",2015,1,0,,,1,,,TRUE
"ASSOC WATER USE INSPECTOR MGRL",2016,1,0,,,1,,,TRUE
"ASSOC WATER USE INSPECTOR MGRL",2017,1,0,,,1,,,TRUE
"ASSOC WATER USE INSPECTOR MGRL",2018,1,0,,,1,,,TRUE
"ASSOC WATER USE INSPECTOR MGRL",2019,1,0,,,1,,,TRUE
"ASSOC WATER USE INSPECTOR MGRL",2020,1,0,,,1,,,TRUE
"ASSOC WATER USE INSPECTOR MGRL",2021,1,0,,,1,,,TRUE
"ASSOC WATER USE INSPECTOR MGRL",2022,1,0,,,1,,,TRUE
"ASSOC WATER USE INSPECTOR MGRL",2023,1,0,,,1,,,TRUE
"ASSOC WATER USE INSPECTOR MGRL",2024,1,0,,,1,,,TRUE
"ASSOC WATER USE INSPECTOR MGRL",2025,1,0,,,1,,,TRUE
"ASSOCIATE ADMINISTRATOR",2014,6,1,,,7,,,TRUE
"ASSOCIATE ADMINISTRATOR",2015,5,3,,,8,,,TRUE
"ASSOCIATE ADMINISTRATOR",2016,5,3,,,8,,,TRUE
"ASSOCIATE ADMINISTRATOR",2017,4,2,,,6,,,TRUE
"ASSOCIATE ADMINISTRATOR",2018,4,3,,,7,,,TRUE
"ASSOCIATE ADMINISTRATOR",2019,4,1,,,5,,,TRUE
"ASSOCIATE ADMINISTRATOR",2020,4,1,,,5,,,TRUE
"ASSOCIATE ADMINISTRATOR",2021,3,2,,,5,,,TRUE
"ASSOCIATE ADMINISTRATOR",2022,3,2,,,5,,,TRUE
"ASSOCIATE ADMINISTRATOR",2023,5,5,,,10,,,TRUE
"ASSOCIATE ADMINISTRATOR",2024,6,7,,,13,,,TRUE
"ASSOCIATE ADMINISTRATOR",2025,6,4,,,10,,,TRUE
"ASSOCIATE AIR POLLUTION INSPR",2014,12,0,,,12,,,TRUE
"ASSOCIATE AIR POLLUTION INSPR",2015,12,0,,,12,,,TRUE
"ASSOCIATE AIR POLLUTION INSPR",2016,14,0,,,14,,,TRUE
"ASSOCIATE AIR POLLUTION INSPR",2017,13,0,,,13,,,TRUE
"ASSOCIATE AIR POLLUTION INSPR",2018,9,0,,,9,,,TRUE
"ASSOCIATE AIR POLLUTION INSPR",2019,11,0,,,11,,,TRUE
"ASSOCIATE AIR POLLUTION INSPR",2020,11,0,,,11,,,TRUE
"ASSOCIATE AIR POLLUTION INSPR",2021,11,0,,,11,,,TRUE
"ASSOCIATE AIR POLLUTION INSPR",2022,11,0,,,11,,,TRUE
"ASSOCIATE AIR POLLUTION INSPR",2023,12,0,,,12,,,TRUE
"ASSOCIATE AIR POLLUTION INSPR",2024,9,0,,,9,,,TRUE
"ASSOCIATE AIR POLLUTION INSPR",2025,9,0,,,9,,,TRUE
"ASSOCIATE ARTS PROGRAMS SPECIALIST",2014,2,6,,,8,,,TRUE
"ASSOCIATE ARTS PROGRAMS SPECIALIST",2015,2,4,,,6,,,TRUE
"ASSOCIATE ARTS PROGRAMS SPECIALIST",2016,2,1,,,3,,,TRUE
"ASSOCIATE ARTS PROGRAMS SPECIALIST",2017,3,3,,,6,,,TRUE
"ASSOCIATE ARTS PROGRAMS SPECIALIST",2018,3,3,,,6,,,TRUE
"ASSOCIATE ARTS PROGRAMS SPECIALIST",2019,3,5,,,8,,,TRUE
"ASSOCIATE ARTS PROGRAMS SPECIALIST",2020,2,4,,,6,,,TRUE
"ASSOCIATE ARTS PROGRAMS SPECIALIST",2021,2,3,,,5,,,TRUE
"ASSOCIATE ARTS PROGRAMS SPECIALIST",2022,2,3,,,5,,,TRUE
"ASSOCIATE ARTS PROGRAMS SPECIALIST",2023,2,8,,,10,,,TRUE
"ASSOCIATE ARTS PROGRAMS SPECIALIST",2024,2,6,,,8,,,TRUE
"ASSOCIATE ARTS PROGRAMS SPECIALIST",2025,2,4,,,6,,,TRUE
"ASSOCIATE BENEFITS OPPORTUNITY SPECIALIST",2024,569,2,,,571,,,TRUE
"ASSOCIATE BENEFITS OPPORTUNITY SPECIALIST",2025,568,2,,,570,,,TRUE
"ASSOCIATE CALL CENTER REPRESENTATIVE NON SPVR",2014,17,0,,,17,,,TRUE
"ASSOCIATE CALL CENTER REPRESENTATIVE NON SPVR",2015,23,2,,,25,,,TRUE
"ASSOCIATE CALL CENTER REPRESENTATIVE NON SPVR",2016,34,7,,,41,,,TRUE
"ASSOCIATE CALL CENTER REPRESENTATIVE NON SPVR",2017,29,5,,,34,,,TRUE
"ASSOCIATE CALL CENTER REPRESENTATIVE NON SPVR",2018,33,0,,,33,,,TRUE
"ASSOCIATE CALL CENTER REPRESENTATIVE NON SPVR",2019,36,0,,,36,,,TRUE
"ASSOCIATE CALL CENTER REPRESENTATIVE NON SPVR",2020,38,0,,,38,,,TRUE
"ASSOCIATE CALL CENTER REPRESENTATIVE NON SPVR",2021,39,0,,,39,,,TRUE
"ASSOCIATE CALL CENTER REPRESENTATIVE NON SPVR",2022,36,0,,,36,,,TRUE
"ASSOCIATE CALL CENTER REPRESENTATIVE NON SPVR",2023,43,0,,,43,,,TRUE
"ASSOCIATE CALL CENTER REPRESENTATIVE NON SPVR",2024,30,0,,,30,,,TRUE
"ASSOCIATE CALL CENTER REPRESENTATIVE NON SPVR",2025,31,0,,,31,,,TRUE
"ASSOCIATE CHEMIST",2014,81,8,,,89,,,TRUE
"ASSOCIATE CHEMIST",2015,83,11,,,94,,,TRUE
"ASSOCIATE CHEMIST",2016,88,11,,,99,,,TRUE
"ASSOCIATE CHEMIST",2017,91,11,,,102,,,TRUE
"ASSOCIATE CHEMIST",2018,90,7,,,97,,,TRUE
"ASSOCIATE CHEMIST",2019,98,7,,,105,,,TRUE
"ASSOCIATE CHEMIST",2020,98,21,,,119,,,TRUE
"ASSOCIATE CHEMIST",2021,99,16,,,115,,,TRUE
"ASSOCIATE CHEMIST",2022,85,9,,,94,,,TRUE
"ASSOCIATE CHEMIST",2023,83,11,,,94,,,TRUE
"ASSOCIATE CHEMIST",2024,79,12,,,91,,,TRUE
"ASSOCIATE CHEMIST",2025,79,19,,,98,,,TRUE
"ASSOCIATE CHIEF RACKETS INVESTIGATOR",2014,2,0,,,2,,,TRUE
"ASSOCIATE CHIEF RACKETS INVESTIGATOR",2015,2,0,,,2,,,TRUE
"ASSOCIATE CHIEF RACKETS INVESTIGATOR",2016,2,0,,,2,,,TRUE
"ASSOCIATE CHIEF RACKETS INVESTIGATOR",2017,2,0,,,2,,,TRUE
"ASSOCIATE CHIEF RACKETS INVESTIGATOR",2018,2,0,,,2,,,TRUE
"ASSOCIATE COMMISSIONER",2014,0,1,,,1,,,TRUE
"ASSOCIATE COMMISSIONER",2015,0,1,,,1,,,TRUE
"ASSOCIATE COMMISSIONER",2017,1,0,,,1,,,TRUE
"ASSOCIATE COMMISSIONER",2018,1,0,,,1,,,TRUE
"ASSOCIATE COMMISSIONER",2019,1,0,,,1,,,TRUE
"ASSOCIATE COMMISSIONER",2020,1,1,,,2,,,TRUE
"ASSOCIATE COMMISSIONER",2021,1,1,,,2,,,TRUE
"ASSOCIATE COMMISSIONER",2022,3,0,,,3,,,TRUE
"ASSOCIATE COMMISSIONER",2023,2,3,,,5,,,TRUE
"ASSOCIATE COMMISSIONER",2024,2,5,,,7,,,TRUE
"ASSOCIATE COMMISSIONER",2025,3,3,,,6,,,TRUE
"ASSOCIATE COMMISSIONER FOR ADULT SERVICES",2015,0,1,,,1,,,TRUE
"ASSOCIATE COMMISSIONER FOR ADULT SERVICES",2019,0,1,,,1,,,TRUE
"ASSOCIATE COMMISSIONER FOR ADULT SERVICES",2021,0,1,,,1,,,TRUE
"ASSOCIATE COMMISSIONER FOR ADULT SERVICES",2022,0,1,,,1,,,TRUE
"ASSOCIATE COMMISSIONER FOR ADULT SERVICES",2025,0,1,,,1,,,TRUE
"ASSOCIATE COMMISSIONER FOR EMPLOYMENT SERVICE",2015,0,1,,,1,,,TRUE
"ASSOCIATE COMMISSIONER FOR EMPLOYMENT SERVICE",2016,0,1,,,1,,,TRUE
"ASSOCIATE COMMISSIONER FOR EMPLOYMENT SERVICE",2018,1,0,,,1,,,TRUE
"ASSOCIATE COMMISSIONER FOR EMPLOYMENT SERVICE",2019,1,0,,,1,,,TRUE
"ASSOCIATE COMMISSIONER FOR EMPLOYMENT SERVICE",2020,1,0,,,1,,,TRUE
"ASSOCIATE COMMISSIONER FOR EMPLOYMENT SERVICE",2021,1,0,,,1,,,TRUE
"ASSOCIATE COMMISSIONER FOR EMPLOYMENT SERVICE",2022,1,0,,,1,,,TRUE
"ASSOCIATE COMMISSIONER FOR EMPLOYMENT SERVICE",2023,0,1,,,1,,,TRUE
"ASSOCIATE COMMISSIONER FOR EMPLOYMENT SERVICE",2024,0,1,,,1,,,TRUE
"ASSOCIATE COMMISSIONER FOR MANAGEMENT",2024,0,1,,,1,,,TRUE
"ASSOCIATE COMMISSIONER FOR MANAGEMENT",2025,1,1,,,2,,,TRUE
"ASSOCIATE COMMISSIONER FOR PERSONNEL SERVICE",2020,1,0,,,1,,,TRUE
"ASSOCIATE COMMISSIONER FOR PERSONNEL SERVICE",2021,1,0,,,1,,,TRUE
"ASSOCIATE COMMISSIONER FOR PERSONNEL SERVICE",2022,1,0,,,1,,,TRUE
"ASSOCIATE COMMISSIONER FOR PERSONNEL SERVICE",2023,1,0,,,1,,,TRUE
"ASSOCIATE COMMISSIONER FOR PERSONNEL SERVICE",2024,1,0,,,1,,,TRUE
"ASSOCIATE CONTRACT SPECIALIST",2014,24,13,,,37,,,TRUE
"ASSOCIATE CONTRACT SPECIALIST",2015,30,41,65740,62000,71,0.943109218132035,3740,FALSE
"ASSOCIATE CONTRACT SPECIALIST",2016,36,28,,,64,,,TRUE
"ASSOCIATE CONTRACT SPECIALIST",2017,41,24,,,65,,,TRUE
"ASSOCIATE CONTRACT SPECIALIST",2018,37,19,,,56,,,TRUE
"ASSOCIATE CONTRACT SPECIALIST",2019,19,26,,,45,,,TRUE
"ASSOCIATE CONTRACT SPECIALIST",2020,21,32,,,53,,,TRUE
"ASSOCIATE CONTRACT SPECIALIST",2021,24,19,,,43,,,TRUE
"ASSOCIATE CONTRACT SPECIALIST",2022,19,12,,,31,,,TRUE
"ASSOCIATE CONTRACT SPECIALIST",2023,22,21,,,43,,,TRUE
"ASSOCIATE CONTRACT SPECIALIST",2024,22,20,,,42,,,TRUE
"ASSOCIATE CONTRACT SPECIALIST",2025,22,8,,,30,,,TRUE
"ASSOCIATE CORRECTIONAL COUNSELOR",2014,15,0,,,15,,,TRUE
"ASSOCIATE CORRECTIONAL COUNSELOR",2015,15,0,,,15,,,TRUE
"ASSOCIATE CORRECTIONAL COUNSELOR",2016,13,29,,,42,,,TRUE
"ASSOCIATE CORRECTIONAL COUNSELOR",2017,10,55,,,65,,,TRUE
"ASSOCIATE CORRECTIONAL COUNSELOR",2018,10,40,,,50,,,TRUE
"ASSOCIATE CORRECTIONAL COUNSELOR",2019,9,16,,,25,,,TRUE
"ASSOCIATE CORRECTIONAL COUNSELOR",2020,9,17,,,26,,,TRUE
"ASSOCIATE CORRECTIONAL COUNSELOR",2021,8,12,,,20,,,TRUE
"ASSOCIATE CORRECTIONAL COUNSELOR",2022,8,4,,,12,,,TRUE
"ASSOCIATE CORRECTIONAL COUNSELOR",2023,6,4,,,10,,,TRUE
"ASSOCIATE CORRECTIONAL COUNSELOR",2024,6,7,,,13,,,TRUE
"ASSOCIATE CORRECTIONAL COUNSELOR",2025,6,7,,,13,,,TRUE
"ASSOCIATE COUNSEL",2017,1,0,,,1,,,TRUE
"ASSOCIATE COUNSEL",2018,1,0,,,1,,,TRUE
"ASSOCIATE COUNSEL",2019,0,1,,,1,,,TRUE
"ASSOCIATE COUNSEL",2020,0,1,,,1,,,TRUE
"ASSOCIATE DEAN",2014,9,1,,,10,,,TRUE
"ASSOCIATE DEAN",2015,8,3,,,11,,,TRUE
"ASSOCIATE DEAN",2016,5,4,,,9,,,TRUE
"ASSOCIATE DEAN",2017,5,4,,,9,,,TRUE
"ASSOCIATE DEAN",2018,4,3,,,7,,,TRUE
"ASSOCIATE DEAN",2019,5,2,,,7,,,TRUE
"ASSOCIATE DEAN",2020,4,2,,,6,,,TRUE
"ASSOCIATE DEAN",2021,5,1,,,6,,,TRUE
"ASSOCIATE DEAN",2022,4,0,,,4,,,TRUE
"ASSOCIATE DEAN",2023,5,2,,,7,,,TRUE
"ASSOCIATE DEAN",2024,3,2,,,5,,,TRUE
"ASSOCIATE DEAN",2025,3,0,,,3,,,TRUE
"ASSOCIATE DIRECTOR HEALTH PROGRAM",2014,2,1,,,3,,,TRUE
"ASSOCIATE DIRECTOR HEALTH PROGRAM",2015,2,0,,,2,,,TRUE
"ASSOCIATE DIRECTOR OFFICE OF NEIGHBORHOOD SAFETY",2024,0,2,,,2,,,TRUE
"ASSOCIATE DIRECTOR OFFICE OF NEIGHBORHOOD SAFETY",2025,0,1,,,1,,,TRUE
"ASSOCIATE EDUCATION ANALYST",2014,37,7,,,44,,,TRUE
"ASSOCIATE EDUCATION ANALYST",2015,31,2,,,33,,,TRUE
"ASSOCIATE EDUCATION ANALYST",2016,36,2,,,38,,,TRUE
"ASSOCIATE EDUCATION ANALYST",2017,38,2,,,40,,,TRUE
"ASSOCIATE EDUCATION ANALYST",2018,42,2,,,44,,,TRUE
"ASSOCIATE EDUCATION ANALYST",2019,28,2,,,30,,,TRUE
"ASSOCIATE EDUCATION ANALYST",2020,22,0,,,22,,,TRUE
"ASSOCIATE EDUCATION ANALYST",2021,23,0,,,23,,,TRUE
"ASSOCIATE EDUCATION ANALYST",2022,21,2,,,23,,,TRUE
"ASSOCIATE EDUCATION ANALYST",2023,18,3,,,21,,,TRUE
"ASSOCIATE EDUCATION ANALYST",2024,17,16,,,33,,,TRUE
"ASSOCIATE EDUCATION ANALYST",2025,18,21,,,39,,,TRUE
"ASSOCIATE EDUCATION OFFICER",2014,30,61,76317.5,75828,91,0.993586005830904,489.5,FALSE
"ASSOCIATE EDUCATION OFFICER",2017,23,0,,,23,,,TRUE
"ASSOCIATE EDUCATION OFFICER",2018,34,0,,,34,,,TRUE
"ASSOCIATE EDUCATION OFFICER",2019,33,0,,,33,,,TRUE
"ASSOCIATE EDUCATION OFFICER",2020,28,0,,,28,,,TRUE
"ASSOCIATE EXECUTIVE DIRECTOR",2014,2,1,,,3,,,TRUE
"ASSOCIATE EXECUTIVE DIRECTOR",2015,2,0,,,2,,,TRUE
"ASSOCIATE EXECUTIVE DIRECTOR",2016,2,0,,,2,,,TRUE
"ASSOCIATE EXECUTIVE DIRECTOR",2017,2,0,,,2,,,TRUE
"ASSOCIATE EXECUTIVE DIRECTOR",2021,2,0,,,2,,,TRUE
"ASSOCIATE EXECUTIVE DIRECTOR",2022,1,0,,,1,,,TRUE
"ASSOCIATE EXECUTIVE DIRECTOR",2023,1,0,,,1,,,TRUE
"ASSOCIATE EXECUTIVE DIRECTOR",2024,1,0,,,1,,,TRUE
"ASSOCIATE EXECUTIVE PROGRAM MANAGER",2025,0,1,,,1,,,TRUE
"ASSOCIATE FINGERPRINT TECHNICIAN",2014,22,3,,,25,,,TRUE
"ASSOCIATE FINGERPRINT TECHNICIAN",2015,21,1,,,22,,,TRUE
"ASSOCIATE FINGERPRINT TECHNICIAN",2016,23,1,,,24,,,TRUE
"ASSOCIATE FINGERPRINT TECHNICIAN",2017,24,9,,,33,,,TRUE
"ASSOCIATE FINGERPRINT TECHNICIAN",2018,26,1,,,27,,,TRUE
"ASSOCIATE FINGERPRINT TECHNICIAN",2019,23,7,,,30,,,TRUE
"ASSOCIATE FINGERPRINT TECHNICIAN",2020,19,4,,,23,,,TRUE
"ASSOCIATE FINGERPRINT TECHNICIAN",2021,18,1,,,19,,,TRUE
"ASSOCIATE FINGERPRINT TECHNICIAN",2022,10,0,,,10,,,TRUE
"ASSOCIATE FINGERPRINT TECHNICIAN",2023,7,0,,,7,,,TRUE
"ASSOCIATE FINGERPRINT TECHNICIAN",2024,7,0,,,7,,,TRUE
"ASSOCIATE FINGERPRINT TECHNICIAN",2025,6,0,,,6,,,TRUE
"ASSOCIATE FIRE PROTECTION INSPECTOR",2014,122,0,,,122,,,TRUE
"ASSOCIATE FIRE PROTECTION INSPECTOR",2015,129,0,,,129,,,TRUE
"ASSOCIATE FIRE PROTECTION INSPECTOR",2016,135,0,,,135,,,TRUE
"ASSOCIATE FIRE PROTECTION INSPECTOR",2017,138,0,,,138,,,TRUE
"ASSOCIATE FIRE PROTECTION INSPECTOR",2018,141,0,,,141,,,TRUE
"ASSOCIATE FIRE PROTECTION INSPECTOR",2019,137,0,,,137,,,TRUE
"ASSOCIATE FIRE PROTECTION INSPECTOR",2020,145,5,,,150,,,TRUE
"ASSOCIATE FIRE PROTECTION INSPECTOR",2021,150,5,,,155,,,TRUE
"ASSOCIATE FIRE PROTECTION INSPECTOR",2022,139,0,,,139,,,TRUE
"ASSOCIATE FIRE PROTECTION INSPECTOR",2023,126,0,,,126,,,TRUE
"ASSOCIATE FIRE PROTECTION INSPECTOR",2024,120,1,,,121,,,TRUE
"ASSOCIATE FIRE PROTECTION INSPECTOR",2025,122,1,,,123,,,TRUE
"ASSOCIATE FRAUD INVESTIGATOR",2014,287,8,,,295,,,TRUE
"ASSOCIATE FRAUD INVESTIGATOR",2015,290,12,,,302,,,TRUE
"ASSOCIATE FRAUD INVESTIGATOR",2016,281,10,,,291,,,TRUE
"ASSOCIATE FRAUD INVESTIGATOR",2017,267,5,,,272,,,TRUE
"ASSOCIATE FRAUD INVESTIGATOR",2018,266,4,,,270,,,TRUE
"ASSOCIATE FRAUD INVESTIGATOR",2019,264,13,,,277,,,TRUE
"ASSOCIATE FRAUD INVESTIGATOR",2020,255,11,,,266,,,TRUE
"ASSOCIATE FRAUD INVESTIGATOR",2021,246,5,,,251,,,TRUE
"ASSOCIATE FRAUD INVESTIGATOR",2022,238,4,,,242,,,TRUE
"ASSOCIATE FRAUD INVESTIGATOR",2023,218,3,,,221,,,TRUE
"ASSOCIATE FRAUD INVESTIGATOR",2024,203,2,,,205,,,TRUE
"ASSOCIATE FRAUD INVESTIGATOR",2025,188,4,,,192,,,TRUE
"ASSOCIATE HOUSING DEVELOPMENT SPECIALIST",2014,24,1,,,25,,,TRUE
"ASSOCIATE HOUSING DEVELOPMENT SPECIALIST",2015,19,10,,,29,,,TRUE
"ASSOCIATE HOUSING DEVELOPMENT SPECIALIST",2016,19,3,,,22,,,TRUE
"ASSOCIATE HOUSING DEVELOPMENT SPECIALIST",2017,23,1,,,24,,,TRUE
"ASSOCIATE HOUSING DEVELOPMENT SPECIALIST",2018,25,4,,,29,,,TRUE
"ASSOCIATE HOUSING DEVELOPMENT SPECIALIST",2019,21,7,,,28,,,TRUE
"ASSOCIATE HOUSING DEVELOPMENT SPECIALIST",2020,21,17,,,38,,,TRUE
"ASSOCIATE HOUSING DEVELOPMENT SPECIALIST",2021,20,24,,,44,,,TRUE
"ASSOCIATE HOUSING DEVELOPMENT SPECIALIST",2022,19,32,,,51,,,TRUE
"ASSOCIATE HOUSING DEVELOPMENT SPECIALIST",2023,17,45,,,62,,,TRUE
"ASSOCIATE HOUSING DEVELOPMENT SPECIALIST",2024,15,40,,,55,,,TRUE
"ASSOCIATE HOUSING DEVELOPMENT SPECIALIST",2025,25,24,,,49,,,TRUE
"ASSOCIATE HUMAN RIGHTS SPECIALIST",2014,13,0,,,13,,,TRUE
"ASSOCIATE HUMAN RIGHTS SPECIALIST",2015,12,0,,,12,,,TRUE
"ASSOCIATE HUMAN RIGHTS SPECIALIST",2016,9,4,,,13,,,TRUE
"ASSOCIATE HUMAN RIGHTS SPECIALIST",2017,14,5,,,19,,,TRUE
"ASSOCIATE HUMAN RIGHTS SPECIALIST",2018,11,11,,,22,,,TRUE
"ASSOCIATE HUMAN RIGHTS SPECIALIST",2019,10,8,,,18,,,TRUE
"ASSOCIATE HUMAN RIGHTS SPECIALIST",2020,9,4,,,13,,,TRUE
"ASSOCIATE HUMAN RIGHTS SPECIALIST",2021,9,3,,,12,,,TRUE
"ASSOCIATE HUMAN RIGHTS SPECIALIST",2022,7,2,,,9,,,TRUE
"ASSOCIATE HUMAN RIGHTS SPECIALIST",2023,6,7,,,13,,,TRUE
"ASSOCIATE HUMAN RIGHTS SPECIALIST",2024,4,1,,,5,,,TRUE
"ASSOCIATE HUMAN RIGHTS SPECIALIST",2025,5,0,,,5,,,TRUE
"ASSOCIATE INSPECTOR",2014,177,2,,,179,,,TRUE
"ASSOCIATE INSPECTOR",2015,183,7,,,190,,,TRUE
"ASSOCIATE INSPECTOR",2016,186,11,,,197,,,TRUE
"ASSOCIATE INSPECTOR",2017,197,8,,,205,,,TRUE
"ASSOCIATE INSPECTOR",2018,195,4,,,199,,,TRUE
"ASSOCIATE INSPECTOR",2019,194,3,,,197,,,TRUE
"ASSOCIATE INSPECTOR",2020,111,5,,,116,,,TRUE
"ASSOCIATE INSPECTOR",2021,105,6,,,111,,,TRUE
"ASSOCIATE INSPECTOR",2022,111,8,,,119,,,TRUE
"ASSOCIATE INSPECTOR",2023,114,12,,,126,,,TRUE
"ASSOCIATE INSPECTOR",2024,112,8,,,120,,,TRUE
"ASSOCIATE INSPECTOR",2025,115,2,,,117,,,TRUE
"ASSOCIATE INVESTIGATOR",2014,75,1,,,76,,,TRUE
"ASSOCIATE INVESTIGATOR",2015,77,2,,,79,,,TRUE
"ASSOCIATE INVESTIGATOR",2016,74,7,,,81,,,TRUE
"ASSOCIATE INVESTIGATOR",2017,70,6,,,76,,,TRUE
"ASSOCIATE INVESTIGATOR",2018,71,4,,,75,,,TRUE
"ASSOCIATE INVESTIGATOR",2019,63,9,,,72,,,TRUE
"ASSOCIATE INVESTIGATOR",2020,59,14,,,73,,,TRUE
"ASSOCIATE INVESTIGATOR",2021,59,9,,,68,,,TRUE
"ASSOCIATE INVESTIGATOR",2022,75,4,,,79,,,TRUE
"ASSOCIATE INVESTIGATOR",2023,67,22,,,89,,,TRUE
"ASSOCIATE INVESTIGATOR",2024,59,21,,,80,,,TRUE
"ASSOCIATE INVESTIGATOR",2025,59,12,,,71,,,TRUE
"ASSOCIATE JOB OPPORTUNITY SPECIALIST",2014,708,0,,,708,,,TRUE
"ASSOCIATE JOB OPPORTUNITY SPECIALIST",2015,726,0,,,726,,,TRUE
"ASSOCIATE JOB OPPORTUNITY SPECIALIST",2016,738,3,,,741,,,TRUE
"ASSOCIATE JOB OPPORTUNITY SPECIALIST",2017,723,5,,,728,,,TRUE
"ASSOCIATE JOB OPPORTUNITY SPECIALIST",2018,706,2,,,708,,,TRUE
"ASSOCIATE JOB OPPORTUNITY SPECIALIST",2019,704,1,,,705,,,TRUE
"ASSOCIATE JOB OPPORTUNITY SPECIALIST",2020,697,1,,,698,,,TRUE
"ASSOCIATE JOB OPPORTUNITY SPECIALIST",2021,653,0,,,653,,,TRUE
"ASSOCIATE JOB OPPORTUNITY SPECIALIST",2022,614,1,,,615,,,TRUE
"ASSOCIATE JOB OPPORTUNITY SPECIALIST",2023,571,2,,,573,,,TRUE
"ASSOCIATE JOB OPPORTUNITY SPECIALIST",2025,1,0,,,1,,,TRUE
"ASSOCIATE LABOR RELATIONS ANALYST",2014,4,0,,,4,,,TRUE
"ASSOCIATE LABOR RELATIONS ANALYST",2015,6,0,,,6,,,TRUE
"ASSOCIATE LABOR RELATIONS ANALYST",2016,5,1,,,6,,,TRUE
"ASSOCIATE LABOR RELATIONS ANALYST",2017,9,2,,,11,,,TRUE
"ASSOCIATE LABOR RELATIONS ANALYST",2018,3,3,,,6,,,TRUE
"ASSOCIATE LABOR RELATIONS ANALYST",2019,4,5,,,9,,,TRUE
"ASSOCIATE LABOR RELATIONS ANALYST",2020,8,5,,,13,,,TRUE
"ASSOCIATE LABOR RELATIONS ANALYST",2021,9,2,,,11,,,TRUE
"ASSOCIATE LABOR RELATIONS ANALYST",2022,9,6,,,15,,,TRUE
"ASSOCIATE LABOR RELATIONS ANALYST",2023,9,3,,,12,,,TRUE
"ASSOCIATE LABOR RELATIONS ANALYST",2024,8,3,,,11,,,TRUE
"ASSOCIATE LABOR RELATIONS ANALYST",2025,5,4,,,9,,,TRUE
"ASSOCIATE LABORATORY MICROBIOLOGIST",2014,49,1,,,50,,,TRUE
"ASSOCIATE LABORATORY MICROBIOLOGIST",2015,46,0,,,46,,,TRUE
"ASSOCIATE LABORATORY MICROBIOLOGIST",2016,49,2,,,51,,,TRUE
"ASSOCIATE LABORATORY MICROBIOLOGIST",2017,43,11,,,54,,,TRUE
"ASSOCIATE LABORATORY MICROBIOLOGIST",2018,42,10,,,52,,,TRUE
"ASSOCIATE LABORATORY MICROBIOLOGIST",2019,41,7,,,48,,,TRUE
"ASSOCIATE LABORATORY MICROBIOLOGIST",2020,40,10,,,50,,,TRUE
"ASSOCIATE LABORATORY MICROBIOLOGIST",2021,41,9,,,50,,,TRUE
"ASSOCIATE LABORATORY MICROBIOLOGIST",2022,38,9,,,47,,,TRUE
"ASSOCIATE LABORATORY MICROBIOLOGIST",2023,37,19,,,56,,,TRUE
"ASSOCIATE LABORATORY MICROBIOLOGIST",2024,34,22,,,56,,,TRUE
"ASSOCIATE LABORATORY MICROBIOLOGIST",2025,32,20,,,52,,,TRUE
"ASSOCIATE LANDMARKS PRESERVATIONIST",2014,1,0,,,1,,,TRUE
"ASSOCIATE LANDMARKS PRESERVATIONIST",2015,1,0,,,1,,,TRUE
"ASSOCIATE LANDMARKS PRESERVATIONIST",2016,1,0,,,1,,,TRUE
"ASSOCIATE LANDMARKS PRESERVATIONIST",2017,1,0,,,1,,,TRUE
"ASSOCIATE LANDMARKS PRESERVATIONIST",2018,1,0,,,1,,,TRUE
"ASSOCIATE LANDMARKS PRESERVATIONIST",2019,1,0,,,1,,,TRUE
"ASSOCIATE LANDMARKS PRESERVATIONIST",2020,1,0,,,1,,,TRUE
"ASSOCIATE LANDMARKS PRESERVATIONIST",2021,1,0,,,1,,,TRUE
"ASSOCIATE LANDMARKS PRESERVATIONIST",2022,1,0,,,1,,,TRUE
"ASSOCIATE LANDMARKS PRESERVATIONIST",2023,1,0,,,1,,,TRUE
"ASSOCIATE LANDMARKS PRESERVATIONIST",2024,1,1,,,2,,,TRUE
"ASSOCIATE LANDMARKS PRESERVATIONIST",2025,1,0,,,1,,,TRUE
"ASSOCIATE OPERATIONS COMMUNICATIONS SPECIALIST",2014,4,0,,,4,,,TRUE
"ASSOCIATE OPERATIONS COMMUNICATIONS SPECIALIST",2015,4,0,,,4,,,TRUE
"ASSOCIATE OPERATIONS COMMUNICATIONS SPECIALIST",2016,4,0,,,4,,,TRUE
"ASSOCIATE OPERATIONS COMMUNICATIONS SPECIALIST",2017,3,0,,,3,,,TRUE
"ASSOCIATE OPERATIONS COMMUNICATIONS SPECIALIST",2018,3,0,,,3,,,TRUE
"ASSOCIATE OPERATIONS COMMUNICATIONS SPECIALIST",2019,3,0,,,3,,,TRUE
"ASSOCIATE OPERATIONS COMMUNICATIONS SPECIALIST",2020,3,0,,,3,,,TRUE
"ASSOCIATE OPERATIONS COMMUNICATIONS SPECIALIST",2021,2,0,,,2,,,TRUE
"ASSOCIATE OPERATIONS COMMUNICATIONS SPECIALIST",2022,1,0,,,1,,,TRUE
"ASSOCIATE OPERATIONS COMMUNICATIONS SPECIALIST",2023,3,0,,,3,,,TRUE
"ASSOCIATE OPERATIONS COMMUNICATIONS SPECIALIST",2024,3,0,,,3,,,TRUE
"ASSOCIATE OPERATIONS COMMUNICATIONS SPECIALIST",2025,3,0,,,3,,,TRUE
"ASSOCIATE PARK SERVICE WORKER",2014,170,10,,,180,,,TRUE
"ASSOCIATE PARK SERVICE WORKER",2015,161,27,,,188,,,TRUE
"ASSOCIATE PARK SERVICE WORKER",2016,151,27,,,178,,,TRUE
"ASSOCIATE PARK SERVICE WORKER",2017,176,14,,,190,,,TRUE
"ASSOCIATE PARK SERVICE WORKER",2018,170,5,,,175,,,TRUE
"ASSOCIATE PARK SERVICE WORKER",2019,155,1,,,156,,,TRUE
"ASSOCIATE PARK SERVICE WORKER",2020,176,15,,,191,,,TRUE
"ASSOCIATE PARK SERVICE WORKER",2021,135,9,,,144,,,TRUE
"ASSOCIATE PARK SERVICE WORKER",2022,123,5,,,128,,,TRUE
"ASSOCIATE PARK SERVICE WORKER",2023,128,27,,,155,,,TRUE
"ASSOCIATE PARK SERVICE WORKER",2024,120,28,,,148,,,TRUE
"ASSOCIATE PARK SERVICE WORKER",2025,122,9,,,131,,,TRUE
"ASSOCIATE PARKING CONTROL SPECIALIST",2017,7,0,,,7,,,TRUE
"ASSOCIATE PARKING CONTROL SPECIALIST",2018,6,0,,,6,,,TRUE
"ASSOCIATE PARKING CONTROL SPECIALIST",2019,5,0,,,5,,,TRUE
"ASSOCIATE PARKING CONTROL SPECIALIST",2020,5,0,,,5,,,TRUE
"ASSOCIATE PARKING CONTROL SPECIALIST",2021,5,0,,,5,,,TRUE
"ASSOCIATE PARKING CONTROL SPECIALIST",2022,5,0,,,5,,,TRUE
"ASSOCIATE PARKING CONTROL SPECIALIST",2023,4,0,,,4,,,TRUE
"ASSOCIATE PARKING CONTROL SPECIALIST",2024,4,0,,,4,,,TRUE
"ASSOCIATE PARKING CONTROL SPECIALIST",2025,2,0,,,2,,,TRUE
"ASSOCIATE PROFESSOR",2014,245,3,,,248,,,TRUE
"ASSOCIATE PROFESSOR",2015,278,3,,,281,,,TRUE
"ASSOCIATE PROFESSOR",2016,312,5,,,317,,,TRUE
"ASSOCIATE PROFESSOR",2017,318,2,,,320,,,TRUE
"ASSOCIATE PROFESSOR",2018,333,3,,,336,,,TRUE
"ASSOCIATE PROFESSOR",2019,349,0,,,349,,,TRUE
"ASSOCIATE PROFESSOR",2020,361,0,,,361,,,TRUE
"ASSOCIATE PROFESSOR",2021,359,0,,,359,,,TRUE
"ASSOCIATE PROFESSOR",2022,353,0,,,353,,,TRUE
"ASSOCIATE PROFESSOR",2023,383,0,,,383,,,TRUE
"ASSOCIATE PROFESSOR",2024,399,0,,,399,,,TRUE
"ASSOCIATE PROFESSOR",2025,428,1,,,429,,,TRUE
"ASSOCIATE PROJECT MANAGER",2014,342,46,72675,70477,388,0.969755761953904,2198,FALSE
"ASSOCIATE PROJECT MANAGER",2015,337,84,76198,75695,421,0.993398776870784,503,FALSE
"ASSOCIATE PROJECT MANAGER",2016,329,103,78277,77587,432,0.991185150171826,690,FALSE
"ASSOCIATE PROJECT MANAGER",2017,329,72,80557,78338,401,0.972454287026577,2219,FALSE
"ASSOCIATE PROJECT MANAGER",2018,323,78,80625,78169,401,0.969537984496124,2456,FALSE
"ASSOCIATE PROJECT MANAGER",2019,268,62,85517.5,83413.5,330,0.97539684859824,2104,FALSE
"ASSOCIATE PROJECT MANAGER",2020,212,39,87284.5,88580,251,1.01484226867313,-1295.5,FALSE
"ASSOCIATE PROJECT MANAGER",2021,205,15,,,220,,,TRUE
"ASSOCIATE PROJECT MANAGER",2022,183,18,,,201,,,TRUE
"ASSOCIATE PROJECT MANAGER",2023,190,56,97073,93807,246,0.966355217207668,3266,FALSE
"ASSOCIATE PROJECT MANAGER",2024,196,60,101677.5,96621,256,0.950269233606255,5056.5,FALSE
"ASSOCIATE PROJECT MANAGER",2025,203,47,104629,99761,250,0.953473702319625,4868,FALSE
"ASSOCIATE PUBLIC HEALTH SANITARIAN",2014,104,5,,,109,,,TRUE
"ASSOCIATE PUBLIC HEALTH SANITARIAN",2015,93,7,,,100,,,TRUE
"ASSOCIATE PUBLIC HEALTH SANITARIAN",2016,94,8,,,102,,,TRUE
"ASSOCIATE PUBLIC HEALTH SANITARIAN",2017,102,4,,,106,,,TRUE
"ASSOCIATE PUBLIC HEALTH SANITARIAN",2018,115,4,,,119,,,TRUE
"ASSOCIATE PUBLIC HEALTH SANITARIAN",2019,122,9,,,131,,,TRUE
"ASSOCIATE PUBLIC HEALTH SANITARIAN",2020,128,13,,,141,,,TRUE
"ASSOCIATE PUBLIC HEALTH SANITARIAN",2021,128,13,,,141,,,TRUE
"ASSOCIATE PUBLIC HEALTH SANITARIAN",2022,125,1,,,126,,,TRUE
"ASSOCIATE PUBLIC HEALTH SANITARIAN",2023,128,7,,,135,,,TRUE
"ASSOCIATE PUBLIC HEALTH SANITARIAN",2024,133,8,,,141,,,TRUE
"ASSOCIATE PUBLIC HEALTH SANITARIAN",2025,128,8,,,136,,,TRUE
"ASSOCIATE PUBLIC INFORMATION SPECIALIST",2014,4,37,,,41,,,TRUE
"ASSOCIATE PUBLIC INFORMATION SPECIALIST",2015,3,8,,,11,,,TRUE
"ASSOCIATE PUBLIC INFORMATION SPECIALIST",2016,3,3,,,6,,,TRUE
"ASSOCIATE PUBLIC INFORMATION SPECIALIST",2017,2,3,,,5,,,TRUE
"ASSOCIATE PUBLIC INFORMATION SPECIALIST",2018,3,2,,,5,,,TRUE
"ASSOCIATE PUBLIC INFORMATION SPECIALIST",2019,1,1,,,2,,,TRUE
"ASSOCIATE PUBLIC INFORMATION SPECIALIST",2020,1,0,,,1,,,TRUE
"ASSOCIATE PUBLIC INFORMATION SPECIALIST",2021,2,1,,,3,,,TRUE
"ASSOCIATE PUBLIC INFORMATION SPECIALIST",2022,2,1,,,3,,,TRUE
"ASSOCIATE PUBLIC INFORMATION SPECIALIST",2023,2,10,,,12,,,TRUE
"ASSOCIATE PUBLIC INFORMATION SPECIALIST",2024,1,9,,,10,,,TRUE
"ASSOCIATE PUBLIC INFORMATION SPECIALIST",2025,1,3,,,4,,,TRUE
"ASSOCIATE PUBLIC RECORDS OFFICER",2014,1,0,,,1,,,TRUE
"ASSOCIATE PUBLIC RECORDS OFFICER",2015,2,3,,,5,,,TRUE
"ASSOCIATE PUBLIC RECORDS OFFICER",2016,1,5,,,6,,,TRUE
"ASSOCIATE PUBLIC RECORDS OFFICER",2017,1,4,,,5,,,TRUE
"ASSOCIATE PUBLIC RECORDS OFFICER",2018,1,2,,,3,,,TRUE
"ASSOCIATE PUBLIC RECORDS OFFICER",2019,0,2,,,2,,,TRUE
"ASSOCIATE PUBLIC RECORDS OFFICER",2020,0,2,,,2,,,TRUE
"ASSOCIATE PUBLIC RECORDS OFFICER",2021,0,1,,,1,,,TRUE
"ASSOCIATE PUBLIC RECORDS OFFICER",2022,1,3,,,4,,,TRUE
"ASSOCIATE PUBLIC RECORDS OFFICER",2023,1,4,,,5,,,TRUE
"ASSOCIATE PUBLIC RECORDS OFFICER",2024,1,6,,,7,,,TRUE
"ASSOCIATE PUBLIC RECORDS OFFICER",2025,3,7,,,10,,,TRUE
"ASSOCIATE QUALITY ASSURANCE SPECIALIST",2014,35,8,,,43,,,TRUE
"ASSOCIATE QUALITY ASSURANCE SPECIALIST",2015,37,10,,,47,,,TRUE
"ASSOCIATE QUALITY ASSURANCE SPECIALIST",2016,36,15,,,51,,,TRUE
"ASSOCIATE QUALITY ASSURANCE SPECIALIST",2017,44,11,,,55,,,TRUE
"ASSOCIATE QUALITY ASSURANCE SPECIALIST",2018,34,13,,,47,,,TRUE
"ASSOCIATE QUALITY ASSURANCE SPECIALIST",2019,34,19,,,53,,,TRUE
"ASSOCIATE QUALITY ASSURANCE SPECIALIST",2020,27,9,,,36,,,TRUE
"ASSOCIATE QUALITY ASSURANCE SPECIALIST",2021,23,2,,,25,,,TRUE
"ASSOCIATE QUALITY ASSURANCE SPECIALIST",2022,21,0,,,21,,,TRUE
"ASSOCIATE QUALITY ASSURANCE SPECIALIST",2023,19,1,,,20,,,TRUE
"ASSOCIATE QUALITY ASSURANCE SPECIALIST",2024,19,2,,,21,,,TRUE
"ASSOCIATE QUALITY ASSURANCE SPECIALIST",2025,15,1,,,16,,,TRUE
"ASSOCIATE REAL PROPERTY MANAGER",2014,32,1,,,33,,,TRUE
"ASSOCIATE REAL PROPERTY MANAGER",2015,46,1,,,47,,,TRUE
"ASSOCIATE REAL PROPERTY MANAGER",2016,43,1,,,44,,,TRUE
"ASSOCIATE REAL PROPERTY MANAGER",2017,44,2,,,46,,,TRUE
"ASSOCIATE REAL PROPERTY MANAGER",2018,39,3,,,42,,,TRUE
"ASSOCIATE REAL PROPERTY MANAGER",2019,34,6,,,40,,,TRUE
"ASSOCIATE REAL PROPERTY MANAGER",2020,31,4,,,35,,,TRUE
"ASSOCIATE REAL PROPERTY MANAGER",2021,31,3,,,34,,,TRUE
"ASSOCIATE REAL PROPERTY MANAGER",2022,27,2,,,29,,,TRUE
"ASSOCIATE REAL PROPERTY MANAGER",2023,15,2,,,17,,,TRUE
"ASSOCIATE REAL PROPERTY MANAGER",2024,16,5,,,21,,,TRUE
"ASSOCIATE REAL PROPERTY MANAGER",2025,15,4,,,19,,,TRUE
"ASSOCIATE REHABILITATION SPECIALIST",2014,2,0,,,2,,,TRUE
"ASSOCIATE REHABILITATION SPECIALIST",2015,2,0,,,2,,,TRUE
"ASSOCIATE REHABILITATION SPECIALIST",2016,2,0,,,2,,,TRUE
"ASSOCIATE REHABILITATION SPECIALIST",2017,2,0,,,2,,,TRUE
"ASSOCIATE REHABILITATION SPECIALIST",2018,2,0,,,2,,,TRUE
"ASSOCIATE REHABILITATION SPECIALIST",2019,2,0,,,2,,,TRUE
"ASSOCIATE REHABILITATION SPECIALIST",2020,2,0,,,2,,,TRUE
"ASSOCIATE REHABILITATION SPECIALIST",2021,2,0,,,2,,,TRUE
"ASSOCIATE REHABILITATION SPECIALIST",2022,2,0,,,2,,,TRUE
"ASSOCIATE REHABILITATION SPECIALIST",2023,1,0,,,1,,,TRUE
"ASSOCIATE REHABILITATION SPECIALIST",2024,1,0,,,1,,,TRUE
"ASSOCIATE REHABILITATION SPECIALIST",2025,1,0,,,1,,,TRUE
"ASSOCIATE RETIREMENT BENEFITS EXAMINER",2014,109,19,,,128,,,TRUE
"ASSOCIATE RETIREMENT BENEFITS EXAMINER",2015,134,21,,,155,,,TRUE
"ASSOCIATE RETIREMENT BENEFITS EXAMINER",2016,148,20,,,168,,,TRUE
"ASSOCIATE RETIREMENT BENEFITS EXAMINER",2017,149,19,,,168,,,TRUE
"ASSOCIATE RETIREMENT BENEFITS EXAMINER",2018,150,25,,,175,,,TRUE
"ASSOCIATE RETIREMENT BENEFITS EXAMINER",2019,157,39,65231,58234,196,0.892735049286382,6997,FALSE
"ASSOCIATE RETIREMENT BENEFITS EXAMINER",2020,148,21,,,169,,,TRUE
"ASSOCIATE RETIREMENT BENEFITS EXAMINER",2021,169,7,,,176,,,TRUE
"ASSOCIATE RETIREMENT BENEFITS EXAMINER",2022,174,23,,,197,,,TRUE
"ASSOCIATE RETIREMENT BENEFITS EXAMINER",2023,166,57,72312,52857,223,0.730957517424494,19455,FALSE
"ASSOCIATE RETIREMENT BENEFITS EXAMINER",2024,153,46,76323,60041,199,0.786669811197149,16282,FALSE
"ASSOCIATE RETIREMENT BENEFITS EXAMINER",2025,145,18,,,163,,,TRUE
"ASSOCIATE SANITATION ENFORCEMENT AGENT",2014,31,0,,,31,,,TRUE
"ASSOCIATE SANITATION ENFORCEMENT AGENT",2015,39,0,,,39,,,TRUE
"ASSOCIATE SANITATION ENFORCEMENT AGENT",2016,39,0,,,39,,,TRUE
"ASSOCIATE SANITATION ENFORCEMENT AGENT",2017,40,0,,,40,,,TRUE
"ASSOCIATE SANITATION ENFORCEMENT AGENT",2018,43,0,,,43,,,TRUE
"ASSOCIATE SANITATION ENFORCEMENT AGENT",2019,45,0,,,45,,,TRUE
"ASSOCIATE SANITATION ENFORCEMENT AGENT",2020,42,0,,,42,,,TRUE
"ASSOCIATE SANITATION ENFORCEMENT AGENT",2021,41,0,,,41,,,TRUE
"ASSOCIATE SANITATION ENFORCEMENT AGENT",2022,42,0,,,42,,,TRUE
"ASSOCIATE SANITATION ENFORCEMENT AGENT",2023,37,0,,,37,,,TRUE
"ASSOCIATE SANITATION ENFORCEMENT AGENT",2024,31,0,,,31,,,TRUE
"ASSOCIATE SANITATION ENFORCEMENT AGENT",2025,32,0,,,32,,,TRUE
"ASSOCIATE SCHOOL FOOD SERVICE MANAGER",2014,43,0,,,43,,,TRUE
"ASSOCIATE SCHOOL FOOD SERVICE MANAGER",2015,40,0,,,40,,,TRUE
"ASSOCIATE SCHOOL FOOD SERVICE MANAGER",2016,40,0,,,40,,,TRUE
"ASSOCIATE SCHOOL FOOD SERVICE MANAGER",2017,54,0,,,54,,,TRUE
"ASSOCIATE SCHOOL FOOD SERVICE MANAGER",2018,53,0,,,53,,,TRUE
"ASSOCIATE SCHOOL FOOD SERVICE MANAGER",2019,55,1,,,56,,,TRUE
"ASSOCIATE SCHOOL FOOD SERVICE MANAGER",2020,53,0,,,53,,,TRUE
"ASSOCIATE SCHOOL FOOD SERVICE MANAGER",2021,54,0,,,54,,,TRUE
"ASSOCIATE SCHOOL FOOD SERVICE MANAGER",2022,43,0,,,43,,,TRUE
"ASSOCIATE SCHOOL FOOD SERVICE MANAGER",2023,40,0,,,40,,,TRUE
"ASSOCIATE SCHOOL FOOD SERVICE MANAGER",2024,39,1,,,40,,,TRUE
"ASSOCIATE SCHOOL FOOD SERVICE MANAGER",2025,40,1,,,41,,,TRUE
"ASSOCIATE STAFF ANALYST",2014,720,91,69512,68466,811,0.984952238462424,1046,FALSE
"ASSOCIATE STAFF ANALYST",2015,678,82,69563,68466,760,0.984230122335149,1097,FALSE
"ASSOCIATE STAFF ANALYST",2016,663,73,75593,73389,736,0.97084386120408,2204,FALSE
"ASSOCIATE STAFF ANALYST",2017,460,82,80938.5,75591,542,0.933931318223095,5347.5,FALSE
"ASSOCIATE STAFF ANALYST",2018,437,96,80599,75591,533,0.937865234059976,5008,FALSE
"ASSOCIATE STAFF ANALYST",2019,411,101,80244,75591,512,0.942014356213549,4653,FALSE
"ASSOCIATE STAFF ANALYST",2020,374,102,80982.5,75591,476,0.93342388787701,5391.5,FALSE
"ASSOCIATE STAFF ANALYST",2021,372,53,80501.5,78073,425,0.969832860257262,2428.5,FALSE
"ASSOCIATE STAFF ANALYST",2022,339,53,85908,81203,392,0.945232108767519,4705,FALSE
"ASSOCIATE STAFF ANALYST",2023,265,133,83705,81203,398,0.9701093124664,2502,FALSE
"ASSOCIATE STAFF ANALYST",2024,271,149,92015,88732,420,0.964321034613922,3283,FALSE
"ASSOCIATE STAFF ANALYST",2025,271,104,97425,91394,375,0.938095971259944,6031,FALSE
"ASSOCIATE TAXI & LIMOUSINE INSPECTOR",2014,55,0,,,55,,,TRUE
"ASSOCIATE TAXI & LIMOUSINE INSPECTOR",2015,55,0,,,55,,,TRUE
"ASSOCIATE TAXI & LIMOUSINE INSPECTOR",2016,57,0,,,57,,,TRUE
"ASSOCIATE TAXI & LIMOUSINE INSPECTOR",2017,51,0,,,51,,,TRUE
"ASSOCIATE TAXI & LIMOUSINE INSPECTOR",2018,46,0,,,46,,,TRUE
"ASSOCIATE TAXI & LIMOUSINE INSPECTOR",2019,44,0,,,44,,,TRUE
"ASSOCIATE TAXI & LIMOUSINE INSPECTOR",2020,40,0,,,40,,,TRUE
"ASSOCIATE TAXI & LIMOUSINE INSPECTOR",2021,34,0,,,34,,,TRUE
"ASSOCIATE TAXI & LIMOUSINE INSPECTOR",2022,34,0,,,34,,,TRUE
"ASSOCIATE TAXI & LIMOUSINE INSPECTOR",2023,37,0,,,37,,,TRUE
"ASSOCIATE TAXI & LIMOUSINE INSPECTOR",2024,44,0,,,44,,,TRUE
"ASSOCIATE TAXI & LIMOUSINE INSPECTOR",2025,41,0,,,41,,,TRUE
"ASSOCIATE TRAFFIC ENFORCEMENT AGENT",2014,354,0,,,354,,,TRUE
"ASSOCIATE TRAFFIC ENFORCEMENT AGENT",2015,369,0,,,369,,,TRUE
"ASSOCIATE TRAFFIC ENFORCEMENT AGENT",2016,373,0,,,373,,,TRUE
"ASSOCIATE TRAFFIC ENFORCEMENT AGENT",2017,398,0,,,398,,,TRUE
"ASSOCIATE TRAFFIC ENFORCEMENT AGENT",2018,403,0,,,403,,,TRUE
"ASSOCIATE TRAFFIC ENFORCEMENT AGENT",2019,392,0,,,392,,,TRUE
"ASSOCIATE TRAFFIC ENFORCEMENT AGENT",2020,370,0,,,370,,,TRUE
"ASSOCIATE TRAFFIC ENFORCEMENT AGENT",2021,356,0,,,356,,,TRUE
"ASSOCIATE TRAFFIC ENFORCEMENT AGENT",2022,344,1,,,345,,,TRUE
"ASSOCIATE TRAFFIC ENFORCEMENT AGENT",2023,337,1,,,338,,,TRUE
"ASSOCIATE TRAFFIC ENFORCEMENT AGENT",2024,332,2,,,334,,,TRUE
"ASSOCIATE TRAFFIC ENFORCEMENT AGENT",2025,343,1,,,344,,,TRUE
"ASSOCIATE URBAN DESIGNER",2014,6,14,,,20,,,TRUE
"ASSOCIATE URBAN DESIGNER",2015,5,13,,,18,,,TRUE
"ASSOCIATE URBAN DESIGNER",2016,5,20,,,25,,,TRUE
"ASSOCIATE URBAN DESIGNER",2017,3,21,,,24,,,TRUE
"ASSOCIATE URBAN DESIGNER",2018,5,20,,,25,,,TRUE
"ASSOCIATE URBAN DESIGNER",2019,5,14,,,19,,,TRUE
"ASSOCIATE URBAN DESIGNER",2020,5,5,,,10,,,TRUE
"ASSOCIATE URBAN DESIGNER",2021,5,2,,,7,,,TRUE
"ASSOCIATE URBAN DESIGNER",2022,5,2,,,7,,,TRUE
"ASSOCIATE URBAN DESIGNER",2023,6,12,,,18,,,TRUE
"ASSOCIATE URBAN DESIGNER",2024,7,18,,,25,,,TRUE
"ASSOCIATE URBAN DESIGNER",2025,7,15,,,22,,,TRUE
"ASSOCIATE URBAN PARK RANGER",2014,40,17,,,57,,,TRUE
"ASSOCIATE URBAN PARK RANGER",2015,29,17,,,46,,,TRUE
"ASSOCIATE URBAN PARK RANGER",2016,34,28,,,62,,,TRUE
"ASSOCIATE URBAN PARK RANGER",2017,35,19,,,54,,,TRUE
"ASSOCIATE URBAN PARK RANGER",2018,43,20,,,63,,,TRUE
"ASSOCIATE URBAN PARK RANGER",2019,46,7,,,53,,,TRUE
"ASSOCIATE URBAN PARK RANGER",2020,44,0,,,44,,,TRUE
"ASSOCIATE URBAN PARK RANGER",2021,42,9,,,51,,,TRUE
"ASSOCIATE URBAN PARK RANGER",2022,39,0,,,39,,,TRUE
"ASSOCIATE URBAN PARK RANGER",2023,37,5,,,42,,,TRUE
"ASSOCIATE URBAN PARK RANGER",2024,36,11,,,47,,,TRUE
"ASSOCIATE URBAN PARK RANGER",2025,40,8,,,48,,,TRUE
"ASSOCIATE WATER USE INPECTOR",2014,63,0,,,63,,,TRUE
"ASSOCIATE WATER USE INPECTOR",2015,59,0,,,59,,,TRUE
"ASSOCIATE WATER USE INPECTOR",2016,53,0,,,53,,,TRUE
"ASSOCIATE WATER USE INPECTOR",2017,49,0,,,49,,,TRUE
"ASSOCIATE WATER USE INPECTOR",2018,43,0,,,43,,,TRUE
"ASSOCIATE WATER USE INPECTOR",2019,40,0,,,40,,,TRUE
"ASSOCIATE WATER USE INPECTOR",2020,31,0,,,31,,,TRUE
"ASSOCIATE WATER USE INPECTOR",2021,28,0,,,28,,,TRUE
"ASSOCIATE WATER USE INPECTOR",2022,25,0,,,25,,,TRUE
"ASSOCIATE WATER USE INPECTOR",2023,22,0,,,22,,,TRUE
"ASSOCIATE WATER USE INPECTOR",2024,23,0,,,23,,,TRUE
"ASSOCIATE WATER USE INPECTOR",2025,23,0,,,23,,,TRUE
"ASSOCIATE YOUTH DEVELOPMENT SPECIALIST",2019,0,8,,,8,,,TRUE
"ASSOCIATE YOUTH DEVELOPMENT SPECIALIST",2020,0,23,,,23,,,TRUE
"ASSOCIATE YOUTH DEVELOPMENT SPECIALIST",2021,0,1,,,1,,,TRUE
"ASSOCIATE YOUTH DEVELOPMENT SPECIALIST",2022,38,0,,,38,,,TRUE
"ASSOCIATE YOUTH DEVELOPMENT SPECIALIST",2023,38,1,,,39,,,TRUE
"ASSOCIATE YOUTH DEVELOPMENT SPECIALIST",2024,37,1,,,38,,,TRUE
"ASSOCIATE YOUTH DEVELOPMENT SPECIALIST",2025,33,0,,,33,,,TRUE
"ASST COMM PRGM DEV REVW HMH",2020,0,1,,,1,,,TRUE
"ASST COMM PRGM DEV REVW HMH",2022,0,1,,,1,,,TRUE
"ASST COMM PRGM DEV REVW HMH",2023,0,1,,,1,,,TRUE
"ASST COMMISSIONER",2014,1,0,,,1,,,TRUE
"ASST COMMISSIONER",2015,1,0,,,1,,,TRUE
"ASST COMMISSIONER",2016,1,0,,,1,,,TRUE
"ASST COMMISSIONER",2017,1,0,,,1,,,TRUE
"ASST COMMISSIONER",2018,0,1,,,1,,,TRUE
"ASST COMMISSIONER",2019,0,2,,,2,,,TRUE
"ASST COMMISSIONER",2020,0,1,,,1,,,TRUE
"ASST COMMISSIONER",2021,1,0,,,1,,,TRUE
"ASST COMMISSIONER",2022,1,1,,,2,,,TRUE
"ASST COMMISSIONER",2023,2,1,,,3,,,TRUE
"ASST COMMISSIONER",2024,3,0,,,3,,,TRUE
"ASST COMMISSIONER",2025,3,0,,,3,,,TRUE
"ASST COMMISSIONER FOR AGENCY PREPAREDNESS AND RESPONSE",2020,0,1,,,1,,,TRUE
"ASST COMMISSIONER FOR AGENCY PREPAREDNESS AND RESPONSE",2024,1,0,,,1,,,TRUE
"ASST COMMISSIONER FOR AGENCY PREPAREDNESS AND RESPONSE",2025,1,0,,,1,,,TRUE
"ASST COMMISSIONER FOR PLANNING & PRG DEVE",2018,1,0,,,1,,,TRUE
"ASST COMMISSIONER FOR PLANNING & PRG DEVE",2019,1,0,,,1,,,TRUE
"ASST COMMISSIONER FOR PLANNING & PRG DEVE",2020,1,0,,,1,,,TRUE
"ASST COMMISSIONER FOR PLANNING & PRG DEVE",2021,1,0,,,1,,,TRUE
"ASST COMMISSIONER FOR PLANNING & PRG DEVE",2022,1,0,,,1,,,TRUE
"ASST COMMISSIONER FOR PLANNING & PRG DEVE",2023,1,0,,,1,,,TRUE
"ASST COMMISSIONER FOR PLANNING & PRG DEVE",2024,1,0,,,1,,,TRUE
"ASST COMMISSIONER FOR PLANNING & PRG DEVE",2025,1,0,,,1,,,TRUE
"ASST COMMISSIONER FOR PLANNING & PROGRAM DEV",2016,1,0,,,1,,,TRUE
"ASST COMMISSIONER FOR PLANNING & PROGRAM DEV",2017,0,1,,,1,,,TRUE
"ASST COMMISSIONER FOR PLANNING & PROGRAM DEV",2018,0,1,,,1,,,TRUE
"ASST COMMISSIONER FOR PLANNING & PROGRAM DEV",2023,0,1,,,1,,,TRUE
"ASST COMMISSIONER FOR PLANNING & PROGRAM DEV",2024,0,1,,,1,,,TRUE
"ASST COMMISSIONER FOR POLICY AND COMMUNITY RESILIENCE",2020,1,0,,,1,,,TRUE
"ASST COMMISSIONER FOR POLICY AND COMMUNITY RESILIENCE",2021,1,1,,,2,,,TRUE
"ASST COMMISSIONER FOR POLICY AND COMMUNITY RESILIENCE",2022,1,1,,,2,,,TRUE
"ASST COMMISSIONER FOR POLICY AND COMMUNITY RESILIENCE",2024,1,0,,,1,,,TRUE
"ASST COMMISSIONER FOR POLICY AND COMMUNITY RESILIENCE",2025,1,0,,,1,,,TRUE
"ASST COMMISSIONER FOR PUBLIC & LEGIS AFFAIRS",2023,0,1,,,1,,,TRUE
"ASST COMMISSIONER FOR PUBLIC & LEGIS AFFAIRS",2024,0,1,,,1,,,TRUE
"ASST DIR OF INTERGVNMENTAL RELTNS FOR THE ALBANY OFFICE",2014,0,1,,,1,,,TRUE
"ASST DIR OF INTERGVNMENTAL RELTNS FOR THE ALBANY OFFICE",2015,0,1,,,1,,,TRUE
"ASST DIR OF INTERGVNMENTAL RELTNS FOR THE ALBANY OFFICE",2018,0,1,,,1,,,TRUE
"ASST DIR OF INTERGVNMENTAL RELTNS FOR THE ALBANY OFFICE",2019,0,1,,,1,,,TRUE
"ASST DIR OF INTERGVNMENTAL RELTNS FOR THE ALBANY OFFICE",2022,0,1,,,1,,,TRUE
"ASST DIR OF INTERGVNMENTAL RELTNS FOR THE ALBANY OFFICE",2023,0,1,,,1,,,TRUE
"ASST DIR OF INTERGVNMENTAL RELTNS FOR THE ALBANY OFFICE",2025,0,1,,,1,,,TRUE
"ASST DIR OF INTERGVNMENTL RELATNS FOR THE WASHNGTN OFF",2014,0,1,,,1,,,TRUE
"ASST DIR OF INTERGVNMENTL RELATNS FOR THE WASHNGTN OFF",2015,0,1,,,1,,,TRUE
"ASST DIRECTOR OF INTERGOVERMENTAL REL FOR CITY LEGIST AFFS",2014,0,1,,,1,,,TRUE
"ASST DIRECTOR OF INTERGOVERMENTAL REL FOR CITY LEGIST AFFS",2015,0,1,,,1,,,TRUE
"ASST DIRECTOR OF INTERGOVERMENTAL REL FOR CITY LEGIST AFFS",2018,0,1,,,1,,,TRUE
"ASST DIRECTOR OF INTERGOVERMENTAL REL FOR CITY LEGIST AFFS",2019,0,1,,,1,,,TRUE
"ASST PB HLTH ADV",2014,6,4,,,10,,,TRUE
"ASST PB HLTH ADV",2015,9,2,,,11,,,TRUE
"ASST PB HLTH ADV",2016,8,3,,,11,,,TRUE
"ASST PB HLTH ADV",2017,0,1,,,1,,,TRUE
"ASST PB HLTH ADV",2018,0,6,,,6,,,TRUE
"ASST PB HLTH ADV",2019,2,3,,,5,,,TRUE
"ASST PB HLTH ADV",2020,1,0,,,1,,,TRUE
"ASST PB HLTH ADV",2021,1,0,,,1,,,TRUE
"ASST PB HLTH ADV",2022,1,0,,,1,,,TRUE
"ASST PB HLTH ADV",2023,1,0,,,1,,,TRUE
"ASST PROJECT PLANNER",2014,0,4,,,4,,,TRUE
"ASST PROJECT PLANNER",2015,0,6,,,6,,,TRUE
"ASST PROJECT PLANNER",2016,1,7,,,8,,,TRUE
"ASST PROJECT PLANNER",2017,1,5,,,6,,,TRUE
"ASST PROJECT PLANNER",2018,0,4,,,4,,,TRUE
"ASST PROJECT PLANNER",2019,0,2,,,2,,,TRUE
"ASST TO THE CHAIRMAN",2023,0,1,,,1,,,TRUE
"ASST TO THE CHAIRMAN",2024,0,1,,,1,,,TRUE
"AST COMMISSIONER FOR POLICY AND COMMUNITY RESILIENCE",2023,1,0,,,1,,,TRUE
"AST COMMISSIONER FOR POLICY AND COMMUNITY RESILIENCE",2024,1,0,,,1,,,TRUE
"AST COMMISSIONER FOR POLICY AND COMMUNITY RESILIENCE",2025,1,0,,,1,,,TRUE
"ATTENDING PHYSICIAN",2014,1,0,,,1,,,TRUE
"ATTENDING PHYSICIAN",2015,1,0,,,1,,,TRUE
"ATTORNEY AT LAW",2014,97,0,,,97,,,TRUE
"ATTORNEY AT LAW",2015,87,0,,,87,,,TRUE
"ATTORNEY AT LAW",2016,81,0,,,81,,,TRUE
"ATTORNEY AT LAW",2017,74,1,,,75,,,TRUE
"ATTORNEY AT LAW",2018,71,2,,,73,,,TRUE
"ATTORNEY AT LAW",2019,63,0,,,63,,,TRUE
"ATTORNEY AT LAW",2020,47,0,,,47,,,TRUE
"ATTORNEY AT LAW",2021,46,0,,,46,,,TRUE
"ATTORNEY AT LAW",2022,35,0,,,35,,,TRUE
"ATTORNEY AT LAW",2023,28,0,,,28,,,TRUE
"ATTORNEY AT LAW",2024,26,0,,,26,,,TRUE
"ATTORNEY AT LAW",2025,22,0,,,22,,,TRUE
"ATTORNEY CAMPAIGN FIN BOARD",2014,1,1,,,2,,,TRUE
"ATTORNEY CAMPAIGN FIN BOARD",2015,1,1,,,2,,,TRUE
"ATTORNEY CAMPAIGN FIN BOARD",2016,1,2,,,3,,,TRUE
"ATTORNEY CAMPAIGN FIN BOARD",2017,1,2,,,3,,,TRUE
"ATTORNEY CAMPAIGN FIN BOARD",2018,3,0,,,3,,,TRUE
"ATTORNEY CAMPAIGN FIN BOARD",2019,3,1,,,4,,,TRUE
"ATTORNEY CAMPAIGN FIN BOARD",2020,3,1,,,4,,,TRUE
"ATTORNEY CAMPAIGN FIN BOARD",2021,4,0,,,4,,,TRUE
"ATTORNEY CAMPAIGN FIN BOARD",2022,3,0,,,3,,,TRUE
"ATTORNEY CAMPAIGN FIN BOARD",2023,3,0,,,3,,,TRUE
"ATTORNEY CAMPAIGN FIN BOARD",2024,3,0,,,3,,,TRUE
"ATTORNEY CAMPAIGN FIN BOARD",2025,1,0,,,1,,,TRUE
"AUTO BODY WORKER",2014,16,1,,,17,,,TRUE
"AUTO BODY WORKER",2015,16,4,,,20,,,TRUE
"AUTO BODY WORKER",2016,15,4,,,19,,,TRUE
"AUTO BODY WORKER",2017,17,1,,,18,,,TRUE
"AUTO BODY WORKER",2018,16,0,,,16,,,TRUE
"AUTO BODY WORKER",2019,15,5,,,20,,,TRUE
"AUTO BODY WORKER",2020,15,8,,,23,,,TRUE
"AUTO BODY WORKER",2021,13,3,,,16,,,TRUE
"AUTO BODY WORKER",2022,11,1,,,12,,,TRUE
"AUTO BODY WORKER",2023,10,3,,,13,,,TRUE
"AUTO BODY WORKER",2024,10,2,,,12,,,TRUE
"AUTO BODY WORKER",2025,11,4,,,15,,,TRUE
"AUTO MECHANIC",2020,0,1,,,1,,,TRUE
"AUTOMOTIVE SERVICE WORKER",2014,22,56,,,78,,,TRUE
"AUTOMOTIVE SERVICE WORKER",2015,20,59,,,79,,,TRUE
"AUTOMOTIVE SERVICE WORKER",2016,19,55,,,74,,,TRUE
"AUTOMOTIVE SERVICE WORKER",2017,19,112,,,131,,,TRUE
"AUTOMOTIVE SERVICE WORKER",2018,16,94,,,110,,,TRUE
"AUTOMOTIVE SERVICE WORKER",2019,12,56,,,68,,,TRUE
"AUTOMOTIVE SERVICE WORKER",2020,11,55,,,66,,,TRUE
"AUTOMOTIVE SERVICE WORKER",2021,10,22,,,32,,,TRUE
"AUTOMOTIVE SERVICE WORKER",2022,9,26,,,35,,,TRUE
"AUTOMOTIVE SERVICE WORKER",2023,7,57,,,64,,,TRUE
"AUTOMOTIVE SERVICE WORKER",2024,5,46,,,51,,,TRUE
"AUTOMOTIVE SERVICE WORKER",2025,4,20,,,24,,,TRUE
"AUTOMOTIVE SPECIALIST",2014,1,0,,,1,,,TRUE
"AUTOMOTIVE SPECIALIST",2015,1,0,,,1,,,TRUE
"AUTOMOTIVE SPECIALIST",2017,0,1,,,1,,,TRUE
"AUTOMOTIVE SPECIALIST",2018,0,1,,,1,,,TRUE
"AUTOMOTIVE SPECIALIST",2025,0,1,,,1,,,TRUE
"BAKER",2014,1,0,,,1,,,TRUE
"BAKER",2015,1,0,,,1,,,TRUE
"BAKER",2016,1,1,,,2,,,TRUE
"BAKER",2017,2,1,,,3,,,TRUE
"BAKER",2018,2,2,,,4,,,TRUE
"BAKER",2019,1,2,,,3,,,TRUE
"BAKER",2020,0,2,,,2,,,TRUE
"BAKER",2021,0,1,,,1,,,TRUE
"BAKER",2023,0,1,,,1,,,TRUE
"BATTALION CHIEF",2014,372,0,,,372,,,TRUE
"BATTALION CHIEF",2015,336,0,,,336,,,TRUE
"BATTALION CHIEF",2016,354,0,,,354,,,TRUE
"BATTALION CHIEF",2017,362,0,,,362,,,TRUE
"BATTALION CHIEF",2018,356,0,,,356,,,TRUE
"BATTALION CHIEF",2019,363,0,,,363,,,TRUE
"BATTALION CHIEF",2020,359,0,,,359,,,TRUE
"BATTALION CHIEF",2021,352,0,,,352,,,TRUE
"BATTALION CHIEF",2022,352,0,,,352,,,TRUE
"BATTALION CHIEF",2023,351,0,,,351,,,TRUE
"BATTALION CHIEF",2024,346,0,,,346,,,TRUE
"BATTALION CHIEF",2025,341,0,,,341,,,TRUE
"BENEFITS OPPORTUNITY SPECIALIST",2024,306,695,54864,54864,1001,1,0,FALSE
"BENEFITS OPPORTUNITY SPECIALIST",2025,346,455,56647,56647,801,1,0,FALSE
"BIO MEDICAL EQUIPMENT TECHNICIAN",2014,1,0,,,1,,,TRUE
"BIO MEDICAL EQUIPMENT TECHNICIAN",2015,1,0,,,1,,,TRUE
"BIO MEDICAL EQUIPMENT TECHNICIAN",2016,1,0,,,1,,,TRUE
"BIO MEDICAL EQUIPMENT TECHNICIAN",2017,1,0,,,1,,,TRUE
"BOOKBINDER",2014,2,1,,,3,,,TRUE
"BOOKBINDER",2015,2,2,,,4,,,TRUE
"BOOKBINDER",2016,1,1,,,2,,,TRUE
"BOOKBINDER",2017,2,0,,,2,,,TRUE
"BOOKBINDER",2018,1,2,,,3,,,TRUE
"BOOKBINDER",2019,2,1,,,3,,,TRUE
"BOOKBINDER",2020,2,3,,,5,,,TRUE
"BOOKBINDER",2021,2,2,,,4,,,TRUE
"BOOKBINDER",2022,2,3,,,5,,,TRUE
"BOOKBINDER",2023,1,2,,,3,,,TRUE
"BOOKBINDER",2025,1,0,,,1,,,TRUE
"BOOKKEEPER",2014,115,51,45282,36564,166,0.807473168146283,8718,FALSE
"BOOKKEEPER",2015,154,52,46063,38237,206,0.830102251264572,7826,FALSE
"BOOKKEEPER",2016,167,37,46797,39193,204,0.837510951556724,7604,FALSE
"BOOKKEEPER",2017,160,21,,,181,,,TRUE
"BOOKKEEPER",2018,150,32,49994,40369,182,0.807476897227667,9625,FALSE
"BOOKKEEPER",2019,139,52,52187,42102,191,0.806752639546247,10085,FALSE
"BOOKKEEPER",2020,124,44,53705,43365,168,0.80746671632064,10340,FALSE
"BOOKKEEPER",2021,118,22,,,140,,,TRUE
"BOOKKEEPER",2022,124,29,,,153,,,TRUE
"BOOKKEEPER",2023,113,45,58684,54494,158,0.928600640719787,4190,FALSE
"BOOKKEEPER",2024,103,33,60445,58198,136,0.962825709322525,2247,FALSE
"BOOKKEEPER",2025,102,24,,,126,,,TRUE
"BOROUGH COMMISSIONER",2016,3,0,,,3,,,TRUE
"BOROUGH COMMISSIONER",2017,1,0,,,1,,,TRUE
"BOROUGH COMMISSIONER",2018,2,0,,,2,,,TRUE
"BOROUGH COMMISSIONER",2019,9,0,,,9,,,TRUE
"BOROUGH COMMISSIONER",2020,9,0,,,9,,,TRUE
"BOROUGH COMMISSIONER",2021,9,0,,,9,,,TRUE
"BOROUGH COMMISSIONER",2022,8,0,,,8,,,TRUE
"BOROUGH COMMISSIONER",2023,7,1,,,8,,,TRUE
"BOROUGH COMMISSIONER",2024,8,2,,,10,,,TRUE
"BOROUGH COMMISSIONER",2025,9,5,,,14,,,TRUE
"BOROUGH DIRECTOR OF RECREATION",2014,4,0,,,4,,,TRUE
"BOROUGH DIRECTOR OF RECREATION",2015,4,0,,,4,,,TRUE
"BOROUGH DIRECTOR OF RECREATION",2016,5,0,,,5,,,TRUE
"BOROUGH DIRECTOR OF RECREATION",2017,5,0,,,5,,,TRUE
"BOROUGH DIRECTOR OF RECREATION",2018,6,0,,,6,,,TRUE
"BOROUGH MANAGER OFFICE OF NEIGHBORHOOD SAFETY",2024,0,4,,,4,,,TRUE
"BOROUGH MANAGER OFFICE OF NEIGHBORHOOD SAFETY",2025,1,4,,,5,,,TRUE
"BOROUGH PRESIDENT",2014,0,4,,,4,,,TRUE
"BOROUGH PRESIDENT",2015,0,4,,,4,,,TRUE
"BOROUGH PRESIDENT",2019,1,0,,,1,,,TRUE
"BOROUGH PRESIDENT",2020,1,0,,,1,,,TRUE
"BOROUGH PRESIDENT",2021,1,1,,,2,,,TRUE
"BOROUGH PRESIDENT",2022,0,5,,,5,,,TRUE
"BOROUGH PRESIDENT",2023,0,4,,,4,,,TRUE
"BRIDGE OPERATOR",2014,37,10,,,47,,,TRUE
"BRIDGE OPERATOR",2015,38,9,,,47,,,TRUE
"BRIDGE OPERATOR",2016,52,12,,,64,,,TRUE
"BRIDGE OPERATOR",2017,49,20,,,69,,,TRUE
"BRIDGE OPERATOR",2018,48,22,,,70,,,TRUE
"BRIDGE OPERATOR",2019,49,11,,,60,,,TRUE
"BRIDGE OPERATOR",2020,48,3,,,51,,,TRUE
"BRIDGE OPERATOR",2021,43,1,,,44,,,TRUE
"BRIDGE OPERATOR",2022,37,7,,,44,,,TRUE
"BRIDGE OPERATOR",2023,36,11,,,47,,,TRUE
"BRIDGE OPERATOR",2024,35,5,,,40,,,TRUE
"BRIDGE OPERATOR",2025,36,3,,,39,,,TRUE
"BUDGET ANALYST",2014,74,107,94558,52438,181,0.554559106580088,42120,FALSE
"BUDGET ANALYST",2015,75,130,98885,61693,205,0.623886332608586,37192,FALSE
"BUDGET ANALYST",2016,81,139,102421,59857,220,0.584421163628553,42564,FALSE
"BUDGET ANALYST",2017,89,161,107819,65433,250,0.606878194010332,42386,FALSE
"BUDGET ANALYST",2018,96,141,107817.5,65433,237,0.606886637141466,42384.5,FALSE
"BUDGET ANALYST",2019,95,123,116513,64301,218,0.551878331173346,52212,FALSE
"BUDGET ANALYST",2020,92,125,121120,66230,217,0.546813077939234,54890,FALSE
"BUDGET ANALYST",2021,90,77,122825.5,70000,167,0.5699142279087,52825.5,FALSE
"BUDGET ANALYST",2022,83,130,130810,69542,213,0.531626022475346,61268,FALSE
"BUDGET ANALYST",2023,82,198,131122,73806,280,0.562880370952243,57316,FALSE
"BUDGET ANALYST",2024,87,191,149690,79389,278,0.5303560692097,70301,FALSE
"BUDGET ANALYST",2025,89,139,154555,81969,228,0.530354889845039,72586,FALSE
"BUREAU CHIEF COMMUNITY ENGAGAMENT",2025,0,1,,,1,,,TRUE
"BUSINESS DATA AND REPORTING ANALYST",2016,0,1,,,1,,,TRUE
"BUSINESS DATA AND REPORTING ANALYST",2017,1,1,,,2,,,TRUE
"BUSINESS DATA AND REPORTING ANALYST",2018,1,9,,,10,,,TRUE
"BUSINESS DATA AND REPORTING ANALYST",2019,4,7,,,11,,,TRUE
"BUSINESS DATA AND REPORTING ANALYST",2020,3,3,,,6,,,TRUE
"BUSINESS DATA AND REPORTING ANALYST",2021,4,3,,,7,,,TRUE
"BUSINESS DATA AND REPORTING ANALYST",2022,5,14,,,19,,,TRUE
"BUSINESS DATA AND REPORTING ANALYST",2023,6,10,,,16,,,TRUE
"BUSINESS DATA AND REPORTING ANALYST",2024,10,2,,,12,,,TRUE
"BUSINESS DATA AND REPORTING ANALYST",2025,10,1,,,11,,,TRUE
"BUSINESS PROMOTION COORDINATOR",2014,15,0,,,15,,,TRUE
"BUSINESS PROMOTION COORDINATOR",2015,15,7,,,22,,,TRUE
"BUSINESS PROMOTION COORDINATOR",2016,15,59,,,74,,,TRUE
"BUSINESS PROMOTION COORDINATOR",2017,19,87,,,106,,,TRUE
"BUSINESS PROMOTION COORDINATOR",2018,17,59,,,76,,,TRUE
"BUSINESS PROMOTION COORDINATOR",2019,19,16,,,35,,,TRUE
"BUSINESS PROMOTION COORDINATOR",2020,17,3,,,20,,,TRUE
"BUSINESS PROMOTION COORDINATOR",2021,25,1,,,26,,,TRUE
"BUSINESS PROMOTION COORDINATOR",2022,20,3,,,23,,,TRUE
"BUSINESS PROMOTION COORDINATOR",2023,19,1,,,20,,,TRUE
"BUSINESS PROMOTION COORDINATOR",2024,18,1,,,19,,,TRUE
"BUSINESS PROMOTION COORDINATOR",2025,17,1,,,18,,,TRUE
"BUSINESS RESEARCH & DATA ANALYTICS SPECIALIST",2023,0,11,,,11,,,TRUE
"BUSINESS RESEARCH & DATA ANALYTICS SPECIALIST",2024,0,25,,,25,,,TRUE
"BUSINESS RESEARCH & DATA ANALYTICS SPECIALIST",2025,0,20,,,20,,,TRUE
"CALL CENTER REPRESENTATIVE",2014,13,92,,,105,,,TRUE
"CALL CENTER REPRESENTATIVE",2015,22,105,,,127,,,TRUE
"CALL CENTER REPRESENTATIVE",2016,27,101,,,128,,,TRUE
"CALL CENTER REPRESENTATIVE",2017,29,80,,,109,,,TRUE
"CALL CENTER REPRESENTATIVE",2018,26,84,,,110,,,TRUE
"CALL CENTER REPRESENTATIVE",2019,38,125,39170,34061,163,0.869568547357672,5109,FALSE
"CALL CENTER REPRESENTATIVE",2020,40,146,40345,35083,186,0.869574916346511,5262,FALSE
"CALL CENTER REPRESENTATIVE",2021,37,90,40345,38856,127,0.963093320114017,1489,FALSE
"CALL CENTER REPRESENTATIVE",2022,28,65,,,93,,,TRUE
"CALL CENTER REPRESENTATIVE",2023,32,97,44098,38336,129,0.8693364778448,5762,FALSE
"CALL CENTER REPRESENTATIVE",2024,36,118,45409,39486,154,0.869563302429034,5923,FALSE
"CALL CENTER REPRESENTATIVE",2025,39,101,46911,40770,140,0.869092536931636,6141,FALSE
"CAMPUS PEACE OFFICER",2014,25,51,,,76,,,TRUE
"CAMPUS PEACE OFFICER",2015,30,41,40723,30749,71,0.755076983522825,9974,FALSE
"CAMPUS PEACE OFFICER",2016,29,33,,,62,,,TRUE
"CAMPUS PEACE OFFICER",2017,33,37,47030,33825,70,0.719221773336168,13205,FALSE
"CAMPUS PEACE OFFICER",2018,37,36,47030,33825,73,0.719221773336168,13205,FALSE
"CAMPUS PEACE OFFICER",2019,35,24,,,59,,,TRUE
"CAMPUS PEACE OFFICER",2020,36,35,47030,33825,71,0.719221773336168,13205,FALSE
"CAMPUS PEACE OFFICER",2021,34,21,,,55,,,TRUE
"CAMPUS PEACE OFFICER",2022,40,19,,,59,,,TRUE
"CAMPUS PEACE OFFICER",2023,39,14,,,53,,,TRUE
"CAMPUS PEACE OFFICER",2024,37,10,,,47,,,TRUE
"CAMPUS PEACE OFFICER",2025,31,15,,,46,,,TRUE
"CAMPUS PUBLIC SAFETY SERGEANT",2014,31,4,,,35,,,TRUE
"CAMPUS PUBLIC SAFETY SERGEANT",2015,29,6,,,35,,,TRUE
"CAMPUS PUBLIC SAFETY SERGEANT",2016,29,8,,,37,,,TRUE
"CAMPUS PUBLIC SAFETY SERGEANT",2017,30,5,,,35,,,TRUE
"CAMPUS PUBLIC SAFETY SERGEANT",2018,30,2,,,32,,,TRUE
"CAMPUS PUBLIC SAFETY SERGEANT",2019,31,4,,,35,,,TRUE
"CAMPUS PUBLIC SAFETY SERGEANT",2020,31,3,,,34,,,TRUE
"CAMPUS PUBLIC SAFETY SERGEANT",2021,27,2,,,29,,,TRUE
"CAMPUS PUBLIC SAFETY SERGEANT",2022,27,3,,,30,,,TRUE
"CAMPUS PUBLIC SAFETY SERGEANT",2023,23,4,,,27,,,TRUE
"CAMPUS PUBLIC SAFETY SERGEANT",2024,26,1,,,27,,,TRUE
"CAMPUS PUBLIC SAFETY SERGEANT",2025,24,4,,,28,,,TRUE
"CAMPUS SECURITY ASSISTANT",2014,1,63,,,64,,,TRUE
"CAMPUS SECURITY ASSISTANT",2015,0,54,,,54,,,TRUE
"CAMPUS SECURITY ASSISTANT",2016,5,55,,,60,,,TRUE
"CAMPUS SECURITY ASSISTANT",2017,8,39,,,47,,,TRUE
"CAMPUS SECURITY ASSISTANT",2018,12,24,,,36,,,TRUE
"CAMPUS SECURITY ASSISTANT",2019,13,37,,,50,,,TRUE
"CAMPUS SECURITY ASSISTANT",2020,15,28,,,43,,,TRUE
"CAMPUS SECURITY ASSISTANT",2021,13,8,,,21,,,TRUE
"CAMPUS SECURITY ASSISTANT",2022,20,21,,,41,,,TRUE
"CAMPUS SECURITY ASSISTANT",2023,29,26,,,55,,,TRUE
"CAMPUS SECURITY ASSISTANT",2024,28,28,,,56,,,TRUE
"CAMPUS SECURITY ASSISTANT",2025,37,30,40708,39873,67,0.979488061314729,835,FALSE
"CAPT DET CHIEF OF DEPARTMENT",2014,1,0,,,1,,,TRUE
"CAPT DET CHIEF OF DEPARTMENT",2015,1,0,,,1,,,TRUE
"CAPT DET CHIEF OF DEPARTMENT",2016,1,0,,,1,,,TRUE
"CAPT DET CHIEF OF DEPARTMENT",2017,1,0,,,1,,,TRUE
"CAPT DET CHIEF OF DEPARTMENT",2018,1,0,,,1,,,TRUE
"CAPT DET CHIEF OF DEPARTMENT",2019,1,0,,,1,,,TRUE
"CAPT DET CHIEF OF DEPARTMENT",2020,1,0,,,1,,,TRUE
"CAPT DET CHIEF OF DEPARTMENT",2021,1,0,,,1,,,TRUE
"CAPT DET CHIEF OF DEPARTMENT",2022,1,0,,,1,,,TRUE
"CAPT DET CHIEF OF DEPARTMENT",2023,1,0,,,1,,,TRUE
"CAPT DET CHIEF OF DEPARTMENT",2024,1,0,,,1,,,TRUE
"CAPT DET CHIEF OF DEPARTMENT",2025,1,0,,,1,,,TRUE
"CAPT DET CHIEF OF INTERNAL AFFAIRS",2014,1,0,,,1,,,TRUE
"CAPT DET CHIEF OF INTERNAL AFFAIRS",2022,1,0,,,1,,,TRUE
"CAPT DET CHIEF OF INTERNAL AFFAIRS",2023,1,0,,,1,,,TRUE
"CAPT DET CHIEF OF INTERNAL AFFAIRS",2024,1,0,,,1,,,TRUE
"CAPT DET CHIEF OF INTERNAL AFFAIRS",2025,1,0,,,1,,,TRUE
"CAPT DET CHIEF OF THE HOUSING BUREAU",2014,1,0,,,1,,,TRUE
"CAPT DET CHIEF OF THE HOUSING BUREAU",2015,1,0,,,1,,,TRUE
"CAPT DET CHIEF OF THE HOUSING BUREAU",2016,1,0,,,1,,,TRUE
"CAPT DET CHIEF OF THE HOUSING BUREAU",2017,1,0,,,1,,,TRUE
"CAPT DET CHIEF OF THE HOUSING BUREAU",2018,1,0,,,1,,,TRUE
"CAPT DET CHIEF OF THE HOUSING BUREAU",2019,1,0,,,1,,,TRUE
"CAPT DET CHIEF OF THE HOUSING BUREAU",2020,1,0,,,1,,,TRUE
"CAPT DET CHIEF OF THE HOUSING BUREAU",2021,1,0,,,1,,,TRUE
"CAPT DET CHIEF OF THE HOUSING BUREAU",2022,1,0,,,1,,,TRUE
"CAPT DET CHIEF OF THE HOUSING BUREAU",2023,1,0,,,1,,,TRUE
"CAPT DET CHIEF OF THE HOUSING BUREAU",2024,1,0,,,1,,,TRUE
"CAPT DET CHIEF OF THE HOUSING BUREAU",2025,1,0,,,1,,,TRUE
"CAPT DET CHIEF OF THE TRANSIT BUREAU",2014,1,0,,,1,,,TRUE
"CAPT DET CHIEF OF THE TRANSIT BUREAU",2015,1,0,,,1,,,TRUE
"CAPT DET CHIEF OF THE TRANSIT BUREAU",2016,1,0,,,1,,,TRUE
"CAPT DET CHIEF OF THE TRANSIT BUREAU",2017,1,0,,,1,,,TRUE
"CAPT DET CHIEF OF THE TRANSIT BUREAU",2018,1,0,,,1,,,TRUE
"CAPT DET CHIEF OF THE TRANSIT BUREAU",2019,1,0,,,1,,,TRUE
"CAPT DET CHIEF OF THE TRANSIT BUREAU",2020,1,0,,,1,,,TRUE
"CAPT DET CHIEF OF THE TRANSIT BUREAU",2021,1,0,,,1,,,TRUE
"CAPT DET CHIEF OF THE TRANSIT BUREAU",2022,1,0,,,1,,,TRUE
"CAPT DET CHIEF OF THE TRANSIT BUREAU",2023,1,0,,,1,,,TRUE
"CAPT DET CHIEF OF THE TRANSIT BUREAU",2024,1,0,,,1,,,TRUE
"CAPT DET CHIEF OF THE TRANSIT BUREAU",2025,1,0,,,1,,,TRUE
"CAPTAIN",2014,1596,0,,,1596,,,TRUE
"CAPTAIN",2015,1627,0,,,1627,,,TRUE
"CAPTAIN",2016,1505,1,,,1506,,,TRUE
"CAPTAIN",2017,1520,1,,,1521,,,TRUE
"CAPTAIN",2018,1509,0,,,1509,,,TRUE
"CAPTAIN",2019,1543,0,,,1543,,,TRUE
"CAPTAIN",2020,1541,0,,,1541,,,TRUE
"CAPTAIN",2021,1444,0,,,1444,,,TRUE
"CAPTAIN",2022,1454,1,,,1455,,,TRUE
"CAPTAIN",2023,1469,2,,,1471,,,TRUE
"CAPTAIN",2024,1447,2,,,1449,,,TRUE
"CAPTAIN",2025,1457,1,,,1458,,,TRUE
"CAPTAIN CHIEF OF COMMUNITY AFFAIRS",2014,1,0,,,1,,,TRUE
"CAPTAIN CHIEF OF COMMUNITY AFFAIRS",2015,1,0,,,1,,,TRUE
"CAPTAIN CHIEF OF COMMUNITY AFFAIRS",2016,1,0,,,1,,,TRUE
"CAPTAIN CHIEF OF COMMUNITY AFFAIRS",2017,1,0,,,1,,,TRUE
"CAPTAIN CHIEF OF COMMUNITY AFFAIRS",2018,1,0,,,1,,,TRUE
"CAPTAIN CHIEF OF COMMUNITY AFFAIRS",2019,1,0,,,1,,,TRUE
"CAPTAIN CHIEF OF COMMUNITY AFFAIRS",2020,1,0,,,1,,,TRUE
"CAPTAIN CHIEF OF COMMUNITY AFFAIRS",2021,1,0,,,1,,,TRUE
"CAPTAIN CHIEF OF COUNTERTERRORISM",2014,1,0,,,1,,,TRUE
"CAPTAIN CHIEF OF COUNTERTERRORISM",2015,1,0,,,1,,,TRUE
"CAPTAIN CHIEF OF COUNTERTERRORISM",2016,1,0,,,1,,,TRUE
"CAPTAIN CHIEF OF COUNTERTERRORISM",2017,1,0,,,1,,,TRUE
"CAPTAIN CHIEF OF COUNTERTERRORISM",2018,1,0,,,1,,,TRUE
"CAPTAIN CHIEF OF COUNTERTERRORISM",2019,1,0,,,1,,,TRUE
"CAPTAIN CHIEF OF INTELLIGENCE",2014,1,0,,,1,,,TRUE
"CAPTAIN CHIEF OF INTELLIGENCE",2015,1,0,,,1,,,TRUE
"CAPTAIN CHIEF OF INTELLIGENCE",2016,1,0,,,1,,,TRUE
"CAPTAIN CHIEF OF INTELLIGENCE",2017,1,0,,,1,,,TRUE
"CAPTAIN CHIEF OF INTELLIGENCE",2018,1,0,,,1,,,TRUE
"CAPTAIN CHIEF OF INTELLIGENCE",2019,1,0,,,1,,,TRUE
"CAPTAIN CHIEF OF INTELLIGENCE",2020,1,0,,,1,,,TRUE
"CAPTAIN CHIEF OF INTELLIGENCE",2021,1,0,,,1,,,TRUE
"CAPTAIN CHIEF OF INTELLIGENCE",2022,1,0,,,1,,,TRUE
"CAPTAIN CHIEF OF STAFF",2014,1,0,,,1,,,TRUE
"CAPTAIN CHIEF OF STAFF",2015,1,0,,,1,,,TRUE
"CAPTAIN CHIEF OF STAFF",2016,1,0,,,1,,,TRUE
"CAPTAIN CHIEF OF STAFF",2017,1,0,,,1,,,TRUE
"CAPTAIN CHIEF OF STAFF",2018,1,0,,,1,,,TRUE
"CAPTAIN CHIEF OF STAFF",2019,1,0,,,1,,,TRUE
"CAPTAIN CHIEF OF STAFF",2020,1,0,,,1,,,TRUE
"CAPTAIN CHIEF OF STAFF",2022,1,0,,,1,,,TRUE
"CAPTAIN CHIEF OF STAFF",2024,1,0,,,1,,,TRUE
"CAPTAIN CHIEF OF TRANSPORTATION BUREAU",2014,1,0,,,1,,,TRUE
"CAPTAIN CHIEF OF TRANSPORTATION BUREAU",2015,1,0,,,1,,,TRUE
"CAPTAIN CHIEF OF TRANSPORTATION BUREAU",2016,1,0,,,1,,,TRUE
"CAPTAIN CHIEF OF TRANSPORTATION BUREAU",2017,1,0,,,1,,,TRUE
"CAPTAIN CHIEF OF TRANSPORTATION BUREAU",2018,1,0,,,1,,,TRUE
"CAPTAIN CHIEF OF TRANSPORTATION BUREAU",2019,1,0,,,1,,,TRUE
"CAPTAIN CHIEF OF TRANSPORTATION BUREAU",2020,1,0,,,1,,,TRUE
"CAPTAIN CHIEF OF TRANSPORTATION BUREAU",2021,1,0,,,1,,,TRUE
"CAPTAIN CHIEF OF TRANSPORTATION BUREAU",2022,1,0,,,1,,,TRUE
"CAPTAIN CHIEF OF TRANSPORTATION BUREAU",2023,1,0,,,1,,,TRUE
"CAPTAIN CHIEF OF TRANSPORTATION BUREAU",2024,1,0,,,1,,,TRUE
"CAPTAIN CHIEF OF TRANSPORTATION BUREAU",2025,1,0,,,1,,,TRUE
"CAPTAIN D/A CHIEF OF MANAGEMENT ANALYSIS AND PLANNING",2017,1,0,,,1,,,TRUE
"CAPTAIN D/A DEPUTY CHIEF",2022,65,0,,,65,,,TRUE
"CAPTAIN D/A DEPUTY CHIEF",2023,75,0,,,75,,,TRUE
"CAPTAIN D/A DEPUTY CHIEF",2024,86,0,,,86,,,TRUE
"CAPTAIN D/A DEPUTY CHIEF",2025,88,0,,,88,,,TRUE
"CAPTAIN D/A DEPUTY CHIEF INSPECTOR",2014,51,0,,,51,,,TRUE
"CAPTAIN D/A DEPUTY CHIEF INSPECTOR",2015,57,0,,,57,,,TRUE
"CAPTAIN D/A DEPUTY CHIEF INSPECTOR",2016,62,0,,,62,,,TRUE
"CAPTAIN D/A DEPUTY CHIEF INSPECTOR",2017,63,0,,,63,,,TRUE
"CAPTAIN D/A DEPUTY CHIEF INSPECTOR",2018,69,0,,,69,,,TRUE
"CAPTAIN D/A DEPUTY CHIEF INSPECTOR",2019,74,0,,,74,,,TRUE
"CAPTAIN D/A DEPUTY CHIEF INSPECTOR",2020,73,0,,,73,,,TRUE
"CAPTAIN D/A DEPUTY CHIEF INSPECTOR",2021,60,0,,,60,,,TRUE
"CAPTAIN D/A DEPUTY INSPECTOR",2014,167,0,,,167,,,TRUE
"CAPTAIN D/A DEPUTY INSPECTOR",2015,170,0,,,170,,,TRUE
"CAPTAIN D/A DEPUTY INSPECTOR",2016,183,0,,,183,,,TRUE
"CAPTAIN D/A DEPUTY INSPECTOR",2017,177,0,,,177,,,TRUE
"CAPTAIN D/A DEPUTY INSPECTOR",2018,174,0,,,174,,,TRUE
"CAPTAIN D/A DEPUTY INSPECTOR",2019,179,0,,,179,,,TRUE
"CAPTAIN D/A DEPUTY INSPECTOR",2020,175,0,,,175,,,TRUE
"CAPTAIN D/A DEPUTY INSPECTOR",2021,156,0,,,156,,,TRUE
"CAPTAIN D/A DEPUTY INSPECTOR",2022,153,0,,,153,,,TRUE
"CAPTAIN D/A DEPUTY INSPECTOR",2023,141,0,,,141,,,TRUE
"CAPTAIN D/A DEPUTY INSPECTOR",2024,145,0,,,145,,,TRUE
"CAPTAIN D/A DEPUTY INSPECTOR",2025,156,0,,,156,,,TRUE
"CAPTAIN D/A INSPECTOR",2014,113,0,,,113,,,TRUE
"CAPTAIN D/A INSPECTOR",2015,113,0,,,113,,,TRUE
"CAPTAIN D/A INSPECTOR",2016,128,0,,,128,,,TRUE
"CAPTAIN D/A INSPECTOR",2017,134,0,,,134,,,TRUE
"CAPTAIN D/A INSPECTOR",2018,130,0,,,130,,,TRUE
"CAPTAIN D/A INSPECTOR",2019,125,0,,,125,,,TRUE
"CAPTAIN D/A INSPECTOR",2020,130,0,,,130,,,TRUE
"CAPTAIN D/A INSPECTOR",2021,129,0,,,129,,,TRUE
"CAPTAIN D/A INSPECTOR",2022,122,0,,,122,,,TRUE
"CAPTAIN D/A INSPECTOR",2023,119,0,,,119,,,TRUE
"CAPTAIN D/A INSPECTOR",2024,114,0,,,114,,,TRUE
"CAPTAIN D/A INSPECTOR",2025,105,0,,,105,,,TRUE
"CAPTAIN DETAILED AS ASSISTANT CHIEF",2022,17,0,,,17,,,TRUE
"CAPTAIN DETAILED AS ASSISTANT CHIEF",2023,18,0,,,18,,,TRUE
"CAPTAIN DETAILED AS ASSISTANT CHIEF",2024,16,0,,,16,,,TRUE
"CAPTAIN DETAILED AS ASSISTANT CHIEF",2025,20,0,,,20,,,TRUE
"CAPTAIN DETAILED AS ASSISTANT CHIEF INSPECTOR",2014,20,0,,,20,,,TRUE
"CAPTAIN DETAILED AS ASSISTANT CHIEF INSPECTOR",2015,23,0,,,23,,,TRUE
"CAPTAIN DETAILED AS ASSISTANT CHIEF INSPECTOR",2016,28,0,,,28,,,TRUE
"CAPTAIN DETAILED AS ASSISTANT CHIEF INSPECTOR",2017,29,0,,,29,,,TRUE
"CAPTAIN DETAILED AS ASSISTANT CHIEF INSPECTOR",2018,26,0,,,26,,,TRUE
"CAPTAIN DETAILED AS ASSISTANT CHIEF INSPECTOR",2019,25,0,,,25,,,TRUE
"CAPTAIN DETAILED AS ASSISTANT CHIEF INSPECTOR",2020,24,0,,,24,,,TRUE
"CAPTAIN DETAILED AS ASSISTANT CHIEF INSPECTOR",2021,22,0,,,22,,,TRUE
"CAPTAIN DETAILED AS CHIEF OF CRIME CONTROL STRATEGIES",2017,1,0,,,1,,,TRUE
"CAPTAIN DETAILED AS CHIEF OF CRIME CONTROL STRATEGIES",2018,1,0,,,1,,,TRUE
"CAPTAIN DETAILED AS CHIEF OF CRIME CONTROL STRATEGIES",2019,1,0,,,1,,,TRUE
"CAPTAIN DETAILED AS CHIEF OF CRIME CONTROL STRATEGIES",2020,1,0,,,1,,,TRUE
"CAPTAIN DETAILED AS CHIEF OF CRIME CONTROL STRATEGIES",2021,1,0,,,1,,,TRUE
"CAPTAIN DETAILED AS CHIEF OF CRIME CONTROL STRATEGIES",2022,1,0,,,1,,,TRUE
"CAPTAIN DETAILED AS CHIEF OF CRIME CONTROL STRATEGIES",2023,1,0,,,1,,,TRUE
"CAPTAIN DETAILED AS CHIEF OF CRIME CONTROL STRATEGIES",2024,1,0,,,1,,,TRUE
"CAPTAIN DETAILED AS CHIEF OF CRIME CONTROL STRATEGIES",2025,1,0,,,1,,,TRUE
"CAPTAIN DETAILED AS CHIEF OF CRIMINAL JUSTICE",2020,1,0,,,1,,,TRUE
"CAPTAIN DETAILED AS CHIEF OF DETECTIVES",2014,1,0,,,1,,,TRUE
"CAPTAIN DETAILED AS CHIEF OF DETECTIVES",2015,1,0,,,1,,,TRUE
"CAPTAIN DETAILED AS CHIEF OF DETECTIVES",2016,1,0,,,1,,,TRUE
"CAPTAIN DETAILED AS CHIEF OF DETECTIVES",2017,1,0,,,1,,,TRUE
"CAPTAIN DETAILED AS CHIEF OF DETECTIVES",2018,1,0,,,1,,,TRUE
"CAPTAIN DETAILED AS CHIEF OF DETECTIVES",2019,1,0,,,1,,,TRUE
"CAPTAIN DETAILED AS CHIEF OF DETECTIVES",2020,1,0,,,1,,,TRUE
"CAPTAIN DETAILED AS CHIEF OF DETECTIVES",2021,1,0,,,1,,,TRUE
"CAPTAIN DETAILED AS CHIEF OF DETECTIVES",2022,1,0,,,1,,,TRUE
"CAPTAIN DETAILED AS CHIEF OF DETECTIVES",2023,1,0,,,1,,,TRUE
"CAPTAIN DETAILED AS CHIEF OF DETECTIVES",2024,1,0,,,1,,,TRUE
"CAPTAIN DETAILED AS CHIEF OF DETECTIVES",2025,1,0,,,1,,,TRUE
"CAPTAIN DETAILED AS CHIEF OF INTERAGENCY OPERATIONS",2021,1,0,,,1,,,TRUE
"CAPTAIN DETAILED AS CHIEF OF INTERAGENCY OPERATIONS",2022,1,0,,,1,,,TRUE
"CAPTAIN DETAILED AS CHIEF OF INTERAGENCY OPERATIONS",2023,1,0,,,1,,,TRUE
"CAPTAIN DETAILED AS CHIEF OF INTERAGENCY OPERATIONS",2024,1,0,,,1,,,TRUE
"CAPTAIN DETAILED AS CHIEF OF LABOR RELATIONS",2021,1,0,,,1,,,TRUE
"CAPTAIN DETAILED AS CHIEF OF OPERATIONS",2021,1,0,,,1,,,TRUE
"CAPTAIN DETAILED AS CHIEF OF ORGANIZED CRIME CONTROL",2014,1,0,,,1,,,TRUE
"CAPTAIN DETAILED AS CHIEF OF ORGANIZED CRIME CONTROL",2015,1,0,,,1,,,TRUE
"CAPTAIN DETAILED AS CHIEF OF ORGANIZED CRIME CONTROL",2016,1,0,,,1,,,TRUE
"CAPTAIN DETAILED AS CHIEF OF ORGANIZED CRIME CONTROL",2017,1,0,,,1,,,TRUE
"CAPTAIN DETAILED AS CHIEF OF PATROL",2014,1,0,,,1,,,TRUE
"CAPTAIN DETAILED AS CHIEF OF PATROL",2015,1,0,,,1,,,TRUE
"CAPTAIN DETAILED AS CHIEF OF PATROL",2016,1,0,,,1,,,TRUE
"CAPTAIN DETAILED AS CHIEF OF PATROL",2017,1,0,,,1,,,TRUE
"CAPTAIN DETAILED AS CHIEF OF PATROL",2018,1,0,,,1,,,TRUE
"CAPTAIN DETAILED AS CHIEF OF PATROL",2019,1,0,,,1,,,TRUE
"CAPTAIN DETAILED AS CHIEF OF PATROL",2020,1,0,,,1,,,TRUE
"CAPTAIN DETAILED AS CHIEF OF PATROL",2021,1,0,,,1,,,TRUE
"CAPTAIN DETAILED AS CHIEF OF PATROL",2022,1,0,,,1,,,TRUE
"CAPTAIN DETAILED AS CHIEF OF PATROL",2023,1,0,,,1,,,TRUE
"CAPTAIN DETAILED AS CHIEF OF PATROL",2024,1,0,,,1,,,TRUE
"CAPTAIN DETAILED AS CHIEF OF PATROL",2025,1,0,,,1,,,TRUE
"CAPTAIN DETAILED AS CHIEF OF PERSONNEL",2016,1,0,,,1,,,TRUE
"CAPTAIN DETAILED AS CHIEF OF PERSONNEL",2017,1,0,,,1,,,TRUE
"CAPTAIN DETAILED AS CHIEF OF PERSONNEL",2018,1,0,,,1,,,TRUE
"CAPTAIN DETAILED AS CHIEF OF PERSONNEL",2019,1,0,,,1,,,TRUE
"CAPTAIN DETAILED AS CHIEF OF PERSONNEL",2020,1,0,,,1,,,TRUE
"CAPTAIN DETAILED AS CHIEF OF PERSONNEL",2021,1,0,,,1,,,TRUE
"CAPTAIN DETAILED AS CHIEF OF PERSONNEL",2022,1,0,,,1,,,TRUE
"CAPTAIN DETAILED AS CHIEF OF PERSONNEL",2023,1,0,,,1,,,TRUE
"CAPTAIN DETAILED AS CHIEF OF PERSONNEL",2024,1,0,,,1,,,TRUE
"CAPTAIN DETAILED AS CHIEF OF PERSONNEL",2025,1,0,,,1,,,TRUE
"CAPTAIN DETAILED AS CHIEF OF RISK MANAGEMENT",2021,1,0,,,1,,,TRUE
"CAPTAIN DETAILED AS CHIEF OF RISK MANAGEMENT",2022,1,0,,,1,,,TRUE
"CAPTAIN DETAILED AS CHIEF OF SPECIAL OPERATIONS",2018,1,0,,,1,,,TRUE
"CAPTAIN DETAILED AS CHIEF OF SPECIAL OPERATIONS",2019,1,0,,,1,,,TRUE
"CAPTAIN DETAILED AS CHIEF OF SPECIAL OPERATIONS",2020,1,0,,,1,,,TRUE
"CAPTAIN DETAILED AS CHIEF OF SPECIAL OPERATIONS",2021,1,0,,,1,,,TRUE
"CAPTAIN DETAILED AS CHIEF OF SPECIAL OPERATIONS",2022,1,0,,,1,,,TRUE
"CAPTAIN DETAILED AS CHIEF OF SPECIAL OPERATIONS",2023,1,0,,,1,,,TRUE
"CAPTAIN DETAILED AS CHIEF OF SPECIAL OPERATIONS",2024,1,0,,,1,,,TRUE
"CAPTAIN DETAILED AS CHIEF OF SPECIAL OPERATIONS",2025,1,0,,,1,,,TRUE
"CAPTAIN DETAILED AS CHIEF OF STRATEGIC INITIATIVES",2018,1,0,,,1,,,TRUE
"CAPTAIN DETAILED AS CHIEF OF STRATEGIC INITIATIVES",2019,1,0,,,1,,,TRUE
"CAPTAIN DETAILED AS CHIEF OF TRAINING",2018,1,0,,,1,,,TRUE
"CAPTAIN DETAILED AS CHIEF OF TRAINING",2019,1,0,,,1,,,TRUE
"CAPTAIN DETAILED AS CHIEF OF TRAINING",2020,1,0,,,1,,,TRUE
"CAPTAIN DETAILED AS CHIEF OF TRAINING",2021,1,0,,,1,,,TRUE
"CAPTAIN DETAILED AS CHIEF OF TRAINING",2022,1,0,,,1,,,TRUE
"CAPTAIN DETAILED AS CHIEF OF TRAINING",2023,1,0,,,1,,,TRUE
"CAPTAIN DETAILED AS CHIEF OF TRAINING",2024,1,0,,,1,,,TRUE
"CAPTAIN DETAILED AS CHIEF OF TRAINING",2025,1,0,,,1,,,TRUE
"CAPTAIN MANAGERIAL DETAILS",2016,1,0,,,1,,,TRUE
"CAPTAIN MANAGERIAL DETAILS",2017,1,0,,,1,,,TRUE
"CAPTAIN MANAGERIAL DETAILS",2020,1,0,,,1,,,TRUE
"CARETAKER",2014,1357,634,39019,26843,1991,0.68794689766524,12176,FALSE
"CARETAKER",2015,1297,612,40804,28944,1909,0.709342221350848,11860,FALSE
"CARETAKER",2016,1277,416,41824,29668,1693,0.709353481254782,12156,FALSE
"CARETAKER",2017,1252,657,43079,29636,1909,0.687945402632373,13443,FALSE
"CARETAKER",2018,1232,773,43079,29636,2005,0.687945402632373,13443,FALSE
"CARETAKER",2019,1143,807,43941,31286,1950,0.712000182062311,12655,FALSE
"CARETAKER",2020,1055,1012,44930,31990,2067,0.711996438904963,12940,FALSE
"CARETAKER",2021,1035,887,46278,32950,1922,0.71200138294654,13328,FALSE
"CARETAKER",2022,1015,967,46278,32950,1982,0.71200138294654,13328,FALSE
"CARETAKER",2023,926,937,46278,32950,1863,0.71200138294654,13328,FALSE
"CARETAKER",2024,855,743,50569,36006,1598,0.712017243765944,14563,FALSE
"CARETAKER",2025,823,687,52086,37086,1510,0.712014744845064,15000,FALSE
"CASE MANAGEMENT NURSE",2014,16,4,,,20,,,TRUE
"CASE MANAGEMENT NURSE",2015,18,4,,,22,,,TRUE
"CASE MANAGEMENT NURSE",2016,21,5,,,26,,,TRUE
"CASE MANAGEMENT NURSE",2017,20,10,,,30,,,TRUE
"CASE MANAGEMENT NURSE",2018,20,15,,,35,,,TRUE
"CASE MANAGEMENT NURSE",2019,19,14,,,33,,,TRUE
"CASE MANAGEMENT NURSE",2020,15,15,,,30,,,TRUE
"CASE MANAGEMENT NURSE",2021,12,11,,,23,,,TRUE
"CASE MANAGEMENT NURSE",2022,8,12,,,20,,,TRUE
"CASE MANAGEMENT NURSE",2023,5,21,,,26,,,TRUE
"CASE MANAGEMENT NURSE",2024,6,17,,,23,,,TRUE
"CASE MANAGEMENT NURSE",2025,9,7,,,16,,,TRUE
"CASEWORKER",2014,1031,63,40224,34977,1094,0.869555489260143,5247,FALSE
"CASEWORKER",2015,994,109,42092,36578,1103,0.869001235389148,5514,FALSE
"CASEWORKER",2016,937,152,43164,37492,1089,0.868594198869428,5672,FALSE
"CASEWORKER",2017,891,194,44475,38617,1085,0.868285553681844,5858,FALSE
"CASEWORKER",2018,815,206,44475,38617,1021,0.868285553681844,5858,FALSE
"CASEWORKER",2019,816,178,46410,40275,994,0.867808661926309,6135,FALSE
"CASEWORKER",2020,821,166,47814,41483,987,0.867591082109842,6331,FALSE
"CASEWORKER",2021,810,81,47814,41483,891,0.867591082109842,6331,FALSE
"CASEWORKER",2022,691,60,47791,41483,751,0.868008620870038,6308,FALSE
"CASEWORKER",2023,563,148,52297,45329,711,0.866760999674934,6968,FALSE
"CASEWORKER",2024,484,342,53862,46689,826,0.866826333964576,7173,FALSE
"CASEWORKER",2025,463,367,55639,48206,830,0.866406657200884,7433,FALSE
"CASHIER",2014,19,1,,,20,,,TRUE
"CASHIER",2015,15,17,,,32,,,TRUE
"CASHIER",2016,15,16,,,31,,,TRUE
"CASHIER",2017,18,2,,,20,,,TRUE
"CASHIER",2018,18,4,,,22,,,TRUE
"CASHIER",2019,15,16,,,31,,,TRUE
"CASHIER",2020,15,15,,,30,,,TRUE
"CASHIER",2021,15,4,,,19,,,TRUE
"CASHIER",2022,15,0,,,15,,,TRUE
"CASHIER",2023,12,0,,,12,,,TRUE
"CASHIER",2024,12,8,,,20,,,TRUE
"CASHIER",2025,13,13,,,26,,,TRUE
"CERTIFIED APPLICATIONS DEVELOPER",2015,1,0,,,1,,,TRUE
"CERTIFIED APPLICATIONS DEVELOPER",2016,5,0,,,5,,,TRUE
"CERTIFIED APPLICATIONS DEVELOPER",2017,6,1,,,7,,,TRUE
"CERTIFIED APPLICATIONS DEVELOPER",2018,7,1,,,8,,,TRUE
"CERTIFIED APPLICATIONS DEVELOPER",2019,5,0,,,5,,,TRUE
"CERTIFIED APPLICATIONS DEVELOPER",2020,1,0,,,1,,,TRUE
"CERTIFIED APPLICATIONS DEVELOPER",2021,1,0,,,1,,,TRUE
"CERTIFIED APPLICATIONS DEVELOPER",2022,1,0,,,1,,,TRUE
"CERTIFIED APPLICATIONS DEVELOPER",2023,1,0,,,1,,,TRUE
"CERTIFIED APPLICATIONS DEVELOPER",2024,1,0,,,1,,,TRUE
"CERTIFIED APPLICATIONS DEVELOPER",2025,1,0,,,1,,,TRUE
"CERTIFIED DATABASE ADMINISTRATOR",2015,4,0,,,4,,,TRUE
"CERTIFIED DATABASE ADMINISTRATOR",2016,7,0,,,7,,,TRUE
"CERTIFIED DATABASE ADMINISTRATOR",2017,7,0,,,7,,,TRUE
"CERTIFIED DATABASE ADMINISTRATOR",2018,7,0,,,7,,,TRUE
"CERTIFIED DATABASE ADMINISTRATOR",2019,6,1,,,7,,,TRUE
"CERTIFIED DATABASE ADMINISTRATOR",2020,6,1,,,7,,,TRUE
"CERTIFIED DATABASE ADMINISTRATOR",2021,6,0,,,6,,,TRUE
"CERTIFIED DATABASE ADMINISTRATOR",2022,4,0,,,4,,,TRUE
"CERTIFIED DATABASE ADMINISTRATOR",2023,4,0,,,4,,,TRUE
"CERTIFIED DATABASE ADMINISTRATOR",2024,3,0,,,3,,,TRUE
"CERTIFIED DATABASE ADMINISTRATOR",2025,3,0,,,3,,,TRUE
"CERTIFIED IT ADMINISTRATOR",2014,32,25,,,57,,,TRUE
"CERTIFIED IT ADMINISTRATOR",2015,55,28,,,83,,,TRUE
"CERTIFIED IT ADMINISTRATOR",2016,61,40,95861,101565,101,1.05950282179406,-5704,FALSE
"CERTIFIED IT ADMINISTRATOR",2017,116,83,98761,104364,199,1.05673292088982,-5603,FALSE
"CERTIFIED IT ADMINISTRATOR",2018,168,61,98696,102909,229,1.04268663370349,-4213,FALSE
"CERTIFIED IT ADMINISTRATOR",2019,195,64,102969,102935,259,0.999669803533102,34,FALSE
"CERTIFIED IT ADMINISTRATOR",2020,209,40,106857,106023,249,0.99219517673152,834,FALSE
"CERTIFIED IT ADMINISTRATOR",2021,221,12,,,233,,,TRUE
"CERTIFIED IT ADMINISTRATOR",2022,213,16,,,229,,,TRUE
"CERTIFIED IT ADMINISTRATOR",2023,211,32,119775,114577,243,0.956601962012106,5198,FALSE
"CERTIFIED IT ADMINISTRATOR",2024,240,41,125107,119378,281,0.954207198637966,5729,FALSE
"CERTIFIED IT ADMINISTRATOR",2025,250,15,,,265,,,TRUE
"CERTIFIED IT DEVELOPER",2014,5,0,,,5,,,TRUE
"CERTIFIED IT DEVELOPER",2015,18,3,,,21,,,TRUE
"CERTIFIED IT DEVELOPER",2016,23,17,,,40,,,TRUE
"CERTIFIED IT DEVELOPER",2017,28,46,,,74,,,TRUE
"CERTIFIED IT DEVELOPER",2018,44,76,105885,104318,120,0.985200925532417,1567,FALSE
"CERTIFIED IT DEVELOPER",2019,45,46,113766,110010.5,91,0.966989258653728,3755.5,FALSE
"CERTIFIED IT DEVELOPER",2020,55,56,121451,110292,111,0.908119323842537,11159,FALSE
"CERTIFIED IT DEVELOPER",2021,62,31,119300.5,110000,93,0.922041399658845,9300.5,FALSE
"CERTIFIED IT DEVELOPER",2022,67,11,,,78,,,TRUE
"CERTIFIED IT DEVELOPER",2023,61,22,,,83,,,TRUE
"CERTIFIED IT DEVELOPER",2024,63,21,,,84,,,TRUE
"CERTIFIED IT DEVELOPER",2025,67,10,,,77,,,TRUE
"CERTIFIED LOCAL AREA NETWORK ADMINISTRATOR",2014,6,0,,,6,,,TRUE
"CERTIFIED LOCAL AREA NETWORK ADMINISTRATOR",2015,23,0,,,23,,,TRUE
"CERTIFIED LOCAL AREA NETWORK ADMINISTRATOR",2016,34,0,,,34,,,TRUE
"CERTIFIED LOCAL AREA NETWORK ADMINISTRATOR",2017,14,9,,,23,,,TRUE
"CERTIFIED LOCAL AREA NETWORK ADMINISTRATOR",2018,12,8,,,20,,,TRUE
"CERTIFIED LOCAL AREA NETWORK ADMINISTRATOR",2019,12,0,,,12,,,TRUE
"CERTIFIED LOCAL AREA NETWORK ADMINISTRATOR",2020,9,0,,,9,,,TRUE
"CERTIFIED LOCAL AREA NETWORK ADMINISTRATOR",2021,9,0,,,9,,,TRUE
"CERTIFIED LOCAL AREA NETWORK ADMINISTRATOR",2022,8,0,,,8,,,TRUE
"CERTIFIED LOCAL AREA NETWORK ADMINISTRATOR",2023,6,0,,,6,,,TRUE
"CERTIFIED LOCAL AREA NETWORK ADMINISTRATOR",2024,5,1,,,6,,,TRUE
"CERTIFIED LOCAL AREA NETWORK ADMINISTRATOR",2025,5,1,,,6,,,TRUE
"CERTIFIED WIDE AREA NETWORK ADMINISTRATOR",2014,3,0,,,3,,,TRUE
"CERTIFIED WIDE AREA NETWORK ADMINISTRATOR",2015,7,1,,,8,,,TRUE
"CERTIFIED WIDE AREA NETWORK ADMINISTRATOR",2016,16,1,,,17,,,TRUE
"CERTIFIED WIDE AREA NETWORK ADMINISTRATOR",2017,5,0,,,5,,,TRUE
"CERTIFIED WIDE AREA NETWORK ADMINISTRATOR",2018,4,1,,,5,,,TRUE
"CERTIFIED WIDE AREA NETWORK ADMINISTRATOR",2019,2,0,,,2,,,TRUE
"CERTIFIED WIDE AREA NETWORK ADMINISTRATOR",2020,2,0,,,2,,,TRUE
"CERTIFIED WIDE AREA NETWORK ADMINISTRATOR",2021,3,0,,,3,,,TRUE
"CERTIFIED WIDE AREA NETWORK ADMINISTRATOR",2022,3,0,,,3,,,TRUE
"CERTIFIED WIDE AREA NETWORK ADMINISTRATOR",2023,2,0,,,2,,,TRUE
"CERTIFIED WIDE AREA NETWORK ADMINISTRATOR",2024,3,0,,,3,,,TRUE
"CERTIFIED WIDE AREA NETWORK ADMINISTRATOR",2025,3,0,,,3,,,TRUE
"CHAIR",2014,0,1,,,1,,,TRUE
"CHAIR",2015,0,2,,,2,,,TRUE
"CHAIR",2020,0,1,,,1,,,TRUE
"CHAIR",2021,0,1,,,1,,,TRUE
"CHAIR",2022,0,1,,,1,,,TRUE
"CHAIR",2023,0,1,,,1,,,TRUE
"CHAIR LANDMARKS PRESERVATION COMMISSION",2015,0,1,,,1,,,TRUE
"CHAIR LANDMARKS PRESERVATION COMMISSION",2016,0,1,,,1,,,TRUE
"CHAIR LANDMARKS PRESERVATION COMMISSION",2019,1,0,,,1,,,TRUE
"CHAIR LANDMARKS PRESERVATION COMMISSION",2020,1,0,,,1,,,TRUE
"CHAIR LANDMARKS PRESERVATION COMMISSION",2021,1,0,,,1,,,TRUE
"CHAIR LANDMARKS PRESERVATION COMMISSION",2022,1,0,,,1,,,TRUE
"CHAIR LANDMARKS PRESERVATION COMMISSION",2023,1,0,,,1,,,TRUE
"CHAIR LANDMARKS PRESERVATION COMMISSION",2024,1,0,,,1,,,TRUE
"CHAIR LANDMARKS PRESERVATION COMMISSION",2025,1,0,,,1,,,TRUE
"CHAIRMAN",2014,1,2,,,3,,,TRUE
"CHAIRMAN",2015,0,3,,,3,,,TRUE
"CHAIRMAN",2016,0,1,,,1,,,TRUE
"CHAIRMAN",2017,0,1,,,1,,,TRUE
"CHAIRMAN",2018,0,1,,,1,,,TRUE
"CHAIRMAN",2020,0,1,,,1,,,TRUE
"CHAIRMAN",2021,0,1,,,1,,,TRUE
"CHAIRMAN",2022,0,2,,,2,,,TRUE
"CHAIRMAN",2023,0,2,,,2,,,TRUE
"CHAIRMAN COMMISSION ON HUMAN RIGHTS",2014,1,0,,,1,,,TRUE
"CHAIRMAN COMMISSION ON HUMAN RIGHTS",2015,0,1,,,1,,,TRUE
"CHAIRMAN COMMISSION ON HUMAN RIGHTS",2016,0,1,,,1,,,TRUE
"CHAIRMAN COMMISSION ON HUMAN RIGHTS",2022,0,1,,,1,,,TRUE
"CHAIRMAN COMMISSION ON HUMAN RIGHTS",2023,0,1,,,1,,,TRUE
"CHANCELLOR",2014,1,0,,,1,,,TRUE
"CHANCELLOR",2015,1,0,,,1,,,TRUE
"CHANCELLOR",2016,1,0,,,1,,,TRUE
"CHANCELLOR",2017,1,0,,,1,,,TRUE
"CHANCELLOR",2018,0,1,,,1,,,TRUE
"CHANCELLOR",2019,0,1,,,1,,,TRUE
"CHANCELLOR",2021,1,0,,,1,,,TRUE
"CHANCELLOR",2022,1,0,,,1,,,TRUE
"CHANCELLOR",2023,1,0,,,1,,,TRUE
"CHANCELLOR",2024,1,0,,,1,,,TRUE
"CHANCELLOR",2025,1,0,,,1,,,TRUE
"CHAPLAIN",2014,15,0,,,15,,,TRUE
"CHAPLAIN",2015,13,0,,,13,,,TRUE
"CHAPLAIN",2016,14,0,,,14,,,TRUE
"CHAPLAIN",2017,12,1,,,13,,,TRUE
"CHAPLAIN",2018,11,2,,,13,,,TRUE
"CHAPLAIN",2019,10,5,,,15,,,TRUE
"CHAPLAIN",2020,8,4,,,12,,,TRUE
"CHAPLAIN",2021,7,1,,,8,,,TRUE
"CHAPLAIN",2022,6,0,,,6,,,TRUE
"CHAPLAIN",2023,6,2,,,8,,,TRUE
"CHAPLAIN",2024,6,2,,,8,,,TRUE
"CHAPLAIN",2025,6,2,,,8,,,TRUE
"CHAUFFER ATTENDANT",2016,1,0,,,1,,,TRUE
"CHAUFFER ATTENDANT",2017,1,0,,,1,,,TRUE
"CHAUFFEUR",2025,0,1,,,1,,,TRUE
"CHAUFFEUR ATTENDANT",2014,14,5,,,19,,,TRUE
"CHAUFFEUR ATTENDANT",2015,15,8,,,23,,,TRUE
"CHAUFFEUR ATTENDANT",2016,15,9,,,24,,,TRUE
"CHAUFFEUR ATTENDANT",2017,17,7,,,24,,,TRUE
"CHAUFFEUR ATTENDANT",2018,18,6,,,24,,,TRUE
"CHAUFFEUR ATTENDANT",2019,17,5,,,22,,,TRUE
"CHAUFFEUR ATTENDANT",2020,13,6,,,19,,,TRUE
"CHAUFFEUR ATTENDANT",2021,13,2,,,15,,,TRUE
"CHAUFFEUR ATTENDANT",2022,8,1,,,9,,,TRUE
"CHAUFFEUR ATTENDANT",2023,9,9,,,18,,,TRUE
"CHAUFFEUR ATTENDANT",2024,10,9,,,19,,,TRUE
"CHAUFFEUR ATTENDANT",2025,12,5,,,17,,,TRUE
"CHEMICAL ENGINEER",2014,10,0,,,10,,,TRUE
"CHEMICAL ENGINEER",2015,11,0,,,11,,,TRUE
"CHEMICAL ENGINEER",2016,9,0,,,9,,,TRUE
"CHEMICAL ENGINEER",2017,7,0,,,7,,,TRUE
"CHEMICAL ENGINEER",2018,4,0,,,4,,,TRUE
"CHEMICAL ENGINEER",2019,2,0,,,2,,,TRUE
"CHEMICAL ENGINEER",2020,2,0,,,2,,,TRUE
"CHEMICAL ENGINEER",2021,2,0,,,2,,,TRUE
"CHEMICAL ENGINEER",2022,1,0,,,1,,,TRUE
"CHEMICAL ENGINEER",2023,2,0,,,2,,,TRUE
"CHEMICAL ENGINEER",2024,2,0,,,2,,,TRUE
"CHEMICAL ENGINEER",2025,1,1,,,2,,,TRUE
"CHEMICAL ENGINEERING INTERN",2015,0,2,,,2,,,TRUE
"CHEMICAL ENGINEERING INTERN",2016,0,1,,,1,,,TRUE
"CHEMICAL ENGINEERING INTERN",2018,0,1,,,1,,,TRUE
"CHEMICAL ENGINEERING INTERN",2019,0,11,,,11,,,TRUE
"CHEMICAL ENGINEERING INTERN",2020,0,2,,,2,,,TRUE
"CHEMICAL ENGINEERING INTERN",2025,0,3,,,3,,,TRUE
"CHIEF ACTUARY",2014,1,0,,,1,,,TRUE
"CHIEF ACTUARY",2015,0,1,,,1,,,TRUE
"CHIEF ACTUARY",2016,0,1,,,1,,,TRUE
"CHIEF ACTUARY",2023,0,1,,,1,,,TRUE
"CHIEF ACTUARY",2024,0,1,,,1,,,TRUE
"CHIEF ADMINISTRATIVE LAW JUDGE",2015,0,1,,,1,,,TRUE
"CHIEF ADMINISTRATIVE LAW JUDGE",2016,0,1,,,1,,,TRUE
"CHIEF ADMINISTRATIVE LAW JUDGE",2020,0,1,,,1,,,TRUE
"CHIEF ADMINISTRATIVE LAW JUDGE",2021,0,1,,,1,,,TRUE
"CHIEF ADMINISTRATIVE LAW JUDGE",2022,0,1,,,1,,,TRUE
"CHIEF ADMINISTRATIVE LAW JUDGE",2023,0,1,,,1,,,TRUE
"CHIEF ADMINISTRATIVE SUPT CAMPUS B/G",2014,2,0,,,2,,,TRUE
"CHIEF ADMINISTRATIVE SUPT CAMPUS B/G",2015,2,0,,,2,,,TRUE
"CHIEF ADMINISTRATIVE SUPT CAMPUS B/G",2016,2,0,,,2,,,TRUE
"CHIEF ADMINISTRATIVE SUPT CAMPUS B/G",2017,2,0,,,2,,,TRUE
"CHIEF ADMINISTRATIVE SUPT CAMPUS B/G",2018,4,0,,,4,,,TRUE
"CHIEF ADMINISTRATIVE SUPT CAMPUS B/G",2019,3,0,,,3,,,TRUE
"CHIEF ADMINISTRATIVE SUPT CAMPUS B/G",2020,3,0,,,3,,,TRUE
"CHIEF ADMINISTRATIVE SUPT CAMPUS B/G",2021,3,0,,,3,,,TRUE
"CHIEF ADMINISTRATIVE SUPT CAMPUS B/G",2022,3,0,,,3,,,TRUE
"CHIEF ADMINISTRATIVE SUPT CAMPUS B/G",2023,2,1,,,3,,,TRUE
"CHIEF ADMINISTRATIVE SUPT CAMPUS B/G",2024,1,0,,,1,,,TRUE
"CHIEF ADMINISTRATIVE SUPT CAMPUS B/G",2025,2,0,,,2,,,TRUE
"CHIEF ADMINISTRATOR OF IMPARTIAL HEARING OFFICE",2014,1,0,,,1,,,TRUE
"CHIEF ADMINISTRATOR OF IMPARTIAL HEARING OFFICE",2015,1,0,,,1,,,TRUE
"CHIEF ADMINISTRATOR OF IMPARTIAL HEARINGS",2016,1,0,,,1,,,TRUE
"CHIEF ADMINISTRATOR OF IMPARTIAL HEARINGS",2017,1,0,,,1,,,TRUE
"CHIEF ADMINISTRATOR OF IMPARTIAL HEARINGS",2018,1,0,,,1,,,TRUE
"CHIEF ADMINISTRATOR OF IMPARTIAL HEARINGS",2019,1,0,,,1,,,TRUE
"CHIEF ADMINISTRATOR OF IMPARTIAL HEARINGS",2020,1,0,,,1,,,TRUE
"CHIEF ADMINISTRATOR OF IMPARTIAL HEARINGS",2021,1,0,,,1,,,TRUE
"CHIEF ADMINISTRATOR OF IMPARTIAL HEARINGS",2022,1,0,,,1,,,TRUE
"CHIEF ADMINISTRATOR OF IMPARTIAL HEARINGS",2023,1,0,,,1,,,TRUE
"CHIEF ADMINISTRATOR SUPT CAMPUS B/G",2014,1,1,,,2,,,TRUE
"CHIEF ADMINISTRATOR SUPT CAMPUS B/G",2015,1,0,,,1,,,TRUE
"CHIEF ADMINISTRATOR SUPT CAMPUS B/G",2016,1,0,,,1,,,TRUE
"CHIEF ADMINISTRATOR SUPT CAMPUS B/G",2017,1,0,,,1,,,TRUE
"CHIEF ADVISOR PUBLIC SPACE POLICY",2024,0,1,,,1,,,TRUE
"CHIEF ADVISOR PUBLIC SPACE POLICY",2025,0,1,,,1,,,TRUE
"CHIEF ASSET MANAGEMENT OFFICER",2017,1,0,,,1,,,TRUE
"CHIEF ASSET MANAGEMENT OFFICER",2018,1,0,,,1,,,TRUE
"CHIEF CARETAKER",2014,29,0,,,29,,,TRUE
"CHIEF CARETAKER",2015,29,0,,,29,,,TRUE
"CHIEF CARETAKER",2016,28,0,,,28,,,TRUE
"CHIEF CARETAKER",2017,26,0,,,26,,,TRUE
"CHIEF CARETAKER",2018,25,0,,,25,,,TRUE
"CHIEF CARETAKER",2019,20,0,,,20,,,TRUE
"CHIEF CARETAKER",2020,18,0,,,18,,,TRUE
"CHIEF CARETAKER",2021,16,0,,,16,,,TRUE
"CHIEF CARETAKER",2022,11,0,,,11,,,TRUE
"CHIEF CARETAKER",2023,7,0,,,7,,,TRUE
"CHIEF CARETAKER",2024,6,0,,,6,,,TRUE
"CHIEF CARETAKER",2025,4,0,,,4,,,TRUE
"CHIEF CITY MEDICAL EXAMINER",2015,1,0,,,1,,,TRUE
"CHIEF CITY MEDICAL EXAMINER",2016,1,0,,,1,,,TRUE
"CHIEF CITY MEDICAL EXAMINER",2017,1,0,,,1,,,TRUE
"CHIEF CITY MEDICAL EXAMINER",2018,1,0,,,1,,,TRUE
"CHIEF CITY MEDICAL EXAMINER",2019,1,0,,,1,,,TRUE
"CHIEF CITY MEDICAL EXAMINER",2020,1,0,,,1,,,TRUE
"CHIEF CITY MEDICAL EXAMINER",2021,1,0,,,1,,,TRUE
"CHIEF CITY MEDICAL EXAMINER",2022,1,0,,,1,,,TRUE
"CHIEF CITY MEDICAL EXAMINER",2023,1,0,,,1,,,TRUE
"CHIEF CITY MEDICAL EXAMINER",2024,1,0,,,1,,,TRUE
"CHIEF CITY MEDICAL EXAMINER",2025,1,0,,,1,,,TRUE
"CHIEF CLERK",2014,2,0,,,2,,,TRUE
"CHIEF CLERK",2015,2,0,,,2,,,TRUE
"CHIEF CLERK",2016,2,0,,,2,,,TRUE
"CHIEF CLERK",2017,2,1,,,3,,,TRUE
"CHIEF CLERK",2018,1,2,,,3,,,TRUE
"CHIEF CLERK",2019,1,1,,,2,,,TRUE
"CHIEF CLERK",2020,2,0,,,2,,,TRUE
"CHIEF CLERK",2021,2,0,,,2,,,TRUE
"CHIEF CLERK",2022,1,1,,,2,,,TRUE
"CHIEF CLERK",2023,2,1,,,3,,,TRUE
"CHIEF CLERK",2024,2,0,,,2,,,TRUE
"CHIEF CLERK",2025,3,0,,,3,,,TRUE
"CHIEF COLLEGE LAB TECHNICIAN",2014,19,0,,,19,,,TRUE
"CHIEF COLLEGE LAB TECHNICIAN",2015,17,0,,,17,,,TRUE
"CHIEF COLLEGE LAB TECHNICIAN",2016,19,0,,,19,,,TRUE
"CHIEF COLLEGE LAB TECHNICIAN",2017,20,0,,,20,,,TRUE
"CHIEF COLLEGE LAB TECHNICIAN",2018,20,0,,,20,,,TRUE
"CHIEF COLLEGE LAB TECHNICIAN",2019,20,0,,,20,,,TRUE
"CHIEF COLLEGE LAB TECHNICIAN",2020,20,0,,,20,,,TRUE
"CHIEF COLLEGE LAB TECHNICIAN",2021,20,0,,,20,,,TRUE
"CHIEF COLLEGE LAB TECHNICIAN",2022,19,0,,,19,,,TRUE
"CHIEF COLLEGE LAB TECHNICIAN",2023,20,0,,,20,,,TRUE
"CHIEF COLLEGE LAB TECHNICIAN",2024,20,0,,,20,,,TRUE
"CHIEF COLLEGE LAB TECHNICIAN",2025,21,0,,,21,,,TRUE
"CHIEF DIVERSITY OFFICER DOE",2023,0,1,,,1,,,TRUE
"CHIEF DOCKMASTER",2014,1,0,,,1,,,TRUE
"CHIEF DOCKMASTER",2015,1,0,,,1,,,TRUE
"CHIEF EFFECTIVENESS OFFICER",2025,0,1,,,1,,,TRUE
"CHIEF ENGINEER",2014,1,0,,,1,,,TRUE
"CHIEF ENGINEER",2015,1,0,,,1,,,TRUE
"CHIEF ENGINEER",2016,1,0,,,1,,,TRUE
"CHIEF ENGINEER",2017,1,0,,,1,,,TRUE
"CHIEF FINANCIAL OFFICER",2024,0,1,,,1,,,TRUE
"CHIEF FINANCIAL OFFICER",2025,0,1,,,1,,,TRUE
"CHIEF FIRE MARSHAL",2014,1,0,,,1,,,TRUE
"CHIEF FIRE MARSHAL",2015,1,0,,,1,,,TRUE
"CHIEF FIRE MARSHAL",2016,1,0,,,1,,,TRUE
"CHIEF FIRE MARSHAL",2017,1,0,,,1,,,TRUE
"CHIEF FIRE MARSHAL",2018,1,0,,,1,,,TRUE
"CHIEF FIRE MARSHAL",2019,1,0,,,1,,,TRUE
"CHIEF FIRE MARSHAL",2020,1,0,,,1,,,TRUE
"CHIEF FIRE MARSHAL",2021,1,0,,,1,,,TRUE
"CHIEF FIRE MARSHAL",2022,1,0,,,1,,,TRUE
"CHIEF FIRE MARSHAL",2023,1,0,,,1,,,TRUE
"CHIEF FIRE MARSHAL",2024,1,0,,,1,,,TRUE
"CHIEF FIRE MARSHAL",2025,1,0,,,1,,,TRUE
"CHIEF INFORMATION TECHNOLOGY OFFICER",2017,0,1,,,1,,,TRUE
"CHIEF INFORMATION TECHNOLOGY OFFICER",2018,0,1,,,1,,,TRUE
"CHIEF INFORMATION TECHNOLOGY OFFICER",2020,0,1,,,1,,,TRUE
"CHIEF INFORMATION TECHNOLOGY OFFICER",2022,0,1,,,1,,,TRUE
"CHIEF INFORMATION TECHNOLOGY OFFICER",2023,0,1,,,1,,,TRUE
"CHIEF INFORMATION TECHNOLOGY OFFICER",2024,0,1,,,1,,,TRUE
"CHIEF INFORMATION TECHNOLOGY OFFICER",2025,0,1,,,1,,,TRUE
"CHIEF INVESTIGATING ACCOUNTANT",2019,0,1,,,1,,,TRUE
"CHIEF INVESTIGATING ACCOUNTANT",2020,0,3,,,3,,,TRUE
"CHIEF INVESTIGATING ACCOUNTANT",2021,0,3,,,3,,,TRUE
"CHIEF INVESTIGATING ACCOUNTANT",2022,4,9,,,13,,,TRUE
"CHIEF INVESTIGATING ACCOUNTANT",2023,8,13,,,21,,,TRUE
"CHIEF INVESTIGATING ACCOUNTANT",2024,5,4,,,9,,,TRUE
"CHIEF INVESTIGATING ACCOUNTANT",2025,9,4,,,13,,,TRUE
"CHIEF INVESTIGATOR",2014,1,0,,,1,,,TRUE
"CHIEF INVESTIGATOR",2015,1,0,,,1,,,TRUE
"CHIEF INVESTIGATOR",2016,1,0,,,1,,,TRUE
"CHIEF INVESTIGATOR",2017,1,0,,,1,,,TRUE
"CHIEF MARINE ENGINEER",2014,16,0,,,16,,,TRUE
"CHIEF MARINE ENGINEER",2015,16,0,,,16,,,TRUE
"CHIEF MARINE ENGINEER",2016,21,0,,,21,,,TRUE
"CHIEF MARINE ENGINEER",2017,22,1,,,23,,,TRUE
"CHIEF MARINE ENGINEER",2018,23,0,,,23,,,TRUE
"CHIEF MARINE ENGINEER",2019,27,0,,,27,,,TRUE
"CHIEF MARINE ENGINEER",2020,26,0,,,26,,,TRUE
"CHIEF MARINE ENGINEER",2021,25,0,,,25,,,TRUE
"CHIEF MARINE ENGINEER",2022,23,0,,,23,,,TRUE
"CHIEF MARINE ENGINEER",2023,24,0,,,24,,,TRUE
"CHIEF MARINE ENGINEER",2024,26,2,,,28,,,TRUE
"CHIEF MARINE ENGINEER",2025,26,3,,,29,,,TRUE
"CHIEF OF CITY SHERIFF OPERATIONS",2023,1,0,,,1,,,TRUE
"CHIEF OF CITY SHERIFF OPERATIONS",2024,1,0,,,1,,,TRUE
"CHIEF OF CITY SHERIFF OPERATIONS",2025,1,0,,,1,,,TRUE
"CHIEF OF DEPARTMENT",2014,1,0,,,1,,,TRUE
"CHIEF OF DEPARTMENT",2015,1,0,,,1,,,TRUE
"CHIEF OF DEPARTMENT",2016,1,0,,,1,,,TRUE
"CHIEF OF DEPARTMENT",2017,1,0,,,1,,,TRUE
"CHIEF OF DEPARTMENT",2018,1,0,,,1,,,TRUE
"CHIEF OF DEPARTMENT",2019,1,0,,,1,,,TRUE
"CHIEF OF DEPARTMENT",2020,1,0,,,1,,,TRUE
"CHIEF OF DEPARTMENT",2023,1,0,,,1,,,TRUE
"CHIEF OF DEPARTMENT",2024,1,0,,,1,,,TRUE
"CHIEF OF DEPARTMENT",2025,1,0,,,1,,,TRUE
"CHIEF OF HOUSING COMMUNITY ACTIVITIES",2015,0,2,,,2,,,TRUE
"CHIEF OF HOUSING COMMUNITY ACTIVITIES",2016,0,2,,,2,,,TRUE
"CHIEF OF HOUSING COMMUNITY ACTIVITIES",2022,1,0,,,1,,,TRUE
"CHIEF OF HOUSING COMMUNITY ACTIVITIES",2023,1,4,,,5,,,TRUE
"CHIEF OF HOUSING COMMUNITY ACTIVITIES",2024,3,8,,,11,,,TRUE
"CHIEF OF HOUSING COMMUNITY ACTIVITIES",2025,5,6,,,11,,,TRUE
"CHIEF OF INFORMATION TECHNOLOGY",2023,1,0,,,1,,,TRUE
"CHIEF OF INFORMATION TECHNOLOGY",2024,1,0,,,1,,,TRUE
"CHIEF OF INFORMATION TECHNOLOGY",2025,1,0,,,1,,,TRUE
"CHIEF OF PROFESSIONAL STANDARDS",2023,1,0,,,1,,,TRUE
"CHIEF OF STAFF",2014,2,0,,,2,,,TRUE
"CHIEF OF STAFF",2015,1,0,,,1,,,TRUE
"CHIEF OF STAFF",2016,2,0,,,2,,,TRUE
"CHIEF OF STAFF",2017,2,1,,,3,,,TRUE
"CHIEF OF STAFF",2018,2,3,,,5,,,TRUE
"CHIEF OF STAFF",2019,1,1,,,2,,,TRUE
"CHIEF OF STAFF",2020,1,2,,,3,,,TRUE
"CHIEF OF STAFF",2021,1,1,,,2,,,TRUE
"CHIEF OF STAFF",2022,1,4,,,5,,,TRUE
"CHIEF OF STAFF",2023,2,6,,,8,,,TRUE
"CHIEF OF STAFF",2024,2,3,,,5,,,TRUE
"CHIEF OF STAFF",2025,1,1,,,2,,,TRUE
"CHIEF OF STAFF MAYOR S OFFICE",2022,0,1,,,1,,,TRUE
"CHIEF OF STAFF TO FIRST DEPUTY COMMISSIONER",2024,0,1,,,1,,,TRUE
"CHIEF OF STAFF TO FIRST DEPUTY COMMISSIONER",2025,0,1,,,1,,,TRUE
"CHIEF OF STAFF TO THE DEPUTY CHANCELLOR",2025,0,2,,,2,,,TRUE
"CHIEF OF STAFF TO THE DEPUTY CHANCELLOR DOE",2023,0,1,,,1,,,TRUE
"CHIEF OF STAFF TO THE MAYOR",2023,0,1,,,1,,,TRUE
"CHIEF OF STAFF TO THE MAYOR",2024,0,1,,,1,,,TRUE
"CHIEF OF STRATEGIC INITIATIVES",2022,1,0,,,1,,,TRUE
"CHIEF OF STUDENT PATHWAYS DOE",2023,0,1,,,1,,,TRUE
"CHIEF OF STUDENT PATHWAYS DOE",2025,0,1,,,1,,,TRUE
"CHIEF OFFICE ASSISTANT",2014,1,0,,,1,,,TRUE
"CHIEF OFFICE ASSISTANT",2015,1,0,,,1,,,TRUE
"CHIEF OFFICE ASSISTANT",2016,1,0,,,1,,,TRUE
"CHIEF OPERATING OFFICER",2022,0,1,,,1,,,TRUE
"CHIEF PENSION INVESTMENT ADVISOR FINANCE",2023,0,1,,,1,,,TRUE
"CHIEF PUBLICATIONS & REPORTS",2017,1,0,,,1,,,TRUE
"CHIEF PUBLICATIONS & REPORTS",2021,0,1,,,1,,,TRUE
"CHIEF RACKETS INVESTIGATOR",2014,4,1,,,5,,,TRUE
"CHIEF RACKETS INVESTIGATOR",2015,4,1,,,5,,,TRUE
"CHIEF RACKETS INVESTIGATOR",2016,4,0,,,4,,,TRUE
"CHIEF RACKETS INVESTIGATOR",2017,4,0,,,4,,,TRUE
"CHIEF RACKETS INVESTIGATOR",2018,4,0,,,4,,,TRUE
"CHIEF RACKETS INVESTIGATOR",2019,4,1,,,5,,,TRUE
"CHIEF RACKETS INVESTIGATOR",2020,2,2,,,4,,,TRUE
"CHIEF RACKETS INVESTIGATOR",2021,3,1,,,4,,,TRUE
"CHIEF RACKETS INVESTIGATOR",2022,3,0,,,3,,,TRUE
"CHIEF RACKETS INVESTIGATOR",2023,3,1,,,4,,,TRUE
"CHIEF RACKETS INVESTIGATOR",2024,2,1,,,3,,,TRUE
"CHIEF RACKETS INVESTIGATOR",2025,3,1,,,4,,,TRUE
"CHIEF REVIEW ASSESSOR",2014,0,1,,,1,,,TRUE
"CHIEF REVIEW ASSESSOR",2015,0,1,,,1,,,TRUE
"CHIEF SCHOOL BUSINESS EXECUTIVE",2014,0,1,,,1,,,TRUE
"CHIEF SCHOOL BUSINESS EXECUTIVE",2015,0,1,,,1,,,TRUE
"CHIEF SCHOOL BUSINESS EXECUTIVE",2023,0,1,,,1,,,TRUE
"CHIEF SCHOOL BUSINESS EXECUTIVE",2024,0,1,,,1,,,TRUE
"CHIEF SERVICE OFFICER",2019,0,1,,,1,,,TRUE
"CHIEF SERVICE OFFICER OF NYC SERVICE",2025,1,0,,,1,,,TRUE
"CHIEF STRATEGY OFFICER",2018,0,1,,,1,,,TRUE
"CHIEF STRATEGY OFFICER",2019,0,1,,,1,,,TRUE
"CHIEF STRATEGY OFFICER DOE",2023,0,1,,,1,,,TRUE
"CHIEF STRATEGY OFFICER/DIVISION DOE",2023,1,1,,,2,,,TRUE
"CHIEF STRATEGY OFFICER/DIVISION DOE",2024,1,0,,,1,,,TRUE
"CHIEF TAX COMPLIANCE OFFICER",2024,1,0,,,1,,,TRUE
"CHIEF TAX COMPLIANCE OFFICER",2025,1,0,,,1,,,TRUE
"CHILD AND FAMILY SPECIALIST",2014,191,8,,,199,,,TRUE
"CHILD AND FAMILY SPECIALIST",2015,177,10,,,187,,,TRUE
"CHILD AND FAMILY SPECIALIST",2016,171,13,,,184,,,TRUE
"CHILD AND FAMILY SPECIALIST",2017,170,44,83248,67980,214,0.816596194503171,15268,FALSE
"CHILD AND FAMILY SPECIALIST",2018,144,46,83248,67980,190,0.816596194503171,15268,FALSE
"CHILD AND FAMILY SPECIALIST",2019,143,45,86824,73000,188,0.840781350778587,13824,FALSE
"CHILD AND FAMILY SPECIALIST",2020,131,31,88073,80522,162,0.914264303475526,7551,FALSE
"CHILD AND FAMILY SPECIALIST",2021,129,6,,,135,,,TRUE
"CHILD AND FAMILY SPECIALIST",2022,111,8,,,119,,,TRUE
"CHILD AND FAMILY SPECIALIST",2023,100,16,,,116,,,TRUE
"CHILD AND FAMILY SPECIALIST",2024,94,14,,,108,,,TRUE
"CHILD AND FAMILY SPECIALIST",2025,98,10,,,108,,,TRUE
"CHILD PROTECTIVE SPECIALIST",2014,467,130,49561,46479,597,0.937814006981296,3082,FALSE
"CHILD PROTECTIVE SPECIALIST",2015,487,388,51830,48605,875,0.937777349025661,3225,FALSE
"CHILD PROTECTIVE SPECIALIST",2016,583,425,53126,49820,1008,0.937770583141964,3306,FALSE
"CHILD PROTECTIVE SPECIALIST",2017,646,601,54720,51315,1247,0.937774122807018,3405,FALSE
"CHILD PROTECTIVE SPECIALIST",2018,692,916,54720,51315,1608,0.937774122807018,3405,FALSE
"CHILD PROTECTIVE SPECIALIST",2019,641,869,57070,53519,1510,0.937778167163133,3551,FALSE
"CHILD PROTECTIVE SPECIALIST",2020,577,688,60327,55125,1265,0.913769953752051,5202,FALSE
"CHILD PROTECTIVE SPECIALIST",2021,570,343,60327,58782,913,0.974389576806405,1545,FALSE
"CHILD PROTECTIVE SPECIALIST",2022,549,282,60327,55125,831,0.913769953752051,5202,FALSE
"CHILD PROTECTIVE SPECIALIST",2023,480,479,65945,55463,959,0.84104935931458,10482,FALSE
"CHILD PROTECTIVE SPECIALIST",2024,447,635,67947,62043,1082,0.913108746523025,5904,FALSE
"CHILD PROTECTIVE SPECIALIST",2025,454,656,70168.5,64059,1110,0.912931016054212,6109.5,FALSE
"CHILD PROTECTIVE SPECIALIST SUPERVISOR",2014,451,0,,,451,,,TRUE
"CHILD PROTECTIVE SPECIALIST SUPERVISOR",2015,447,1,,,448,,,TRUE
"CHILD PROTECTIVE SPECIALIST SUPERVISOR",2016,452,3,,,455,,,TRUE
"CHILD PROTECTIVE SPECIALIST SUPERVISOR",2017,453,2,,,455,,,TRUE
"CHILD PROTECTIVE SPECIALIST SUPERVISOR",2018,487,0,,,487,,,TRUE
"CHILD PROTECTIVE SPECIALIST SUPERVISOR",2019,525,2,,,527,,,TRUE
"CHILD PROTECTIVE SPECIALIST SUPERVISOR",2020,510,2,,,512,,,TRUE
"CHILD PROTECTIVE SPECIALIST SUPERVISOR",2021,503,0,,,503,,,TRUE
"CHILD PROTECTIVE SPECIALIST SUPERVISOR",2022,483,0,,,483,,,TRUE
"CHILD PROTECTIVE SPECIALIST SUPERVISOR",2023,475,0,,,475,,,TRUE
"CHILD PROTECTIVE SPECIALIST SUPERVISOR",2024,455,0,,,455,,,TRUE
"CHILD PROTECTIVE SPECIALIST SUPERVISOR",2025,466,1,,,467,,,TRUE
"CHILD WELFARE SPECIALIST",2014,224,3,,,227,,,TRUE
"CHILD WELFARE SPECIALIST",2015,202,4,,,206,,,TRUE
"CHILD WELFARE SPECIALIST",2016,175,1,,,176,,,TRUE
"CHILD WELFARE SPECIALIST",2017,170,17,,,187,,,TRUE
"CHILD WELFARE SPECIALIST",2018,165,26,,,191,,,TRUE
"CHILD WELFARE SPECIALIST",2019,167,11,,,178,,,TRUE
"CHILD WELFARE SPECIALIST",2020,152,2,,,154,,,TRUE
"CHILD WELFARE SPECIALIST",2021,145,0,,,145,,,TRUE
"CHILD WELFARE SPECIALIST",2022,133,0,,,133,,,TRUE
"CHILD WELFARE SPECIALIST",2023,112,1,,,113,,,TRUE
"CHILD WELFARE SPECIALIST",2024,102,11,,,113,,,TRUE
"CHILD WELFARE SPECIALIST",2025,103,9,,,112,,,TRUE
"CHILD WELFARE SPECIALIST SUPERVISOR",2014,119,0,,,119,,,TRUE
"CHILD WELFARE SPECIALIST SUPERVISOR",2015,108,0,,,108,,,TRUE
"CHILD WELFARE SPECIALIST SUPERVISOR",2016,103,3,,,106,,,TRUE
"CHILD WELFARE SPECIALIST SUPERVISOR",2017,102,10,,,112,,,TRUE
"CHILD WELFARE SPECIALIST SUPERVISOR",2018,117,14,,,131,,,TRUE
"CHILD WELFARE SPECIALIST SUPERVISOR",2019,121,15,,,136,,,TRUE
"CHILD WELFARE SPECIALIST SUPERVISOR",2020,118,6,,,124,,,TRUE
"CHILD WELFARE SPECIALIST SUPERVISOR",2021,115,0,,,115,,,TRUE
"CHILD WELFARE SPECIALIST SUPERVISOR",2022,99,0,,,99,,,TRUE
"CHILD WELFARE SPECIALIST SUPERVISOR",2023,91,0,,,91,,,TRUE
"CHILD WELFARE SPECIALIST SUPERVISOR",2024,86,0,,,86,,,TRUE
"CHILD WELFARE SPECIALIST SUPERVISOR",2025,80,0,,,80,,,TRUE
"CITY ASSESSOR",2014,80,3,,,83,,,TRUE
"CITY ASSESSOR",2015,80,6,,,86,,,TRUE
"CITY ASSESSOR",2016,72,4,,,76,,,TRUE
"CITY ASSESSOR",2017,64,15,,,79,,,TRUE
"CITY ASSESSOR",2018,58,5,,,63,,,TRUE
"CITY ASSESSOR",2019,52,9,,,61,,,TRUE
"CITY ASSESSOR",2020,49,6,,,55,,,TRUE
"CITY ASSESSOR",2021,50,2,,,52,,,TRUE
"CITY ASSESSOR",2022,43,4,,,47,,,TRUE
"CITY ASSESSOR",2023,39,11,,,50,,,TRUE
"CITY ASSESSOR",2024,37,7,,,44,,,TRUE
"CITY ASSESSOR",2025,36,1,,,37,,,TRUE
"CITY ATTENDANT",2014,16,18,,,34,,,TRUE
"CITY ATTENDANT",2015,18,28,,,46,,,TRUE
"CITY ATTENDANT",2016,19,48,,,67,,,TRUE
"CITY ATTENDANT",2017,34,27,,,61,,,TRUE
"CITY ATTENDANT",2018,32,9,,,41,,,TRUE
"CITY ATTENDANT",2019,30,14,,,44,,,TRUE
"CITY ATTENDANT",2020,29,9,,,38,,,TRUE
"CITY ATTENDANT",2021,27,1,,,28,,,TRUE
"CITY ATTENDANT",2022,24,1,,,25,,,TRUE
"CITY ATTENDANT",2023,22,6,,,28,,,TRUE
"CITY ATTENDANT",2024,22,5,,,27,,,TRUE
"CITY ATTENDANT",2025,23,6,,,29,,,TRUE
"CITY CHIEF DECARBONIZATION OFFICER",2024,0,1,,,1,,,TRUE
"CITY CHIEF DECARBONIZATION OFFICER",2025,0,1,,,1,,,TRUE
"CITY CLERK & CLERK OF COUNCIL",2014,1,0,,,1,,,TRUE
"CITY CLERK & CLERK OF COUNCIL",2015,1,0,,,1,,,TRUE
"CITY CLERK & CLERK OF COUNCIL",2016,1,0,,,1,,,TRUE
"CITY CLERK & CLERK OF COUNCIL",2017,1,0,,,1,,,TRUE
"CITY CLERK & CLERK OF COUNCIL",2018,1,0,,,1,,,TRUE
"CITY CLERK & CLERK OF COUNCIL",2019,1,0,,,1,,,TRUE
"CITY CLERK & CLERK OF COUNCIL",2020,1,0,,,1,,,TRUE
"CITY CLERK & CLERK OF COUNCIL",2021,1,0,,,1,,,TRUE
"CITY CLERK & CLERK OF COUNCIL",2022,1,0,,,1,,,TRUE
"CITY CLERK & CLERK OF COUNCIL",2023,1,0,,,1,,,TRUE
"CITY CLERK & CLERK OF COUNCIL",2024,1,0,,,1,,,TRUE
"CITY CLERK & CLERK OF COUNCIL",2025,1,0,,,1,,,TRUE
"CITY COLLECTOR",2015,1,0,,,1,,,TRUE
"CITY COLLECTOR",2016,1,0,,,1,,,TRUE
"CITY COLLECTOR",2017,1,0,,,1,,,TRUE
"CITY COLLECTOR",2018,1,0,,,1,,,TRUE
"CITY COLLECTOR",2023,0,1,,,1,,,TRUE
"CITY COLLECTOR",2024,0,1,,,1,,,TRUE
"CITY CUSTODIAL ASSISTANT",2014,230,108,31125,27065,338,0.869558232931727,4060,FALSE
"CITY CUSTODIAL ASSISTANT",2015,245,132,32549,28303,377,0.869550523825617,4246,FALSE
"CITY CUSTODIAL ASSISTANT",2016,7,2,,,9,,,TRUE
"CITY CUSTODIAL ASSISTANT",2017,314,161,34364,29881,475,0.869543708532185,4483,FALSE
"CITY CUSTODIAL ASSISTANT",2018,332,107,34364,29882,439,0.869572808753347,4482,FALSE
"CITY CUSTODIAL ASSISTANT",2019,335,140,35858,31320,475,0.873445256288694,4538,FALSE
"CITY CUSTODIAL ASSISTANT",2020,327,193,36958,32260,520,0.872882731749554,4698,FALSE
"CITY CUSTODIAL ASSISTANT",2021,300,93,36915,32260,393,0.873899498848706,4655,FALSE
"CITY CUSTODIAL ASSISTANT",2022,262,58,36915,32260,320,0.873899498848706,4655,FALSE
"CITY CUSTODIAL ASSISTANT",2023,249,155,40387,35252,404,0.872855126649664,5135,FALSE
"CITY CUSTODIAL ASSISTANT",2024,258,134,41623,38712,392,0.93006270571559,2911,FALSE
"CITY CUSTODIAL ASSISTANT",2025,276,86,43002,39970,362,0.929491651551091,3032,FALSE
"CITY DEBRIS REMOVER",2014,5,0,,,5,,,TRUE
"CITY DEBRIS REMOVER",2015,4,4,,,8,,,TRUE
"CITY DEBRIS REMOVER",2016,2,0,,,2,,,TRUE
"CITY DEBRIS REMOVER",2017,2,0,,,2,,,TRUE
"CITY DEBRIS REMOVER",2018,1,0,,,1,,,TRUE
"CITY DEBRIS REMOVER",2019,1,0,,,1,,,TRUE
"CITY DEBRIS REMOVER",2020,1,0,,,1,,,TRUE
"CITY DEBRIS REMOVER",2021,1,0,,,1,,,TRUE
"CITY DEBRIS REMOVER",2022,1,0,,,1,,,TRUE
"CITY DEBRIS REMOVER",2023,1,0,,,1,,,TRUE
"CITY DEBRIS REMOVER",2024,2,0,,,2,,,TRUE
"CITY DEBRIS REMOVER",2025,1,0,,,1,,,TRUE
"CITY DEPUTY MEDICAL DIRECTOR",2014,1,1,,,2,,,TRUE
"CITY DEPUTY MEDICAL DIRECTOR",2015,1,1,,,2,,,TRUE
"CITY DEPUTY MEDICAL DIRECTOR",2016,1,0,,,1,,,TRUE
"CITY DEPUTY MEDICAL DIRECTOR",2017,1,0,,,1,,,TRUE
"CITY DEPUTY MEDICAL DIRECTOR",2018,1,1,,,2,,,TRUE
"CITY DEPUTY MEDICAL DIRECTOR",2019,1,2,,,3,,,TRUE
"CITY DEPUTY MEDICAL DIRECTOR",2020,1,0,,,1,,,TRUE
"CITY DEPUTY MEDICAL DIRECTOR",2021,1,0,,,1,,,TRUE
"CITY DEPUTY MEDICAL DIRECTOR",2022,1,1,,,2,,,TRUE
"CITY DEPUTY MEDICAL DIRECTOR",2023,0,1,,,1,,,TRUE
"CITY ELEVATOR OPERATOR",2014,8,0,,,8,,,TRUE
"CITY ELEVATOR OPERATOR",2015,7,0,,,7,,,TRUE
"CITY ELEVATOR OPERATOR",2016,7,1,,,8,,,TRUE
"CITY ELEVATOR OPERATOR",2017,6,0,,,6,,,TRUE
"CITY ELEVATOR OPERATOR",2018,5,0,,,5,,,TRUE
"CITY ELEVATOR OPERATOR",2019,3,1,,,4,,,TRUE
"CITY ELEVATOR OPERATOR",2020,3,0,,,3,,,TRUE
"CITY ELEVATOR OPERATOR",2021,3,0,,,3,,,TRUE
"CITY ELEVATOR OPERATOR",2022,2,0,,,2,,,TRUE
"CITY ELEVATOR OPERATOR",2023,2,0,,,2,,,TRUE
"CITY ELEVATOR OPERATOR",2024,2,0,,,2,,,TRUE
"CITY ELEVATOR OPERATOR",2025,1,0,,,1,,,TRUE
"CITY LABORER",2015,2,1,,,3,,,TRUE
"CITY LABORER",2022,0,1,,,1,,,TRUE
"CITY LABORER",2023,0,2,,,2,,,TRUE
"CITY LABORER",2024,0,2,,,2,,,TRUE
"CITY MEDICAL DIRECTOR",2014,1,0,,,1,,,TRUE
"CITY MEDICAL DIRECTOR",2015,0,1,,,1,,,TRUE
"CITY MEDICAL DIRECTOR",2016,0,1,,,1,,,TRUE
"CITY MEDICAL DIRECTOR",2017,0,2,,,2,,,TRUE
"CITY MEDICAL DIRECTOR",2018,0,3,,,3,,,TRUE
"CITY MEDICAL DIRECTOR",2019,0,2,,,2,,,TRUE
"CITY MEDICAL DIRECTOR",2021,0,1,,,1,,,TRUE
"CITY MEDICAL DIRECTOR",2022,0,1,,,1,,,TRUE
"CITY MEDICAL DIRECTOR",2023,0,1,,,1,,,TRUE
"CITY MEDICAL EXAMINER",2014,11,10,,,21,,,TRUE
"CITY MEDICAL EXAMINER",2015,12,9,,,21,,,TRUE
"CITY MEDICAL EXAMINER",2016,11,11,,,22,,,TRUE
"CITY MEDICAL EXAMINER",2017,11,8,,,19,,,TRUE
"CITY MEDICAL EXAMINER",2018,10,9,,,19,,,TRUE
"CITY MEDICAL EXAMINER",2019,9,11,,,20,,,TRUE
"CITY MEDICAL EXAMINER",2020,10,15,,,25,,,TRUE
"CITY MEDICAL EXAMINER",2021,10,10,,,20,,,TRUE
"CITY MEDICAL EXAMINER",2022,7,7,,,14,,,TRUE
"CITY MEDICAL EXAMINER",2023,6,9,,,15,,,TRUE
"CITY MEDICAL EXAMINER",2024,7,7,,,14,,,TRUE
"CITY MEDICAL EXAMINER",2025,5,8,,,13,,,TRUE
"CITY MEDICAL SPECIALIST",2014,5,1,,,6,,,TRUE
"CITY MEDICAL SPECIALIST",2015,6,2,,,8,,,TRUE
"CITY MEDICAL SPECIALIST",2016,7,5,,,12,,,TRUE
"CITY MEDICAL SPECIALIST",2017,7,12,,,19,,,TRUE
"CITY MEDICAL SPECIALIST",2018,8,10,,,18,,,TRUE
"CITY MEDICAL SPECIALIST",2019,8,3,,,11,,,TRUE
"CITY MEDICAL SPECIALIST",2020,8,2,,,10,,,TRUE
"CITY MEDICAL SPECIALIST",2021,8,1,,,9,,,TRUE
"CITY MEDICAL SPECIALIST",2022,8,0,,,8,,,TRUE
"CITY MEDICAL SPECIALIST",2023,6,0,,,6,,,TRUE
"CITY MEDICAL SPECIALIST",2024,6,0,,,6,,,TRUE
"CITY MEDICAL SPECIALIST",2025,7,3,,,10,,,TRUE
"CITY MORTUARY TECHNICIAN",2014,16,11,,,27,,,TRUE
"CITY MORTUARY TECHNICIAN",2015,16,1,,,17,,,TRUE
"CITY MORTUARY TECHNICIAN",2016,17,0,,,17,,,TRUE
"CITY MORTUARY TECHNICIAN",2017,14,3,,,17,,,TRUE
"CITY MORTUARY TECHNICIAN",2018,15,5,,,20,,,TRUE
"CITY MORTUARY TECHNICIAN",2019,12,9,,,21,,,TRUE
"CITY MORTUARY TECHNICIAN",2020,11,21,,,32,,,TRUE
"CITY MORTUARY TECHNICIAN",2021,10,15,,,25,,,TRUE
"CITY MORTUARY TECHNICIAN",2022,6,8,,,14,,,TRUE
"CITY MORTUARY TECHNICIAN",2023,8,3,,,11,,,TRUE
"CITY MORTUARY TECHNICIAN",2024,8,7,,,15,,,TRUE
"CITY MORTUARY TECHNICIAN",2025,8,4,,,12,,,TRUE
"CITY PARK WORKER",2014,287,108,33783,29271,395,0.866441701447474,4512,FALSE
"CITY PARK WORKER",2015,271,56,35365,30610,327,0.865545030397285,4755,FALSE
"CITY PARK WORKER",2016,277,50,36141,31376,327,0.868155280706123,4765,FALSE
"CITY PARK WORKER",2017,289,46,37249,32317,335,0.867593760906333,4932,FALSE
"CITY PARK WORKER",2018,281,34,37249,32317,315,0.867593760906333,4932,FALSE
"CITY PARK WORKER",2019,242,33,38883,33704,275,0.866805544839647,5179,FALSE
"CITY PARK WORKER",2020,252,34,39995.5,34716,286,0.867997649735595,5279.5,FALSE
"CITY PARK WORKER",2021,201,1,,,202,,,TRUE
"CITY PARK WORKER",2022,198,32,40049.5,34716,230,0.866827301214747,5333.5,FALSE
"CITY PARK WORKER",2023,208,235,43763,43626,443,0.9968695016338,137,FALSE
"CITY PARK WORKER",2024,206,106,45187.5,44935,312,0.994412171507607,252.5,FALSE
"CITY PARK WORKER",2025,213,151,46497,46395,364,0.997806310084522,102,FALSE
"CITY PARKING EQUIPMENT SERVICE WORKER",2014,52,0,,,52,,,TRUE
"CITY PARKING EQUIPMENT SERVICE WORKER",2015,64,0,,,64,,,TRUE
"CITY PARKING EQUIPMENT SERVICE WORKER",2016,63,19,,,82,,,TRUE
"CITY PARKING EQUIPMENT SERVICE WORKER",2017,68,22,,,90,,,TRUE
"CITY PARKING EQUIPMENT SERVICE WORKER",2018,64,16,,,80,,,TRUE
"CITY PARKING EQUIPMENT SERVICE WORKER",2019,61,17,,,78,,,TRUE
"CITY PARKING EQUIPMENT SERVICE WORKER",2020,60,25,,,85,,,TRUE
"CITY PARKING EQUIPMENT SERVICE WORKER",2021,57,13,,,70,,,TRUE
"CITY PARKING EQUIPMENT SERVICE WORKER",2022,47,12,,,59,,,TRUE
"CITY PARKING EQUIPMENT SERVICE WORKER",2023,35,25,,,60,,,TRUE
"CITY PARKING EQUIPMENT SERVICE WORKER",2024,34,17,,,51,,,TRUE
"CITY PARKING EQUIPMENT SERVICE WORKER",2025,26,1,,,27,,,TRUE
"CITY PEST CONTROL AIDE",2014,17,0,,,17,,,TRUE
"CITY PEST CONTROL AIDE",2015,15,2,,,17,,,TRUE
"CITY PEST CONTROL AIDE",2016,14,2,,,16,,,TRUE
"CITY PEST CONTROL AIDE",2017,12,5,,,17,,,TRUE
"CITY PEST CONTROL AIDE",2018,11,9,,,20,,,TRUE
"CITY PEST CONTROL AIDE",2019,11,1,,,12,,,TRUE
"CITY PEST CONTROL AIDE",2020,11,2,,,13,,,TRUE
"CITY PEST CONTROL AIDE",2021,8,14,,,22,,,TRUE
"CITY PEST CONTROL AIDE",2022,7,23,,,30,,,TRUE
"CITY PEST CONTROL AIDE",2023,7,26,,,33,,,TRUE
"CITY PEST CONTROL AIDE",2024,5,50,,,55,,,TRUE
"CITY PEST CONTROL AIDE",2025,4,20,,,24,,,TRUE
"CITY PLANNER",2014,95,37,75754,50355,132,0.664717374660084,25399,FALSE
"CITY PLANNER",2015,100,84,79363.5,57497,184,0.72447661708468,21866.5,FALSE
"CITY PLANNER",2016,92,148,81373.5,65000,240,0.798785845514817,16373.5,FALSE
"CITY PLANNER",2017,90,49,84207.5,66950,139,0.79505982246237,17257.5,FALSE
"CITY PLANNER",2018,95,15,,,110,,,TRUE
"CITY PLANNER",2019,87,24,,,111,,,TRUE
"CITY PLANNER",2020,79,21,,,100,,,TRUE
"CITY PLANNER",2021,78,5,,,83,,,TRUE
"CITY PLANNER",2022,68,15,,,83,,,TRUE
"CITY PLANNER",2023,61,47,101641,81572,108,0.802550152005588,20069,FALSE
"CITY PLANNER",2024,68,57,103056.5,84401,125,0.818977939285732,18655.5,FALSE
"CITY PLANNER",2025,79,51,108242,75777,130,0.700070213041149,32465,FALSE
"CITY PLANNING TECHNICIAN",2014,2,26,,,28,,,TRUE
"CITY PLANNING TECHNICIAN",2015,0,36,,,36,,,TRUE
"CITY PLANNING TECHNICIAN",2016,0,24,,,24,,,TRUE
"CITY PLANNING TECHNICIAN",2017,0,1,,,1,,,TRUE
"CITY PLANNING TECHNICIAN",2018,0,5,,,5,,,TRUE
"CITY PLANNING TECHNICIAN",2019,0,4,,,4,,,TRUE
"CITY PLANNING TECHNICIAN",2020,0,1,,,1,,,TRUE
"CITY PLANNING TECHNICIAN",2021,0,1,,,1,,,TRUE
"CITY PLANNING TECHNICIAN",2022,0,1,,,1,,,TRUE
"CITY PLANNING TECHNICIAN",2024,0,1,,,1,,,TRUE
"CITY PLANNING TECHNICIAN",2025,0,1,,,1,,,TRUE
"CITY REGISTER",2014,1,0,,,1,,,TRUE
"CITY REGISTER",2015,1,0,,,1,,,TRUE
"CITY REGISTER",2016,1,0,,,1,,,TRUE
"CITY REGISTER",2017,1,0,,,1,,,TRUE
"CITY REGISTER",2018,1,0,,,1,,,TRUE
"CITY REGISTER",2019,1,0,,,1,,,TRUE
"CITY REGISTER",2020,1,0,,,1,,,TRUE
"CITY REGISTER",2021,1,0,,,1,,,TRUE
"CITY REGISTER",2022,1,0,,,1,,,TRUE
"CITY REGISTER",2023,1,0,,,1,,,TRUE
"CITY REGISTER",2024,1,0,,,1,,,TRUE
"CITY REGISTER",2025,1,0,,,1,,,TRUE
"CITY RESEARCH SCIENTIST",2014,162,108,84069,68171.5,270,0.810899380270968,15897.5,FALSE
"CITY RESEARCH SCIENTIST",2015,174,152,87851.5,66575,326,0.757812900178142,21276.5,FALSE
"CITY RESEARCH SCIENTIST",2016,182,238,89464.5,68239,420,0.76274947046035,21225.5,FALSE
"CITY RESEARCH SCIENTIST",2017,208,350,91852,72550,558,0.789857597003876,19302,FALSE
"CITY RESEARCH SCIENTIST",2018,231,353,91706,75000,584,0.817830894379866,16706,FALSE
"CITY RESEARCH SCIENTIST",2019,237,272,95897,79877.5,509,0.832950978654181,16019.5,FALSE
"CITY RESEARCH SCIENTIST",2020,237,307,100972,84301,544,0.834894822326982,16671,FALSE
"CITY RESEARCH SCIENTIST",2021,227,197,100980,84301,424,0.834828678946326,16679,FALSE
"CITY RESEARCH SCIENTIST",2022,227,214,101014,81272,441,0.804561743916685,19742,FALSE
"CITY RESEARCH SCIENTIST",2023,217,449,115035,88889,666,0.772712652670926,26146,FALSE
"CITY RESEARCH SCIENTIST",2024,232,536,118723.5,92118,768,0.775903675346498,26605.5,FALSE
"CITY RESEARCH SCIENTIST",2025,267,402,123642,97793.5,669,0.790940780640883,25848.5,FALSE
"CITY SEASONAL AIDE",2017,0,1,,,1,,,TRUE
"CITY SEASONAL AIDE",2019,0,85,,,85,,,TRUE
"CITY SEASONAL AIDE",2020,0,108,,,108,,,TRUE
"CITY SEASONAL AIDE",2021,0,194,,,194,,,TRUE
"CITY SEASONAL AIDE",2022,0,480,,,480,,,TRUE
"CITY SEASONAL AIDE",2023,0,11,,,11,,,TRUE
"CITY SEASONAL AIDE",2024,0,1,,,1,,,TRUE
"CITY SECURITY AIDE",2014,2,0,,,2,,,TRUE
"CITY SECURITY AIDE",2015,2,0,,,2,,,TRUE
"CITY SECURITY AIDE",2016,2,21,,,23,,,TRUE
"CITY SECURITY AIDE",2017,2,57,,,59,,,TRUE
"CITY SECURITY AIDE",2018,1,47,,,48,,,TRUE
"CITY SECURITY AIDE",2019,0,18,,,18,,,TRUE
"CITY SECURITY AIDE",2020,0,13,,,13,,,TRUE
"CITY SECURITY AIDE",2021,0,2,,,2,,,TRUE
"CITY SECURITY AIDE",2023,0,1,,,1,,,TRUE
"CITY SECURITY AIDE",2024,0,2,,,2,,,TRUE
"CITY SECURITY AIDE",2025,0,1,,,1,,,TRUE
"CITY TAX AUDITOR",2014,203,44,56933,45000,247,0.790402754114485,11933,FALSE
"CITY TAX AUDITOR",2015,182,66,67186,46063,248,0.685604143720418,21123,FALSE
"CITY TAX AUDITOR",2016,164,59,69088,47125,223,0.682101088466883,21963,FALSE
"CITY TAX AUDITOR",2017,147,80,72361,46350,227,0.640538411575296,26011,FALSE
"CITY TAX AUDITOR",2018,134,86,72361,45500,220,0.628791752463344,26861,FALSE
"CITY TAX AUDITOR",2019,120,72,76398,47933,192,0.627411712348491,28465,FALSE
"CITY TAX AUDITOR",2020,114,71,78690,47350,185,0.601728300927691,31340,FALSE
"CITY TAX AUDITOR",2021,111,35,78910,47350,146,0.600050690660246,31560,FALSE
"CITY TAX AUDITOR",2022,111,10,,,121,,,TRUE
"CITY TAX AUDITOR",2023,103,37,89900,49640,140,0.552169076751947,40260,FALSE
"CITY TAX AUDITOR",2024,101,105,92788,51130,206,0.551041082898651,41658,FALSE
"CITY TAX AUDITOR",2025,104,58,95175,53824,162,0.565526661413186,41351,FALSE
"CITY VETERINARIAN",2023,0,1,,,1,,,TRUE
"CIVIL ENGINEER",2014,188,17,,,205,,,TRUE
"CIVIL ENGINEER",2015,174,10,,,184,,,TRUE
"CIVIL ENGINEER",2016,163,19,,,182,,,TRUE
"CIVIL ENGINEER",2017,154,30,93625,91508.5,184,0.977393858477971,2116.5,FALSE
"CIVIL ENGINEER",2018,94,37,92700,96470,131,1.04066882416397,-3770,FALSE
"CIVIL ENGINEER",2019,65,38,97207,98835.5,103,1.01675290874114,-1628.5,FALSE
"CIVIL ENGINEER",2020,57,31,101717,97878,88,0.962258029631232,3839,FALSE
"CIVIL ENGINEER",2021,53,10,,,63,,,TRUE
"CIVIL ENGINEER",2022,38,11,,,49,,,TRUE
"CIVIL ENGINEER",2023,35,25,,,60,,,TRUE
"CIVIL ENGINEER",2024,38,33,113479.5,115004,71,1.01343414449306,-1524.5,FALSE
"CIVIL ENGINEER",2025,36,26,,,62,,,TRUE
"CIVIL ENGINEERING INTERN",2014,0,73,,,73,,,TRUE
"CIVIL ENGINEERING INTERN",2015,0,50,,,50,,,TRUE
"CIVIL ENGINEERING INTERN",2016,0,123,,,123,,,TRUE
"CIVIL ENGINEERING INTERN",2017,0,71,,,71,,,TRUE
"CIVIL ENGINEERING INTERN",2018,0,50,,,50,,,TRUE
"CIVIL ENGINEERING INTERN",2019,0,88,,,88,,,TRUE
"CIVIL ENGINEERING INTERN",2020,0,66,,,66,,,TRUE
"CIVIL ENGINEERING INTERN",2021,0,19,,,19,,,TRUE
"CIVIL ENGINEERING INTERN",2022,1,25,,,26,,,TRUE
"CIVIL ENGINEERING INTERN",2023,1,45,,,46,,,TRUE
"CIVIL ENGINEERING INTERN",2024,1,53,,,54,,,TRUE
"CIVIL ENGINEERING INTERN",2025,0,50,,,50,,,TRUE
"CIVILIANIZATION MANAGER PD",2014,1,0,,,1,,,TRUE
"CIVILIANIZATION MANAGER PD",2015,1,0,,,1,,,TRUE
"CIVILIANIZATION MANAGER PD",2016,1,0,,,1,,,TRUE
"CLAIM SPECIALIST",2014,62,33,51757.5,34977,95,0.67578611795392,16780.5,FALSE
"CLAIM SPECIALIST",2015,62,38,53900.5,36577,100,0.678602239311324,17323.5,FALSE
"CLAIM SPECIALIST",2016,64,50,55221.5,37492,114,0.67893845694159,17729.5,FALSE
"CLAIM SPECIALIST",2017,62,80,56492,38617,142,0.683583516250089,17875,FALSE
"CLAIM SPECIALIST",2018,57,66,56406,38617,123,0.684625749033791,17789,FALSE
"CLAIM SPECIALIST",2019,60,27,,,87,,,TRUE
"CLAIM SPECIALIST",2020,55,13,,,68,,,TRUE
"CLAIM SPECIALIST",2021,50,3,,,53,,,TRUE
"CLAIM SPECIALIST",2022,39,15,,,54,,,TRUE
"CLAIM SPECIALIST",2023,40,28,,,68,,,TRUE
"CLAIM SPECIALIST",2024,41,22,,,63,,,TRUE
"CLAIM SPECIALIST",2025,45,10,,,55,,,TRUE
"CLERICAL AIDE",2014,41,16,,,57,,,TRUE
"CLERICAL AIDE",2015,51,25,,,76,,,TRUE
"CLERICAL AIDE",2016,55,13,,,68,,,TRUE
"CLERICAL AIDE",2017,50,5,,,55,,,TRUE
"CLERICAL AIDE",2018,52,3,,,55,,,TRUE
"CLERICAL AIDE",2019,43,16,,,59,,,TRUE
"CLERICAL AIDE",2020,38,15,,,53,,,TRUE
"CLERICAL AIDE",2021,35,14,,,49,,,TRUE
"CLERICAL AIDE",2022,30,9,,,39,,,TRUE
"CLERICAL AIDE",2023,30,5,,,35,,,TRUE
"CLERICAL AIDE",2024,26,8,,,34,,,TRUE
"CLERICAL AIDE",2025,24,10,,,34,,,TRUE
"CLERICAL ASSOCIATE",2014,171,1,,,172,,,TRUE
"CLERICAL ASSOCIATE",2015,2557,458,38193,32087,3015,0.840127772104836,6106,FALSE
"CLERICAL ASSOCIATE",2016,2522,560,38989,34452,3082,0.883633845443587,4537,FALSE
"CLERICAL ASSOCIATE",2017,2378,623,40370,35167,3001,0.871117166212534,5203,FALSE
"CLERICAL ASSOCIATE",2018,2191,435,41036,37251,2626,0.907763914611561,3785,FALSE
"CLERICAL ASSOCIATE",2019,2021,467,43434,38851,2488,0.894483584288806,4583,FALSE
"CLERICAL ASSOCIATE",2020,2023,685,44799,40017,2708,0.893256545905043,4782,FALSE
"CLERICAL ASSOCIATE",2021,1986,405,45160,40017,2391,0.886116031886625,5143,FALSE
"CLERICAL ASSOCIATE",2022,1654,190,45159.5,40017,1844,0.886125842845913,5142.5,FALSE
"CLERICAL ASSOCIATE",2023,1320,548,48517,44396,1868,0.915060700373065,4121,FALSE
"CLERICAL ASSOCIATE",2024,1197,596,50522,47100,1793,0.932267131150786,3422,FALSE
"CLERICAL ASSOCIATE MOST MAYORAL AG",2014,2531,313,35657,30683,2844,0.8605042488151,4974,FALSE
"CLERICAL ASSOCIATE MOST MAYORAL AG",2025,1117,296,52499,48631,1413,0.926322406141069,3868,FALSE
"CLERK TO THE BOARD",2014,31,9,,,40,,,TRUE
"CLERK TO THE BOARD",2015,36,7,,,43,,,TRUE
"CLERK TO THE BOARD",2016,39,5,,,44,,,TRUE
"CLERK TO THE BOARD",2017,34,4,,,38,,,TRUE
"CLERK TO THE BOARD",2018,33,4,,,37,,,TRUE
"CLERK TO THE BOARD",2019,31,6,,,37,,,TRUE
"CLERK TO THE BOARD",2020,21,14,,,35,,,TRUE
"CLERK TO THE BOARD",2021,19,18,,,37,,,TRUE
"CLERK TO THE BOARD",2022,20,13,,,33,,,TRUE
"CLERK TO THE BOARD",2023,20,4,,,24,,,TRUE
"CLERK TO THE BOARD",2024,26,12,,,38,,,TRUE
"CLERK TO THE BOARD",2025,26,10,,,36,,,TRUE
"CLIMBER & PRUNER",2014,49,29,,,78,,,TRUE
"CLIMBER & PRUNER",2015,52,9,,,61,,,TRUE
"CLIMBER & PRUNER",2016,50,15,,,65,,,TRUE
"CLIMBER & PRUNER",2017,50,14,,,64,,,TRUE
"CLIMBER & PRUNER",2018,63,14,,,77,,,TRUE
"CLIMBER & PRUNER",2019,64,8,,,72,,,TRUE
"CLIMBER & PRUNER",2020,57,10,,,67,,,TRUE
"CLIMBER & PRUNER",2021,53,5,,,58,,,TRUE
"CLIMBER & PRUNER",2022,44,2,,,46,,,TRUE
"CLIMBER & PRUNER",2023,47,4,,,51,,,TRUE
"CLIMBER & PRUNER",2024,44,8,,,52,,,TRUE
"CLIMBER & PRUNER",2025,50,14,,,64,,,TRUE
"CLINICAL PROFESSOR",2015,0,1,,,1,,,TRUE
"CLIP INSTRUCTOR",2017,15,17,,,32,,,TRUE
"CLIP INSTRUCTOR",2018,13,17,,,30,,,TRUE
"CLIP INSTRUCTOR",2019,1,11,,,12,,,TRUE
"CLIP INSTRUCTOR",2020,0,6,,,6,,,TRUE
"CLIP INSTRUCTOR",2021,0,2,,,2,,,TRUE
"CLIP INSTRUCTOR",2022,0,1,,,1,,,TRUE
"CLIP INSTRUCTOR",2023,0,1,,,1,,,TRUE
"CLIP INSTRUCTOR",2024,1,4,,,5,,,TRUE
"CLIP INSTRUCTOR",2025,1,7,,,8,,,TRUE
"COLLECTIONS SPECIALIST",2023,0,2,,,2,,,TRUE
"COLLECTIONS SPECIALIST",2024,0,7,,,7,,,TRUE
"COLLECTIONS SPECIALIST",2025,0,8,,,8,,,TRUE
"COLLECTIONS UNIT HEAD",2024,1,0,,,1,,,TRUE
"COLLECTIONS UNIT HEAD",2025,1,0,,,1,,,TRUE
"COLLEGE ACCOUNTANT",2014,8,4,,,12,,,TRUE
"COLLEGE ACCOUNTANT",2015,9,4,,,13,,,TRUE
"COLLEGE ACCOUNTANT",2016,9,1,,,10,,,TRUE
"COLLEGE ACCOUNTANT",2017,6,4,,,10,,,TRUE
"COLLEGE ACCOUNTANT",2018,8,3,,,11,,,TRUE
"COLLEGE ACCOUNTANT",2019,6,0,,,6,,,TRUE
"COLLEGE ACCOUNTANT",2020,6,0,,,6,,,TRUE
"COLLEGE ACCOUNTANT",2021,6,0,,,6,,,TRUE
"COLLEGE ACCOUNTANT",2022,6,1,,,7,,,TRUE
"COLLEGE ACCOUNTANT",2023,5,0,,,5,,,TRUE
"COLLEGE ACCOUNTANT",2024,7,1,,,8,,,TRUE
"COLLEGE ACCOUNTANT",2025,5,3,,,8,,,TRUE
"COLLEGE ACCOUNTING ASSISTANT",2014,19,4,,,23,,,TRUE
"COLLEGE ACCOUNTING ASSISTANT",2015,15,6,,,21,,,TRUE
"COLLEGE ACCOUNTING ASSISTANT",2016,16,7,,,23,,,TRUE
"COLLEGE ACCOUNTING ASSISTANT",2017,17,3,,,20,,,TRUE
"COLLEGE ACCOUNTING ASSISTANT",2018,19,3,,,22,,,TRUE
"COLLEGE ACCOUNTING ASSISTANT",2019,19,2,,,21,,,TRUE
"COLLEGE ACCOUNTING ASSISTANT",2020,18,0,,,18,,,TRUE
"COLLEGE ACCOUNTING ASSISTANT",2021,15,0,,,15,,,TRUE
"COLLEGE ACCOUNTING ASSISTANT",2022,9,2,,,11,,,TRUE
"COLLEGE ACCOUNTING ASSISTANT",2023,6,2,,,8,,,TRUE
"COLLEGE ACCOUNTING ASSISTANT",2024,6,0,,,6,,,TRUE
"COLLEGE ACCOUNTING ASSISTANT",2025,6,1,,,7,,,TRUE
"COLLEGE AIDE",2016,0,2,,,2,,,TRUE
"COLLEGE AIDE",2017,0,2,,,2,,,TRUE
"COLLEGE AIDE",2018,0,2,,,2,,,TRUE
"COLLEGE AIDE",2021,0,5,,,5,,,TRUE
"COLLEGE AIDE",2023,0,3,,,3,,,TRUE
"COLLEGE AIDE",2024,0,2,,,2,,,TRUE
"COLLEGE AIDE",2025,0,4,,,4,,,TRUE
"COLLEGE GRAPH DESIGNER",2014,2,1,,,3,,,TRUE
"COLLEGE GRAPH DESIGNER",2015,2,1,,,3,,,TRUE
"COLLEGE GRAPH DESIGNER",2016,3,0,,,3,,,TRUE
"COLLEGE GRAPH DESIGNER",2017,4,0,,,4,,,TRUE
"COLLEGE GRAPH DESIGNER",2018,2,1,,,3,,,TRUE
"COLLEGE GRAPH DESIGNER",2019,2,2,,,4,,,TRUE
"COLLEGE GRAPH DESIGNER",2020,2,0,,,2,,,TRUE
"COLLEGE GRAPH DESIGNER",2021,2,0,,,2,,,TRUE
"COLLEGE GRAPH DESIGNER",2022,2,0,,,2,,,TRUE
"COLLEGE GRAPH DESIGNER",2023,2,0,,,2,,,TRUE
"COLLEGE GRAPH DESIGNER",2024,3,0,,,3,,,TRUE
"COLLEGE GRAPH DESIGNER",2025,3,0,,,3,,,TRUE
"COLLEGE INTERIOR DESIGNER",2015,0,1,,,1,,,TRUE
"COLLEGE LAB TECHNICIAN",2014,40,12,,,52,,,TRUE
"COLLEGE LAB TECHNICIAN",2015,41,20,,,61,,,TRUE
"COLLEGE LAB TECHNICIAN",2016,39,14,,,53,,,TRUE
"COLLEGE LAB TECHNICIAN",2017,39,13,,,52,,,TRUE
"COLLEGE LAB TECHNICIAN",2018,41,18,,,59,,,TRUE
"COLLEGE LAB TECHNICIAN",2019,28,21,,,49,,,TRUE
"COLLEGE LAB TECHNICIAN",2020,25,12,,,37,,,TRUE
"COLLEGE LAB TECHNICIAN",2021,27,3,,,30,,,TRUE
"COLLEGE LAB TECHNICIAN",2022,21,3,,,24,,,TRUE
"COLLEGE LAB TECHNICIAN",2023,21,9,,,30,,,TRUE
"COLLEGE LAB TECHNICIAN",2024,24,12,,,36,,,TRUE
"COLLEGE LAB TECHNICIAN",2025,28,11,,,39,,,TRUE
"COLLEGE PRINT SHOP ASSISTANT",2014,6,1,,,7,,,TRUE
"COLLEGE PRINT SHOP ASSISTANT",2015,6,0,,,6,,,TRUE
"COLLEGE PRINT SHOP ASSISTANT",2016,6,1,,,7,,,TRUE
"COLLEGE PRINT SHOP ASSISTANT",2017,6,1,,,7,,,TRUE
"COLLEGE PRINT SHOP ASSISTANT",2018,6,1,,,7,,,TRUE
"COLLEGE PRINT SHOP ASSISTANT",2019,6,1,,,7,,,TRUE
"COLLEGE PRINT SHOP ASSISTANT",2020,6,0,,,6,,,TRUE
"COLLEGE PRINT SHOP ASSISTANT",2021,6,0,,,6,,,TRUE
"COLLEGE PRINT SHOP ASSISTANT",2022,8,0,,,8,,,TRUE
"COLLEGE PRINT SHOP ASSISTANT",2023,8,0,,,8,,,TRUE
"COLLEGE PRINT SHOP ASSISTANT",2024,4,0,,,4,,,TRUE
"COLLEGE PRINT SHOP ASSOCIATE",2014,6,0,,,6,,,TRUE
"COLLEGE PRINT SHOP ASSOCIATE",2015,6,0,,,6,,,TRUE
"COLLEGE PRINT SHOP ASSOCIATE",2016,6,0,,,6,,,TRUE
"COLLEGE PRINT SHOP ASSOCIATE",2017,5,0,,,5,,,TRUE
"COLLEGE PRINT SHOP ASSOCIATE",2018,4,1,,,5,,,TRUE
"COLLEGE PRINT SHOP ASSOCIATE",2019,4,1,,,5,,,TRUE
"COLLEGE PRINT SHOP ASSOCIATE",2020,4,0,,,4,,,TRUE
"COLLEGE PRINT SHOP ASSOCIATE",2021,4,0,,,4,,,TRUE
"COLLEGE PRINT SHOP ASSOCIATE",2022,4,0,,,4,,,TRUE
"COLLEGE PRINT SHOP ASSOCIATE",2023,4,0,,,4,,,TRUE
"COLLEGE PRINT SHOP ASSOCIATE",2024,4,0,,,4,,,TRUE
"COLLEGE PRINT SHOP ASSOCIATE",2025,1,0,,,1,,,TRUE
"COLLEGE PRINT SHOP COORDINATOR",2014,1,1,,,2,,,TRUE
"COLLEGE PRINT SHOP COORDINATOR",2016,1,0,,,1,,,TRUE
"COLLEGE PRINT SHOP COORDINATOR",2017,1,0,,,1,,,TRUE
"COLLEGE PRINT SHOP COORDINATOR",2018,3,0,,,3,,,TRUE
"COLLEGE PRINT SHOP COORDINATOR",2019,3,0,,,3,,,TRUE
"COLLEGE PRINT SHOP COORDINATOR",2020,2,0,,,2,,,TRUE
"COLLEGE PRINT SHOP COORDINATOR",2021,2,0,,,2,,,TRUE
"COLLEGE PRINT SHOP COORDINATOR",2022,2,0,,,2,,,TRUE
"COLLEGE PRINT SHOP COORDINATOR",2023,3,0,,,3,,,TRUE
"COLLEGE PRINT SHOP COORDINATOR",2024,3,0,,,3,,,TRUE
"COLLEGE PRINT SHOP COORDINATOR",2025,1,0,,,1,,,TRUE
"COLLEGE PRINT SHOP SPECIALIST",2024,5,0,,,5,,,TRUE
"COLLEGE PRINT SHOP SPECIALIST",2025,14,0,,,14,,,TRUE
"COLLEGE SECURITY DIRECTOR",2014,2,0,,,2,,,TRUE
"COLLEGE SECURITY DIRECTOR",2015,2,2,,,4,,,TRUE
"COLLEGE SECURITY DIRECTOR",2016,2,0,,,2,,,TRUE
"COLLEGE SECURITY DIRECTOR",2017,2,2,,,4,,,TRUE
"COLLEGE SECURITY DIRECTOR",2018,2,2,,,4,,,TRUE
"COLLEGE SECURITY DIRECTOR",2019,2,0,,,2,,,TRUE
"COLLEGE SECURITY DIRECTOR",2020,3,0,,,3,,,TRUE
"COLLEGE SECURITY DIRECTOR",2021,3,0,,,3,,,TRUE
"COLLEGE SECURITY DIRECTOR",2022,4,1,,,5,,,TRUE
"COLLEGE SECURITY DIRECTOR",2023,4,1,,,5,,,TRUE
"COLLEGE SECURITY DIRECTOR",2024,4,0,,,4,,,TRUE
"COLLEGE SECURITY DIRECTOR",2025,4,1,,,5,,,TRUE
"COLLEGE SECURITY SPECIALIST",2014,6,3,,,9,,,TRUE
"COLLEGE SECURITY SPECIALIST",2015,6,2,,,8,,,TRUE
"COLLEGE SECURITY SPECIALIST",2016,5,0,,,5,,,TRUE
"COLLEGE SECURITY SPECIALIST",2017,6,0,,,6,,,TRUE
"COLLEGE SECURITY SPECIALIST",2018,7,0,,,7,,,TRUE
"COLLEGE SECURITY SPECIALIST",2019,7,0,,,7,,,TRUE
"COLLEGE SECURITY SPECIALIST",2020,7,0,,,7,,,TRUE
"COLLEGE SECURITY SPECIALIST",2021,7,0,,,7,,,TRUE
"COLLEGE SECURITY SPECIALIST",2022,5,0,,,5,,,TRUE
"COLLEGE SECURITY SPECIALIST",2023,6,0,,,6,,,TRUE
"COLLEGE SECURITY SPECIALIST",2024,11,0,,,11,,,TRUE
"COLLEGE SECURITY SPECIALIST",2025,11,1,,,12,,,TRUE
"COMMISSARY MANAGER",2014,3,1,,,4,,,TRUE
"COMMISSARY MANAGER",2015,2,3,,,5,,,TRUE
"COMMISSARY MANAGER",2016,2,4,,,6,,,TRUE
"COMMISSARY MANAGER",2017,1,2,,,3,,,TRUE
"COMMISSARY MANAGER",2018,0,3,,,3,,,TRUE
"COMMISSARY MANAGER",2019,0,1,,,1,,,TRUE
"COMMISSARY MANAGER",2021,1,0,,,1,,,TRUE
"COMMISSARY MANAGER",2022,1,0,,,1,,,TRUE
"COMMISSARY MANAGER",2023,1,0,,,1,,,TRUE
"COMMISSARY MANAGER",2024,1,0,,,1,,,TRUE
"COMMISSARY MANAGER",2025,1,0,,,1,,,TRUE
"COMMISSIONER",2014,0,7,,,7,,,TRUE
"COMMISSIONER",2015,0,7,,,7,,,TRUE
"COMMISSIONER",2016,0,2,,,2,,,TRUE
"COMMISSIONER",2017,2,3,,,5,,,TRUE
"COMMISSIONER",2018,3,2,,,5,,,TRUE
"COMMISSIONER",2019,3,4,,,7,,,TRUE
"COMMISSIONER",2020,3,2,,,5,,,TRUE
"COMMISSIONER",2021,3,2,,,5,,,TRUE
"COMMISSIONER",2022,2,5,,,7,,,TRUE
"COMMISSIONER",2023,2,5,,,7,,,TRUE
"COMMISSIONER",2024,5,2,,,7,,,TRUE
"COMMISSIONER",2025,2,5,,,7,,,TRUE
"COMMISSIONER OF BUILDINGS",2015,0,1,,,1,,,TRUE
"COMMISSIONER OF BUILDINGS",2016,0,1,,,1,,,TRUE
"COMMISSIONER OF BUILDINGS",2019,0,1,,,1,,,TRUE
"COMMISSIONER OF BUILDINGS",2020,0,1,,,1,,,TRUE
"COMMISSIONER OF BUILDINGS",2022,0,1,,,1,,,TRUE
"COMMISSIONER OF BUILDINGS",2023,0,1,,,1,,,TRUE
"COMMISSIONER OF BUILDINGS",2024,0,1,,,1,,,TRUE
"COMMISSIONER OF BUSINESS SERVICES",2014,0,1,,,1,,,TRUE
"COMMISSIONER OF BUSINESS SERVICES",2015,0,1,,,1,,,TRUE
"COMMISSIONER OF BUSINESS SERVICES",2019,1,0,,,1,,,TRUE
"COMMISSIONER OF BUSINESS SERVICES",2020,0,1,,,1,,,TRUE
"COMMISSIONER OF BUSINESS SERVICES",2021,0,1,,,1,,,TRUE
"COMMISSIONER OF BUSINESS SERVICES",2022,0,1,,,1,,,TRUE
"COMMISSIONER OF BUSINESS SERVICES",2023,0,1,,,1,,,TRUE
"COMMISSIONER OF CHILDREN S SERVICES",2014,0,1,,,1,,,TRUE
"COMMISSIONER OF CHILDREN S SERVICES",2015,0,1,,,1,,,TRUE
"COMMISSIONER OF CHILDREN S SERVICES",2017,0,1,,,1,,,TRUE
"COMMISSIONER OF CHILDREN S SERVICES",2018,0,1,,,1,,,TRUE
"COMMISSIONER OF CHILDREN S SERVICES",2022,0,1,,,1,,,TRUE
"COMMISSIONER OF CHILDREN S SERVICES",2023,0,1,,,1,,,TRUE
"COMMISSIONER OF CITYWIDE ADMINISTRATIVE SERVICES",2014,0,1,,,1,,,TRUE
"COMMISSIONER OF CITYWIDE ADMINISTRATIVE SERVICES",2015,0,1,,,1,,,TRUE
"COMMISSIONER OF CITYWIDE ADMINISTRATIVE SERVICES",2016,0,1,,,1,,,TRUE
"COMMISSIONER OF CITYWIDE ADMINISTRATIVE SERVICES",2017,0,1,,,1,,,TRUE
"COMMISSIONER OF CITYWIDE ADMINISTRATIVE SERVICES",2025,0,1,,,1,,,TRUE
"COMMISSIONER OF COMMUNITY DEVELOPMENT",2014,0,1,,,1,,,TRUE
"COMMISSIONER OF COMMUNITY DEVELOPMENT",2015,0,1,,,1,,,TRUE
"COMMISSIONER OF COMMUNITY DEVELOPMENT",2023,0,1,,,1,,,TRUE
"COMMISSIONER OF CULTURAL AFFAIRS",2014,0,1,,,1,,,TRUE
"COMMISSIONER OF CULTURAL AFFAIRS",2015,0,1,,,1,,,TRUE
"COMMISSIONER OF CULTURAL AFFAIRS",2020,0,1,,,1,,,TRUE
"COMMISSIONER OF CULTURAL AFFAIRS",2021,0,1,,,1,,,TRUE
"COMMISSIONER OF CULTURAL AFFAIRS",2022,0,1,,,1,,,TRUE
"COMMISSIONER OF CULTURAL AFFAIRS",2023,0,1,,,1,,,TRUE
"COMMISSIONER OF DEPARTMENT OF VETERAN S SERVICES",2020,0,1,,,1,,,TRUE
"COMMISSIONER OF DEPARTMENT OF VETERAN S SERVICES",2021,0,1,,,1,,,TRUE
"COMMISSIONER OF DEPT OF INFO TECHNOLOGY & TELECOMMUNICATIONS",2014,0,1,,,1,,,TRUE
"COMMISSIONER OF DEPT OF INFO TECHNOLOGY & TELECOMMUNICATIONS",2015,0,1,,,1,,,TRUE
"COMMISSIONER OF DEPT OF INFO TECHNOLOGY & TELECOMMUNICATIONS",2018,0,1,,,1,,,TRUE
"COMMISSIONER OF DEPT OF INFO TECHNOLOGY & TELECOMMUNICATIONS",2020,0,1,,,1,,,TRUE
"COMMISSIONER OF DEPT OF INFO TECHNOLOGY & TELECOMMUNICATIONS",2021,0,1,,,1,,,TRUE
"COMMISSIONER OF DEPT OF INFO TECHNOLOGY & TELECOMMUNICATIONS",2022,0,1,,,1,,,TRUE
"COMMISSIONER OF DEPT OF INFO TECHNOLOGY & TELECOMMUNICATIONS",2023,0,1,,,1,,,TRUE
"COMMISSIONER OF DESIGN & CONSTRUCTION",2014,0,1,,,1,,,TRUE
"COMMISSIONER OF DESIGN & CONSTRUCTION",2015,0,1,,,1,,,TRUE
"COMMISSIONER OF DESIGN & CONSTRUCTION",2022,1,0,,,1,,,TRUE
"COMMISSIONER OF DESIGN & CONSTRUCTION",2023,1,0,,,1,,,TRUE
"COMMISSIONER OF DESIGN & CONSTRUCTION",2024,1,0,,,1,,,TRUE
"COMMISSIONER OF DESIGN & CONSTRUCTION",2025,1,0,,,1,,,TRUE
"COMMISSIONER OF EMERGENCY MANAGEMENT",2015,0,1,,,1,,,TRUE
"COMMISSIONER OF EMERGENCY MANAGEMENT",2020,0,1,,,1,,,TRUE
"COMMISSIONER OF EMERGENCY MANAGEMENT",2021,0,1,,,1,,,TRUE
"COMMISSIONER OF EMERGENCY MANAGEMENT",2022,0,1,,,1,,,TRUE
"COMMISSIONER OF EMERGENCY MANAGEMENT",2023,0,1,,,1,,,TRUE
"COMMISSIONER OF ENVIRONMENTAL PROTECTION",2014,0,1,,,1,,,TRUE
"COMMISSIONER OF ENVIRONMENTAL PROTECTION",2015,0,1,,,1,,,TRUE
"COMMISSIONER OF ENVIRONMENTAL PROTECTION",2018,1,0,,,1,,,TRUE
"COMMISSIONER OF ENVIRONMENTAL PROTECTION",2019,1,0,,,1,,,TRUE
"COMMISSIONER OF ENVIRONMENTAL PROTECTION",2020,1,0,,,1,,,TRUE
"COMMISSIONER OF ENVIRONMENTAL PROTECTION",2021,1,0,,,1,,,TRUE
"COMMISSIONER OF ENVIRONMENTAL PROTECTION",2022,0,1,,,1,,,TRUE
"COMMISSIONER OF ENVIRONMENTAL PROTECTION",2023,0,1,,,1,,,TRUE
"COMMISSIONER OF FINANCE",2014,0,1,,,1,,,TRUE
"COMMISSIONER OF FINANCE",2015,0,1,,,1,,,TRUE
"COMMISSIONER OF FINANCE",2021,0,1,,,1,,,TRUE
"COMMISSIONER OF FINANCE",2022,0,1,,,1,,,TRUE
"COMMISSIONER OF FINANCE",2023,0,1,,,1,,,TRUE
"COMMISSIONER OF HEALTH",2014,0,1,,,1,,,TRUE
"COMMISSIONER OF HEALTH",2015,0,1,,,1,,,TRUE
"COMMISSIONER OF HEALTH",2021,0,1,,,1,,,TRUE
"COMMISSIONER OF HEALTH",2022,0,1,,,1,,,TRUE
"COMMISSIONER OF HEALTH",2023,0,1,,,1,,,TRUE
"COMMISSIONER OF HOMELESS SERVICES",2014,0,1,,,1,,,TRUE
"COMMISSIONER OF HOMELESS SERVICES",2015,0,1,,,1,,,TRUE
"COMMISSIONER OF HOUSING PRESERVATION & DEVELOPMENT",2014,0,1,,,1,,,TRUE
"COMMISSIONER OF HOUSING PRESERVATION & DEVELOPMENT",2015,0,1,,,1,,,TRUE
"COMMISSIONER OF HOUSING PRESERVATION & DEVELOPMENT",2017,0,1,,,1,,,TRUE
"COMMISSIONER OF HOUSING PRESERVATION & DEVELOPMENT",2018,0,1,,,1,,,TRUE
"COMMISSIONER OF HOUSING PRESERVATION & DEVELOPMENT",2019,0,1,,,1,,,TRUE
"COMMISSIONER OF HOUSING PRESERVATION & DEVELOPMENT",2020,0,1,,,1,,,TRUE
"COMMISSIONER OF HOUSING PRESERVATION & DEVELOPMENT",2022,0,1,,,1,,,TRUE
"COMMISSIONER OF HOUSING PRESERVATION & DEVELOPMENT",2023,0,1,,,1,,,TRUE
"COMMISSIONER OF LABOR RELATIONS",2014,0,1,,,1,,,TRUE
"COMMISSIONER OF LABOR RELATIONS",2015,0,1,,,1,,,TRUE
"COMMISSIONER OF LABOR RELATIONS",2019,1,0,,,1,,,TRUE
"COMMISSIONER OF LABOR RELATIONS",2020,1,0,,,1,,,TRUE
"COMMISSIONER OF LABOR RELATIONS",2021,1,0,,,1,,,TRUE
"COMMISSIONER OF LABOR RELATIONS",2022,1,0,,,1,,,TRUE
"COMMISSIONER OF LABOR RELATIONS",2023,1,0,,,1,,,TRUE
"COMMISSIONER OF LABOR RELATIONS",2024,1,0,,,1,,,TRUE
"COMMISSIONER OF LABOR RELATIONS",2025,1,0,,,1,,,TRUE
"COMMISSIONER OF PARKS & RECREATION",2014,0,1,,,1,,,TRUE
"COMMISSIONER OF PARKS & RECREATION",2015,0,1,,,1,,,TRUE
"COMMISSIONER OF PARKS & RECREATION",2022,0,1,,,1,,,TRUE
"COMMISSIONER OF PARKS & RECREATION",2023,0,1,,,1,,,TRUE
"COMMISSIONER OF PARKS & RECREATION",2025,1,0,,,1,,,TRUE
"COMMISSIONER OF SANITATION",2014,0,1,,,1,,,TRUE
"COMMISSIONER OF SANITATION",2015,0,1,,,1,,,TRUE
"COMMISSIONER OF SANITATION",2022,0,1,,,1,,,TRUE
"COMMISSIONER OF SANITATION",2023,0,1,,,1,,,TRUE
"COMMISSIONER OF TRANSPORTATION",2014,0,1,,,1,,,TRUE
"COMMISSIONER OF TRANSPORTATION",2015,0,1,,,1,,,TRUE
"COMMISSIONER OF TRANSPORTATION",2021,0,1,,,1,,,TRUE
"COMMISSIONER OF TRANSPORTATION",2022,0,1,,,1,,,TRUE
"COMMISSIONER OF TRANSPORTATION",2023,0,1,,,1,,,TRUE
"COMMISSIONER UN & CONSULAR CORPS DIPLOMATIC RELATIONS",2015,0,1,,,1,,,TRUE
"COMMISSIONER UN & CONSULAR CORPS DIPLOMATIC RELATIONS",2016,0,1,,,1,,,TRUE
"COMMUNICATION ASSISTANT",2014,1,2,,,3,,,TRUE
"COMMUNICATION ASSISTANT",2015,1,2,,,3,,,TRUE
"COMMUNICATION ASSISTANT",2016,1,0,,,1,,,TRUE
"COMMUNICATION ASSISTANT",2017,1,2,,,3,,,TRUE
"COMMUNICATION ASSISTANT",2018,2,4,,,6,,,TRUE
"COMMUNICATION ASSISTANT",2019,2,6,,,8,,,TRUE
"COMMUNICATION ASSISTANT",2020,2,4,,,6,,,TRUE
"COMMUNICATION ASSISTANT",2021,2,1,,,3,,,TRUE
"COMMUNICATION ASSISTANT",2022,1,3,,,4,,,TRUE
"COMMUNICATION ASSISTANT",2023,1,5,,,6,,,TRUE
"COMMUNICATION ASSISTANT",2024,1,6,,,7,,,TRUE
"COMMUNICATION ASSISTANT",2025,1,3,,,4,,,TRUE
"COMMUNICATIONS OFFICER",2023,0,2,,,2,,,TRUE
"COMMUNICATIONS OFFICER",2024,0,2,,,2,,,TRUE
"COMMUNICATIONS OFFICER",2025,0,2,,,2,,,TRUE
"COMMUNITY ASSISTANT",2014,466,148,33296,27421,614,0.823552378664104,5875,FALSE
"COMMUNITY ASSISTANT",2015,452,179,34856,28676,631,0.822699104888685,6180,FALSE
"COMMUNITY ASSISTANT",2016,426,239,35747,30000,665,0.839231264162028,5747,FALSE
"COMMUNITY ASSISTANT",2017,414,285,36843,30574,699,0.829845560893521,6269,FALSE
"COMMUNITY ASSISTANT",2018,386,282,36843,30273,668,0.821675759302988,6570,FALSE
"COMMUNITY ASSISTANT",2019,360,228,38460,31573,588,0.820930837233489,6887,FALSE
"COMMUNITY ASSISTANT",2020,352,208,39638,35894,560,0.905545183914426,3744,FALSE
"COMMUNITY ASSISTANT",2021,360,119,39638,36337,479,0.916721328018568,3301,FALSE
"COMMUNITY ASSISTANT",2022,304,238,39638,32520,542,0.820424844845855,7118,FALSE
"COMMUNITY ASSISTANT",2023,253,258,43462,40765,511,0.937945791726106,2697,FALSE
"COMMUNITY ASSISTANT",2024,229,210,44714,42092,439,0.94136064767187,2622,FALSE
"COMMUNITY ASSISTANT",2025,229,156,45141,43460,385,0.962761126248865,1681,FALSE
"COMMUNITY ASSOCIATE",2014,1536,844,42318,37072,2380,0.87603383902831,5246,FALSE
"COMMUNITY ASSOCIATE",2015,1564,1133,44255,38768,2697,0.876014009716416,5487,FALSE
"COMMUNITY ASSOCIATE",2016,1599,1503,45641,39841,3102,0.872921276922066,5800,FALSE
"COMMUNITY ASSOCIATE",2017,1586,1592,47170,41036,3178,0.869959720161119,6134,FALSE
"COMMUNITY ASSOCIATE",2018,1610,1358,47003,41036,2968,0.873050656341085,5967,FALSE
"COMMUNITY ASSOCIATE",2019,1568,1236,49243.5,42799,2804,0.86912993593063,6444.5,FALSE
"COMMUNITY ASSOCIATE",2020,1495,1552,50706,44083,3047,0.86938429377194,6623,FALSE
"COMMUNITY ASSOCIATE",2021,1486,1130,50626,44083,2616,0.870758108481808,6543,FALSE
"COMMUNITY ASSOCIATE",2022,1352,1207,50836.5,44083,2559,0.867152538038614,6753.5,FALSE
"COMMUNITY ASSOCIATE",2023,1236,1714,56775.5,48170,2950,0.848429340120298,8605.5,FALSE
"COMMUNITY ASSOCIATE",2024,1200,1789,58452.5,49807,2989,0.852093580257474,8645.5,FALSE
"COMMUNITY ASSOCIATE",2025,1220,1661,59883,52110,2881,0.870196883923651,7773,FALSE
"COMMUNITY COORDINATOR",2014,863,280,58307,52457,1143,0.89966899343132,5850,FALSE
"COMMUNITY COORDINATOR",2015,871,517,60475,54841,1388,0.906837536171972,5634,FALSE
"COMMUNITY COORDINATOR",2016,938,974,62290.5,56365.5,1912,0.904881161653864,5925,FALSE
"COMMUNITY COORDINATOR",2017,998,1342,64402.5,57940,2340,0.899654516517216,6462.5,FALSE
"COMMUNITY COORDINATOR",2018,1034,1244,64637.5,60000,2278,0.9282537226842,4637.5,FALSE
"COMMUNITY COORDINATOR",2019,1092,1270,67487,60403,2362,0.895031635722435,7084,FALSE
"COMMUNITY COORDINATOR",2020,1111,1420,69475,62215,2531,0.895501979129183,7260,FALSE
"COMMUNITY COORDINATOR",2021,1158,760,69541,62215,1918,0.894652075753872,7326,FALSE
"COMMUNITY COORDINATOR",2022,1165,701,69404,62215,1866,0.896418073886231,7189,FALSE
"COMMUNITY COORDINATOR",2023,1152,1431,75706.5,67983,2583,0.897981018802877,7723.5,FALSE
"COMMUNITY COORDINATOR",2024,1210,1763,77438,70022,2973,0.904233063870451,7416,FALSE
"COMMUNITY COORDINATOR",2025,1370,1489,79708,72298,2859,0.90703568023285,7410,FALSE
"COMMUNITY LIAISON REPRESENTIVE",2022,0,2,,,2,,,TRUE
"COMMUNITY LIAISON REPRESENTIVE",2023,0,1,,,1,,,TRUE
"COMMUNITY LIAISON WORKER",2014,2,0,,,2,,,TRUE
"COMMUNITY LIAISON WORKER",2015,2,0,,,2,,,TRUE
"COMMUNITY PLANNING BOARD COORDINATOR",2014,0,6,,,6,,,TRUE
"COMMUNITY PLANNING BOARD COORDINATOR",2015,0,5,,,5,,,TRUE
"COMMUNITY PLANNING BOARD COORDINATOR",2016,0,2,,,2,,,TRUE
"COMMUNITY PLANNING BOARD COORDINATOR",2017,0,3,,,3,,,TRUE
"COMMUNITY PLANNING BOARD COORDINATOR",2018,0,3,,,3,,,TRUE
"COMMUNITY PLANNING BOARD COORDINATOR",2019,0,4,,,4,,,TRUE
"COMMUNITY PLANNING BOARD COORDINATOR",2020,0,3,,,3,,,TRUE
"COMMUNITY PLANNING BOARD COORDINATOR",2021,0,1,,,1,,,TRUE
"COMMUNITY PLANNING BOARD COORDINATOR",2022,0,3,,,3,,,TRUE
"COMMUNITY PLANNING BOARD COORDINATOR",2023,0,3,,,3,,,TRUE
"COMMUNITY PLANNING BOARD COORDINATOR",2024,0,3,,,3,,,TRUE
"COMMUNITY PLANNING BOARD COORDINATOR",2025,0,3,,,3,,,TRUE
"COMMUNITY SERVICE AIDE",2014,31,76,29338,24756,107,0.8438203013157,4582,FALSE
"COMMUNITY SERVICE AIDE",2015,20,77,,,97,,,TRUE
"COMMUNITY SERVICE AIDE",2016,20,76,,,96,,,TRUE
"COMMUNITY SERVICE AIDE",2017,14,86,,,100,,,TRUE
"COMMUNITY SERVICE AIDE",2018,12,49,,,61,,,TRUE
"COMMUNITY SERVICE AIDE",2019,10,34,,,44,,,TRUE
"COMMUNITY SERVICE AIDE",2020,8,55,,,63,,,TRUE
"COMMUNITY SERVICE AIDE",2021,8,89,,,97,,,TRUE
"COMMUNITY SERVICE AIDE",2022,7,0,,,7,,,TRUE
"COMMUNITY SERVICE AIDE",2023,6,26,,,32,,,TRUE
"COMMUNITY SERVICE AIDE",2024,6,10,,,16,,,TRUE
"COMMUNITY SERVICE AIDE",2025,5,4,,,9,,,TRUE
"COMMUNITY SUPERTINDENT",2014,34,0,,,34,,,TRUE
"COMMUNITY SUPERTINDENT",2015,41,0,,,41,,,TRUE
"COMMUNITY SUPERTINDENT",2016,47,0,,,47,,,TRUE
"COMMUNITY SUPERTINDENT",2017,48,0,,,48,,,TRUE
"COMMUNITY SUPERTINDENT",2018,50,0,,,50,,,TRUE
"COMMUNITY SUPERTINDENT",2019,56,0,,,56,,,TRUE
"COMMUNITY SUPERTINDENT",2020,51,0,,,51,,,TRUE
"COMMUNITY SUPERTINDENT",2021,52,0,,,52,,,TRUE
"COMMUNITY SUPERTINDENT",2022,51,0,,,51,,,TRUE
"COMMUNITY SUPERTINDENT",2023,37,0,,,37,,,TRUE
"COMMUNITY SUPERTINDENT",2024,35,0,,,35,,,TRUE
"COMMUNITY SUPERTINDENT",2025,35,0,,,35,,,TRUE
"COMPTROLLER",2014,0,1,,,1,,,TRUE
"COMPTROLLER",2015,0,1,,,1,,,TRUE
"COMPTROLLER",2022,0,1,,,1,,,TRUE
"COMPTROLLER",2023,0,1,,,1,,,TRUE
"COMPUTER AIDE",2014,1,0,,,1,,,TRUE
"COMPUTER AIDE NON SPVR",2014,96,50,45151,36931,146,0.817944231578481,8220,FALSE
"COMPUTER AIDE NON SPVR",2015,85,18,,,103,,,TRUE
"COMPUTER AIDE NON SPVR",2016,89,14,,,103,,,TRUE
"COMPUTER AIDE NON SPVR",2017,83,19,,,102,,,TRUE
"COMPUTER AIDE NON SPVR",2018,84,12,,,96,,,TRUE
"COMPUTER AIDE NON SPVR",2019,62,10,,,72,,,TRUE
"COMPUTER AIDE NON SPVR",2020,46,13,,,59,,,TRUE
"COMPUTER AIDE NON SPVR",2021,41,7,,,48,,,TRUE
"COMPUTER AIDE NON SPVR",2022,34,3,,,37,,,TRUE
"COMPUTER AIDE NON SPVR",2023,29,4,,,33,,,TRUE
"COMPUTER AIDE NON SPVR",2024,29,5,,,34,,,TRUE
"COMPUTER AIDE NON SPVR",2025,26,3,,,29,,,TRUE
"COMPUTER ASSOCIATE",2014,569,131,64749,64571,700,0.997250922794174,178,FALSE
"COMPUTER ASSOCIATE",2015,578,166,68243.5,63227,744,0.926491167656993,5016.5,FALSE
"COMPUTER ASSOCIATE",2016,595,230,72045,66625,825,0.924769241446318,5420,FALSE
"COMPUTER ASSOCIATE",2017,581,297,74315,71294,878,0.95934871829375,3021,FALSE
"COMPUTER ASSOCIATE",2018,517,229,71412,71000,746,0.994230661513471,412,FALSE
"COMPUTER ASSOCIATE",2019,469,165,74356,68632,634,0.923018989725106,5724,FALSE
"COMPUTER ASSOCIATE",2020,471,99,76587,67422,570,0.880332171256218,9165,FALSE
"COMPUTER ASSOCIATE",2021,464,42,76587,66597,506,0.869560108112343,9990,FALSE
"COMPUTER ASSOCIATE",2022,402,38,76587,66597,440,0.869560108112343,9990,FALSE
"COMPUTER ASSOCIATE",2023,355,81,81957,77245,436,0.942506436301963,4712,FALSE
"COMPUTER ASSOCIATE",2024,336,85,86225,79563,421,0.922737025224703,6662,FALSE
"COMPUTER ASSOCIATE",2025,340,64,89130.5,82149,404,0.921671032923634,6981.5,FALSE
"COMPUTER OPERATIONS MANAGER",2014,44,5,,,49,,,TRUE
"COMPUTER OPERATIONS MANAGER",2015,48,7,,,55,,,TRUE
"COMPUTER OPERATIONS MANAGER",2016,51,13,,,64,,,TRUE
"COMPUTER OPERATIONS MANAGER",2017,49,22,,,71,,,TRUE
"COMPUTER OPERATIONS MANAGER",2018,41,24,,,65,,,TRUE
"COMPUTER OPERATIONS MANAGER",2019,39,28,,,67,,,TRUE
"COMPUTER OPERATIONS MANAGER",2020,34,30,119288.5,140337.5,64,1.17645456183957,-21049,FALSE
"COMPUTER OPERATIONS MANAGER",2021,28,9,,,37,,,TRUE
"COMPUTER OPERATIONS MANAGER",2022,32,6,,,38,,,TRUE
"COMPUTER OPERATIONS MANAGER",2023,40,8,,,48,,,TRUE
"COMPUTER OPERATIONS MANAGER",2024,41,3,,,44,,,TRUE
"COMPUTER OPERATIONS MANAGER",2025,43,9,,,52,,,TRUE
"COMPUTER OPERATOR",2016,1,0,,,1,,,TRUE
"COMPUTER OPERATOR",2017,1,0,,,1,,,TRUE
"COMPUTER OPERATOR",2018,1,0,,,1,,,TRUE
"COMPUTER OPERATOR",2019,1,0,,,1,,,TRUE
"COMPUTER OPERATOR",2020,2,0,,,2,,,TRUE
"COMPUTER OPERATOR",2021,2,0,,,2,,,TRUE
"COMPUTER OPERATOR",2022,2,0,,,2,,,TRUE
"COMPUTER OPERATOR",2023,1,1,,,2,,,TRUE
"COMPUTER OPERATOR MANAGER",2014,2,0,,,2,,,TRUE
"COMPUTER OPERATOR MANAGER",2015,2,0,,,2,,,TRUE
"COMPUTER OPERATOR MANAGER",2016,3,1,,,4,,,TRUE
"COMPUTER OPERATOR MANAGER",2017,3,0,,,3,,,TRUE
"COMPUTER OPERATOR MANAGER",2018,3,0,,,3,,,TRUE
"COMPUTER OPERATOR MANAGER",2019,3,0,,,3,,,TRUE
"COMPUTER OPERATOR MANAGER",2020,3,0,,,3,,,TRUE
"COMPUTER OPERATOR MANAGER",2021,2,0,,,2,,,TRUE
"COMPUTER OPERATOR MANAGER",2022,2,0,,,2,,,TRUE
"COMPUTER OPERATOR MANAGER",2023,2,0,,,2,,,TRUE
"COMPUTER OPERATOR MANAGER",2024,2,0,,,2,,,TRUE
"COMPUTER OPERATOR MANAGER",2025,2,0,,,2,,,TRUE
"COMPUTER PROGRAMMER ANALYST",2014,41,23,,,64,,,TRUE
"COMPUTER PROGRAMMER ANALYST",2015,37,27,,,64,,,TRUE
"COMPUTER PROGRAMMER ANALYST",2016,40,51,62119,57221,91,0.921151338559861,4898,FALSE
"COMPUTER PROGRAMMER ANALYST",2017,37,52,64057,56950,89,0.889051938117614,7107,FALSE
"COMPUTER PROGRAMMER ANALYST",2018,26,17,,,43,,,TRUE
"COMPUTER PROGRAMMER ANALYST",2019,17,7,,,24,,,TRUE
"COMPUTER PROGRAMMER ANALYST",2020,13,11,,,24,,,TRUE
"COMPUTER PROGRAMMER ANALYST",2021,11,6,,,17,,,TRUE
"COMPUTER PROGRAMMER ANALYST",2022,10,1,,,11,,,TRUE
"COMPUTER PROGRAMMER ANALYST",2023,8,3,,,11,,,TRUE
"COMPUTER PROGRAMMER ANALYST",2024,6,2,,,8,,,TRUE
"COMPUTER PROGRAMMER ANALYST",2025,7,2,,,9,,,TRUE
"COMPUTER PROGRAMMER ANALYST TRAINEE",2014,2,18,,,20,,,TRUE
"COMPUTER PROGRAMMER ANALYST TRAINEE",2015,2,6,,,8,,,TRUE
"COMPUTER PROGRAMMER ANALYST TRAINEE",2016,2,4,,,6,,,TRUE
"COMPUTER PROGRAMMER ANALYST TRAINEE",2018,0,2,,,2,,,TRUE
"COMPUTER SERVICE TECHNICIAN",2014,74,12,,,86,,,TRUE
"COMPUTER SERVICE TECHNICIAN",2015,63,21,,,84,,,TRUE
"COMPUTER SERVICE TECHNICIAN",2016,64,29,,,93,,,TRUE
"COMPUTER SERVICE TECHNICIAN",2017,64,21,,,85,,,TRUE
"COMPUTER SERVICE TECHNICIAN",2018,66,25,,,91,,,TRUE
"COMPUTER SERVICE TECHNICIAN",2019,49,34,55762,49578,83,0.889100104013486,6184,FALSE
"COMPUTER SERVICE TECHNICIAN",2020,49,10,,,59,,,TRUE
"COMPUTER SERVICE TECHNICIAN",2021,45,1,,,46,,,TRUE
"COMPUTER SERVICE TECHNICIAN",2022,41,6,,,47,,,TRUE
"COMPUTER SERVICE TECHNICIAN",2023,35,10,,,45,,,TRUE
"COMPUTER SERVICE TECHNICIAN",2024,31,11,,,42,,,TRUE
"COMPUTER SERVICE TECHNICIAN",2025,26,7,,,33,,,TRUE
"COMPUTER SPECIALIST",2014,776,174,88820,89393,950,1.00645124971853,-573,FALSE
"COMPUTER SPECIALIST",2015,776,222,93484,92182.5,998,0.986077831500578,1301.5,FALSE
"COMPUTER SPECIALIST",2016,787,351,95821,94300,1138,0.984126652821407,1521,FALSE
"COMPUTER SPECIALIST",2017,747,398,98696,95000,1145,0.9625516738267,3696,FALSE
"COMPUTER SPECIALIST",2018,783,224,98696,94397,1007,0.956442003728621,4299,FALSE
"COMPUTER SPECIALIST",2019,848,142,100572.5,102754,990,1.02169082005518,-2181.5,FALSE
"COMPUTER SPECIALIST",2020,812,154,103574,104175,966,1.00580261455578,-601,FALSE
"COMPUTER SPECIALIST",2021,799,60,103682,102568,859,0.989255608495207,1114,FALSE
"COMPUTER SPECIALIST",2022,688,34,105753.5,106023,722,1.00254837901346,-269.5,FALSE
"COMPUTER SPECIALIST",2023,666,71,115854,116121,737,1.00230462478637,-267,FALSE
"COMPUTER SPECIALIST",2024,645,116,119378,110499,761,0.925622811573322,8879,FALSE
"COMPUTER SPECIALIST",2025,675,84,123311,114090,759,0.925221594180568,9221,FALSE
"COMPUTER SYSTEM MANAGER",2014,2,0,,,2,,,TRUE
"COMPUTER SYSTEM MANAGER",2015,2,0,,,2,,,TRUE
"COMPUTER SYSTEM MANAGER",2016,2,0,,,2,,,TRUE
"COMPUTER SYSTEM MANAGER",2017,2,0,,,2,,,TRUE
"COMPUTER SYSTEM MANAGER",2018,3,0,,,3,,,TRUE
"COMPUTER SYSTEM MANAGER",2019,3,0,,,3,,,TRUE
"COMPUTER SYSTEM MANAGER",2020,3,0,,,3,,,TRUE
"COMPUTER SYSTEM MANAGER",2021,2,0,,,2,,,TRUE
"COMPUTER SYSTEM MANAGER",2022,2,0,,,2,,,TRUE
"COMPUTER SYSTEM MANAGER",2023,2,0,,,2,,,TRUE
"COMPUTER SYSTEM MANAGER",2024,2,0,,,2,,,TRUE
"COMPUTER SYSTEM MANAGER",2025,2,0,,,2,,,TRUE
"COMPUTER SYSTEMS MANAGER",2014,284,237,119792,110000,521,0.918258314411647,9792,FALSE
"COMPUTER SYSTEMS MANAGER",2015,336,205,122063,116650,541,0.955654047500061,5413,FALSE
"COMPUTER SYSTEMS MANAGER",2016,396,223,122947,117909,619,0.959022993647669,5038,FALSE
"COMPUTER SYSTEMS MANAGER",2017,429,289,127154,116390,718,0.915346744892021,10764,FALSE
"COMPUTER SYSTEMS MANAGER",2018,467,316,126312,115000,783,0.910443979986066,11312,FALSE
"COMPUTER SYSTEMS MANAGER",2019,490,266,131929,122700,756,0.930045706402686,9229,FALSE
"COMPUTER SYSTEMS MANAGER",2020,536,137,137497,132666,673,0.964864687956828,4831,FALSE
"COMPUTER SYSTEMS MANAGER",2021,605,52,138541,155000,657,1.11880237619189,-16459,FALSE
"COMPUTER SYSTEMS MANAGER",2022,647,55,139339,140000,702,1.00474382620803,-661,FALSE
"COMPUTER SYSTEMS MANAGER",2023,722,96,144045.5,141344,818,0.981245509231458,2701.5,FALSE
"COMPUTER SYSTEMS MANAGER",2024,765,90,157991,155454,855,0.983942123285504,2537,FALSE
"COMPUTER SYSTEMS MANAGER",2025,798,54,162133,165718.5,852,1.02211456026842,-3585.5,FALSE
"CONFIDENTIAL AGENCY INVESTIGATOR",2015,1,1,,,2,,,TRUE
"CONFIDENTIAL AGENCY INVESTIGATOR",2016,1,4,,,5,,,TRUE
"CONFIDENTIAL AGENCY INVESTIGATOR",2017,3,4,,,7,,,TRUE
"CONFIDENTIAL AGENCY INVESTIGATOR",2018,6,3,,,9,,,TRUE
"CONFIDENTIAL AGENCY INVESTIGATOR",2019,5,1,,,6,,,TRUE
"CONFIDENTIAL AGENCY INVESTIGATOR",2020,5,4,,,9,,,TRUE
"CONFIDENTIAL AGENCY INVESTIGATOR",2021,5,3,,,8,,,TRUE
"CONFIDENTIAL AGENCY INVESTIGATOR",2022,4,1,,,5,,,TRUE
"CONFIDENTIAL AGENCY INVESTIGATOR",2023,9,3,,,12,,,TRUE
"CONFIDENTIAL AGENCY INVESTIGATOR",2024,8,4,,,12,,,TRUE
"CONFIDENTIAL AGENCY INVESTIGATOR",2025,9,3,,,12,,,TRUE
"CONFIDENTIAL ASSISTANT TO BORO PRESIDENT",2014,1,0,,,1,,,TRUE
"CONFIDENTIAL ASSISTANT TO BORO PRESIDENT",2015,1,0,,,1,,,TRUE
"CONFIDENTIAL ASSISTANT TO BORO PRESIDENT",2016,1,0,,,1,,,TRUE
"CONFIDENTIAL ASSISTANT TO BORO PRESIDENT",2017,1,0,,,1,,,TRUE
"CONFIDENTIAL ASSISTANT TO BORO PRESIDENT",2018,1,0,,,1,,,TRUE
"CONFIDENTIAL ASSISTANT TO BORO PRESIDENT",2019,1,0,,,1,,,TRUE
"CONFIDENTIAL ASSISTANT TO THE COMMISSIONER",2019,0,1,,,1,,,TRUE
"CONFIDENTIAL ASSISTANT TO THE COMMISSIONER",2020,0,1,,,1,,,TRUE
"CONFIDENTIAL ASSISTANT TO THE COMPTROLLER",2015,0,1,,,1,,,TRUE
"CONFIDENTIAL ASSISTANT TO THE COMPTROLLER",2022,0,2,,,2,,,TRUE
"CONFIDENTIAL ASSISTANT TO THE COMPTROLLER",2023,0,6,,,6,,,TRUE
"CONFIDENTIAL ASSISTANT TO THE COMPTROLLER",2024,0,8,,,8,,,TRUE
"CONFIDENTIAL ASSISTANT TO THE COMPTROLLER",2025,0,4,,,4,,,TRUE
"CONFIDENTIAL ASST TO THE EXECUTIVE DEPUTY COMMISSIONER",2017,0,1,,,1,,,TRUE
"CONFIDENTIAL ASST TO THE EXECUTIVE DEPUTY COMMISSIONER",2018,0,1,,,1,,,TRUE
"CONFIDENTIAL ASST TO THE EXECUTIVE DIR",2019,0,1,,,1,,,TRUE
"CONFIDENTIAL ASST TO THE EXECUTIVE DIR",2020,0,1,,,1,,,TRUE
"CONFIDENTIAL EXAMINER",2017,0,1,,,1,,,TRUE
"CONFIDENTIAL EXAMINER",2018,0,1,,,1,,,TRUE
"CONFIDENTIAL EXAMINER",2020,0,1,,,1,,,TRUE
"CONFIDENTIAL EXAMINER",2022,0,1,,,1,,,TRUE
"CONFIDENTIAL EXAMINER",2023,0,1,,,1,,,TRUE
"CONFIDENTIAL INVESTIGATOR",2014,61,46,67762,57661,107,0.850934151884537,10101,FALSE
"CONFIDENTIAL INVESTIGATOR",2015,61,45,69887,57517,106,0.822999985691187,12370,FALSE
"CONFIDENTIAL INVESTIGATOR",2016,65,74,71485,54470,139,0.761978037350493,17015,FALSE
"CONFIDENTIAL INVESTIGATOR",2017,56,83,73630,56650,139,0.769387477930191,16980,FALSE
"CONFIDENTIAL INVESTIGATOR",2018,58,93,73571.5,55000,151,0.747572089735835,18571.5,FALSE
"CONFIDENTIAL INVESTIGATOR",2019,53,69,76710,53712,122,0.700195541650372,22998,FALSE
"CONFIDENTIAL INVESTIGATOR",2020,47,94,79370,53302.5,141,0.671569862668515,26067.5,FALSE
"CONFIDENTIAL INVESTIGATOR",2021,44,56,79233.5,51500,100,0.649977597859491,27733.5,FALSE
"CONFIDENTIAL INVESTIGATOR",2022,40,54,80703.5,57593,94,0.713636955026734,23110.5,FALSE
"CONFIDENTIAL INVESTIGATOR",2023,36,79,82366,55000,115,0.667751256586456,27366,FALSE
"CONFIDENTIAL INVESTIGATOR",2024,35,72,94940,61310,107,0.645776279755635,33630,FALSE
"CONFIDENTIAL INVESTIGATOR",2025,38,56,96975,75865,94,0.782315029646816,21110,FALSE
"CONFIDENTIAL SECRETARY",2019,1,1,,,2,,,TRUE
"CONFIDENTIAL SECRETARY OF ADMINISTRATIVE LAW JUDGE",2018,0,1,,,1,,,TRUE
"CONFIDENTIAL SECRETARY OF ADMINISTRATIVE LAW JUDGE",2022,0,2,,,2,,,TRUE
"CONFIDENTIAL SECRETARY OF ADMINISTRATIVE LAW JUDGE",2023,0,3,,,3,,,TRUE
"CONFIDENTIAL SECRETARY OF ADMINISTRATIVE LAW JUDGE",2024,0,4,,,4,,,TRUE
"CONFIDENTIAL SECRETARY OF ADMINISTRATIVE LAW JUDGE",2025,0,2,,,2,,,TRUE
"CONFIDENTIAL SECRETARY TO THE DEPUTY COMMISSIONER",2014,0,1,,,1,,,TRUE
"CONFIDENTIAL SECRETARY TO THE DEPUTY COMMISSIONER",2015,0,2,,,2,,,TRUE
"CONFIDENTIAL SECRETARY TO THE DEPUTY COMMISSIONER",2016,0,3,,,3,,,TRUE
"CONFIDENTIAL SECRETARY TO THE DEPUTY COMMISSIONER",2017,0,1,,,1,,,TRUE
"CONFIDENTIAL SECRETARY TO THE DEPUTY COMMISSIONER",2018,0,1,,,1,,,TRUE
"CONFIDENTIAL SECRETARY TO THE DEPUTY COMMISSIONER",2025,1,0,,,1,,,TRUE
"CONFIDENTIAL SECY",2014,1,0,,,1,,,TRUE
"CONFIDENTIAL SECY",2015,1,0,,,1,,,TRUE
"CONFIDENTIAL SECY",2016,1,0,,,1,,,TRUE
"CONFIDENTIAL SECY",2017,1,0,,,1,,,TRUE
"CONFIDENTIAL SECY",2018,1,1,,,2,,,TRUE
"CONFIDENTIAL STRAEGY PLANNER",2025,1,1,,,2,,,TRUE
"CONFIDENTIAL STRATEGY PLANNER",2014,0,5,,,5,,,TRUE
"CONFIDENTIAL STRATEGY PLANNER",2015,1,11,,,12,,,TRUE
"CONFIDENTIAL STRATEGY PLANNER",2016,2,20,,,22,,,TRUE
"CONFIDENTIAL STRATEGY PLANNER",2017,6,19,,,25,,,TRUE
"CONFIDENTIAL STRATEGY PLANNER",2018,5,25,,,30,,,TRUE
"CONFIDENTIAL STRATEGY PLANNER",2019,4,27,,,31,,,TRUE
"CONFIDENTIAL STRATEGY PLANNER",2020,5,19,,,24,,,TRUE
"CONFIDENTIAL STRATEGY PLANNER",2021,5,13,,,18,,,TRUE
"CONFIDENTIAL STRATEGY PLANNER",2022,4,24,,,28,,,TRUE
"CONFIDENTIAL STRATEGY PLANNER",2023,7,32,,,39,,,TRUE
"CONFIDENTIAL STRATEGY PLANNER",2024,9,34,,,43,,,TRUE
"CONFIDENTIAL STRATEGY PLANNER",2025,8,28,,,36,,,TRUE
"CONGREG CARE SPEC ACS",2014,12,0,,,12,,,TRUE
"CONGREG CARE SPEC ACS",2015,9,0,,,9,,,TRUE
"CONGREG CARE SPEC ACS",2016,23,0,,,23,,,TRUE
"CONGREG CARE SPEC ACS",2017,21,51,,,72,,,TRUE
"CONGREG CARE SPEC ACS",2018,20,40,,,60,,,TRUE
"CONGREG CARE SPEC ACS",2019,18,31,,,49,,,TRUE
"CONGREG CARE SPEC ACS",2020,19,44,,,63,,,TRUE
"CONGREG CARE SPEC ACS",2021,19,28,,,47,,,TRUE
"CONGREG CARE SPEC ACS",2022,18,12,,,30,,,TRUE
"CONGREG CARE SPEC ACS",2023,18,39,,,57,,,TRUE
"CONGREG CARE SPEC ACS",2024,21,33,,,54,,,TRUE
"CONGREG CARE SPEC ACS",2025,16,13,,,29,,,TRUE
"CONGREG CARE SPEC DJJ",2017,0,1,,,1,,,TRUE
"CONGREG CARE SPEC DJJ",2018,0,1,,,1,,,TRUE
"CONGREG CARE SPEC DJJ",2022,8,0,,,8,,,TRUE
"CONGREG CARE SPEC DJJ",2023,8,0,,,8,,,TRUE
"CONGREG CARE SPEC DJJ",2024,5,0,,,5,,,TRUE
"CONGREG CARE SPEC DJJ",2025,5,0,,,5,,,TRUE
"CONSTRUCTION PROJECT MANAGER",2014,429,32,68605,65698,461,0.957626995116974,2907,FALSE
"CONSTRUCTION PROJECT MANAGER",2015,411,48,72039,60900,459,0.845375421646608,11139,FALSE
"CONSTRUCTION PROJECT MANAGER",2016,403,71,73957,63323,474,0.856213745825277,10634,FALSE
"CONSTRUCTION PROJECT MANAGER",2017,398,73,76927,69000,471,0.896954255332978,7927,FALSE
"CONSTRUCTION PROJECT MANAGER",2018,380,43,77320.5,72535,423,0.938108263655822,4785.5,FALSE
"CONSTRUCTION PROJECT MANAGER",2019,341,63,82211,70000,404,0.851467565167678,12211,FALSE
"CONSTRUCTION PROJECT MANAGER",2020,293,123,84904,77000,416,0.906906623951757,7904,FALSE
"CONSTRUCTION PROJECT MANAGER",2021,284,92,85123,78000,376,0.916321088307508,7123,FALSE
"CONSTRUCTION PROJECT MANAGER",2022,250,33,84772,77921,283,0.919183220874817,6851,FALSE
"CONSTRUCTION PROJECT MANAGER",2023,211,62,93211,71726,273,0.769501453691088,21485,FALSE
"CONSTRUCTION PROJECT MANAGER",2024,212,80,97248,87701,292,0.901828315235275,9547,FALSE
"CONSTRUCTION PROJECT MANAGER",2025,198,79,99684,90551,277,0.908380482324144,9133,FALSE
"CONSTRUCTION PROJECT MANAGER INTERN",2014,3,36,,,39,,,TRUE
"CONSTRUCTION PROJECT MANAGER INTERN",2015,2,40,,,42,,,TRUE
"CONSTRUCTION PROJECT MANAGER INTERN",2016,2,49,,,51,,,TRUE
"CONSTRUCTION PROJECT MANAGER INTERN",2017,1,26,,,27,,,TRUE
"CONSTRUCTION PROJECT MANAGER INTERN",2018,1,4,,,5,,,TRUE
"CONSTRUCTION PROJECT MANAGER INTERN",2019,1,3,,,4,,,TRUE
"CONSTRUCTION PROJECT MANAGER INTERN",2020,1,4,,,5,,,TRUE
"CONSTRUCTION PROJECT MANAGER INTERN",2021,0,2,,,2,,,TRUE
"CONSTRUCTION PROJECT MANAGER INTERN",2024,0,3,,,3,,,TRUE
"CONSTRUCTION PROJECT MANAGER INTERN",2025,0,2,,,2,,,TRUE
"CONSULTANT",2014,18,16,,,34,,,TRUE
"CONSULTANT",2015,23,11,,,34,,,TRUE
"CONSULTANT",2016,32,25,,,57,,,TRUE
"CONSULTANT",2017,30,26,,,56,,,TRUE
"CONSULTANT",2018,27,34,,,61,,,TRUE
"CONSULTANT",2019,18,25,,,43,,,TRUE
"CONSULTANT",2020,11,20,,,31,,,TRUE
"CONSULTANT",2021,8,24,,,32,,,TRUE
"CONSULTANT",2022,5,13,,,18,,,TRUE
"CONSULTANT",2023,4,27,,,31,,,TRUE
"CONSULTANT",2024,5,25,,,30,,,TRUE
"CONSULTANT",2025,7,17,,,24,,,TRUE
"CONSULTANT ON RACE RELATIONS",2019,1,0,,,1,,,TRUE
"CONSULTANT ON RACE RELATIONS",2020,1,0,,,1,,,TRUE
"CONSULTANT ON RACE RELATIONS",2021,1,0,,,1,,,TRUE
"CONSULTANT PUBLIC HEALTH NURSE",2014,1,0,,,1,,,TRUE
"CONSULTANT PUBLIC HEALTH NURSE",2015,1,0,,,1,,,TRUE
"CONSULTANT PUBLIC HEALTH NURSE",2017,1,0,,,1,,,TRUE
"CONSULTANT PUBLIC HEALTH NURSE",2018,1,0,,,1,,,TRUE
"CONSULTANT PUBLIC HEALTH NURSE",2019,2,7,,,9,,,TRUE
"CONSULTANT PUBLIC HEALTH NURSE",2020,2,8,,,10,,,TRUE
"CONSULTANT PUBLIC HEALTH NURSE",2021,2,3,,,5,,,TRUE
"CONSULTANT PUBLIC HEALTH NURSE",2022,1,0,,,1,,,TRUE
"CONSULTANT PUBLIC HEALTH NURSE",2023,1,0,,,1,,,TRUE
"CONSULTANT PUBLIC HEALTH NURSE",2025,0,2,,,2,,,TRUE
"CONSUMER ADVOCATE",2025,0,1,,,1,,,TRUE
"CONTRACT REVIEWER",2014,2,12,,,14,,,TRUE
"CONTRACT REVIEWER",2015,2,9,,,11,,,TRUE
"CONTRACT REVIEWER",2016,2,10,,,12,,,TRUE
"CONTRACT REVIEWER",2017,2,12,,,14,,,TRUE
"CONTRACT REVIEWER",2018,1,6,,,7,,,TRUE
"CONTRACT REVIEWER",2019,6,17,,,23,,,TRUE
"CONTRACT REVIEWER",2020,6,18,,,24,,,TRUE
"CONTRACT REVIEWER",2021,6,6,,,12,,,TRUE
"CONTRACT REVIEWER",2022,6,0,,,6,,,TRUE
"CONTRACT REVIEWER",2023,7,0,,,7,,,TRUE
"CONTRACT REVIEWER",2024,7,0,,,7,,,TRUE
"CONTRACT REVIEWER",2025,6,0,,,6,,,TRUE
"CONTRACT SPECIALIST",2014,42,15,,,57,,,TRUE
"CONTRACT SPECIALIST",2015,38,16,,,54,,,TRUE
"CONTRACT SPECIALIST",2016,33,6,,,39,,,TRUE
"CONTRACT SPECIALIST",2017,35,14,,,49,,,TRUE
"CONTRACT SPECIALIST",2018,36,17,,,53,,,TRUE
"CONTRACT SPECIALIST",2019,33,30,63209,59652.5,63,0.943734278346438,3556.5,FALSE
"CONTRACT SPECIALIST",2020,32,51,65190,58802,83,0.902009510661144,6388,FALSE
"CONTRACT SPECIALIST",2021,27,49,,,76,,,TRUE
"CONTRACT SPECIALIST",2022,25,19,,,44,,,TRUE
"CONTRACT SPECIALIST",2023,25,10,,,35,,,TRUE
"CONTRACT SPECIALIST",2024,22,10,,,32,,,TRUE
"CONTRACT SPECIALIST",2025,17,12,,,29,,,TRUE
"CONTROLLER",2015,1,0,,,1,,,TRUE
"CONTROLLER",2016,1,0,,,1,,,TRUE
"CONTROLLER",2017,1,0,,,1,,,TRUE
"CONTROLLER",2018,1,0,,,1,,,TRUE
"CONTROLLER",2019,0,1,,,1,,,TRUE
"CONTROLLER",2021,0,1,,,1,,,TRUE
"COOK",2014,67,19,,,86,,,TRUE
"COOK",2015,77,18,,,95,,,TRUE
"COOK",2016,68,12,,,80,,,TRUE
"COOK",2017,64,34,38639,37497.5,98,0.97045730997179,1141.5,FALSE
"COOK",2018,53,28,,,81,,,TRUE
"COOK",2019,52,22,,,74,,,TRUE
"COOK",2020,48,19,,,67,,,TRUE
"COOK",2021,40,8,,,48,,,TRUE
"COOK",2022,38,8,,,46,,,TRUE
"COOK",2023,38,15,,,53,,,TRUE
"COOK",2024,33,10,,,43,,,TRUE
"COOK",2025,28,8,,,36,,,TRUE
"COORDINATING MANAGER",2014,9,0,,,9,,,TRUE
"COORDINATING MANAGER",2015,9,0,,,9,,,TRUE
"COORDINATING MANAGER",2016,3,0,,,3,,,TRUE
"COORDINATING MANAGER",2017,3,0,,,3,,,TRUE
"COORDINATING MANAGER",2018,5,0,,,5,,,TRUE
"COORDINATING MANAGER",2019,5,0,,,5,,,TRUE
"COORDINATING MANAGER",2020,5,0,,,5,,,TRUE
"COORDINATING MANAGER",2021,6,0,,,6,,,TRUE
"COORDINATING MANAGER",2022,5,0,,,5,,,TRUE
"COORDINATING MANAGER",2023,5,0,,,5,,,TRUE
"COORDINATING MANAGER",2024,4,0,,,4,,,TRUE
"COORDINATING MANAGER",2025,4,0,,,4,,,TRUE
"COORDINATOR ELECTION DAY OPERATIONS",2014,0,1,,,1,,,TRUE
"COORDINATOR ELECTION DAY OPERATIONS",2023,1,0,,,1,,,TRUE
"COORDINATOR ELECTION DAY OPERATIONS",2024,1,0,,,1,,,TRUE
"COORDINATOR ELECTION DAY OPERATIONS",2025,1,0,,,1,,,TRUE
"COORDINATOR OF VETERANS AFFAIRS",2014,1,0,,,1,,,TRUE
"COORDINATOR TENANT PATROL",2019,0,1,,,1,,,TRUE
"COORDINATOR VOTER REGISTRATION ACTIVITIES",2014,1,0,,,1,,,TRUE
"COORDINATOR VOTER REGISTRATION ACTIVITIES",2015,1,0,,,1,,,TRUE
"COORDINATOR VOTER REGISTRATION ACTIVITIES",2016,1,0,,,1,,,TRUE
"COORDINATOR VOTER REGISTRATION ACTIVITIES",2017,1,0,,,1,,,TRUE
"COORDINATOR VOTER REGISTRATION ACTIVITIES",2018,1,0,,,1,,,TRUE
"COORDINATOR VOTER REGISTRATION ACTIVITIES",2019,1,0,,,1,,,TRUE
"COORDINATOR VOTER REGISTRATION ACTIVITIES",2020,1,0,,,1,,,TRUE
"COORDINATOR VOTER REGISTRATION ACTIVITIES",2021,1,0,,,1,,,TRUE
"COORDINATOR VOTER REGISTRATION ACTIVITIES",2022,1,0,,,1,,,TRUE
"COORDINATOR VOTER REGISTRATION ACTIVITIES",2023,1,0,,,1,,,TRUE
"COORDINATOR VOTER REGISTRATION ACTIVITIES",2024,1,0,,,1,,,TRUE
"COORDINATOR VOTER REGISTRATION ACTIVITIES",2025,1,0,,,1,,,TRUE
"CORPORATION COUNSEL",2014,0,1,,,1,,,TRUE
"CORPORATION COUNSEL",2015,0,1,,,1,,,TRUE
"CORPORATION COUNSEL",2020,0,1,,,1,,,TRUE
"CORPORATION COUNSEL",2022,0,1,,,1,,,TRUE
"CORPORATION COUNSEL",2023,0,1,,,1,,,TRUE
"CORPORATION COUNSEL",2025,1,0,,,1,,,TRUE
"CORRECTION ADMINISTRATIVE AIDE",2014,3,0,,,3,,,TRUE
"CORRECTION ADMINISTRATIVE AIDE",2015,3,2,,,5,,,TRUE
"CORRECTION ADMINISTRATIVE AIDE",2016,3,6,,,9,,,TRUE
"CORRECTION ADMINISTRATIVE AIDE",2017,1,4,,,5,,,TRUE
"CORRECTION ADMINISTRATIVE AIDE",2018,1,0,,,1,,,TRUE
"CORRECTION ADMINISTRATIVE AIDE",2019,1,0,,,1,,,TRUE
"CORRECTION ADMINISTRATIVE AIDE",2020,1,0,,,1,,,TRUE
"CORRECTION ADMINISTRATIVE AIDE",2021,1,1,,,2,,,TRUE
"CORRECTION ADMINISTRATIVE AIDE",2022,1,1,,,2,,,TRUE
"CORRECTION ADMINISTRATIVE AIDE",2023,1,0,,,1,,,TRUE
"CORRECTION ADMINISTRATIVE AIDE",2024,1,0,,,1,,,TRUE
"CORRECTION ADMINISTRATIVE AIDE",2025,1,0,,,1,,,TRUE
"CORRECTION OFFICER",2014,3109,1281,76488,39755,4390,0.519754732768539,36733,FALSE
"CORRECTION OFFICER",2015,3276,875,76488,39755,4151,0.519754732768539,36733,FALSE
"CORRECTION OFFICER",2016,3386,1542,80788,41992,4928,0.519780165371095,38796,FALSE
"CORRECTION OFFICER",2017,3101,3578,82808,43042,6679,0.519780697517148,39766,FALSE
"CORRECTION OFFICER",2018,3186,2555,85292,44333,5741,0.519779111757257,40959,FALSE
"CORRECTION OFFICER",2019,2994,1357,85292,44333,4351,0.519779111757257,40959,FALSE
"CORRECTION OFFICER",2020,2789,500,85292,44333,3289,0.519779111757257,40959,FALSE
"CORRECTION OFFICER",2021,2715,2,,,2717,,,TRUE
"CORRECTION OFFICER",2022,2642,103,92073,47857,2745,0.519772354544763,44216,FALSE
"CORRECTION OFFICER",2023,2766,233,92073,47857,2999,0.519772354544763,44216,FALSE
"CORRECTION OFFICER",2024,2634,292,101590,52804,2926,0.519775568461463,48786,FALSE
"CORRECTION OFFICER",2025,2584,511,105146,54652,3095,0.519772506800068,50494,FALSE
"CORRECTIONAL COUNSELOR",2015,0,7,,,7,,,TRUE
"CORRECTIONAL STANDARDS REVIEW SPECIALIST",2014,9,5,,,14,,,TRUE
"CORRECTIONAL STANDARDS REVIEW SPECIALIST",2015,10,3,,,13,,,TRUE
"CORRECTIONAL STANDARDS REVIEW SPECIALIST",2016,9,5,,,14,,,TRUE
"CORRECTIONAL STANDARDS REVIEW SPECIALIST",2017,11,30,,,41,,,TRUE
"CORRECTIONAL STANDARDS REVIEW SPECIALIST",2018,9,18,,,27,,,TRUE
"CORRECTIONAL STANDARDS REVIEW SPECIALIST",2019,13,4,,,17,,,TRUE
"CORRECTIONAL STANDARDS REVIEW SPECIALIST",2020,11,4,,,15,,,TRUE
"CORRECTIONAL STANDARDS REVIEW SPECIALIST",2021,11,2,,,13,,,TRUE
"CORRECTIONAL STANDARDS REVIEW SPECIALIST",2022,8,3,,,11,,,TRUE
"CORRECTIONAL STANDARDS REVIEW SPECIALIST",2023,6,17,,,23,,,TRUE
"CORRECTIONAL STANDARDS REVIEW SPECIALIST",2024,5,19,,,24,,,TRUE
"CORRECTIONAL STANDARDS REVIEW SPECIALIST",2025,6,13,,,19,,,TRUE
"COUNCIL MEMBER",2014,5,15,,,20,,,TRUE
"COUNCIL MEMBER",2015,6,14,,,20,,,TRUE
"COUNCIL MEMBER",2016,9,2,,,11,,,TRUE
"COUNCIL MEMBER",2017,10,3,,,13,,,TRUE
"COUNCIL MEMBER",2018,10,9,,,19,,,TRUE
"COUNCIL MEMBER",2019,11,7,,,18,,,TRUE
"COUNCIL MEMBER",2020,20,0,,,20,,,TRUE
"COUNCIL MEMBER",2021,16,6,,,22,,,TRUE
"COUNCIL MEMBER",2022,3,32,,,35,,,TRUE
"COUNCIL MEMBER",2023,6,27,,,33,,,TRUE
"COUNCIL MEMBER",2024,8,4,,,12,,,TRUE
"COUNCIL MEMBER",2025,8,5,,,13,,,TRUE
"COUNCIL MEMBER AIDE",2022,0,2,,,2,,,TRUE
"COUNCIL MEMBER AIDE",2025,12,114,,,126,,,TRUE
"COUNSEL",2014,6,3,,,9,,,TRUE
"COUNSEL",2015,7,3,,,10,,,TRUE
"COUNSEL",2016,7,3,,,10,,,TRUE
"COUNSEL",2017,9,2,,,11,,,TRUE
"COUNSEL",2018,10,1,,,11,,,TRUE
"COUNSEL",2019,10,2,,,12,,,TRUE
"COUNSEL",2020,7,1,,,8,,,TRUE
"COUNSEL",2021,7,2,,,9,,,TRUE
"COUNSEL",2022,7,5,,,12,,,TRUE
"COUNSEL",2023,6,5,,,11,,,TRUE
"COUNSEL",2024,5,3,,,8,,,TRUE
"COUNSEL",2025,5,3,,,8,,,TRUE
"COUNSEL TO MINORITY LEADER",2014,0,1,,,1,,,TRUE
"COUNSEL TO THE BOARD",2014,1,1,,,2,,,TRUE
"COUNSEL TO THE BOARD",2015,1,0,,,1,,,TRUE
"COUNSEL TO THE BOARD",2016,1,0,,,1,,,TRUE
"COUNSEL TO THE BOARD",2017,1,0,,,1,,,TRUE
"COUNSEL TO THE BOARD",2018,1,0,,,1,,,TRUE
"COUNSEL TO THE BOARD",2019,1,0,,,1,,,TRUE
"COUNSEL TO THE BOARD",2020,1,0,,,1,,,TRUE
"COUNSEL TO THE BOARD",2021,1,0,,,1,,,TRUE
"COUNSEL TO THE BOARD",2022,1,0,,,1,,,TRUE
"COUNSEL TO THE BOARD",2023,2,0,,,2,,,TRUE
"COUNSEL TO THE BOARD",2024,2,0,,,2,,,TRUE
"COUNSEL TO THE BOARD",2025,2,0,,,2,,,TRUE
"COUNSEL TO THE BOROUGH PRESIDENT",2014,0,2,,,2,,,TRUE
"COUNSEL TO THE BOROUGH PRESIDENT",2015,0,2,,,2,,,TRUE
"COUNSEL TO THE BOROUGH PRESIDENT",2016,0,1,,,1,,,TRUE
"COUNSEL TO THE BOROUGH PRESIDENT",2017,0,1,,,1,,,TRUE
"COUNSEL TO THE BOROUGH PRESIDENT",2019,0,1,,,1,,,TRUE
"COUNSEL TO THE BOROUGH PRESIDENT",2022,0,1,,,1,,,TRUE
"COUNSEL TO THE BOROUGH PRESIDENT",2023,0,2,,,2,,,TRUE
"COUNSEL TO THE BOROUGH PRESIDENT",2024,0,1,,,1,,,TRUE
"COUNSEL TO THE CHANCELLOR",2014,1,0,,,1,,,TRUE
"COUNSEL TO THE CHANCELLOR",2015,1,0,,,1,,,TRUE
"COUNSEL TO THE CHANCELLOR",2017,0,1,,,1,,,TRUE
"COUNSEL TO THE CHANCELLOR",2018,0,1,,,1,,,TRUE
"COUNSEL TO THE CHANCELLOR",2022,0,1,,,1,,,TRUE
"COUNSEL TO THE CHANCELLOR",2023,0,1,,,1,,,TRUE
"COUNSEL TO THE MAYOR",2019,0,1,,,1,,,TRUE
"COUNSEL TO THE MAYOR",2020,0,1,,,1,,,TRUE
"COUNSEL TO THE MAYOR",2022,0,1,,,1,,,TRUE
"COUNSEL TO THE MAYOR",2023,0,1,,,1,,,TRUE
"COUNSEL TO THE MAYOR",2024,0,1,,,1,,,TRUE
"COUNSEL TO THE POLICE COMMISSIONER",2014,0,1,,,1,,,TRUE
"COUNSEL TO THE POLICE COMMISSIONER",2015,0,1,,,1,,,TRUE
"COUNSEL TO THE POLICE COMMISSIONER",2018,0,1,,,1,,,TRUE
"COUNSEL TO THE POLICE COMMISSIONER",2022,0,1,,,1,,,TRUE
"COUNSEL TO THE POLICE COMMISSIONER",2023,0,1,,,1,,,TRUE
"COUNSEL TO THE PUBLIC ADVOCATE",2014,0,2,,,2,,,TRUE
"COUNSEL TO THE PUBLIC ADVOCATE",2015,0,2,,,2,,,TRUE
"COUNSEL TO THE PUBLIC ADVOCATE",2016,0,1,,,1,,,TRUE
"COUNSEL TO THE PUBLIC ADVOCATE",2019,0,1,,,1,,,TRUE
"COUNSEL TO THE PUBLIC ADVOCATE",2020,0,2,,,2,,,TRUE
"COUNSELOR",2014,4,3,,,7,,,TRUE
"COUNSELOR",2015,5,0,,,5,,,TRUE
"COUNSELOR",2016,4,1,,,5,,,TRUE
"COUNSELOR",2017,5,3,,,8,,,TRUE
"COUNSELOR",2018,4,3,,,7,,,TRUE
"COUNSELOR",2019,4,4,,,8,,,TRUE
"COUNSELOR",2020,4,3,,,7,,,TRUE
"COUNSELOR",2021,4,1,,,5,,,TRUE
"COUNSELOR",2022,3,0,,,3,,,TRUE
"COUNSELOR",2023,2,0,,,2,,,TRUE
"COUNSELOR",2024,0,1,,,1,,,TRUE
"COUNSELOR",2025,0,1,,,1,,,TRUE
"COUNTY DETECTIVE",2014,9,0,,,9,,,TRUE
"COUNTY DETECTIVE",2015,9,0,,,9,,,TRUE
"COUNTY DETECTIVE",2016,9,0,,,9,,,TRUE
"COUNTY DETECTIVE",2017,7,0,,,7,,,TRUE
"COUNTY DETECTIVE",2018,7,0,,,7,,,TRUE
"COUNTY DETECTIVE",2019,6,0,,,6,,,TRUE
"COUNTY DETECTIVE",2020,6,0,,,6,,,TRUE
"COUNTY DETECTIVE",2021,6,0,,,6,,,TRUE
"COUNTY DETECTIVE",2022,4,0,,,4,,,TRUE
"COUNTY DETECTIVE",2023,3,0,,,3,,,TRUE
"COUNTY DETECTIVE",2024,2,0,,,2,,,TRUE
"COUNTY DETECTIVE",2025,2,0,,,2,,,TRUE
"CRIME ANALYST",2018,0,84,,,84,,,TRUE
"CRIME ANALYST",2019,0,74,,,74,,,TRUE
"CRIME ANALYST",2020,0,23,,,23,,,TRUE
"CRIME ANALYST",2021,0,21,,,21,,,TRUE
"CRIME ANALYST",2022,1,6,,,7,,,TRUE
"CRIME ANALYST",2023,3,57,,,60,,,TRUE
"CRIME ANALYST",2024,3,58,,,61,,,TRUE
"CRIME ANALYST",2025,3,18,,,21,,,TRUE
"CRIMINALIST",2014,90,59,69558.5,46455,149,0.667855114759519,23103.5,FALSE
"CRIMINALIST",2015,98,79,72986.5,48581,177,0.665616244099936,24405.5,FALSE
"CRIMINALIST",2016,94,77,83829.5,49796,171,0.594015233300926,34033.5,FALSE
"CRIMINALIST",2017,118,63,83107.5,51290,181,0.617152483229552,31817.5,FALSE
"CRIMINALIST",2018,134,139,81065,51290,273,0.632702152593598,29775,FALSE
"CRIMINALIST",2019,149,123,80712,53493,272,0.66276390127862,27219,FALSE
"CRIMINALIST",2020,151,99,87247,55098,250,0.631517416071613,32149,FALSE
"CRIMINALIST",2021,146,77,88522,55098,223,0.622421544926685,33424,FALSE
"CRIMINALIST",2022,140,86,94841,55098,226,0.580951276346728,39743,FALSE
"CRIMINALIST",2023,141,115,103829,60208,256,0.579876527752362,43621,FALSE
"CRIMINALIST",2024,143,78,106939,62014,221,0.579900691048168,44925,FALSE
"CRIMINALIST",2025,169,59,109103,64029,228,0.58686745552368,45074,FALSE
"CRIMINALIST ASSISTANT DIRECTOR OF LABORATORY",2014,9,0,,,9,,,TRUE
"CRIMINALIST ASSISTANT DIRECTOR OF LABORATORY",2015,11,1,,,12,,,TRUE
"CRIMINALIST ASSISTANT DIRECTOR OF LABORATORY",2016,16,1,,,17,,,TRUE
"CRIMINALIST ASSISTANT DIRECTOR OF LABORATORY",2017,17,1,,,18,,,TRUE
"CRIMINALIST ASSISTANT DIRECTOR OF LABORATORY",2018,20,1,,,21,,,TRUE
"CRIMINALIST ASSISTANT DIRECTOR OF LABORATORY",2019,21,1,,,22,,,TRUE
"CRIMINALIST ASSISTANT DIRECTOR OF LABORATORY",2020,19,0,,,19,,,TRUE
"CRIMINALIST ASSISTANT DIRECTOR OF LABORATORY",2021,20,0,,,20,,,TRUE
"CRIMINALIST ASSISTANT DIRECTOR OF LABORATORY",2022,22,0,,,22,,,TRUE
"CRIMINALIST ASSISTANT DIRECTOR OF LABORATORY",2023,22,0,,,22,,,TRUE
"CRIMINALIST ASSISTANT DIRECTOR OF LABORATORY",2024,21,1,,,22,,,TRUE
"CRIMINALIST ASSISTANT DIRECTOR OF LABORATORY",2025,22,3,,,25,,,TRUE
"CRIMINALIST DEPUTY DIRECTOR OF LABATORY",2014,1,0,,,1,,,TRUE
"CRIMINALIST DEPUTY DIRECTOR OF LABATORY",2015,1,0,,,1,,,TRUE
"CRIMINALIST DEPUTY DIRECTOR OF LABATORY",2016,2,0,,,2,,,TRUE
"CRIMINALIST DEPUTY DIRECTOR OF LABATORY",2017,2,0,,,2,,,TRUE
"CRIMINALIST DEPUTY DIRECTOR OF LABATORY",2018,2,0,,,2,,,TRUE
"CRIMINALIST DEPUTY DIRECTOR OF LABATORY",2019,2,0,,,2,,,TRUE
"CRIMINALIST DEPUTY DIRECTOR OF LABATORY",2020,2,0,,,2,,,TRUE
"CRIMINALIST DEPUTY DIRECTOR OF LABATORY",2021,2,0,,,2,,,TRUE
"CRIMINALIST DEPUTY DIRECTOR OF LABATORY",2022,3,0,,,3,,,TRUE
"CRIMINALIST DEPUTY DIRECTOR OF LABATORY",2023,4,0,,,4,,,TRUE
"CRIMINALIST DEPUTY DIRECTOR OF LABATORY",2024,4,0,,,4,,,TRUE
"CRIMINALIST DEPUTY DIRECTOR OF LABATORY",2025,4,0,,,4,,,TRUE
"CRIMINALIST DIRECTOR OF LABORATORY",2014,1,0,,,1,,,TRUE
"CRIMINALIST DIRECTOR OF LABORATORY",2015,2,1,,,3,,,TRUE
"CRIMINALIST DIRECTOR OF LABORATORY",2016,3,1,,,4,,,TRUE
"CRIMINALIST DIRECTOR OF LABORATORY",2017,3,0,,,3,,,TRUE
"CRIMINALIST DIRECTOR OF LABORATORY",2018,3,0,,,3,,,TRUE
"CRIMINALIST DIRECTOR OF LABORATORY",2019,3,0,,,3,,,TRUE
"CRIMINALIST DIRECTOR OF LABORATORY",2020,3,0,,,3,,,TRUE
"CRIMINALIST DIRECTOR OF LABORATORY",2021,3,0,,,3,,,TRUE
"CRIMINALIST DIRECTOR OF LABORATORY",2022,3,0,,,3,,,TRUE
"CRIMINALIST DIRECTOR OF LABORATORY",2023,3,0,,,3,,,TRUE
"CRIMINALIST DIRECTOR OF LABORATORY",2024,4,0,,,4,,,TRUE
"CRIMINALIST DIRECTOR OF LABORATORY",2025,5,0,,,5,,,TRUE
"CSE CHAIRPERSON",2014,12,0,,,12,,,TRUE
"CSE CHAIRPERSON",2015,11,0,,,11,,,TRUE
"CSE CHAIRPERSON",2016,11,0,,,11,,,TRUE
"CSE CHAIRPERSON",2017,12,0,,,12,,,TRUE
"CSE CHAIRPERSON",2018,11,0,,,11,,,TRUE
"CSE CHAIRPERSON",2019,11,0,,,11,,,TRUE
"CSE CHAIRPERSON",2020,11,0,,,11,,,TRUE
"CSE CHAIRPERSON",2021,12,0,,,12,,,TRUE
"CSE CHAIRPERSON",2022,11,0,,,11,,,TRUE
"CSE CHAIRPERSON",2023,11,0,,,11,,,TRUE
"CSE CHAIRPERSON",2024,11,0,,,11,,,TRUE
"CSE CHAIRPERSON",2025,12,0,,,12,,,TRUE
"CUNY ADMINISTRATOR ASSISTANT",2014,104,0,,,104,,,TRUE
"CUNY ADMINISTRATOR ASSISTANT",2015,101,1,,,102,,,TRUE
"CUNY ADMINISTRATOR ASSISTANT",2016,98,1,,,99,,,TRUE
"CUNY ADMINISTRATOR ASSISTANT",2017,100,1,,,101,,,TRUE
"CUNY ADMINISTRATOR ASSISTANT",2018,93,1,,,94,,,TRUE
"CUNY ADMINISTRATOR ASSISTANT",2019,75,4,,,79,,,TRUE
"CUNY ADMINISTRATOR ASSISTANT",2020,78,4,,,82,,,TRUE
"CUNY ADMINISTRATOR ASSISTANT",2021,76,0,,,76,,,TRUE
"CUNY ADMINISTRATOR ASSISTANT",2022,65,1,,,66,,,TRUE
"CUNY ADMINISTRATOR ASSISTANT",2023,59,1,,,60,,,TRUE
"CUNY ADMINISTRATOR ASSISTANT",2024,63,1,,,64,,,TRUE
"CUNY ADMINISTRATOR ASSISTANT",2025,60,0,,,60,,,TRUE
"CUNY BROADCAST ASSOCIATE",2014,5,0,,,5,,,TRUE
"CUNY BROADCAST ASSOCIATE",2015,5,2,,,7,,,TRUE
"CUNY BROADCAST ASSOCIATE",2016,5,2,,,7,,,TRUE
"CUNY BROADCAST ASSOCIATE",2017,4,0,,,4,,,TRUE
"CUNY BROADCAST ASSOCIATE",2018,4,1,,,5,,,TRUE
"CUNY BROADCAST ASSOCIATE",2019,4,1,,,5,,,TRUE
"CUNY BROADCAST ASSOCIATE",2020,4,0,,,4,,,TRUE
"CUNY BROADCAST ASSOCIATE",2021,4,0,,,4,,,TRUE
"CUNY BROADCAST ASSOCIATE",2022,4,0,,,4,,,TRUE
"CUNY BROADCAST ASSOCIATE",2023,4,0,,,4,,,TRUE
"CUNY BROADCAST ASSOCIATE",2024,4,0,,,4,,,TRUE
"CUNY BROADCAST ASSOCIATE",2025,4,0,,,4,,,TRUE
"CUNY CUSTODIAL ASSISTANT",2014,121,42,29962,26516,163,0.884987651024631,3446,FALSE
"CUNY CUSTODIAL ASSISTANT",2015,110,21,,,131,,,TRUE
"CUNY CUSTODIAL ASSISTANT",2017,132,19,,,151,,,TRUE
"CUNY CUSTODIAL ASSISTANT",2018,131,18,,,149,,,TRUE
"CUNY CUSTODIAL ASSISTANT",2019,119,31,33084,31320,150,0.946681175190424,1764,FALSE
"CUNY CUSTODIAL ASSISTANT",2020,116,33,35811,32585,149,0.909915947613862,3226,FALSE
"CUNY CUSTODIAL ASSISTANT",2021,118,23,,,141,,,TRUE
"CUNY CUSTODIAL ASSISTANT",2022,112,43,35811,35811,155,1,0,FALSE
"CUNY CUSTODIAL ASSISTANT",2023,119,46,35811,35811,165,1,0,FALSE
"CUNY CUSTODIAL ASSISTANT",2024,112,28,,,140,,,TRUE
"CUNY CUSTODIAL ASSISTANT",2025,103,25,,,128,,,TRUE
"CUNY OFFICE ASSISTANT",2014,163,63,33909,28073,226,0.827892299979357,5836,FALSE
"CUNY OFFICE ASSISTANT",2015,167,78,33909,28073,245,0.827892299979357,5836,FALSE
"CUNY OFFICE ASSISTANT",2016,166,51,34346.5,28073,217,0.817346745665497,6273.5,FALSE
"CUNY OFFICE ASSISTANT",2017,168,72,38407,29497,240,0.76801103965423,8910,FALSE
"CUNY OFFICE ASSISTANT",2018,181,87,38407,30998,268,0.807092457104174,7409,FALSE
"CUNY OFFICE ASSISTANT",2019,174,77,39614,30998,251,0.782501135962034,8616,FALSE
"CUNY OFFICE ASSISTANT",2020,164,49,42879,33553,213,0.78250425616269,9326,FALSE
"CUNY OFFICE ASSISTANT",2021,158,16,,,174,,,TRUE
"CUNY OFFICE ASSISTANT",2022,156,40,42879,36080,196,0.841437533524569,6799,FALSE
"CUNY OFFICE ASSISTANT",2023,134,81,42879,36080,215,0.841437533524569,6799,FALSE
"CUNY OFFICE ASSISTANT",2024,132,74,42879,33553,206,0.78250425616269,9326,FALSE
"CUNY OFFICE ASSISTANT",2025,134,72,49288,38568,206,0.782502840447979,10720,FALSE
"CUNY SECRETARIAL ASSISTANT",2014,1,0,,,1,,,TRUE
"CUNY START INSTRUCTOR",2017,1,30,,,31,,,TRUE
"CUNY START INSTRUCTOR",2018,2,24,,,26,,,TRUE
"CUNY START INSTRUCTOR",2019,0,19,,,19,,,TRUE
"CUNY START INSTRUCTOR",2020,0,17,,,17,,,TRUE
"CUNY START INSTRUCTOR",2021,0,6,,,6,,,TRUE
"CUNY START INSTRUCTOR",2022,0,3,,,3,,,TRUE
"CUNY START INSTRUCTOR",2023,0,8,,,8,,,TRUE
"CUNY START INSTRUCTOR",2024,0,11,,,11,,,TRUE
"CUNY START INSTRUCTOR",2025,0,12,,,12,,,TRUE
"CUSTODIAL ASSISTANT",2014,38,0,,,38,,,TRUE
"CUSTODIAL ASSISTANT",2015,33,0,,,33,,,TRUE
"CUSTODIAL ASSISTANT",2016,429,176,33363,29011,605,0.869556095075383,4352,FALSE
"CUSTODIAL ASSISTANT",2017,25,0,,,25,,,TRUE
"CUSTODIAL ASSISTANT",2018,21,0,,,21,,,TRUE
"CUSTODIAL ASSISTANT",2019,17,0,,,17,,,TRUE
"CUSTODIAL ASSISTANT",2020,11,0,,,11,,,TRUE
"CUSTODIAL ASSISTANT",2021,10,0,,,10,,,TRUE
"CUSTODIAL ASSISTANT",2022,10,0,,,10,,,TRUE
"CUSTODIAL ASSISTANT",2023,4,0,,,4,,,TRUE
"CUSTODIAL ASSISTANT",2024,2,0,,,2,,,TRUE
"CUSTODIAL ASSISTANT",2025,2,0,,,2,,,TRUE
"CUSTODIAL SUPERVISOR",2014,11,4,,,15,,,TRUE
"CUSTODIAL SUPERVISOR",2015,14,2,,,16,,,TRUE
"CUSTODIAL SUPERVISOR",2016,15,7,,,22,,,TRUE
"CUSTODIAL SUPERVISOR",2017,14,6,,,20,,,TRUE
"CUSTODIAL SUPERVISOR",2018,16,3,,,19,,,TRUE
"CUSTODIAL SUPERVISOR",2019,15,4,,,19,,,TRUE
"CUSTODIAL SUPERVISOR",2020,14,3,,,17,,,TRUE
"CUSTODIAL SUPERVISOR",2021,14,1,,,15,,,TRUE
"CUSTODIAL SUPERVISOR",2022,16,2,,,18,,,TRUE
"CUSTODIAL SUPERVISOR",2023,14,3,,,17,,,TRUE
"CUSTODIAL SUPERVISOR",2024,12,0,,,12,,,TRUE
"CUSTODIAL SUPERVISOR",2025,11,3,,,14,,,TRUE
"CUSTODIAN",2014,205,28,,,233,,,TRUE
"CUSTODIAN",2015,215,27,,,242,,,TRUE
"CUSTODIAN",2016,211,25,,,236,,,TRUE
"CUSTODIAN",2017,230,31,38262,31921,261,0.834274214625477,6341,FALSE
"CUSTODIAN",2018,239,26,,,265,,,TRUE
"CUSTODIAN",2019,244,20,,,264,,,TRUE
"CUSTODIAN",2020,241,16,,,257,,,TRUE
"CUSTODIAN",2021,226,7,,,233,,,TRUE
"CUSTODIAN",2022,207,5,,,212,,,TRUE
"CUSTODIAN",2023,192,7,,,199,,,TRUE
"CUSTODIAN",2024,201,11,,,212,,,TRUE
"CUSTODIAN",2025,191,15,,,206,,,TRUE
"CUSTOMER INFORMATION REPRESENTATIVE",2015,99,68,59273,32891,167,0.554906955949589,26382,FALSE
"CUSTOMER INFORMATION REPRESENTATIVE",2016,109,56,57752,35659,165,0.617450477905527,22093,FALSE
"CUSTOMER INFORMATION REPRESENTATIVE",2017,123,66,59094,36729,189,0.621535181236674,22365,FALSE
"CUSTOMER INFORMATION REPRESENTATIVE MA L 1549",2014,94,70,56680,31544,164,0.556527875793931,25136,FALSE
"CUSTOMER INFORMATION REPRESENTATIVE MA L 1549",2018,143,81,60000,34827,224,0.58045,25173,FALSE
"CUSTOMER INFORMATION REPRESENTATIVE MA L 1549",2019,158,95,62437,36323,253,0.581754408443711,26114,FALSE
"CUSTOMER INFORMATION REPRESENTATIVE MA L 1549",2020,159,110,64225,37413,269,0.582530167380304,26812,FALSE
"CUSTOMER INFORMATION REPRESENTATIVE MA L 1549",2021,199,62,59610,37413,261,0.627629592350277,22197,FALSE
"CUSTOMER INFORMATION REPRESENTATIVE MA L 1549",2022,178,39,64167.5,37413,217,0.58305216815366,26754.5,FALSE
"CUSTOMER INFORMATION REPRESENTATIVE MA L 1549",2023,165,111,73966,45711,276,0.618000162236703,28255,FALSE
"CUSTOMER INFORMATION REPRESENTATIVE MA L 1549",2024,170,103,81510,48405,273,0.593853514906146,33105,FALSE
"CUSTOMER INFORMATION REPRESENTATIVE MA L 1549",2025,184,65,77736,51227,249,0.658986827210044,26509,FALSE
"CYBER SECURITY ANALYST",2020,0,27,,,27,,,TRUE
"CYBER SECURITY ANALYST",2021,0,36,,,36,,,TRUE
"CYBER SECURITY ANALYST",2022,0,49,,,49,,,TRUE
"CYBER SECURITY ANALYST",2023,1,80,,,81,,,TRUE
"CYBER SECURITY ANALYST",2024,2,87,,,89,,,TRUE
"CYBER SECURITY ANALYST",2025,4,84,,,88,,,TRUE
"DEAN",2014,8,2,,,10,,,TRUE
"DEAN",2015,9,1,,,10,,,TRUE
"DEAN",2016,10,5,,,15,,,TRUE
"DEAN",2017,12,5,,,17,,,TRUE
"DEAN",2018,11,3,,,14,,,TRUE
"DEAN",2019,10,1,,,11,,,TRUE
"DEAN",2020,12,3,,,15,,,TRUE
"DEAN",2021,9,3,,,12,,,TRUE
"DEAN",2022,10,1,,,11,,,TRUE
"DEAN",2023,7,3,,,10,,,TRUE
"DEAN",2024,8,5,,,13,,,TRUE
"DEAN",2025,8,3,,,11,,,TRUE
"DECEDENT PROPERTY AGENT",2014,4,4,,,8,,,TRUE
"DECEDENT PROPERTY AGENT",2015,5,2,,,7,,,TRUE
"DECEDENT PROPERTY AGENT",2016,5,0,,,5,,,TRUE
"DECEDENT PROPERTY AGENT",2017,5,1,,,6,,,TRUE
"DECEDENT PROPERTY AGENT",2018,5,3,,,8,,,TRUE
"DECEDENT PROPERTY AGENT",2019,4,4,,,8,,,TRUE
"DECEDENT PROPERTY AGENT",2020,4,4,,,8,,,TRUE
"DECEDENT PROPERTY AGENT",2021,5,0,,,5,,,TRUE
"DECEDENT PROPERTY AGENT",2022,4,0,,,4,,,TRUE
"DECEDENT PROPERTY AGENT",2023,4,2,,,6,,,TRUE
"DECEDENT PROPERTY AGENT",2024,6,1,,,7,,,TRUE
"DECEDENT PROPERTY AGENT",2025,6,0,,,6,,,TRUE
"DECKHAND",2014,63,47,49793,43298,110,0.869559978310204,6495,FALSE
"DECKHAND",2015,83,22,,,105,,,TRUE
"DECKHAND",2016,104,11,,,115,,,TRUE
"DECKHAND",2017,106,32,55024,47847,138,0.869566007560337,7177,FALSE
"DECKHAND",2018,119,35,55024,47847,154,0.869566007560337,7177,FALSE
"DECKHAND",2019,111,39,55024,47847,150,0.869566007560337,7177,FALSE
"DECKHAND",2020,106,48,59253,51524,154,0.869559347206049,7729,FALSE
"DECKHAND",2021,103,31,59253,51524,134,0.869559347206049,7729,FALSE
"DECKHAND",2022,99,46,59253,51524,145,0.869559347206049,7729,FALSE
"DECKHAND",2023,106,38,59253,51524,144,0.869559347206049,7729,FALSE
"DECKHAND",2024,103,42,59253,51524,145,0.869559347206049,7729,FALSE
"DECKHAND",2025,91,49,66690,57991,140,0.86956065377118,8699,FALSE
"DENTAL HYGIENIST",2016,0,1,,,1,,,TRUE
"DEP COMMISSIONER FOR COMMUNITY RELATIONS",2015,0,1,,,1,,,TRUE
"DEP COMMISSIONER FOR COMMUNITY RELATIONS",2016,0,2,,,2,,,TRUE
"DEP COMMISSIONER FOR COMMUNITY RELATIONS",2017,0,2,,,2,,,TRUE
"DEP COMMISSIONER FOR COMMUNITY RELATIONS",2018,0,2,,,2,,,TRUE
"DEP COMMISSIONER FOR COMMUNITY RELATIONS",2022,0,1,,,1,,,TRUE
"DEP DIR MTR EQ MNTC",2014,1,0,,,1,,,TRUE
"DEP DIR MTR EQ MNTC",2015,1,0,,,1,,,TRUE
"DEP DIR MTR EQ MNTC",2016,2,0,,,2,,,TRUE
"DEP DIR MTR EQ MNTC",2017,2,0,,,2,,,TRUE
"DEP DIR MTR EQ MNTC",2018,2,0,,,2,,,TRUE
"DEP DIR MTR EQ MNTC",2019,1,1,,,2,,,TRUE
"DEP DIR MTR EQ MNTC",2020,1,1,,,2,,,TRUE
"DEP DIR MTR EQ MNTC",2021,1,0,,,1,,,TRUE
"DEP DIR MTR EQ MNTC",2022,1,0,,,1,,,TRUE
"DEP DIR MTR EQ MNTC",2023,1,0,,,1,,,TRUE
"DEP DIR MTR EQ MNTC",2024,1,0,,,1,,,TRUE
"DEP DIR OF AUDIT & PROG ANALYSIS",2014,1,0,,,1,,,TRUE
"DEP DIR OF AUDIT & PROG ANALYSIS",2015,1,0,,,1,,,TRUE
"DEP DIR OF AUDIT & PROG ANALYSIS",2016,1,0,,,1,,,TRUE
"DEP DIR OF AUDIT & PROG ANALYSIS",2017,1,0,,,1,,,TRUE
"DEP DIR OF PROGRAM PLANNING",2015,0,1,,,1,,,TRUE
"DEP DIR OF SOCIAL & COMM SERV",2017,1,0,,,1,,,TRUE
"DEP DIR RESEARCH & POL DEVELP",2017,1,0,,,1,,,TRUE
"DEP DIR RESEARCH & POL DEVELP",2018,1,1,,,2,,,TRUE
"DEP DIR RESEARCH & POL DEVELP",2019,1,0,,,1,,,TRUE
"DEP DIR RESEARCH & POL DEVELP",2022,0,1,,,1,,,TRUE
"DEP DIR RESEARCH & POL DEVELP",2025,0,1,,,1,,,TRUE
"DEP DIRECTOR OF PERSONNEL & LR",2014,1,0,,,1,,,TRUE
"DEP DIRECTOR OF PERSONNEL & LR",2015,1,1,,,2,,,TRUE
"DEP DIRECTOR OF PERSONNEL & LR",2016,1,1,,,2,,,TRUE
"DEP DIRECTOR OF PERSONNEL & LR",2017,0,1,,,1,,,TRUE
"DEPARTMENT LIBRARIAN",2020,0,2,,,2,,,TRUE
"DEPARTMENT LIBRARIAN",2021,0,2,,,2,,,TRUE
"DEPARTMENT LIBRARIAN",2022,0,1,,,1,,,TRUE
"DEPARTMENT LIBRARIAN",2023,0,1,,,1,,,TRUE
"DEPARTMENT LIBRARIAN",2024,0,1,,,1,,,TRUE
"DEPARTMENT LIBRARIAN",2025,0,1,,,1,,,TRUE
"DEPUTY ADMINISTRATION ASSISTANT",2014,1,0,,,1,,,TRUE
"DEPUTY ADMINISTRATION ASSISTANT",2015,1,0,,,1,,,TRUE
"DEPUTY ADMINISTRATION ASSISTANT",2016,1,0,,,1,,,TRUE
"DEPUTY ADMINISTRATOR",2022,0,1,,,1,,,TRUE
"DEPUTY ADMINISTRATOR",2023,0,1,,,1,,,TRUE
"DEPUTY ADMINISTRATOR/COMSNR DOS",2021,1,0,,,1,,,TRUE
"DEPUTY ASSISTANT CHIEF OF DEPARTMENT",2014,8,0,,,8,,,TRUE
"DEPUTY ASSISTANT CHIEF OF DEPARTMENT",2015,12,0,,,12,,,TRUE
"DEPUTY ASSISTANT CHIEF OF DEPARTMENT",2016,9,0,,,9,,,TRUE
"DEPUTY ASSISTANT CHIEF OF DEPARTMENT",2017,9,0,,,9,,,TRUE
"DEPUTY ASSISTANT CHIEF OF DEPARTMENT",2018,8,0,,,8,,,TRUE
"DEPUTY ASSISTANT CHIEF OF DEPARTMENT",2019,12,0,,,12,,,TRUE
"DEPUTY ASSISTANT CHIEF OF DEPARTMENT",2020,10,0,,,10,,,TRUE
"DEPUTY ASSISTANT CHIEF OF DEPARTMENT",2021,13,0,,,13,,,TRUE
"DEPUTY ASSISTANT CHIEF OF DEPARTMENT",2022,6,0,,,6,,,TRUE
"DEPUTY ASSISTANT CHIEF OF DEPARTMENT",2023,8,0,,,8,,,TRUE
"DEPUTY ASSISTANT CHIEF OF DEPARTMENT",2024,7,0,,,7,,,TRUE
"DEPUTY ASSISTANT CHIEF OF DEPARTMENT",2025,8,0,,,8,,,TRUE
"DEPUTY ASSISTANT COMMISIONER",2025,0,1,,,1,,,TRUE
"DEPUTY ASSISTANT COMMISSIONER",2014,2,7,,,9,,,TRUE
"DEPUTY ASSISTANT COMMISSIONER",2015,2,14,,,16,,,TRUE
"DEPUTY ASSISTANT COMMISSIONER",2016,3,14,,,17,,,TRUE
"DEPUTY ASSISTANT COMMISSIONER",2017,5,21,,,26,,,TRUE
"DEPUTY ASSISTANT COMMISSIONER",2018,7,33,,,40,,,TRUE
"DEPUTY ASSISTANT COMMISSIONER",2019,5,28,,,33,,,TRUE
"DEPUTY ASSISTANT COMMISSIONER",2020,5,25,,,30,,,TRUE
"DEPUTY ASSISTANT COMMISSIONER",2021,4,12,,,16,,,TRUE
"DEPUTY ASSISTANT COMMISSIONER",2022,3,1,,,4,,,TRUE
"DEPUTY ASSISTANT COMMISSIONER",2023,2,4,,,6,,,TRUE
"DEPUTY ASSISTANT COMMISSIONER",2024,2,5,,,7,,,TRUE
"DEPUTY ASSISTANT COMMISSIONER",2025,2,7,,,9,,,TRUE
"DEPUTY ASSISTANT COMMISSIONER FOR EVALUATION",2023,0,1,,,1,,,TRUE
"DEPUTY ASSISTANT COMMISSIONER FOR EVALUATION",2024,0,1,,,1,,,TRUE
"DEPUTY ASSISTANT COUNSEL",2014,0,1,,,1,,,TRUE
"DEPUTY ASSISTANT COUNSEL",2015,1,1,,,2,,,TRUE
"DEPUTY ASSISTANT COUNSEL",2016,0,6,,,6,,,TRUE
"DEPUTY ASSISTANT COUNSEL",2017,0,7,,,7,,,TRUE
"DEPUTY ASSISTANT COUNSEL",2018,0,2,,,2,,,TRUE
"DEPUTY ASSISTANT COUNSEL",2019,1,2,,,3,,,TRUE
"DEPUTY ASSISTANT COUNSEL",2020,1,5,,,6,,,TRUE
"DEPUTY ASSISTANT COUNSEL",2021,1,3,,,4,,,TRUE
"DEPUTY ASSISTANT COUNSEL",2022,1,1,,,2,,,TRUE
"DEPUTY ASSISTANT COUNSEL",2023,0,2,,,2,,,TRUE
"DEPUTY ASSISTANT COUNSEL",2024,0,3,,,3,,,TRUE
"DEPUTY ASSISTANT COUNSEL",2025,0,2,,,2,,,TRUE
"DEPUTY ASSISTANT DIRECTOR",2014,2,0,,,2,,,TRUE
"DEPUTY ASSISTANT DIRECTOR",2015,1,0,,,1,,,TRUE
"DEPUTY ASSISTANT DIRECTOR",2016,4,2,,,6,,,TRUE
"DEPUTY ASSISTANT DIRECTOR",2017,2,6,,,8,,,TRUE
"DEPUTY ASSISTANT DIRECTOR",2018,2,6,,,8,,,TRUE
"DEPUTY ASSISTANT DIRECTOR",2019,3,3,,,6,,,TRUE
"DEPUTY ASSISTANT DIRECTOR",2020,3,0,,,3,,,TRUE
"DEPUTY ASSISTANT DIRECTOR",2021,2,1,,,3,,,TRUE
"DEPUTY ASSISTANT DIRECTOR",2022,1,1,,,2,,,TRUE
"DEPUTY ASSISTANT DIRECTOR",2023,3,1,,,4,,,TRUE
"DEPUTY ASSISTANT DIRECTOR",2024,3,1,,,4,,,TRUE
"DEPUTY ASSISTANT DIRECTOR",2025,3,1,,,4,,,TRUE
"DEPUTY ASST ADMIN FOR PERSONNEL ADM & LABOR REL",2015,0,1,,,1,,,TRUE
"DEPUTY ASST ADMIN FOR PERSONNEL ADM & LABOR REL",2016,0,1,,,1,,,TRUE
"DEPUTY ASST ADMIN FOR PERSONNEL ADM & LABOR REL",2020,0,1,,,1,,,TRUE
"DEPUTY ASST ADMIN FOR PERSONNEL ADM & LABOR REL",2021,0,1,,,1,,,TRUE
"DEPUTY ASST ADMIN FOR PERSONNEL ADM & LABOR REL",2024,0,1,,,1,,,TRUE
"DEPUTY ASST ADMIN FOR PERSONNEL ADM & LABOR REL",2025,0,1,,,1,,,TRUE
"DEPUTY AUDITOR GENERAL",2014,1,0,,,1,,,TRUE
"DEPUTY AUDITOR GENERAL",2015,1,0,,,1,,,TRUE
"DEPUTY AUDITOR GENERAL",2016,2,0,,,2,,,TRUE
"DEPUTY AUDITOR GENERAL",2017,1,0,,,1,,,TRUE
"DEPUTY AUDITOR GENERAL",2018,1,0,,,1,,,TRUE
"DEPUTY AUDITOR GENERAL",2019,1,0,,,1,,,TRUE
"DEPUTY AUDITOR GENERAL",2020,1,0,,,1,,,TRUE
"DEPUTY AUDITOR GENERAL",2021,2,0,,,2,,,TRUE
"DEPUTY AUDITOR GENERAL",2022,1,0,,,1,,,TRUE
"DEPUTY AUDITOR GENERAL",2023,1,0,,,1,,,TRUE
"DEPUTY AUDITOR GENERAL",2024,1,0,,,1,,,TRUE
"DEPUTY AUDITOR GENERAL",2025,1,0,,,1,,,TRUE
"DEPUTY BOROUGH COMMISSIONER",2014,6,0,,,6,,,TRUE
"DEPUTY BOROUGH COMMISSIONER",2015,5,0,,,5,,,TRUE
"DEPUTY BOROUGH COMMISSIONER",2016,7,0,,,7,,,TRUE
"DEPUTY BOROUGH COMMISSIONER",2017,6,0,,,6,,,TRUE
"DEPUTY BOROUGH COMMISSIONER",2018,6,0,,,6,,,TRUE
"DEPUTY BOROUGH COMMISSIONER",2019,6,0,,,6,,,TRUE
"DEPUTY BOROUGH COMMISSIONER",2020,6,0,,,6,,,TRUE
"DEPUTY BOROUGH COMMISSIONER",2021,6,0,,,6,,,TRUE
"DEPUTY BOROUGH COMMISSIONER",2022,6,0,,,6,,,TRUE
"DEPUTY BOROUGH COMMISSIONER",2023,5,0,,,5,,,TRUE
"DEPUTY BOROUGH COMMISSIONER",2024,6,0,,,6,,,TRUE
"DEPUTY BOROUGH COMMISSIONER",2025,7,0,,,7,,,TRUE
"DEPUTY BOROUGH PRESIDENT",2014,1,2,,,3,,,TRUE
"DEPUTY BOROUGH PRESIDENT",2015,1,2,,,3,,,TRUE
"DEPUTY BOROUGH PRESIDENT",2016,1,0,,,1,,,TRUE
"DEPUTY BOROUGH PRESIDENT",2017,1,0,,,1,,,TRUE
"DEPUTY BOROUGH PRESIDENT",2018,2,1,,,3,,,TRUE
"DEPUTY BOROUGH PRESIDENT",2019,1,1,,,2,,,TRUE
"DEPUTY BOROUGH PRESIDENT",2020,1,0,,,1,,,TRUE
"DEPUTY BOROUGH PRESIDENT",2021,1,1,,,2,,,TRUE
"DEPUTY BOROUGH PRESIDENT",2022,1,4,,,5,,,TRUE
"DEPUTY BOROUGH PRESIDENT",2023,1,3,,,4,,,TRUE
"DEPUTY CHANCELLOR",2014,1,0,,,1,,,TRUE
"DEPUTY CHANCELLOR",2015,1,0,,,1,,,TRUE
"DEPUTY CHANCELLOR",2016,1,0,,,1,,,TRUE
"DEPUTY CHANCELLOR",2017,1,0,,,1,,,TRUE
"DEPUTY CHANCELLOR",2018,1,0,,,1,,,TRUE
"DEPUTY CHANCELLOR",2021,1,0,,,1,,,TRUE
"DEPUTY CHANCELLOR",2022,2,1,,,3,,,TRUE
"DEPUTY CHANCELLOR",2023,2,0,,,2,,,TRUE
"DEPUTY CHANCELLOR",2024,2,0,,,2,,,TRUE
"DEPUTY CHANCELLOR",2025,1,0,,,1,,,TRUE
"DEPUTY CHANCELLOR FINANCIAL AFFAIRS",2014,1,0,,,1,,,TRUE
"DEPUTY CHANCELLOR FINANCIAL AFFAIRS",2023,0,1,,,1,,,TRUE
"DEPUTY CHANCELLOR FINANCIAL AFFAIRS",2024,0,1,,,1,,,TRUE
"DEPUTY CHIEF",2014,60,0,,,60,,,TRUE
"DEPUTY CHIEF",2015,69,0,,,69,,,TRUE
"DEPUTY CHIEF",2016,69,0,,,69,,,TRUE
"DEPUTY CHIEF",2017,71,0,,,71,,,TRUE
"DEPUTY CHIEF",2018,69,0,,,69,,,TRUE
"DEPUTY CHIEF",2019,59,0,,,59,,,TRUE
"DEPUTY CHIEF",2020,74,0,,,74,,,TRUE
"DEPUTY CHIEF",2021,71,0,,,71,,,TRUE
"DEPUTY CHIEF",2022,65,0,,,65,,,TRUE
"DEPUTY CHIEF",2023,70,0,,,70,,,TRUE
"DEPUTY CHIEF",2024,64,0,,,64,,,TRUE
"DEPUTY CHIEF",2025,71,0,,,71,,,TRUE
"DEPUTY CHIEF CITY MEDICAL EXAMINER",2014,1,0,,,1,,,TRUE
"DEPUTY CHIEF CITY MEDICAL EXAMINER",2016,1,0,,,1,,,TRUE
"DEPUTY CHIEF CITY MEDICAL EXAMINER",2017,2,1,,,3,,,TRUE
"DEPUTY CHIEF CLERK",2014,2,2,,,4,,,TRUE
"DEPUTY CHIEF CLERK",2015,1,3,,,4,,,TRUE
"DEPUTY CHIEF CLERK",2016,1,2,,,3,,,TRUE
"DEPUTY CHIEF CLERK",2017,2,1,,,3,,,TRUE
"DEPUTY CHIEF CLERK",2018,3,0,,,3,,,TRUE
"DEPUTY CHIEF CLERK",2019,3,0,,,3,,,TRUE
"DEPUTY CHIEF CLERK",2020,2,0,,,2,,,TRUE
"DEPUTY CHIEF CLERK",2021,2,1,,,3,,,TRUE
"DEPUTY CHIEF CLERK",2022,3,0,,,3,,,TRUE
"DEPUTY CHIEF CLERK",2023,3,0,,,3,,,TRUE
"DEPUTY CHIEF CLERK",2024,3,0,,,3,,,TRUE
"DEPUTY CHIEF CLERK",2025,4,0,,,4,,,TRUE
"DEPUTY CHIEF INFORMATION TECHNOLOGY OFFICER",2024,1,0,,,1,,,TRUE
"DEPUTY CHIEF INFORMATION TECHNOLOGY OFFICER",2025,3,1,,,4,,,TRUE
"DEPUTY CHIEF OF OPERATIONS",2014,12,0,,,12,,,TRUE
"DEPUTY CHIEF OF OPERATIONS",2015,11,0,,,11,,,TRUE
"DEPUTY CHIEF OF OPERATIONS",2016,12,0,,,12,,,TRUE
"DEPUTY CHIEF OF OPERATIONS",2017,12,0,,,12,,,TRUE
"DEPUTY CHIEF OF OPERATIONS",2018,12,0,,,12,,,TRUE
"DEPUTY CHIEF OF OPERATIONS",2019,12,0,,,12,,,TRUE
"DEPUTY CHIEF OF OPERATIONS",2020,12,0,,,12,,,TRUE
"DEPUTY CHIEF OF OPERATIONS",2021,12,0,,,12,,,TRUE
"DEPUTY CHIEF OF OPERATIONS",2022,12,0,,,12,,,TRUE
"DEPUTY CHIEF OF OPERATIONS",2023,12,0,,,12,,,TRUE
"DEPUTY CHIEF OF OPERATIONS",2024,11,0,,,11,,,TRUE
"DEPUTY CHIEF OF OPERATIONS",2025,2,0,,,2,,,TRUE
"DEPUTY CHIEF OF STAFF",2015,1,0,,,1,,,TRUE
"DEPUTY CHIEF OF STAFF",2016,1,0,,,1,,,TRUE
"DEPUTY CHIEF OF STAFF",2017,1,0,,,1,,,TRUE
"DEPUTY CHIEF OF STAFF",2018,1,0,,,1,,,TRUE
"DEPUTY CHIEF OF STAFF",2019,1,0,,,1,,,TRUE
"DEPUTY CHIEF OF STAFF",2020,1,2,,,3,,,TRUE
"DEPUTY CHIEF OF STAFF",2021,0,1,,,1,,,TRUE
"DEPUTY CHIEF OF STAFF",2022,3,0,,,3,,,TRUE
"DEPUTY CHIEF OF STAFF",2023,3,1,,,4,,,TRUE
"DEPUTY CHIEF OF STAFF",2024,4,1,,,5,,,TRUE
"DEPUTY CHIEF OF STAFF",2025,4,0,,,4,,,TRUE
"DEPUTY CHIEF RACKETS INVESTIGATOR",2014,0,1,,,1,,,TRUE
"DEPUTY CHIEF RACKETS INVESTIGATOR",2018,0,2,,,2,,,TRUE
"DEPUTY CHIEF RACKETS INVESTIGATOR",2019,2,0,,,2,,,TRUE
"DEPUTY CHIEF RACKETS INVESTIGATOR",2020,2,0,,,2,,,TRUE
"DEPUTY CHIEF RACKETS INVESTIGATOR",2021,2,0,,,2,,,TRUE
"DEPUTY CHIEF RACKETS INVESTIGATOR",2022,1,0,,,1,,,TRUE
"DEPUTY CHIEF RACKETS INVESTIGATOR",2023,0,3,,,3,,,TRUE
"DEPUTY CHIEF RACKETS INVESTIGATOR",2024,3,1,,,4,,,TRUE
"DEPUTY CHIEF RACKETS INVESTIGATOR",2025,3,0,,,3,,,TRUE
"DEPUTY CHIEF STRATEGY OFFICER DOE",2023,0,1,,,1,,,TRUE
"DEPUTY CHIEF SURGEON",2014,4,0,,,4,,,TRUE
"DEPUTY CHIEF SURGEON",2015,4,1,,,5,,,TRUE
"DEPUTY CHIEF SURGEON",2016,4,1,,,5,,,TRUE
"DEPUTY CHIEF SURGEON",2017,4,0,,,4,,,TRUE
"DEPUTY CHIEF SURGEON",2018,3,0,,,3,,,TRUE
"DEPUTY CHIEF SURGEON",2019,3,0,,,3,,,TRUE
"DEPUTY CHIEF SURGEON",2020,2,0,,,2,,,TRUE
"DEPUTY CHIEF SURGEON",2021,1,0,,,1,,,TRUE
"DEPUTY CHIEF SURGEON",2022,2,0,,,2,,,TRUE
"DEPUTY CHIEF SURGEON",2023,4,0,,,4,,,TRUE
"DEPUTY CHIEF SURGEON",2024,5,0,,,5,,,TRUE
"DEPUTY CHIEF SURGEON",2025,7,0,,,7,,,TRUE
"DEPUTY CHIEF TECHNOLOGY OFFICER",2023,0,1,,,1,,,TRUE
"DEPUTY CHIEF TECHNOLOGY OFFICER",2024,0,1,,,1,,,TRUE
"DEPUTY CITY CLERK",2014,1,1,,,2,,,TRUE
"DEPUTY CITY CLERK",2015,1,0,,,1,,,TRUE
"DEPUTY CITY CLERK",2016,2,0,,,2,,,TRUE
"DEPUTY CITY CLERK",2017,1,0,,,1,,,TRUE
"DEPUTY CITY CLERK",2018,1,1,,,2,,,TRUE
"DEPUTY CITY CLERK",2019,0,1,,,1,,,TRUE
"DEPUTY CITY CLERK",2020,2,0,,,2,,,TRUE
"DEPUTY CITY CLERK",2021,2,0,,,2,,,TRUE
"DEPUTY CITY CLERK",2022,2,0,,,2,,,TRUE
"DEPUTY CITY CLERK",2023,3,0,,,3,,,TRUE
"DEPUTY CITY CLERK",2024,3,0,,,3,,,TRUE
"DEPUTY CITY CLERK",2025,3,0,,,3,,,TRUE
"DEPUTY CITY SHERIFF NON SPVR",2014,76,25,,,101,,,TRUE
"DEPUTY CITY SHERIFF NON SPVR",2015,72,20,,,92,,,TRUE
"DEPUTY CITY SHERIFF NON SPVR",2016,62,26,,,88,,,TRUE
"DEPUTY CITY SHERIFF NON SPVR",2017,52,27,,,79,,,TRUE
"DEPUTY CITY SHERIFF NON SPVR",2018,45,10,,,55,,,TRUE
"DEPUTY CITY SHERIFF NON SPVR",2019,40,29,,,69,,,TRUE
"DEPUTY CITY SHERIFF NON SPVR",2020,28,40,,,68,,,TRUE
"DEPUTY CITY SHERIFF NON SPVR",2021,25,18,,,43,,,TRUE
"DEPUTY CITY SHERIFF NON SPVR",2022,20,30,,,50,,,TRUE
"DEPUTY CITY SHERIFF NON SPVR",2023,23,33,,,56,,,TRUE
"DEPUTY CITY SHERIFF NON SPVR",2024,23,14,,,37,,,TRUE
"DEPUTY CITY SHERIFF NON SPVR",2025,21,83,,,104,,,TRUE
"DEPUTY COMMISIONER",2014,0,1,,,1,,,TRUE
"DEPUTY COMMISIONER",2015,0,1,,,1,,,TRUE
"DEPUTY COMMISIONER",2018,0,1,,,1,,,TRUE
"DEPUTY COMMISIONER",2020,0,2,,,2,,,TRUE
"DEPUTY COMMISIONER",2021,0,2,,,2,,,TRUE
"DEPUTY COMMISIONER",2023,0,1,,,1,,,TRUE
"DEPUTY COMMISIONER",2024,0,2,,,2,,,TRUE
"DEPUTY COMMISIONER",2025,0,1,,,1,,,TRUE
"DEPUTY COMMISSIONER",2014,16,12,,,28,,,TRUE
"DEPUTY COMMISSIONER",2015,20,29,,,49,,,TRUE
"DEPUTY COMMISSIONER",2016,17,21,,,38,,,TRUE
"DEPUTY COMMISSIONER",2017,19,14,,,33,,,TRUE
"DEPUTY COMMISSIONER",2018,19,11,,,30,,,TRUE
"DEPUTY COMMISSIONER",2019,22,10,,,32,,,TRUE
"DEPUTY COMMISSIONER",2020,21,19,,,40,,,TRUE
"DEPUTY COMMISSIONER",2021,25,14,,,39,,,TRUE
"DEPUTY COMMISSIONER",2022,20,21,,,41,,,TRUE
"DEPUTY COMMISSIONER",2023,15,34,,,49,,,TRUE
"DEPUTY COMMISSIONER",2024,23,22,,,45,,,TRUE
"DEPUTY COMMISSIONER",2025,18,19,,,37,,,TRUE
"DEPUTY COMMISSIONER FILM OFFICE",2022,0,1,,,1,,,TRUE
"DEPUTY COMMISSIONER FILM OFFICE",2023,0,1,,,1,,,TRUE
"DEPUTY COMMISSIONER FOR ADMINISTATION",2014,0,1,,,1,,,TRUE
"DEPUTY COMMISSIONER FOR ADMINISTATION",2015,0,1,,,1,,,TRUE
"DEPUTY COMMISSIONER FOR CITY PERSONNEL SERVICES",2014,0,1,,,1,,,TRUE
"DEPUTY COMMISSIONER FOR CITY PERSONNEL SERVICES",2015,0,1,,,1,,,TRUE
"DEPUTY COMMISSIONER FOR CITY PERSONNEL SERVICES",2019,1,0,,,1,,,TRUE
"DEPUTY COMMISSIONER FOR CITY PERSONNEL SERVICES",2020,1,0,,,1,,,TRUE
"DEPUTY COMMISSIONER FOR CITY PERSONNEL SERVICES",2021,1,0,,,1,,,TRUE
"DEPUTY COMMISSIONER FOR LAW ENFORCEMENT",2014,1,0,,,1,,,TRUE
"DEPUTY COMMISSIONER FOR LAW ENFORCEMENT",2025,1,0,,,1,,,TRUE
"DEPUTY COMMISSIONER FOR POLICY AND ANALYSIS",2020,0,1,,,1,,,TRUE
"DEPUTY COMMISSIONER OF INVESTIGATIONS",2020,0,1,,,1,,,TRUE
"DEPUTY COMMISSIONER OF INVESTIGATIONS",2021,0,1,,,1,,,TRUE
"DEPUTY COMMISSIONER OF IT",2018,0,1,,,1,,,TRUE
"DEPUTY COMMISSIONER OF IT",2020,1,2,,,3,,,TRUE
"DEPUTY COMMISSIONER OF IT",2021,0,6,,,6,,,TRUE
"DEPUTY COMMISSIONER OF IT",2022,0,1,,,1,,,TRUE
"DEPUTY COMMISSIONER OF IT",2023,0,3,,,3,,,TRUE
"DEPUTY COMMISSIONER OF IT",2024,1,2,,,3,,,TRUE
"DEPUTY COMMISSIONER OF IT",2025,1,1,,,2,,,TRUE
"DEPUTY COMMISSIONER OF LABOR RELATIONS",2014,1,0,,,1,,,TRUE
"DEPUTY COMMISSIONER OF LABOR RELATIONS",2015,1,1,,,2,,,TRUE
"DEPUTY COMMISSIONER OF LABOR RELATIONS",2016,1,1,,,2,,,TRUE
"DEPUTY COMMISSIONER OF LABOR RELATIONS",2017,1,0,,,1,,,TRUE
"DEPUTY COMMISSIONER OF LABOR RELATIONS",2018,1,0,,,1,,,TRUE
"DEPUTY COMMISSIONER OF LABOR RELATIONS",2019,1,0,,,1,,,TRUE
"DEPUTY COMMISSIONER OF LABOR RELATIONS",2020,1,0,,,1,,,TRUE
"DEPUTY COMMISSIONER OF LABOR RELATIONS",2021,1,0,,,1,,,TRUE
"DEPUTY COMMISSIONER OF LABOR RELATIONS",2023,1,0,,,1,,,TRUE
"DEPUTY COMMISSIONER OF LABOR RELATIONS",2024,1,0,,,1,,,TRUE
"DEPUTY COMMISSIONER OF LABOR RELATIONS",2025,2,0,,,2,,,TRUE
"DEPUTY COMMUNITY SUPERINTENDENT",2014,2,0,,,2,,,TRUE
"DEPUTY COMMUNITY SUPERINTENDENT",2015,1,0,,,1,,,TRUE
"DEPUTY COMMUNITY SUPERINTENDENT",2016,1,0,,,1,,,TRUE
"DEPUTY COMMUNITY SUPERINTENDENT",2017,2,0,,,2,,,TRUE
"DEPUTY COMMUNITY SUPERINTENDENT",2018,2,0,,,2,,,TRUE
"DEPUTY COMMUNITY SUPERINTENDENT",2019,1,0,,,1,,,TRUE
"DEPUTY COMMUNITY SUPERINTENDENT",2020,1,0,,,1,,,TRUE
"DEPUTY COMMUNITY SUPERINTENDENT",2021,1,0,,,1,,,TRUE
"DEPUTY COMMUNITY SUPERINTENDENT",2022,1,0,,,1,,,TRUE
"DEPUTY COMMUNITY SUPERINTENDENT",2023,1,0,,,1,,,TRUE
"DEPUTY COMMUNITY SUPERINTENDENT",2024,1,0,,,1,,,TRUE
"DEPUTY COMMUNITY SUPERINTENDENT",2025,1,0,,,1,,,TRUE
"DEPUTY COMPTROLLER",2023,0,1,,,1,,,TRUE
"DEPUTY COMPTROLLER",2024,0,2,,,2,,,TRUE
"DEPUTY CONTROLLER",2024,0,1,,,1,,,TRUE
"DEPUTY CONTROLLER",2025,0,1,,,1,,,TRUE
"DEPUTY COUNSEL",2014,2,0,,,2,,,TRUE
"DEPUTY COUNSEL",2015,2,0,,,2,,,TRUE
"DEPUTY COUNSEL",2016,2,0,,,2,,,TRUE
"DEPUTY COUNSEL",2017,1,0,,,1,,,TRUE
"DEPUTY COUNSEL",2018,1,0,,,1,,,TRUE
"DEPUTY COUNSEL",2019,1,0,,,1,,,TRUE
"DEPUTY COUNSEL",2020,1,0,,,1,,,TRUE
"DEPUTY COUNSEL",2021,1,0,,,1,,,TRUE
"DEPUTY COUNSEL INTERN",2014,0,4,,,4,,,TRUE
"DEPUTY COUNSEL INTERN",2015,0,4,,,4,,,TRUE
"DEPUTY COUNSEL INTERN",2016,0,2,,,2,,,TRUE
"DEPUTY DIRECTOR",2014,7,2,,,9,,,TRUE
"DEPUTY DIRECTOR",2015,6,4,,,10,,,TRUE
"DEPUTY DIRECTOR",2016,7,3,,,10,,,TRUE
"DEPUTY DIRECTOR",2017,7,2,,,9,,,TRUE
"DEPUTY DIRECTOR",2018,8,2,,,10,,,TRUE
"DEPUTY DIRECTOR",2019,8,2,,,10,,,TRUE
"DEPUTY DIRECTOR",2020,11,2,,,13,,,TRUE
"DEPUTY DIRECTOR",2021,10,1,,,11,,,TRUE
"DEPUTY DIRECTOR",2022,14,1,,,15,,,TRUE
"DEPUTY DIRECTOR",2023,12,3,,,15,,,TRUE
"DEPUTY DIRECTOR",2024,15,3,,,18,,,TRUE
"DEPUTY DIRECTOR",2025,14,2,,,16,,,TRUE
"DEPUTY DIRECTOR FINANCE",2014,3,1,,,4,,,TRUE
"DEPUTY DIRECTOR FINANCE",2015,2,1,,,3,,,TRUE
"DEPUTY DIRECTOR FINANCE",2016,2,0,,,2,,,TRUE
"DEPUTY DIRECTOR FINANCE",2017,2,0,,,2,,,TRUE
"DEPUTY DIRECTOR FINANCE",2018,2,0,,,2,,,TRUE
"DEPUTY DIRECTOR FINANCE",2019,2,0,,,2,,,TRUE
"DEPUTY DIRECTOR FINANCE",2020,2,0,,,2,,,TRUE
"DEPUTY DIRECTOR FINANCE",2021,3,0,,,3,,,TRUE
"DEPUTY DIRECTOR FINANCE",2022,4,1,,,5,,,TRUE
"DEPUTY DIRECTOR FINANCE",2023,4,1,,,5,,,TRUE
"DEPUTY DIRECTOR FINANCE",2024,4,0,,,4,,,TRUE
"DEPUTY DIRECTOR FINANCE",2025,4,0,,,4,,,TRUE
"DEPUTY DIRECTOR LEGAL DIVISION",2015,0,1,,,1,,,TRUE
"DEPUTY DIRECTOR LEGAL DIVISION",2020,0,1,,,1,,,TRUE
"DEPUTY DIRECTOR LEGAL DIVISION",2021,0,1,,,1,,,TRUE
"DEPUTY DIRECTOR OF ADMIN WORKER S COMP BENEFITS",2014,1,0,,,1,,,TRUE
"DEPUTY DIRECTOR OF ADMIN WORKER S COMP BENEFITS",2015,2,0,,,2,,,TRUE
"DEPUTY DIRECTOR OF ADMIN WORKER S COMP BENEFITS",2016,2,0,,,2,,,TRUE
"DEPUTY DIRECTOR OF ADMIN WORKER S COMP BENEFITS",2017,2,0,,,2,,,TRUE
"DEPUTY DIRECTOR OF ADMIN WORKER S COMP BENEFITS",2018,2,0,,,2,,,TRUE
"DEPUTY DIRECTOR OF ADMIN WORKER S COMP BENEFITS",2019,2,0,,,2,,,TRUE
"DEPUTY DIRECTOR OF ADMIN WORKER S COMP BENEFITS",2020,2,0,,,2,,,TRUE
"DEPUTY DIRECTOR OF ADMIN WORKER S COMP BENEFITS",2021,2,0,,,2,,,TRUE
"DEPUTY DIRECTOR OF ADMIN WORKER S COMP BENEFITS",2022,2,0,,,2,,,TRUE
"DEPUTY DIRECTOR OF ADMIN WORKER S COMP BENEFITS",2023,2,0,,,2,,,TRUE
"DEPUTY DIRECTOR OF ADMIN WORKER S COMP BENEFITS",2024,1,0,,,1,,,TRUE
"DEPUTY DIRECTOR OF ADMIN WORKER S COMP BENEFITS",2025,2,0,,,2,,,TRUE
"DEPUTY DIRECTOR OF ADMINISTRATION",2014,13,0,,,13,,,TRUE
"DEPUTY DIRECTOR OF ADMINISTRATION",2015,13,0,,,13,,,TRUE
"DEPUTY DIRECTOR OF ADMINISTRATION",2016,12,0,,,12,,,TRUE
"DEPUTY DIRECTOR OF ADMINISTRATION",2017,11,0,,,11,,,TRUE
"DEPUTY DIRECTOR OF ADMINISTRATION",2018,10,1,,,11,,,TRUE
"DEPUTY DIRECTOR OF ADMINISTRATION",2019,9,4,,,13,,,TRUE
"DEPUTY DIRECTOR OF ADMINISTRATION",2020,10,4,,,14,,,TRUE
"DEPUTY DIRECTOR OF ADMINISTRATION",2021,7,3,,,10,,,TRUE
"DEPUTY DIRECTOR OF ADMINISTRATION",2022,7,3,,,10,,,TRUE
"DEPUTY DIRECTOR OF ADMINISTRATION",2023,7,5,,,12,,,TRUE
"DEPUTY DIRECTOR OF ADMINISTRATION",2024,8,5,,,13,,,TRUE
"DEPUTY DIRECTOR OF ADMINISTRATION",2025,8,3,,,11,,,TRUE
"DEPUTY DIRECTOR OF COMMUNICATIONS",2024,1,0,,,1,,,TRUE
"DEPUTY DIRECTOR OF COMMUNICATIONS",2025,1,0,,,1,,,TRUE
"DEPUTY DIRECTOR OF COMMUNITY PLANNING BOARDS",2014,0,1,,,1,,,TRUE
"DEPUTY DIRECTOR OF COMMUNITY PLANNING BOARDS",2015,0,1,,,1,,,TRUE
"DEPUTY DIRECTOR OF CONSTRUCTION",2019,0,1,,,1,,,TRUE
"DEPUTY DIRECTOR OF CONSTRUCTION",2020,0,1,,,1,,,TRUE
"DEPUTY DIRECTOR OF CYBER CRIME FORENSICS",2024,2,0,,,2,,,TRUE
"DEPUTY DIRECTOR OF CYBER CRIME FORENSICS",2025,2,0,,,2,,,TRUE
"DEPUTY DIRECTOR OF DESIGN",2019,0,1,,,1,,,TRUE
"DEPUTY DIRECTOR OF DESIGN",2020,0,1,,,1,,,TRUE
"DEPUTY DIRECTOR OF DESIGN",2021,0,1,,,1,,,TRUE
"DEPUTY DIRECTOR OF DESIGN",2024,0,1,,,1,,,TRUE
"DEPUTY DIRECTOR OF DESIGN",2025,0,1,,,1,,,TRUE
"DEPUTY DIRECTOR OF EMERGENCY MANAGEMENT",2018,1,0,,,1,,,TRUE
"DEPUTY DIRECTOR OF EMERGENCY MANAGEMENT",2019,1,0,,,1,,,TRUE
"DEPUTY DIRECTOR OF EMERGENCY MANAGEMENT",2020,1,0,,,1,,,TRUE
"DEPUTY DIRECTOR OF EMERGENCY MANAGEMENT",2021,1,0,,,1,,,TRUE
"DEPUTY DIRECTOR OF EMERGENCY MANAGEMENT",2022,1,0,,,1,,,TRUE
"DEPUTY DIRECTOR OF EMERGENCY MANAGEMENT",2023,1,0,,,1,,,TRUE
"DEPUTY DIRECTOR OF EMERGENCY MANAGEMENT",2024,1,0,,,1,,,TRUE
"DEPUTY DIRECTOR OF EMERGENCY MANAGEMENT",2025,1,0,,,1,,,TRUE
"DEPUTY DIRECTOR OF EQUAL OPPORTUNITY",2015,1,0,,,1,,,TRUE
"DEPUTY DIRECTOR OF EQUAL OPPORTUNITY",2016,1,0,,,1,,,TRUE
"DEPUTY DIRECTOR OF HEADSTART PROGRAM",2021,0,1,,,1,,,TRUE
"DEPUTY DIRECTOR OF HEADSTART PROGRAM",2022,0,1,,,1,,,TRUE
"DEPUTY DIRECTOR OF HEADSTART PROGRAM",2025,0,1,,,1,,,TRUE
"DEPUTY DIRECTOR OF HEALTH AND SAFETY",2024,0,1,,,1,,,TRUE
"DEPUTY DIRECTOR OF HEALTH AND SAFETY",2025,0,1,,,1,,,TRUE
"DEPUTY DIRECTOR OF HOUSING APPLICANTS",2014,1,0,,,1,,,TRUE
"DEPUTY DIRECTOR OF HOUSING APPLICANTS",2015,1,0,,,1,,,TRUE
"DEPUTY DIRECTOR OF HOUSING APPLICANTS",2016,1,0,,,1,,,TRUE
"DEPUTY DIRECTOR OF LABOR RELATIONS",2016,1,0,,,1,,,TRUE
"DEPUTY DIRECTOR OF LABOR RELATIONS",2017,1,0,,,1,,,TRUE
"DEPUTY DIRECTOR OF LABOR RELATIONS",2019,2,0,,,2,,,TRUE
"DEPUTY DIRECTOR OF LABOR RELATIONS",2020,2,0,,,2,,,TRUE
"DEPUTY DIRECTOR OF LABOR RELATIONS",2021,2,0,,,2,,,TRUE
"DEPUTY DIRECTOR OF LABOR RELATIONS",2022,2,0,,,2,,,TRUE
"DEPUTY DIRECTOR OF LABOR RELATIONS",2023,2,0,,,2,,,TRUE
"DEPUTY DIRECTOR OF LABOR RELATIONS",2024,1,1,,,2,,,TRUE
"DEPUTY DIRECTOR OF LABOR RELATIONS",2025,2,0,,,2,,,TRUE
"DEPUTY DIRECTOR OF MANAGEMENT",2014,1,0,,,1,,,TRUE
"DEPUTY DIRECTOR OF MANAGEMENT",2015,1,0,,,1,,,TRUE
"DEPUTY DIRECTOR OF MANAGEMENT",2016,1,0,,,1,,,TRUE
"DEPUTY DIRECTOR OF MANAGEMENT",2021,0,2,,,2,,,TRUE
"DEPUTY DIRECTOR OF MANAGEMENT",2022,0,2,,,2,,,TRUE
"DEPUTY DIRECTOR OF MANAGEMENT & BUDGET",2014,1,0,,,1,,,TRUE
"DEPUTY DIRECTOR OF MANAGEMENT & BUDGET",2015,1,0,,,1,,,TRUE
"DEPUTY DIRECTOR OF MANAGEMENT & BUDGET",2016,0,1,,,1,,,TRUE
"DEPUTY DIRECTOR OF MANAGEMENT & BUDGET",2017,0,1,,,1,,,TRUE
"DEPUTY DIRECTOR OF MEDICOLEGAL INVESTIGATIONS",2014,0,1,,,1,,,TRUE
"DEPUTY DIRECTOR OF MEDICOLEGAL INVESTIGATIONS",2016,0,1,,,1,,,TRUE
"DEPUTY DIRECTOR OF MEDICOLEGAL INVESTIGATIONS",2017,0,1,,,1,,,TRUE
"DEPUTY DIRECTOR OF MEDICOLEGAL INVESTIGATIONS",2019,0,5,,,5,,,TRUE
"DEPUTY DIRECTOR OF MEDICOLEGAL INVESTIGATIONS",2020,0,6,,,6,,,TRUE
"DEPUTY DIRECTOR OF MEDICOLEGAL INVESTIGATIONS",2021,0,3,,,3,,,TRUE
"DEPUTY DIRECTOR OF MEDICOLEGAL INVESTIGATIONS",2022,0,2,,,2,,,TRUE
"DEPUTY DIRECTOR OF MEDICOLEGAL INVESTIGATIONS",2023,0,3,,,3,,,TRUE
"DEPUTY DIRECTOR OF MEDICOLEGAL INVESTIGATIONS",2024,0,2,,,2,,,TRUE
"DEPUTY DIRECTOR OF MEDICOLEGAL INVESTIGATIONS",2025,1,0,,,1,,,TRUE
"DEPUTY DIRECTOR OF METHODS & ANALYSIS",2014,1,0,,,1,,,TRUE
"DEPUTY DIRECTOR OF METHODS & ANALYSIS",2015,1,0,,,1,,,TRUE
"DEPUTY DIRECTOR OF METHODS & ANALYSIS",2016,1,0,,,1,,,TRUE
"DEPUTY DIRECTOR OF MOTOR EQUIPMENT MAINTENANCE",2014,2,0,,,2,,,TRUE
"DEPUTY DIRECTOR OF MOTOR EQUIPMENT MAINTENANCE",2015,3,0,,,3,,,TRUE
"DEPUTY DIRECTOR OF MOTOR EQUIPMENT MAINTENANCE",2016,3,0,,,3,,,TRUE
"DEPUTY DIRECTOR OF MOTOR EQUIPMENT MAINTENANCE",2017,6,0,,,6,,,TRUE
"DEPUTY DIRECTOR OF MOTOR EQUIPMENT MAINTENANCE",2018,6,0,,,6,,,TRUE
"DEPUTY DIRECTOR OF MOTOR EQUIPMENT MAINTENANCE",2019,5,0,,,5,,,TRUE
"DEPUTY DIRECTOR OF MOTOR EQUIPMENT MAINTENANCE",2020,4,0,,,4,,,TRUE
"DEPUTY DIRECTOR OF MOTOR EQUIPMENT MAINTENANCE",2021,3,0,,,3,,,TRUE
"DEPUTY DIRECTOR OF MOTOR EQUIPMENT MAINTENANCE",2022,1,0,,,1,,,TRUE
"DEPUTY DIRECTOR OF MOTOR EQUIPMENT MAINTENANCE",2023,1,0,,,1,,,TRUE
"DEPUTY DIRECTOR OF MOTOR EQUIPMENT MAINTENANCE",2024,1,0,,,1,,,TRUE
"DEPUTY DIRECTOR OF MOTOR EQUIPMENT MAINTENANCE",2025,1,0,,,1,,,TRUE
"DEPUTY DIRECTOR OF PROBATION",2014,1,0,,,1,,,TRUE
"DEPUTY DIRECTOR OF PROBATION",2015,1,0,,,1,,,TRUE
"DEPUTY DIRECTOR OF PROBATION",2016,2,0,,,2,,,TRUE
"DEPUTY DIRECTOR OF PROBATION",2017,2,0,,,2,,,TRUE
"DEPUTY DIRECTOR OF PROBATION",2018,2,0,,,2,,,TRUE
"DEPUTY DIRECTOR OF PROBATION",2019,2,0,,,2,,,TRUE
"DEPUTY DIRECTOR OF PROBATION",2020,2,0,,,2,,,TRUE
"DEPUTY DIRECTOR OF PROBATION",2021,2,0,,,2,,,TRUE
"DEPUTY DIRECTOR OF PROBATION",2022,2,0,,,2,,,TRUE
"DEPUTY DIRECTOR OF PROBATION",2023,2,0,,,2,,,TRUE
"DEPUTY DIRECTOR OF PROBATION",2024,2,0,,,2,,,TRUE
"DEPUTY DIRECTOR OF PROBATION",2025,0,2,,,2,,,TRUE
"DEPUTY DIRECTOR OF SECURITY",2015,1,0,,,1,,,TRUE
"DEPUTY DIRECTOR OF SECURITY",2016,1,0,,,1,,,TRUE
"DEPUTY DIRECTOR OF SECURITY",2017,1,0,,,1,,,TRUE
"DEPUTY DIRECTOR OF SECURITY",2018,2,0,,,2,,,TRUE
"DEPUTY DIRECTOR OF SECURITY",2019,2,0,,,2,,,TRUE
"DEPUTY DIRECTOR OF SECURITY",2020,2,0,,,2,,,TRUE
"DEPUTY DIRECTOR OF SECURITY",2021,2,0,,,2,,,TRUE
"DEPUTY DIRECTOR OF SECURITY",2022,3,0,,,3,,,TRUE
"DEPUTY DIRECTOR OF SECURITY",2023,2,0,,,2,,,TRUE
"DEPUTY DIRECTOR OF SECURITY",2024,2,0,,,2,,,TRUE
"DEPUTY DIRECTOR OF SECURITY",2025,2,0,,,2,,,TRUE
"DEPUTY DIRECTOR OFFICE OF COMMUNICATIONS",2019,0,1,,,1,,,TRUE
"DEPUTY DIRECTOR OFFICE OF COMMUNICATIONS",2020,0,1,,,1,,,TRUE
"DEPUTY DIRECTOR OFFICE OF COMMUNICATIONS",2022,1,0,,,1,,,TRUE
"DEPUTY EXECUTIVE DIRECTOR",2014,4,1,,,5,,,TRUE
"DEPUTY EXECUTIVE DIRECTOR",2015,3,3,,,6,,,TRUE
"DEPUTY EXECUTIVE DIRECTOR",2016,5,4,,,9,,,TRUE
"DEPUTY EXECUTIVE DIRECTOR",2017,5,4,,,9,,,TRUE
"DEPUTY EXECUTIVE DIRECTOR",2018,5,7,,,12,,,TRUE
"DEPUTY EXECUTIVE DIRECTOR",2019,5,1,,,6,,,TRUE
"DEPUTY EXECUTIVE DIRECTOR",2020,5,1,,,6,,,TRUE
"DEPUTY EXECUTIVE DIRECTOR",2021,3,2,,,5,,,TRUE
"DEPUTY EXECUTIVE DIRECTOR",2022,3,3,,,6,,,TRUE
"DEPUTY EXECUTIVE DIRECTOR",2023,3,4,,,7,,,TRUE
"DEPUTY EXECUTIVE DIRECTOR",2024,3,1,,,4,,,TRUE
"DEPUTY EXECUTIVE DIRECTOR",2025,3,2,,,5,,,TRUE
"DEPUTY EXECUTIVE DIRECTOR CAMPAIGN FINANCE BOARD",2018,1,0,,,1,,,TRUE
"DEPUTY EXECUTIVE DIRECTOR CAMPAIGN FINANCE BOARD",2019,1,0,,,1,,,TRUE
"DEPUTY EXECUTIVE DIRECTOR CAMPAIGN FINANCE BOARD",2020,1,0,,,1,,,TRUE
"DEPUTY EXECUTIVE DIRECTOR CAMPAIGN FINANCE BOARD",2021,1,0,,,1,,,TRUE
"DEPUTY EXECUTIVE DIRECTOR CAMPAIGN FINANCE BOARD",2022,1,2,,,3,,,TRUE
"DEPUTY EXECUTIVE DIRECTOR CAMPAIGN FINANCE BOARD",2023,2,3,,,5,,,TRUE
"DEPUTY EXECUTIVE DIRECTOR CAMPAIGN FINANCE BOARD",2024,3,3,,,6,,,TRUE
"DEPUTY EXECUTIVE DIRECTOR CAMPAIGN FINANCE BOARD",2025,4,1,,,5,,,TRUE
"DEPUTY EXECUTIVE DIRECTOR OF BUSINESS AND ADMINISTRATION",2014,1,0,,,1,,,TRUE
"DEPUTY EXECUTIVE DIRECTOR OF BUSINESS AND ADMINISTRATION",2015,1,0,,,1,,,TRUE
"DEPUTY EXECUTIVE DIRECTOR OF FINANCIAL OPERATIONS",2016,1,0,,,1,,,TRUE
"DEPUTY EXECUTIVE DIRECTOR OF FINANCIAL OPERATIONS",2017,1,0,,,1,,,TRUE
"DEPUTY EXECUTIVE DIRECTOR OF FINANCIAL OPERATIONS",2018,1,0,,,1,,,TRUE
"DEPUTY EXECUTIVE DIRECTOR OF FINANCIAL OPERATIONS",2019,1,0,,,1,,,TRUE
"DEPUTY EXECUTIVE DIRECTOR OF FINANCIAL OPERATIONS",2020,1,0,,,1,,,TRUE
"DEPUTY EXECUTIVE DIRECTOR OF FINANCIAL OPERATIONS",2021,1,0,,,1,,,TRUE
"DEPUTY EXECUTIVE DIRECTOR OF FINANCIAL OPERATIONS",2022,1,0,,,1,,,TRUE
"DEPUTY EXECUTIVE DIRECTOR OF FINANCIAL OPERATIONS",2023,1,0,,,1,,,TRUE
"DEPUTY EXECUTIVE DIRECTOR OF FINANCIAL OPERATIONS",2024,1,0,,,1,,,TRUE
"DEPUTY EXECUTIVE DIRECTOR OF FINANCIAL OPERATIONS",2025,1,0,,,1,,,TRUE
"DEPUTY GENERAL COUNSEL",2014,4,0,,,4,,,TRUE
"DEPUTY GENERAL COUNSEL",2015,5,0,,,5,,,TRUE
"DEPUTY GENERAL COUNSEL",2016,6,0,,,6,,,TRUE
"DEPUTY GENERAL COUNSEL",2017,6,1,,,7,,,TRUE
"DEPUTY GENERAL COUNSEL",2018,5,3,,,8,,,TRUE
"DEPUTY GENERAL COUNSEL",2019,5,3,,,8,,,TRUE
"DEPUTY GENERAL COUNSEL",2020,5,3,,,8,,,TRUE
"DEPUTY GENERAL COUNSEL",2021,5,2,,,7,,,TRUE
"DEPUTY GENERAL COUNSEL",2022,5,0,,,5,,,TRUE
"DEPUTY GENERAL COUNSEL",2023,4,0,,,4,,,TRUE
"DEPUTY GENERAL COUNSEL",2024,4,1,,,5,,,TRUE
"DEPUTY GENERAL COUNSEL",2025,2,2,,,4,,,TRUE
"DEPUTY INSPECTOR GENERAL",2014,14,2,,,16,,,TRUE
"DEPUTY INSPECTOR GENERAL",2015,14,7,,,21,,,TRUE
"DEPUTY INSPECTOR GENERAL",2016,14,7,,,21,,,TRUE
"DEPUTY INSPECTOR GENERAL",2017,16,6,,,22,,,TRUE
"DEPUTY INSPECTOR GENERAL",2018,16,3,,,19,,,TRUE
"DEPUTY INSPECTOR GENERAL",2019,15,7,,,22,,,TRUE
"DEPUTY INSPECTOR GENERAL",2020,16,6,,,22,,,TRUE
"DEPUTY INSPECTOR GENERAL",2021,15,5,,,20,,,TRUE
"DEPUTY INSPECTOR GENERAL",2022,15,4,,,19,,,TRUE
"DEPUTY INSPECTOR GENERAL",2023,17,3,,,20,,,TRUE
"DEPUTY INSPECTOR GENERAL",2024,15,1,,,16,,,TRUE
"DEPUTY INSPECTOR GENERAL",2025,17,1,,,18,,,TRUE
"DEPUTY MAYOR",2014,0,3,,,3,,,TRUE
"DEPUTY MAYOR",2015,0,3,,,3,,,TRUE
"DEPUTY MAYOR",2016,0,1,,,1,,,TRUE
"DEPUTY MAYOR",2017,0,1,,,1,,,TRUE
"DEPUTY MAYOR",2018,0,2,,,2,,,TRUE
"DEPUTY MAYOR",2019,0,1,,,1,,,TRUE
"DEPUTY MAYOR",2020,0,1,,,1,,,TRUE
"DEPUTY MAYOR",2021,0,1,,,1,,,TRUE
"DEPUTY MAYOR",2022,0,5,,,5,,,TRUE
"DEPUTY MAYOR",2023,0,5,,,5,,,TRUE
"DEPUTY MAYOR",2024,0,1,,,1,,,TRUE
"DEPUTY MAYOR",2025,0,4,,,4,,,TRUE
"DEPUTY OPERATION SUPPORT MANAGER",2014,1,1,,,2,,,TRUE
"DEPUTY OPERATION SUPPORT MANAGER",2015,1,1,,,2,,,TRUE
"DEPUTY OPERATION SUPPORT MANAGER",2016,1,0,,,1,,,TRUE
"DEPUTY OPERATION SUPPORT MANAGER",2017,1,0,,,1,,,TRUE
"DEPUTY OPERATION SUPPORT MANAGER",2018,1,0,,,1,,,TRUE
"DEPUTY OPERATION SUPPORT MANAGER",2019,1,0,,,1,,,TRUE
"DEPUTY OPERATION SUPPORT MANAGER",2020,1,0,,,1,,,TRUE
"DEPUTY OPERATION SUPPORT MANAGER",2021,1,0,,,1,,,TRUE
"DEPUTY OPERATION SUPPORT MANAGER",2022,1,0,,,1,,,TRUE
"DEPUTY OPERATION SUPPORT MANAGER",2023,1,0,,,1,,,TRUE
"DEPUTY PUBLIC ADMINISTATOR",2014,1,2,,,3,,,TRUE
"DEPUTY PUBLIC ADMINISTATOR",2015,1,0,,,1,,,TRUE
"DEPUTY PUBLIC ADMINISTATOR",2016,1,0,,,1,,,TRUE
"DEPUTY PUBLIC ADMINISTATOR",2017,1,0,,,1,,,TRUE
"DEPUTY PUBLIC ADMINISTATOR",2018,2,1,,,3,,,TRUE
"DEPUTY PUBLIC ADMINISTATOR",2019,1,2,,,3,,,TRUE
"DEPUTY PUBLIC ADMINISTATOR",2020,2,1,,,3,,,TRUE
"DEPUTY PUBLIC ADMINISTATOR",2021,2,0,,,2,,,TRUE
"DEPUTY PUBLIC ADMINISTATOR",2022,2,1,,,3,,,TRUE
"DEPUTY PUBLIC ADMINISTATOR",2023,1,3,,,4,,,TRUE
"DEPUTY PUBLIC ADMINISTATOR",2024,1,2,,,3,,,TRUE
"DEPUTY PUBLIC ADMINISTATOR",2025,1,0,,,1,,,TRUE
"DEPUTY REGIONAL SUPERINTENDENT",2014,3,0,,,3,,,TRUE
"DEPUTY REGIONAL SUPERINTENDENT",2015,3,0,,,3,,,TRUE
"DEPUTY REGIONAL SUPERINTENDENT",2016,3,0,,,3,,,TRUE
"DEPUTY REGIONAL SUPERINTENDENT",2017,3,0,,,3,,,TRUE
"DEPUTY REGIONAL SUPERINTENDENT",2018,3,0,,,3,,,TRUE
"DEPUTY REGIONAL SUPERINTENDENT",2019,3,0,,,3,,,TRUE
"DEPUTY REGIONAL SUPERINTENDENT",2020,1,0,,,1,,,TRUE
"DEPUTY REGIONAL SUPERINTENDENT",2021,1,0,,,1,,,TRUE
"DEPUTY REGIONAL SUPERINTENDENT",2022,1,0,,,1,,,TRUE
"DEPUTY SUPERINTENDENT",2014,0,1,,,1,,,TRUE
"DEPUTY SUPERINTENDENT",2017,0,2,,,2,,,TRUE
"DEPUTY SUPERINTENDENT",2018,0,3,,,3,,,TRUE
"DEPUTY SUPERINTENDENT",2019,0,1,,,1,,,TRUE
"DEPUTY UNIT CHIEF",2015,1,0,,,1,,,TRUE
"DEPUTY UNIT CHIEF",2016,1,0,,,1,,,TRUE
"DEPUTY UNIT CHIEF",2017,1,0,,,1,,,TRUE
"DEPUTY UNIT CHIEF",2019,1,0,,,1,,,TRUE
"DEPUTY UNIT CHIEF",2020,1,0,,,1,,,TRUE
"DEPUTY UNIT CHIEF",2021,1,0,,,1,,,TRUE
"DEPUTY UNIT CHIEF",2022,1,0,,,1,,,TRUE
"DEPUTY UNIT CHIEF",2023,1,0,,,1,,,TRUE
"DIETARY AIDE",2014,3,3,,,6,,,TRUE
"DIETARY AIDE",2015,3,3,,,6,,,TRUE
"DIETARY AIDE",2016,2,1,,,3,,,TRUE
"DIETARY AIDE",2017,1,4,,,5,,,TRUE
"DIETARY AIDE",2018,1,5,,,6,,,TRUE
"DIETARY AIDE",2019,1,2,,,3,,,TRUE
"DIETARY AIDE",2020,2,1,,,3,,,TRUE
"DIETARY AIDE",2021,1,0,,,1,,,TRUE
"DIETARY AIDE",2022,0,1,,,1,,,TRUE
"DIETARY AIDE",2023,0,1,,,1,,,TRUE
"DIETARY AIDE",2024,0,3,,,3,,,TRUE
"DIETARY AIDE",2025,0,1,,,1,,,TRUE
"DIETITIAN",2014,4,3,,,7,,,TRUE
"DIETITIAN",2015,5,3,,,8,,,TRUE
"DIETITIAN",2016,6,1,,,7,,,TRUE
"DIETITIAN",2017,6,0,,,6,,,TRUE
"DIETITIAN",2018,5,1,,,6,,,TRUE
"DIETITIAN",2019,4,2,,,6,,,TRUE
"DIETITIAN",2020,5,1,,,6,,,TRUE
"DIETITIAN",2021,5,0,,,5,,,TRUE
"DIETITIAN",2022,5,0,,,5,,,TRUE
"DIETITIAN",2023,4,0,,,4,,,TRUE
"DIETITIAN",2024,4,0,,,4,,,TRUE
"DIETITIAN",2025,3,1,,,4,,,TRUE
"DIR OF ADMINISTRATION WORKER S COMP BENEFITS",2014,1,0,,,1,,,TRUE
"DIR OF ADMINISTRATION WORKER S COMP BENEFITS",2015,1,0,,,1,,,TRUE
"DIR OF ADMINISTRATION WORKER S COMP BENEFITS",2016,1,0,,,1,,,TRUE
"DIR OF ADMINISTRATION WORKER S COMP BENEFITS",2017,1,0,,,1,,,TRUE
"DIR OF ADMINISTRATION WORKER S COMP BENEFITS",2018,1,0,,,1,,,TRUE
"DIR OF ADMINISTRATION WORKER S COMP BENEFITS",2019,1,0,,,1,,,TRUE
"DIR OF ADMINISTRATION WORKER S COMP BENEFITS",2020,1,0,,,1,,,TRUE
"DIR OF ADMINISTRATION WORKER S COMP BENEFITS",2021,1,0,,,1,,,TRUE
"DIR OF ADMINISTRATION WORKER S COMP BENEFITS",2022,1,0,,,1,,,TRUE
"DIR OF ADMINISTRATION WORKER S COMP BENEFITS",2023,1,0,,,1,,,TRUE
"DIR OF ADMINISTRATION WORKER S COMP BENEFITS",2024,1,0,,,1,,,TRUE
"DIR OF ADMINISTRATION WORKER S COMP BENEFITS",2025,1,0,,,1,,,TRUE
"DIR OF AUDIT & PROG ANALYSIS",2016,0,1,,,1,,,TRUE
"DIR OF AUDIT & PROG ANALYSIS",2017,0,1,,,1,,,TRUE
"DIR OF AUDIT & PROG ANALYSIS",2018,0,1,,,1,,,TRUE
"DIR OF CONTRACT MGMT & INTERGOVERNMENTAL RELATIONS",2020,0,1,,,1,,,TRUE
"DIR OF CONTRACT MGMT & INTERGOVERNMENTAL RELATIONS",2021,0,1,,,1,,,TRUE
"DIR OF FISCAL AFFAIRS",2014,1,0,,,1,,,TRUE
"DIR OF FISCAL AFFAIRS",2015,1,0,,,1,,,TRUE
"DIR OF HEALTHCARE FACILITIES AND PROVIDER READINESS",2021,0,1,,,1,,,TRUE
"DIR OF HOME CARE SERVICES/FAMILY AND ADULT SERVICES",2014,1,0,,,1,,,TRUE
"DIR OF HOME CARE SERVICES/FAMILY AND ADULT SERVICES",2015,1,0,,,1,,,TRUE
"DIR OF HOME CARE SERVICES/FAMILY AND ADULT SERVICES",2016,1,0,,,1,,,TRUE
"DIR OF HOME CARE SERVICES/FAMILY AND ADULT SERVICES",2017,1,0,,,1,,,TRUE
"DIR OF HOME CARE SERVICES/FAMILY AND ADULT SERVICES",2018,1,0,,,1,,,TRUE
"DIR OF HOME CARE SERVICES/FAMILY AND ADULT SERVICES",2019,1,0,,,1,,,TRUE
"DIR OF MATERIALS MANAGEMENT",2016,0,1,,,1,,,TRUE
"DIR OF MGNT SYSTEM PLANNING RESEARCH AND EVAL",2016,0,1,,,1,,,TRUE
"DIR OF MGNT SYSTEM PLANNING RESEARCH AND EVAL",2021,0,1,,,1,,,TRUE
"DIR OF MGNT SYSTEM PLANNING RESEARCH AND EVAL",2022,0,1,,,1,,,TRUE
"DIR OF MGNT SYSTEM PLANNING RESEARCH AND EVAL",2023,0,1,,,1,,,TRUE
"DIR OF OPERATIONS",2015,2,0,,,2,,,TRUE
"DIR OF PERSONNEL & LABOR RELS",2015,0,1,,,1,,,TRUE
"DIR OF PERSONNEL & LABOR RELS",2016,0,1,,,1,,,TRUE
"DIR OF QUALITY & COST CONTROL",2017,0,1,,,1,,,TRUE
"DIR OF QUALITY & COST CONTROL",2018,0,1,,,1,,,TRUE
"DIR OF QUALITY & COST CONTROL",2020,0,1,,,1,,,TRUE
"DIR OF QUALITY & COST CONTROL",2021,0,1,,,1,,,TRUE
"DIR POLICY ECONOM RESRCH",2017,0,1,,,1,,,TRUE
"DIR POLICY ECONOM RESRCH",2018,0,1,,,1,,,TRUE
"DIR POLICY ECONOM RESRCH",2020,0,1,,,1,,,TRUE
"DIR POLICY ECONOM RESRCH",2022,0,1,,,1,,,TRUE
"DIR POLICY ECONOM RESRCH",2023,0,1,,,1,,,TRUE
"DIR POLICY ECONOM RESRCH",2024,0,1,,,1,,,TRUE
"DIRECTOR",2014,5,3,,,8,,,TRUE
"DIRECTOR",2015,4,7,,,11,,,TRUE
"DIRECTOR",2016,18,3,,,21,,,TRUE
"DIRECTOR",2017,22,2,,,24,,,TRUE
"DIRECTOR",2018,22,6,,,28,,,TRUE
"DIRECTOR",2019,23,3,,,26,,,TRUE
"DIRECTOR",2020,22,2,,,24,,,TRUE
"DIRECTOR",2021,23,1,,,24,,,TRUE
"DIRECTOR",2022,10,5,,,15,,,TRUE
"DIRECTOR",2023,10,5,,,15,,,TRUE
"DIRECTOR",2024,11,0,,,11,,,TRUE
"DIRECTOR",2025,10,1,,,11,,,TRUE
"DIRECTOR BOROUGH PRESIDENT S OFFICE OF ADMINISTRATION QUEENS",2015,0,1,,,1,,,TRUE
"DIRECTOR BOROUGH PRESIDENT S OFFICE OF ADMINISTRATION QUEENS",2016,0,1,,,1,,,TRUE
"DIRECTOR CITYWIDE OCCUPATIONAL SAFETY & HEALTH PROGRAM",2014,0,1,,,1,,,TRUE
"DIRECTOR CITYWIDE OCCUPATIONAL SAFETY & HEALTH PROGRAM",2015,0,1,,,1,,,TRUE
"DIRECTOR CITYWIDE OCCUPATIONAL SAFETY & HEALTH PROGRAM",2024,0,1,,,1,,,TRUE
"DIRECTOR CITYWIDE OCCUPATIONAL SAFETY & HEALTH PROGRAM",2025,0,1,,,1,,,TRUE
"DIRECTOR CORRESPONDENCE SERVICES",2014,1,0,,,1,,,TRUE
"DIRECTOR CORRESPONDENCE SERVICES",2015,1,0,,,1,,,TRUE
"DIRECTOR CORRESPONDENCE SERVICES",2016,1,0,,,1,,,TRUE
"DIRECTOR CRIMINAL JUSTICE DATA SHARE AND INFO SERVICES",2024,5,0,,,5,,,TRUE
"DIRECTOR CRIMINAL JUSTICE DATA SHARE AND INFO SERVICES",2025,5,0,,,5,,,TRUE
"DIRECTOR EMPLOYEE ASSISTANCE PROGRAM",2014,2,0,,,2,,,TRUE
"DIRECTOR EMPLOYEE ASSISTANCE PROGRAM",2015,1,0,,,1,,,TRUE
"DIRECTOR EMPLOYEE ASSISTANCE PROGRAM",2016,1,0,,,1,,,TRUE
"DIRECTOR EMPLOYEE MANAGEMENT DIVISION",2014,1,0,,,1,,,TRUE
"DIRECTOR EMPLOYEE MANAGEMENT DIVISION",2015,1,0,,,1,,,TRUE
"DIRECTOR EMPLOYEE MANAGEMENT DIVISION",2017,0,1,,,1,,,TRUE
"DIRECTOR EMPLOYEE MANAGEMENT DIVISION",2018,0,1,,,1,,,TRUE
"DIRECTOR EMPLOYEE MANAGEMENT DIVISION",2021,0,1,,,1,,,TRUE
"DIRECTOR EMPLOYEE MANAGEMENT DIVISION",2023,0,1,,,1,,,TRUE
"DIRECTOR ENERGY MANAGEMENT STRATEGY",2023,1,0,,,1,,,TRUE
"DIRECTOR ENERGY MANAGEMENT STRATEGY",2024,1,2,,,3,,,TRUE
"DIRECTOR ENERGY MANAGEMENT STRATEGY",2025,2,1,,,3,,,TRUE
"DIRECTOR FOR EQUAL EMPLOYEMENT OPPORTUNITY",2019,0,1,,,1,,,TRUE
"DIRECTOR FOR EQUAL EMPLOYEMENT OPPORTUNITY",2020,0,1,,,1,,,TRUE
"DIRECTOR FOR EQUAL EMPLOYMENT OPPORTUNITY",2014,1,0,,,1,,,TRUE
"DIRECTOR FOR EQUAL EMPLOYMENT OPPORTUNITY",2015,1,0,,,1,,,TRUE
"DIRECTOR FOR EQUAL EMPLOYMENT OPPORTUNITY",2016,1,0,,,1,,,TRUE
"DIRECTOR LEGAL DIVISION/GEN COUNSEL& SPEC COUNSEL",2014,0,1,,,1,,,TRUE
"DIRECTOR LEGAL DIVISION/GEN COUNSEL& SPEC COUNSEL",2015,0,1,,,1,,,TRUE
"DIRECTOR LEGAL DIVISION/GEN COUNSEL& SPEC COUNSEL",2020,0,1,,,1,,,TRUE
"DIRECTOR LEGAL DIVISION/GEN COUNSEL& SPEC COUNSEL",2024,1,0,,,1,,,TRUE
"DIRECTOR LEGAL DIVISION/GEN COUNSEL& SPEC COUNSEL",2025,1,0,,,1,,,TRUE
"DIRECTOR MANAGEMENT INFORMATION SYSTEMS",2014,1,0,,,1,,,TRUE
"DIRECTOR MANAGEMENT INFORMATION SYSTEMS",2015,0,1,,,1,,,TRUE
"DIRECTOR MANAGEMENT INFORMATION SYSTEMS",2016,0,1,,,1,,,TRUE
"DIRECTOR MANAGEMENT INFORMATION SYSTEMS",2021,0,1,,,1,,,TRUE
"DIRECTOR NYC ART COMMISSION",2015,0,1,,,1,,,TRUE
"DIRECTOR OF ADMIN",2014,1,0,,,1,,,TRUE
"DIRECTOR OF ADMIN",2015,2,0,,,2,,,TRUE
"DIRECTOR OF ADMIN",2016,2,0,,,2,,,TRUE
"DIRECTOR OF ADMIN",2017,1,0,,,1,,,TRUE
"DIRECTOR OF ADMIN",2018,1,0,,,1,,,TRUE
"DIRECTOR OF ADMIN",2019,1,0,,,1,,,TRUE
"DIRECTOR OF ADMIN",2020,1,0,,,1,,,TRUE
"DIRECTOR OF ADMIN",2021,1,0,,,1,,,TRUE
"DIRECTOR OF ADMIN",2022,1,0,,,1,,,TRUE
"DIRECTOR OF ADMIN",2023,1,0,,,1,,,TRUE
"DIRECTOR OF ADMIN",2024,1,0,,,1,,,TRUE
"DIRECTOR OF ADMIN",2025,1,0,,,1,,,TRUE
"DIRECTOR OF ADMINISTRATION",2014,1,0,,,1,,,TRUE
"DIRECTOR OF ADMINISTRATION",2015,2,0,,,2,,,TRUE
"DIRECTOR OF ADMINISTRATION",2016,2,0,,,2,,,TRUE
"DIRECTOR OF ADMINISTRATION",2017,2,0,,,2,,,TRUE
"DIRECTOR OF ADMINISTRATION",2018,2,0,,,2,,,TRUE
"DIRECTOR OF ADMINISTRATION",2019,1,0,,,1,,,TRUE
"DIRECTOR OF ADMINISTRATION",2023,1,1,,,2,,,TRUE
"DIRECTOR OF ADMINISTRATION",2024,1,2,,,3,,,TRUE
"DIRECTOR OF ADMINISTRATION",2025,1,1,,,2,,,TRUE
"DIRECTOR OF ALT SENTENCING AND OFFENDER RE ENTRY PROGS QN DA",2020,1,0,,,1,,,TRUE
"DIRECTOR OF ALT SENTENCING AND OFFENDER RE ENTRY PROGS QN DA",2021,1,0,,,1,,,TRUE
"DIRECTOR OF ALT SENTENCING AND OFFENDER RE ENTRY PROGS QN DA",2022,1,0,,,1,,,TRUE
"DIRECTOR OF ALT SENTENCING AND OFFENDER RE ENTRY PROGS QN DA",2023,1,0,,,1,,,TRUE
"DIRECTOR OF ARTWORKS",2024,0,1,,,1,,,TRUE
"DIRECTOR OF ARTWORKS",2025,0,1,,,1,,,TRUE
"DIRECTOR OF AUDIT AND INVESTIGATION",2014,1,0,,,1,,,TRUE
"DIRECTOR OF AUDIT AND INVESTIGATION",2015,1,0,,,1,,,TRUE
"DIRECTOR OF AUDIT AND INVESTIGATION",2016,1,0,,,1,,,TRUE
"DIRECTOR OF AUDIT AND INVESTIGATION",2017,1,0,,,1,,,TRUE
"DIRECTOR OF AUDIT AND INVESTIGATION",2018,1,0,,,1,,,TRUE
"DIRECTOR OF AUDIT AND INVESTIGATION",2019,1,0,,,1,,,TRUE
"DIRECTOR OF AUDIT AND INVESTIGATION",2020,1,0,,,1,,,TRUE
"DIRECTOR OF AUDIT AND INVESTIGATION",2021,1,0,,,1,,,TRUE
"DIRECTOR OF AUDIT AND INVESTIGATION",2022,1,0,,,1,,,TRUE
"DIRECTOR OF AUDIT AND INVESTIGATION",2023,1,0,,,1,,,TRUE
"DIRECTOR OF AUDIT AND INVESTIGATION",2024,1,0,,,1,,,TRUE
"DIRECTOR OF AUDIT AND INVESTIGATION",2025,1,0,,,1,,,TRUE
"DIRECTOR OF AUDIT AND PROGRAM ANALYSIS",2020,0,1,,,1,,,TRUE
"DIRECTOR OF AUDIT AND PROGRAM ANALYSIS",2024,0,1,,,1,,,TRUE
"DIRECTOR OF AUDIT AND PROGRAM ANALYSIS",2025,0,1,,,1,,,TRUE
"DIRECTOR OF AUDITS",2014,0,1,,,1,,,TRUE
"DIRECTOR OF AUDITS",2015,0,1,,,1,,,TRUE
"DIRECTOR OF AUDITS",2022,0,1,,,1,,,TRUE
"DIRECTOR OF AUDITS",2023,0,1,,,1,,,TRUE
"DIRECTOR OF BIODETECTION AND RESPONSE",2022,0,1,,,1,,,TRUE
"DIRECTOR OF BIODETECTION AND RESPONSE",2023,0,1,,,1,,,TRUE
"DIRECTOR OF BUDGET STUDIES & ECONOMIC RESEARCH",2023,0,5,,,5,,,TRUE
"DIRECTOR OF BUDGET STUDIES & ECONOMIC RESEARCH",2024,0,5,,,5,,,TRUE
"DIRECTOR OF BUILDING MANAGEMENT",2014,1,0,,,1,,,TRUE
"DIRECTOR OF BUILDING MANAGEMENT",2015,1,0,,,1,,,TRUE
"DIRECTOR OF BUILDING MANAGEMENT",2024,0,1,,,1,,,TRUE
"DIRECTOR OF BUREAU OF CONSUMER SERVICES",2017,1,0,,,1,,,TRUE
"DIRECTOR OF BUREAU OF CONSUMER SERVICES",2018,1,0,,,1,,,TRUE
"DIRECTOR OF BUREAU OF CONSUMER SERVICES",2019,1,0,,,1,,,TRUE
"DIRECTOR OF BUREAU OF CONSUMER SERVICES",2020,1,0,,,1,,,TRUE
"DIRECTOR OF BUREAU OF CONSUMER SERVICES",2021,1,0,,,1,,,TRUE
"DIRECTOR OF BUREAU OF CONSUMER SERVICES",2022,1,0,,,1,,,TRUE
"DIRECTOR OF BUREAU OF CONSUMER SERVICES",2023,1,0,,,1,,,TRUE
"DIRECTOR OF BUREAU OF CONSUMER SERVICES",2024,1,0,,,1,,,TRUE
"DIRECTOR OF BUREAU OF CONSUMER SERVICES",2025,1,0,,,1,,,TRUE
"DIRECTOR OF CITY LEGISLATIVE AFFAIRS",2023,0,1,,,1,,,TRUE
"DIRECTOR OF CITY LEGISLATIVE AFFAIRS",2025,0,1,,,1,,,TRUE
"DIRECTOR OF CLINICAL LABORATORIES",2023,0,1,,,1,,,TRUE
"DIRECTOR OF COMMUNICATIONS",2015,0,1,,,1,,,TRUE
"DIRECTOR OF COMMUNICATIONS",2016,0,1,,,1,,,TRUE
"DIRECTOR OF COMMUNICATIONS",2019,0,2,,,2,,,TRUE
"DIRECTOR OF COMMUNICATIONS",2020,0,3,,,3,,,TRUE
"DIRECTOR OF COMMUNICATIONS",2021,0,1,,,1,,,TRUE
"DIRECTOR OF COMMUNICATIONS",2023,0,1,,,1,,,TRUE
"DIRECTOR OF COMMUNICATIONS",2024,0,1,,,1,,,TRUE
"DIRECTOR OF COMMUNITY ASSISTANCE UNIT",2014,0,1,,,1,,,TRUE
"DIRECTOR OF COMMUNITY ASSISTANCE UNIT",2015,0,1,,,1,,,TRUE
"DIRECTOR OF COMMUNITY ASSISTANCE UNIT",2021,0,1,,,1,,,TRUE
"DIRECTOR OF COMMUNITY ASSISTANCE UNIT",2022,0,1,,,1,,,TRUE
"DIRECTOR OF COMMUNITY ASSISTANCE UNIT",2023,0,1,,,1,,,TRUE
"DIRECTOR OF COMMUNITY ENGAGEMENT AND RESPONSE",2023,1,0,,,1,,,TRUE
"DIRECTOR OF COMMUNITY ENGAGEMENT AND RESPONSE",2024,1,0,,,1,,,TRUE
"DIRECTOR OF COMMUNITY ENGAGEMENT AND RESPONSE",2025,1,0,,,1,,,TRUE
"DIRECTOR OF COMMUNITY INVOLVEMENT",2016,0,1,,,1,,,TRUE
"DIRECTOR OF COMMUNITY INVOLVEMENT",2025,1,0,,,1,,,TRUE
"DIRECTOR OF COMMUNITY PARTICIPATION PROGRAMS",2015,1,0,,,1,,,TRUE
"DIRECTOR OF COMMUNITY PARTICIPATION PROGRAMS",2016,1,0,,,1,,,TRUE
"DIRECTOR OF COMMUNITY PARTICIPATION PROGRAMS",2017,1,0,,,1,,,TRUE
"DIRECTOR OF COMMUNITY PARTICIPATION PROGRAMS",2018,1,0,,,1,,,TRUE
"DIRECTOR OF COMMUNITY PARTICIPATION PROGRAMS",2019,1,0,,,1,,,TRUE
"DIRECTOR OF COMMUNITY PARTICIPATION PROGRAMS",2022,0,1,,,1,,,TRUE
"DIRECTOR OF COMMUNITY PARTICIPATION PROGRAMS",2023,0,1,,,1,,,TRUE
"DIRECTOR OF COMMUNITY PLANNING BOARDS",2014,0,2,,,2,,,TRUE
"DIRECTOR OF COMMUNITY PLANNING BOARDS",2015,0,2,,,2,,,TRUE
"DIRECTOR OF COMMUNITY PLANNING BOARDS",2016,1,0,,,1,,,TRUE
"DIRECTOR OF COMMUNITY PLANNING BOARDS",2017,1,0,,,1,,,TRUE
"DIRECTOR OF COMMUNITY PLANNING BOARDS",2018,1,0,,,1,,,TRUE
"DIRECTOR OF COMMUNITY PLANNING BOARDS",2019,1,1,,,2,,,TRUE
"DIRECTOR OF COMMUNITY PLANNING BOARDS",2020,1,1,,,2,,,TRUE
"DIRECTOR OF COMMUNITY PLANNING BOARDS",2021,1,1,,,2,,,TRUE
"DIRECTOR OF COMMUNITY PLANNING BOARDS",2022,0,3,,,3,,,TRUE
"DIRECTOR OF COMMUNITY PLANNING BOARDS",2023,1,3,,,4,,,TRUE
"DIRECTOR OF COMMUNITY PLANNING BOARDS",2024,1,0,,,1,,,TRUE
"DIRECTOR OF COMMUNITY PLANNING BOARDS",2025,1,0,,,1,,,TRUE
"DIRECTOR OF COMMUNITY PLANNING BOARDS MGL ASSIGN",2024,0,1,,,1,,,TRUE
"DIRECTOR OF COMMUNITY PROGRAMS",2014,1,0,,,1,,,TRUE
"DIRECTOR OF COMMUNITY PROGRAMS",2015,1,0,,,1,,,TRUE
"DIRECTOR OF COMMUNITY PROGRAMS",2016,1,0,,,1,,,TRUE
"DIRECTOR OF COMMUNITY PROGRAMS",2017,1,0,,,1,,,TRUE
"DIRECTOR OF COMMUNITY PROGRAMS",2018,1,0,,,1,,,TRUE
"DIRECTOR OF COMMUNITY PROGRAMS",2019,1,0,,,1,,,TRUE
"DIRECTOR OF COMMUNITY PROGRAMS",2020,1,0,,,1,,,TRUE
"DIRECTOR OF COMMUNITY PROGRAMS",2021,1,0,,,1,,,TRUE
"DIRECTOR OF COMMUNITY RELATIONS",2024,2,1,,,3,,,TRUE
"DIRECTOR OF COMMUNITY RELATIONS",2025,2,0,,,2,,,TRUE
"DIRECTOR OF COMPLIANCE & LEGISLATIVE DEVELOPMENT",2015,0,1,,,1,,,TRUE
"DIRECTOR OF COMPLIANCE & LEGISLATIVE DEVELOPMENT",2016,0,1,,,1,,,TRUE
"DIRECTOR OF COMPLIANCE & LEGISLATIVE DEVELOPMENT",2017,0,1,,,1,,,TRUE
"DIRECTOR OF COMPLIANCE & LEGISLATIVE DEVELOPMENT",2019,0,1,,,1,,,TRUE
"DIRECTOR OF COMPLIANCE & LEGISLATIVE DEVELOPMENT",2020,0,1,,,1,,,TRUE
"DIRECTOR OF COMPLIANCE & LEGISLATIVE DEVELOPMENT",2023,0,1,,,1,,,TRUE
"DIRECTOR OF COMPLIANCE & LEGISLATIVE DEVELOPMENT",2024,0,1,,,1,,,TRUE
"DIRECTOR OF CONSTRUCTION",2019,0,1,,,1,,,TRUE
"DIRECTOR OF CONSUMER INFORMATION",2015,0,1,,,1,,,TRUE
"DIRECTOR OF CONSUMER INFORMATION",2019,0,1,,,1,,,TRUE
"DIRECTOR OF CONTRACT ADMINISTRATION",2022,0,1,,,1,,,TRUE
"DIRECTOR OF CONTRACT ADMINISTRATION",2023,0,1,,,1,,,TRUE
"DIRECTOR OF CORRECTIONAL STANDARDS REVIEW",2014,0,1,,,1,,,TRUE
"DIRECTOR OF CORRECTIONAL STANDARDS REVIEW",2016,1,2,,,3,,,TRUE
"DIRECTOR OF CORRECTIONAL STANDARDS REVIEW",2017,4,15,,,19,,,TRUE
"DIRECTOR OF CORRECTIONAL STANDARDS REVIEW",2018,6,22,,,28,,,TRUE
"DIRECTOR OF CORRECTIONAL STANDARDS REVIEW",2019,5,8,,,13,,,TRUE
"DIRECTOR OF CORRECTIONAL STANDARDS REVIEW",2020,4,0,,,4,,,TRUE
"DIRECTOR OF CORRECTIONAL STANDARDS REVIEW",2021,5,0,,,5,,,TRUE
"DIRECTOR OF CORRECTIONAL STANDARDS REVIEW",2022,3,3,,,6,,,TRUE
"DIRECTOR OF CORRECTIONAL STANDARDS REVIEW",2023,8,8,,,16,,,TRUE
"DIRECTOR OF CORRECTIONAL STANDARDS REVIEW",2024,9,9,,,18,,,TRUE
"DIRECTOR OF CORRECTIONAL STANDARDS REVIEW",2025,9,4,,,13,,,TRUE
"DIRECTOR OF COUNCIL SERVICES BUREAU",2014,1,0,,,1,,,TRUE
"DIRECTOR OF COUNCIL SERVICES BUREAU",2015,1,0,,,1,,,TRUE
"DIRECTOR OF COUNCIL SERVICES BUREAU",2016,0,1,,,1,,,TRUE
"DIRECTOR OF COUNCIL SERVICES BUREAU",2017,0,1,,,1,,,TRUE
"DIRECTOR OF COUNTERMEASURES AND RESPONSE",2024,1,0,,,1,,,TRUE
"DIRECTOR OF COUNTERMEASURES AND RESPONSE",2025,1,0,,,1,,,TRUE
"DIRECTOR OF CRIM JUSTICE DATA SHARE AND INFO SERVS KDA",2023,0,1,,,1,,,TRUE
"DIRECTOR OF CRIM JUSTICE DATA SHARE AND INFO SERVS KDA",2024,0,1,,,1,,,TRUE
"DIRECTOR OF CRIME STRATEGIES AND ANALYSIS",2024,1,0,,,1,,,TRUE
"DIRECTOR OF CRIME STRATEGIES AND ANALYSIS",2025,1,0,,,1,,,TRUE
"DIRECTOR OF CRIMINAL JUSTICE",2022,0,1,,,1,,,TRUE
"DIRECTOR OF CRIMINAL JUSTICE",2024,0,1,,,1,,,TRUE
"DIRECTOR OF CRIMINAL JUSTICE",2025,0,1,,,1,,,TRUE
"DIRECTOR OF CRIMINAL JUSTICE DATA SHARE AND INFO SERVS QN DA",2020,1,0,,,1,,,TRUE
"DIRECTOR OF CRIMINAL JUSTICE PLANNING AND POLICY DEVELOPMENT",2022,0,1,,,1,,,TRUE
"DIRECTOR OF CRIMINAL JUSTICE PLANNING AND POLICY DEVELOPMENT",2023,0,1,,,1,,,TRUE
"DIRECTOR OF CRISIS ASSISTANCE AND TRAINING",2018,0,1,,,1,,,TRUE
"DIRECTOR OF CRISIS ASSISTANCE AND TRAINING",2021,0,2,,,2,,,TRUE
"DIRECTOR OF CRISIS ASSISTANCE AND TRAINING",2022,0,2,,,2,,,TRUE
"DIRECTOR OF CYBER CRIME FORENSICS",2024,1,0,,,1,,,TRUE
"DIRECTOR OF CYBER CRIME FORENSICS",2025,1,0,,,1,,,TRUE
"DIRECTOR OF DEPARTMENT ADVOCATES OFFICE",2015,0,1,,,1,,,TRUE
"DIRECTOR OF DEPARTMENT ADVOCATES OFFICE",2016,0,1,,,1,,,TRUE
"DIRECTOR OF DEPARTMENT ADVOCATES OFFICE",2021,0,1,,,1,,,TRUE
"DIRECTOR OF DESIGN",2019,0,1,,,1,,,TRUE
"DIRECTOR OF DESIGN",2020,0,1,,,1,,,TRUE
"DIRECTOR OF DESIGN",2025,0,1,,,1,,,TRUE
"DIRECTOR OF DEVELOPMENT",2018,0,1,,,1,,,TRUE
"DIRECTOR OF DEVELOPMENT",2020,0,1,,,1,,,TRUE
"DIRECTOR OF DIRECT SERVICE PROGRAMS",2015,1,0,,,1,,,TRUE
"DIRECTOR OF DIRECT SERVICE PROGRAMS",2016,1,0,,,1,,,TRUE
"DIRECTOR OF DIRECT SERVICE PROGRAMS",2017,1,0,,,1,,,TRUE
"DIRECTOR OF DIRECT SERVICE PROGRAMS",2018,1,0,,,1,,,TRUE
"DIRECTOR OF DIRECT SERVICE PROGRAMS",2019,1,0,,,1,,,TRUE
"DIRECTOR OF DIRECT SERVICE PROGRAMS",2020,1,0,,,1,,,TRUE
"DIRECTOR OF DIRECT SERVICE PROGRAMS",2021,1,0,,,1,,,TRUE
"DIRECTOR OF DIRECT SERVICE PROGRAMS",2024,0,1,,,1,,,TRUE
"DIRECTOR OF DIRECT SERVICE PROGRAMS",2025,0,1,,,1,,,TRUE
"DIRECTOR OF EEO",2015,1,0,,,1,,,TRUE
"DIRECTOR OF EEO",2016,1,0,,,1,,,TRUE
"DIRECTOR OF EEO",2017,0,1,,,1,,,TRUE
"DIRECTOR OF EEO",2018,0,1,,,1,,,TRUE
"DIRECTOR OF EEO/CONTRACT COMPLIANCE",2015,1,0,,,1,,,TRUE
"DIRECTOR OF EEO/CONTRACT COMPLIANCE",2016,1,0,,,1,,,TRUE
"DIRECTOR OF EEO/CONTRACT COMPLIANCE",2017,1,0,,,1,,,TRUE
"DIRECTOR OF EEO/CONTRACT COMPLIANCE",2018,1,0,,,1,,,TRUE
"DIRECTOR OF EEO/CONTRACT COMPLIANCE",2019,1,0,,,1,,,TRUE
"DIRECTOR OF EEO/CONTRACT COMPLIANCE",2020,1,0,,,1,,,TRUE
"DIRECTOR OF EEO/CONTRACT COMPLIANCE",2021,1,0,,,1,,,TRUE
"DIRECTOR OF ELDER ABUSE PROGRAM SERVICES QN DA",2020,1,0,,,1,,,TRUE
"DIRECTOR OF ELDER ABUSE PROGRAM SERVICES QN DA",2021,1,0,,,1,,,TRUE
"DIRECTOR OF ELDER ABUSE PROGRAM SERVICES QN DA",2022,1,0,,,1,,,TRUE
"DIRECTOR OF ELDER ABUSE PROGRAM SERVICES QN DA",2023,1,0,,,1,,,TRUE
"DIRECTOR OF ELDER ABUSE PROGRAM SERVICES QN DA",2024,1,0,,,1,,,TRUE
"DIRECTOR OF ELDER ABUSE PROGRAM SERVICES QN DA",2025,1,0,,,1,,,TRUE
"DIRECTOR OF ENERGY CONSERVATION",2014,1,0,,,1,,,TRUE
"DIRECTOR OF ENERGY CONSERVATION",2015,1,0,,,1,,,TRUE
"DIRECTOR OF ENERGY CONSERVATION",2016,1,0,,,1,,,TRUE
"DIRECTOR OF ENERGY CONSERVATION",2017,0,1,,,1,,,TRUE
"DIRECTOR OF ENERGY CONSERVATION",2018,0,1,,,1,,,TRUE
"DIRECTOR OF EQUAL OPPORTUNITY",2014,1,0,,,1,,,TRUE
"DIRECTOR OF EQUAL OPPORTUNITY",2015,1,0,,,1,,,TRUE
"DIRECTOR OF EQUAL OPPORTUNITY",2016,1,0,,,1,,,TRUE
"DIRECTOR OF EQUAL OPPORTUNITY",2017,2,0,,,2,,,TRUE
"DIRECTOR OF EQUAL OPPORTUNITY",2018,2,0,,,2,,,TRUE
"DIRECTOR OF EQUAL OPPORTUNITY",2019,2,0,,,2,,,TRUE
"DIRECTOR OF EQUAL OPPORTUNITY",2020,2,0,,,2,,,TRUE
"DIRECTOR OF EQUAL OPPORTUNITY",2021,2,0,,,2,,,TRUE
"DIRECTOR OF EQUAL OPPORTUNITY",2022,2,0,,,2,,,TRUE
"DIRECTOR OF EQUAL OPPORTUNITY",2023,1,1,,,2,,,TRUE
"DIRECTOR OF EQUAL OPPORTUNITY",2024,1,1,,,2,,,TRUE
"DIRECTOR OF EQUAL OPPORTUNITY",2025,1,0,,,1,,,TRUE
"DIRECTOR OF EQUIPMENT",2014,2,1,,,3,,,TRUE
"DIRECTOR OF EQUIPMENT",2015,3,0,,,3,,,TRUE
"DIRECTOR OF EQUIPMENT",2016,3,0,,,3,,,TRUE
"DIRECTOR OF EQUIPMENT",2017,3,0,,,3,,,TRUE
"DIRECTOR OF EQUIPMENT",2018,3,0,,,3,,,TRUE
"DIRECTOR OF EQUIPMENT",2019,2,0,,,2,,,TRUE
"DIRECTOR OF EQUIPMENT",2020,2,0,,,2,,,TRUE
"DIRECTOR OF EQUIPMENT",2021,2,0,,,2,,,TRUE
"DIRECTOR OF EQUIPMENT",2022,2,0,,,2,,,TRUE
"DIRECTOR OF EQUIPMENT",2023,1,0,,,1,,,TRUE
"DIRECTOR OF EQUIPMENT",2024,1,0,,,1,,,TRUE
"DIRECTOR OF EQUIPMENT",2025,2,0,,,2,,,TRUE
"DIRECTOR OF EXERCISES AND TRAINING",2024,0,1,,,1,,,TRUE
"DIRECTOR OF FIELD OPERATIONS",2014,168,1,,,169,,,TRUE
"DIRECTOR OF FIELD OPERATIONS",2015,163,0,,,163,,,TRUE
"DIRECTOR OF FIELD OPERATIONS",2016,162,2,,,164,,,TRUE
"DIRECTOR OF FIELD OPERATIONS",2017,182,4,,,186,,,TRUE
"DIRECTOR OF FIELD OPERATIONS",2018,213,19,,,232,,,TRUE
"DIRECTOR OF FIELD OPERATIONS",2019,227,14,,,241,,,TRUE
"DIRECTOR OF FIELD OPERATIONS",2020,221,7,,,228,,,TRUE
"DIRECTOR OF FIELD OPERATIONS",2021,226,2,,,228,,,TRUE
"DIRECTOR OF FIELD OPERATIONS",2022,221,6,,,227,,,TRUE
"DIRECTOR OF FIELD OPERATIONS",2023,225,8,,,233,,,TRUE
"DIRECTOR OF FIELD OPERATIONS",2024,225,7,,,232,,,TRUE
"DIRECTOR OF FIELD OPERATIONS",2025,220,3,,,223,,,TRUE
"DIRECTOR OF FINANCE",2015,1,0,,,1,,,TRUE
"DIRECTOR OF FINANCE",2016,1,0,,,1,,,TRUE
"DIRECTOR OF FINANCE",2017,1,0,,,1,,,TRUE
"DIRECTOR OF FINANCE",2018,1,0,,,1,,,TRUE
"DIRECTOR OF FINANCE",2019,1,0,,,1,,,TRUE
"DIRECTOR OF FINANCE",2020,1,0,,,1,,,TRUE
"DIRECTOR OF FINANCE",2021,1,0,,,1,,,TRUE
"DIRECTOR OF FINANCE",2023,0,1,,,1,,,TRUE
"DIRECTOR OF FINANCE",2024,0,1,,,1,,,TRUE
"DIRECTOR OF FINANCING POLICY COORDINATION",2016,1,0,,,1,,,TRUE
"DIRECTOR OF FINANCING POLICY COORDINATION",2017,1,0,,,1,,,TRUE
"DIRECTOR OF FINANCING POLICY COORDINATION",2018,1,0,,,1,,,TRUE
"DIRECTOR OF FINANCING POLICY COORDINATION",2019,1,0,,,1,,,TRUE
"DIRECTOR OF FINANCING POLICY COORDINATION",2021,0,1,,,1,,,TRUE
"DIRECTOR OF FINANCING POLICY COORDINATION",2022,0,1,,,1,,,TRUE
"DIRECTOR OF FISCAL OPERATIONS",2015,1,0,,,1,,,TRUE
"DIRECTOR OF FISCAL OPERATIONS",2016,1,0,,,1,,,TRUE
"DIRECTOR OF FISCAL OPERATIONS",2017,1,0,,,1,,,TRUE
"DIRECTOR OF FISCAL OPERATIONS",2018,1,0,,,1,,,TRUE
"DIRECTOR OF FISCAL OPERATIONS",2019,1,0,,,1,,,TRUE
"DIRECTOR OF FISCAL OPERATIONS",2020,1,0,,,1,,,TRUE
"DIRECTOR OF FISCAL OPERATIONS",2021,1,0,,,1,,,TRUE
"DIRECTOR OF FOOD STAMP PROGRAM",2014,1,0,,,1,,,TRUE
"DIRECTOR OF FOOD STAMP PROGRAM",2015,1,0,,,1,,,TRUE
"DIRECTOR OF FOOD STAMP PROGRAM",2016,1,0,,,1,,,TRUE
"DIRECTOR OF FOOD STAMP PROGRAM",2017,1,0,,,1,,,TRUE
"DIRECTOR OF FOOD STAMP PROGRAM",2018,1,0,,,1,,,TRUE
"DIRECTOR OF FOOD STAMP PROGRAM",2019,0,1,,,1,,,TRUE
"DIRECTOR OF FOOD STAMP PROGRAM",2020,0,1,,,1,,,TRUE
"DIRECTOR OF FOOD STAMP PROGRAM",2021,0,1,,,1,,,TRUE
"DIRECTOR OF FORENSIC BIOLOGY",2014,0,1,,,1,,,TRUE
"DIRECTOR OF FORENSIC BIOLOGY",2015,0,1,,,1,,,TRUE
"DIRECTOR OF FORENSIC BIOLOGY",2024,1,0,,,1,,,TRUE
"DIRECTOR OF GENERAL SERVICES",2016,1,0,,,1,,,TRUE
"DIRECTOR OF GENERAL SERVICES",2017,1,0,,,1,,,TRUE
"DIRECTOR OF GENERAL SERVICES",2018,1,0,,,1,,,TRUE
"DIRECTOR OF GENERAL SERVICES",2019,1,0,,,1,,,TRUE
"DIRECTOR OF GENERAL SERVICES",2020,1,0,,,1,,,TRUE
"DIRECTOR OF GENERAL SERVICES",2021,1,0,,,1,,,TRUE
"DIRECTOR OF HEADSTART PROGRAM",2020,0,1,,,1,,,TRUE
"DIRECTOR OF HEADSTART PROGRAM",2021,0,2,,,2,,,TRUE
"DIRECTOR OF HEADSTART PROGRAM",2022,0,1,,,1,,,TRUE
"DIRECTOR OF HEALTH & SAFETY",2025,1,0,,,1,,,TRUE
"DIRECTOR OF HEALTH CARE PROGRAM PLANNING/ANALYSIS",2014,1,0,,,1,,,TRUE
"DIRECTOR OF HEALTH CARE PROGRAM PLANNING/ANALYSIS",2015,1,0,,,1,,,TRUE
"DIRECTOR OF HEALTH CARE PROGRAM PLANNING/ANALYSIS",2016,1,0,,,1,,,TRUE
"DIRECTOR OF HEALTH CARE PROGRAM PLANNING/ANALYSIS",2017,1,0,,,1,,,TRUE
"DIRECTOR OF HEALTH CARE PROGRAM PLANNING/ANALYSIS",2018,2,0,,,2,,,TRUE
"DIRECTOR OF HEALTH CARE PROGRAM PLANNING/ANALYSIS",2019,3,0,,,3,,,TRUE
"DIRECTOR OF HEALTH CARE PROGRAM PLANNING/ANALYSIS",2020,3,0,,,3,,,TRUE
"DIRECTOR OF HEALTH CARE PROGRAM PLANNING/ANALYSIS",2021,2,0,,,2,,,TRUE
"DIRECTOR OF HEALTH CARE PROGRAM PLANNING/ANALYSIS",2022,2,0,,,2,,,TRUE
"DIRECTOR OF HEALTH CARE PROGRAM PLANNING/ANALYSIS",2023,2,0,,,2,,,TRUE
"DIRECTOR OF HEALTH CARE PROGRAM PLANNING/ANALYSIS",2024,1,0,,,1,,,TRUE
"DIRECTOR OF HEALTH CARE PROGRAM PLANNING/ANALYSIS",2025,1,0,,,1,,,TRUE
"DIRECTOR OF HOUSING APPLICANTIONS",2014,1,0,,,1,,,TRUE
"DIRECTOR OF HOUSING APPLICANTIONS",2015,1,0,,,1,,,TRUE
"DIRECTOR OF HOUSING APPLICANTIONS",2016,1,0,,,1,,,TRUE
"DIRECTOR OF HOUSING APPLICANTIONS",2017,2,0,,,2,,,TRUE
"DIRECTOR OF HOUSING APPLICANTIONS",2018,1,0,,,1,,,TRUE
"DIRECTOR OF HOUSING APPLICANTIONS",2019,1,0,,,1,,,TRUE
"DIRECTOR OF HOUSING APPLICANTIONS",2020,1,0,,,1,,,TRUE
"DIRECTOR OF HOUSING APPLICANTIONS",2024,0,1,,,1,,,TRUE
"DIRECTOR OF HOUSING APPLICANTIONS",2025,0,1,,,1,,,TRUE
"DIRECTOR OF HUD ACQUIRED PROPERTIES",2019,0,1,,,1,,,TRUE
"DIRECTOR OF HUD ACQUIRED PROPERTIES",2024,0,1,,,1,,,TRUE
"DIRECTOR OF HUD ACQUIRED PROPERTIES",2025,0,1,,,1,,,TRUE
"DIRECTOR OF IMMIGRANT AFFAIRS",2019,0,1,,,1,,,TRUE
"DIRECTOR OF IMMIGRANT AFFAIRS",2021,0,1,,,1,,,TRUE
"DIRECTOR OF IMMIGRANT AFFAIRS",2022,0,1,,,1,,,TRUE
"DIRECTOR OF INDEPENDENT BUDGET OFFICE",2014,1,0,,,1,,,TRUE
"DIRECTOR OF INDEPENDENT BUDGET OFFICE",2015,1,0,,,1,,,TRUE
"DIRECTOR OF INDEPENDENT BUDGET OFFICE",2016,1,0,,,1,,,TRUE
"DIRECTOR OF INDEPENDENT BUDGET OFFICE",2017,1,0,,,1,,,TRUE
"DIRECTOR OF INDEPENDENT BUDGET OFFICE",2018,1,0,,,1,,,TRUE
"DIRECTOR OF INDEPENDENT BUDGET OFFICE",2019,1,0,,,1,,,TRUE
"DIRECTOR OF INDEPENDENT BUDGET OFFICE",2020,1,0,,,1,,,TRUE
"DIRECTOR OF INDEPENDENT BUDGET OFFICE",2021,1,0,,,1,,,TRUE
"DIRECTOR OF INDEPENDENT BUDGET OFFICE",2023,0,1,,,1,,,TRUE
"DIRECTOR OF INDEPENDENT BUDGET OFFICE",2024,0,1,,,1,,,TRUE
"DIRECTOR OF INFORMATION AND RESEARCH",2014,1,0,,,1,,,TRUE
"DIRECTOR OF INFORMATION AND RESEARCH",2015,1,0,,,1,,,TRUE
"DIRECTOR OF INFORMATION AND RESEARCH",2016,1,0,,,1,,,TRUE
"DIRECTOR OF INFORMATION AND RESEARCH",2017,1,0,,,1,,,TRUE
"DIRECTOR OF INFORMATION AND RESEARCH",2018,1,0,,,1,,,TRUE
"DIRECTOR OF INFORMATION AND RESEARCH",2019,1,0,,,1,,,TRUE
"DIRECTOR OF INFORMATION AND RESEARCH",2020,1,0,,,1,,,TRUE
"DIRECTOR OF INFORMATION AND RESEARCH",2021,1,0,,,1,,,TRUE
"DIRECTOR OF INFORMATION AND RESEARCH",2022,1,0,,,1,,,TRUE
"DIRECTOR OF INFORMATION AND RESEARCH",2023,1,0,,,1,,,TRUE
"DIRECTOR OF INFORMATION AND RESEARCH",2024,1,0,,,1,,,TRUE
"DIRECTOR OF INFORMATION AND RESEARCH",2025,1,0,,,1,,,TRUE
"DIRECTOR OF INFORMATION SERVICES",2014,1,0,,,1,,,TRUE
"DIRECTOR OF INFORMATION SERVICES",2015,1,0,,,1,,,TRUE
"DIRECTOR OF INFORMATION SERVICES",2020,1,0,,,1,,,TRUE
"DIRECTOR OF INFORMATION SERVICES",2021,1,0,,,1,,,TRUE
"DIRECTOR OF INFORMATION SYSTEMS",2017,1,0,,,1,,,TRUE
"DIRECTOR OF INFORMATION SYSTEMS",2018,1,0,,,1,,,TRUE
"DIRECTOR OF INFORMATION SYSTEMS",2019,1,0,,,1,,,TRUE
"DIRECTOR OF INFORMATION SYSTEMS",2020,0,1,,,1,,,TRUE
"DIRECTOR OF INFORMATION SYSTEMS",2021,1,0,,,1,,,TRUE
"DIRECTOR OF INFORMATION SYSTEMS",2022,0,1,,,1,,,TRUE
"DIRECTOR OF INFORMATION SYSTEMS",2023,0,1,,,1,,,TRUE
"DIRECTOR OF INFORMATION SYSTEMS",2024,0,1,,,1,,,TRUE
"DIRECTOR OF INFORMATION SYSTEMS",2025,0,1,,,1,,,TRUE
"DIRECTOR OF INTERAGENCY PLANNING",2017,1,0,,,1,,,TRUE
"DIRECTOR OF INTERAGENCY PLANNING",2018,1,0,,,1,,,TRUE
"DIRECTOR OF INTERAGENCY PLANNING",2019,1,0,,,1,,,TRUE
"DIRECTOR OF INTERAGENCY PLANNING",2020,1,0,,,1,,,TRUE
"DIRECTOR OF INTERAGENCY PLANNING",2021,1,0,,,1,,,TRUE
"DIRECTOR OF INTERAGENCY PLANNING",2022,1,0,,,1,,,TRUE
"DIRECTOR OF INTERAGENCY PLANNING",2023,1,0,,,1,,,TRUE
"DIRECTOR OF INTERAGENCY PLANNING",2024,1,0,,,1,,,TRUE
"DIRECTOR OF INTERAGENCY PLANNING",2025,1,0,,,1,,,TRUE
"DIRECTOR OF INTERGOVERNMENTAL AFFAIRS",2023,0,1,,,1,,,TRUE
"DIRECTOR OF INTERGOVERNMENTAL RELATIONS",2014,0,1,,,1,,,TRUE
"DIRECTOR OF INTERGOVERNMENTAL RELATIONS",2015,0,1,,,1,,,TRUE
"DIRECTOR OF INTERGOVERNMENTAL RELATIONS",2022,0,1,,,1,,,TRUE
"DIRECTOR OF INTERNAL AFFAIRS PD",2015,1,0,,,1,,,TRUE
"DIRECTOR OF INTERNAL AFFAIRS PD",2016,1,0,,,1,,,TRUE
"DIRECTOR OF INTERNAL AFFAIRS PD",2017,1,0,,,1,,,TRUE
"DIRECTOR OF INTERNAL AFFAIRS PD",2018,1,0,,,1,,,TRUE
"DIRECTOR OF INTERNAL AFFAIRS PD",2019,1,0,,,1,,,TRUE
"DIRECTOR OF INTERNAL AFFAIRS PD",2020,1,0,,,1,,,TRUE
"DIRECTOR OF INTERNAL AFFAIRS PD",2021,1,0,,,1,,,TRUE
"DIRECTOR OF INTERNAL AFFAIRS PD",2023,1,0,,,1,,,TRUE
"DIRECTOR OF INVEST ACCOUNTING AND ECON CRIMES INVESTIGATION",2024,1,0,,,1,,,TRUE
"DIRECTOR OF INVESTIGATIONS",2019,0,1,,,1,,,TRUE
"DIRECTOR OF INVESTIGATIVE AUDITS",2018,0,1,,,1,,,TRUE
"DIRECTOR OF INVESTIGATIVE AUDITS",2019,0,1,,,1,,,TRUE
"DIRECTOR OF INVESTMENTS",2017,0,1,,,1,,,TRUE
"DIRECTOR OF INVESTMENTS",2021,1,0,,,1,,,TRUE
"DIRECTOR OF INVESTMENTS",2022,1,1,,,2,,,TRUE
"DIRECTOR OF INVESTMENTS",2023,3,1,,,4,,,TRUE
"DIRECTOR OF INVESTMENTS",2024,3,0,,,3,,,TRUE
"DIRECTOR OF INVESTMENTS",2025,4,1,,,5,,,TRUE
"DIRECTOR OF LABOR RELATIONS",2021,1,0,,,1,,,TRUE
"DIRECTOR OF LABOR RELATIONS",2022,1,0,,,1,,,TRUE
"DIRECTOR OF LABOR RELATIONS",2023,1,0,,,1,,,TRUE
"DIRECTOR OF LABOR RELATIONS",2024,1,0,,,1,,,TRUE
"DIRECTOR OF LABOR RELATIONS",2025,1,0,,,1,,,TRUE
"DIRECTOR OF LAND USE DIVISION",2014,1,0,,,1,,,TRUE
"DIRECTOR OF LAND USE DIVISION",2015,0,1,,,1,,,TRUE
"DIRECTOR OF LAND USE DIVISION",2023,0,1,,,1,,,TRUE
"DIRECTOR OF LAND USE DIVISION",2024,0,1,,,1,,,TRUE
"DIRECTOR OF LEASED HOUSING",2025,1,0,,,1,,,TRUE
"DIRECTOR OF LEGISLATIVE COORDINATION",2022,0,1,,,1,,,TRUE
"DIRECTOR OF LEGISLATIVE COORDINATION",2023,0,1,,,1,,,TRUE
"DIRECTOR OF MANAGEMENT & BUDGET",2014,0,1,,,1,,,TRUE
"DIRECTOR OF MANAGEMENT & BUDGET",2015,0,1,,,1,,,TRUE
"DIRECTOR OF MANAGEMENT & BUDGET",2021,0,1,,,1,,,TRUE
"DIRECTOR OF MANAGEMENT & BUDGET",2022,0,1,,,1,,,TRUE
"DIRECTOR OF MANAGEMENT & PLANNING",2023,0,1,,,1,,,TRUE
"DIRECTOR OF MANAGEMENT & PLANNING",2024,0,1,,,1,,,TRUE
"DIRECTOR OF MANAGEMENT PLANNING",2019,0,2,,,2,,,TRUE
"DIRECTOR OF MANAGEMENT PLANNING",2022,0,1,,,1,,,TRUE
"DIRECTOR OF MANAGEMENT PLANNING",2023,0,1,,,1,,,TRUE
"DIRECTOR OF MANAGEMENT PLANNING SS",2015,1,0,,,1,,,TRUE
"DIRECTOR OF MANAGEMENT PLANNING SS",2016,1,0,,,1,,,TRUE
"DIRECTOR OF MANAGEMENT PLANNING SS",2017,1,0,,,1,,,TRUE
"DIRECTOR OF MANAGEMENT PLANNING SS",2018,3,0,,,3,,,TRUE
"DIRECTOR OF MANAGEMENT PLANNING SS",2019,3,0,,,3,,,TRUE
"DIRECTOR OF MANAGEMENT PLANNING SS",2020,3,0,,,3,,,TRUE
"DIRECTOR OF MANAGEMENT PLANNING SS",2021,3,0,,,3,,,TRUE
"DIRECTOR OF MANAGEMENT PLANNING SS",2022,1,0,,,1,,,TRUE
"DIRECTOR OF MANAGEMENT PLANNING SS",2023,1,0,,,1,,,TRUE
"DIRECTOR OF MANAGEMENT PLANNING SS",2024,1,0,,,1,,,TRUE
"DIRECTOR OF MANAGEMENT PLANNING SS",2025,1,0,,,1,,,TRUE
"DIRECTOR OF MENTAL HEALTH DISASTER PREPAREDNESS",2022,0,1,,,1,,,TRUE
"DIRECTOR OF MENTAL HEALTH DISASTER PREPAREDNESS",2023,0,1,,,1,,,TRUE
"DIRECTOR OF METHODS & ANALYSIS",2016,1,0,,,1,,,TRUE
"DIRECTOR OF METHODS & ANALYSIS",2017,1,0,,,1,,,TRUE
"DIRECTOR OF METHODS & ANALYSIS",2019,0,1,,,1,,,TRUE
"DIRECTOR OF METHODS & ANALYSIS",2020,0,1,,,1,,,TRUE
"DIRECTOR OF MOTOR EQUIPMENT MAINTENANCE",2014,3,0,,,3,,,TRUE
"DIRECTOR OF MOTOR EQUIPMENT MAINTENANCE",2015,3,0,,,3,,,TRUE
"DIRECTOR OF MOTOR EQUIPMENT MAINTENANCE",2016,1,0,,,1,,,TRUE
"DIRECTOR OF MOTOR EQUIPMENT MAINTENANCE",2017,1,0,,,1,,,TRUE
"DIRECTOR OF MOTOR EQUIPMENT MAINTENANCE",2018,1,0,,,1,,,TRUE
"DIRECTOR OF MOTOR EQUIPMENT MAINTENANCE",2019,1,0,,,1,,,TRUE
"DIRECTOR OF MOTOR EQUIPMENT MAINTENANCE",2020,1,0,,,1,,,TRUE
"DIRECTOR OF MOTOR EQUIPMENT MAINTENANCE",2021,1,0,,,1,,,TRUE
"DIRECTOR OF MOTOR EQUIPMENT MAINTENANCE NM",2016,2,0,,,2,,,TRUE
"DIRECTOR OF MOTOR EQUIPMENT MAINTENANCE NM",2017,2,0,,,2,,,TRUE
"DIRECTOR OF MOTOR EQUIPMENT MAINTENANCE NM",2018,2,0,,,2,,,TRUE
"DIRECTOR OF MOTOR EQUIPMENT MAINTENANCE NM",2019,1,0,,,1,,,TRUE
"DIRECTOR OF MOTOR EQUIPMENT MAINTENANCE NM",2020,1,0,,,1,,,TRUE
"DIRECTOR OF MOTOR EQUIPMENT MAINTENANCE NM",2021,1,0,,,1,,,TRUE
"DIRECTOR OF MOTOR EQUIPMENT MAINTENANCE NM",2022,2,0,,,2,,,TRUE
"DIRECTOR OF MOTOR EQUIPMENT MAINTENANCE NM",2023,2,0,,,2,,,TRUE
"DIRECTOR OF MOTOR EQUIPMENT MAINTENANCE NM",2024,2,0,,,2,,,TRUE
"DIRECTOR OF MOTOR EQUIPMENT MAINTENANCE NM",2025,2,0,,,2,,,TRUE
"DIRECTOR OF MOTOR TRANSPORT",2014,1,0,,,1,,,TRUE
"DIRECTOR OF MOTOR TRANSPORT",2015,1,0,,,1,,,TRUE
"DIRECTOR OF MOTOR TRANSPORT",2016,1,0,,,1,,,TRUE
"DIRECTOR OF MOTOR TRANSPORT",2017,1,0,,,1,,,TRUE
"DIRECTOR OF MOTOR TRANSPORT",2018,1,0,,,1,,,TRUE
"DIRECTOR OF MOTOR TRANSPORT",2019,1,0,,,1,,,TRUE
"DIRECTOR OF MOTOR TRANSPORT",2020,1,0,,,1,,,TRUE
"DIRECTOR OF MOTOR TRANSPORT",2021,1,0,,,1,,,TRUE
"DIRECTOR OF MOTOR TRANSPORT",2022,1,0,,,1,,,TRUE
"DIRECTOR OF MOTOR TRANSPORT",2023,1,0,,,1,,,TRUE
"DIRECTOR OF MOTOR TRANSPORT",2024,1,0,,,1,,,TRUE
"DIRECTOR OF MOTOR TRANSPORT",2025,1,0,,,1,,,TRUE
"DIRECTOR OF NEIGHBORHOOD CONSERVATION",2021,0,1,,,1,,,TRUE
"DIRECTOR OF NEIGHBORHOOD CONSERVATION",2022,0,1,,,1,,,TRUE
"DIRECTOR OF NEIGHBORHOOD PARK RESTORATION",2015,1,0,,,1,,,TRUE
"DIRECTOR OF NEIGHBORHOOD PARK RESTORATION",2016,1,3,,,4,,,TRUE
"DIRECTOR OF NEIGHBORHOOD PARK RESTORATION",2017,2,8,,,10,,,TRUE
"DIRECTOR OF NEIGHBORHOOD PARK RESTORATION",2018,2,1,,,3,,,TRUE
"DIRECTOR OF NEIGHBORHOOD PARK RESTORATION",2019,0,1,,,1,,,TRUE
"DIRECTOR OF NOISE ABATEMENT",2014,1,0,,,1,,,TRUE
"DIRECTOR OF NOISE ABATEMENT",2015,1,0,,,1,,,TRUE
"DIRECTOR OF NOISE ABATEMENT",2016,1,0,,,1,,,TRUE
"DIRECTOR OF NOISE ABATEMENT",2017,1,0,,,1,,,TRUE
"DIRECTOR OF NOISE ABATEMENT",2018,1,0,,,1,,,TRUE
"DIRECTOR OF NOISE ABATEMENT",2019,1,0,,,1,,,TRUE
"DIRECTOR OF NOISE ABATEMENT",2020,1,0,,,1,,,TRUE
"DIRECTOR OF NOISE ABATEMENT",2021,1,0,,,1,,,TRUE
"DIRECTOR OF NOISE ABATEMENT",2022,1,0,,,1,,,TRUE
"DIRECTOR OF NOISE ABATEMENT",2023,1,0,,,1,,,TRUE
"DIRECTOR OF NOISE ABATEMENT",2024,1,0,,,1,,,TRUE
"DIRECTOR OF NOISE ABATEMENT",2025,1,0,,,1,,,TRUE
"DIRECTOR OF NURSING SERVICES",2014,1,0,,,1,,,TRUE
"DIRECTOR OF NURSING SERVICES",2015,1,0,,,1,,,TRUE
"DIRECTOR OF NYC MEDICAL RESERVE CORPS",2019,1,0,,,1,,,TRUE
"DIRECTOR OF NYC MEDICAL RESERVE CORPS",2025,0,1,,,1,,,TRUE
"DIRECTOR OF OPERATIONS",2014,12,0,,,12,,,TRUE
"DIRECTOR OF ORGANIZED CRIME CONTROL PD",2021,1,0,,,1,,,TRUE
"DIRECTOR OF ORGANIZED CRIME CONTROL PD",2022,0,1,,,1,,,TRUE
"DIRECTOR OF ORGANIZED CRIME CONTROL PD",2023,0,1,,,1,,,TRUE
"DIRECTOR OF PARENT INVOLVEMENT",2023,0,2,,,2,,,TRUE
"DIRECTOR OF PERSONNEL",2025,1,0,,,1,,,TRUE
"DIRECTOR OF PHOTOGRAPHIC SERVICES PD",2014,1,0,,,1,,,TRUE
"DIRECTOR OF PHOTOGRAPHIC SERVICES PD",2015,1,0,,,1,,,TRUE
"DIRECTOR OF PHOTOGRAPHIC SERVICES PD",2016,1,0,,,1,,,TRUE
"DIRECTOR OF PHOTOGRAPHIC SERVICES PD",2020,0,1,,,1,,,TRUE
"DIRECTOR OF PHOTOGRAPHIC SERVICES PD",2021,0,1,,,1,,,TRUE
"DIRECTOR OF PHOTOGRAPHIC SERVICES PD",2025,0,1,,,1,,,TRUE
"DIRECTOR OF PLAN & FIELD SERVICES",2023,0,1,,,1,,,TRUE
"DIRECTOR OF PLAN & FIELD SERVICES",2024,0,1,,,1,,,TRUE
"DIRECTOR OF PLANNING",2021,0,1,,,1,,,TRUE
"DIRECTOR OF PLANNING",2022,0,1,,,1,,,TRUE
"DIRECTOR OF PLANNING",2023,0,1,,,1,,,TRUE
"DIRECTOR OF PLANNING",2024,0,3,,,3,,,TRUE
"DIRECTOR OF PLANNING",2025,0,1,,,1,,,TRUE
"DIRECTOR OF PLANT OPERATIONS & MAINTENANCE",2016,1,0,,,1,,,TRUE
"DIRECTOR OF PLANT OPERATIONS & MAINTENANCE",2017,1,0,,,1,,,TRUE
"DIRECTOR OF PLANT OPERATIONS & MAINTENANCE",2018,1,0,,,1,,,TRUE
"DIRECTOR OF PLANT OPERATIONS & MAINTENANCE",2020,0,1,,,1,,,TRUE
"DIRECTOR OF PLANT OPERATIONS & MAINTENANCE",2021,0,1,,,1,,,TRUE
"DIRECTOR OF POLICY ANALYSIS",2015,0,1,,,1,,,TRUE
"DIRECTOR OF POLICY ANALYSIS",2016,0,1,,,1,,,TRUE
"DIRECTOR OF PROBATION",2021,1,0,,,1,,,TRUE
"DIRECTOR OF PROBATION",2022,1,0,,,1,,,TRUE
"DIRECTOR OF PROBATION",2023,0,1,,,1,,,TRUE
"DIRECTOR OF PROBATION",2024,0,1,,,1,,,TRUE
"DIRECTOR OF PROGRAM PLANNING",2016,2,0,,,2,,,TRUE
"DIRECTOR OF PROGRAM PLANNING",2017,1,0,,,1,,,TRUE
"DIRECTOR OF PROGRAM PLANNING",2018,1,0,,,1,,,TRUE
"DIRECTOR OF PROGRAM PLANNING",2019,1,1,,,2,,,TRUE
"DIRECTOR OF PROGRAM PLANNING",2020,1,2,,,3,,,TRUE
"DIRECTOR OF PROGRAM PLANNING",2021,1,1,,,2,,,TRUE
"DIRECTOR OF PROGRAM PLANNING",2022,2,0,,,2,,,TRUE
"DIRECTOR OF PROGRAM PLANNING",2025,0,1,,,1,,,TRUE
"DIRECTOR OF PROPERTY MANAGEMENT",2019,0,1,,,1,,,TRUE
"DIRECTOR OF PROPERTY MANAGEMENT",2020,0,1,,,1,,,TRUE
"DIRECTOR OF PROPERTY MANAGEMENT",2023,0,1,,,1,,,TRUE
"DIRECTOR OF PROPERTY MANAGEMENT",2024,0,1,,,1,,,TRUE
"DIRECTOR OF PSYCHOLOGICAL SERVICES",2014,1,0,,,1,,,TRUE
"DIRECTOR OF PSYCHOLOGICAL SERVICES",2015,1,0,,,1,,,TRUE
"DIRECTOR OF PSYCHOLOGICAL SERVICES",2016,1,0,,,1,,,TRUE
"DIRECTOR OF PSYCHOLOGICAL SERVICES",2017,1,0,,,1,,,TRUE
"DIRECTOR OF PSYCHOLOGICAL SERVICES",2018,1,0,,,1,,,TRUE
"DIRECTOR OF PSYCHOLOGICAL SERVICES",2019,1,0,,,1,,,TRUE
"DIRECTOR OF PSYCHOLOGICAL SERVICES",2020,1,0,,,1,,,TRUE
"DIRECTOR OF PSYCHOLOGICAL SERVICES",2021,1,0,,,1,,,TRUE
"DIRECTOR OF PSYCHOLOGICAL SERVICES",2022,1,0,,,1,,,TRUE
"DIRECTOR OF PSYCHOLOGICAL SERVICES",2023,1,0,,,1,,,TRUE
"DIRECTOR OF PSYCHOLOGICAL SERVICES",2024,1,0,,,1,,,TRUE
"DIRECTOR OF PSYCHOLOGICAL SERVICES",2025,1,0,,,1,,,TRUE
"DIRECTOR OF PUBLIC & COMMUNITY RELATIONS",2018,0,1,,,1,,,TRUE
"DIRECTOR OF PUBLIC & COMMUNITY RELATIONS",2019,0,1,,,1,,,TRUE
"DIRECTOR OF PUBLIC AFFAIRS",2014,0,1,,,1,,,TRUE
"DIRECTOR OF PUBLIC AFFAIRS",2015,0,1,,,1,,,TRUE
"DIRECTOR OF PUBLIC AFFAIRS",2019,0,1,,,1,,,TRUE
"DIRECTOR OF PUBLIC AFFAIRS",2020,0,1,,,1,,,TRUE
"DIRECTOR OF PUBLIC AFFAIRS",2022,0,1,,,1,,,TRUE
"DIRECTOR OF PUBLIC AFFAIRS",2023,0,1,,,1,,,TRUE
"DIRECTOR OF PUBLIC AND COMMUNITY RELATIONS",2020,0,1,,,1,,,TRUE
"DIRECTOR OF PUBLIC HEALTH EMERGENCY EVALUATION",2022,0,1,,,1,,,TRUE
"DIRECTOR OF PUBLIC HEALTH EMERGENCY EVALUATION",2023,1,1,,,2,,,TRUE
"DIRECTOR OF PUBLIC HEALTH EMERGENCY EVALUATION",2024,1,0,,,1,,,TRUE
"DIRECTOR OF PUBLIC HEALTH EMERGENCY EVALUATION",2025,1,0,,,1,,,TRUE
"DIRECTOR OF PUBLIC INFORMATION",2014,1,2,,,3,,,TRUE
"DIRECTOR OF PUBLIC INFORMATION",2015,1,2,,,3,,,TRUE
"DIRECTOR OF PUBLIC INFORMATION",2016,2,1,,,3,,,TRUE
"DIRECTOR OF PUBLIC INFORMATION",2017,2,2,,,4,,,TRUE
"DIRECTOR OF PUBLIC INFORMATION",2018,1,3,,,4,,,TRUE
"DIRECTOR OF PUBLIC INFORMATION",2019,1,3,,,4,,,TRUE
"DIRECTOR OF PUBLIC INFORMATION",2020,1,2,,,3,,,TRUE
"DIRECTOR OF PUBLIC INFORMATION",2021,1,2,,,3,,,TRUE
"DIRECTOR OF PUBLIC INFORMATION",2022,1,1,,,2,,,TRUE
"DIRECTOR OF PUBLIC INFORMATION",2023,1,5,,,6,,,TRUE
"DIRECTOR OF PUBLIC INFORMATION",2024,1,4,,,5,,,TRUE
"DIRECTOR OF PUBLIC INFORMATION",2025,2,3,,,5,,,TRUE
"DIRECTOR OF PUBLIC RELATIONS",2014,0,1,,,1,,,TRUE
"DIRECTOR OF PUBLIC RELATIONS",2015,0,1,,,1,,,TRUE
"DIRECTOR OF PUBLIC RELATIONS",2016,1,1,,,2,,,TRUE
"DIRECTOR OF PUBLIC RELATIONS",2017,1,1,,,2,,,TRUE
"DIRECTOR OF PUBLIC RELATIONS",2018,2,3,,,5,,,TRUE
"DIRECTOR OF PUBLIC RELATIONS",2019,2,2,,,4,,,TRUE
"DIRECTOR OF PUBLIC RELATIONS",2020,2,1,,,3,,,TRUE
"DIRECTOR OF PUBLIC RELATIONS",2021,2,1,,,3,,,TRUE
"DIRECTOR OF PUBLIC RELATIONS",2022,1,3,,,4,,,TRUE
"DIRECTOR OF PUBLIC RELATIONS",2023,1,5,,,6,,,TRUE
"DIRECTOR OF PUBLIC RELATIONS",2024,0,4,,,4,,,TRUE
"DIRECTOR OF PUBLIC RELATIONS",2025,0,3,,,3,,,TRUE
"DIRECTOR OF PUPPETRY",2014,1,0,,,1,,,TRUE
"DIRECTOR OF PUPPETRY",2015,1,0,,,1,,,TRUE
"DIRECTOR OF PUPPETRY",2016,1,0,,,1,,,TRUE
"DIRECTOR OF PUPPETRY",2017,1,0,,,1,,,TRUE
"DIRECTOR OF PUPPETRY",2018,1,0,,,1,,,TRUE
"DIRECTOR OF PUPPETRY",2019,1,0,,,1,,,TRUE
"DIRECTOR OF PUPPETRY",2020,1,0,,,1,,,TRUE
"DIRECTOR OF PUPPETRY",2021,1,0,,,1,,,TRUE
"DIRECTOR OF PUPPETRY",2022,1,0,,,1,,,TRUE
"DIRECTOR OF PUPPETRY",2023,1,0,,,1,,,TRUE
"DIRECTOR OF PUPPETRY",2024,1,0,,,1,,,TRUE
"DIRECTOR OF PUPPETRY",2025,1,0,,,1,,,TRUE
"DIRECTOR OF PURCHASE",2014,0,1,,,1,,,TRUE
"DIRECTOR OF PURCHASE",2015,0,1,,,1,,,TRUE
"DIRECTOR OF RACE EQUITY STRATEGIES",2024,1,0,,,1,,,TRUE
"DIRECTOR OF RACE EQUITY STRATEGIES",2025,1,0,,,1,,,TRUE
"DIRECTOR OF REGIONAL JOINT INTEREST PARK",2014,17,2,,,19,,,TRUE
"DIRECTOR OF REGIONAL JOINT INTEREST PARK",2015,18,1,,,19,,,TRUE
"DIRECTOR OF REGIONAL JOINT INTEREST PARK",2016,18,0,,,18,,,TRUE
"DIRECTOR OF REGIONAL JOINT INTEREST PARK",2017,20,2,,,22,,,TRUE
"DIRECTOR OF REGIONAL JOINT INTEREST PARK",2018,35,3,,,38,,,TRUE
"DIRECTOR OF RESEARCH & POLICY DEVELOPMENT",2015,1,0,,,1,,,TRUE
"DIRECTOR OF RESEARCH & POLICY DEVELOPMENT",2016,1,0,,,1,,,TRUE
"DIRECTOR OF RESEARCH & POLICY DEVELOPMENT",2021,0,1,,,1,,,TRUE
"DIRECTOR OF RESEARCH PLANNING AND POLICY ANALYSIS",2014,1,0,,,1,,,TRUE
"DIRECTOR OF RESEARCH PLANNING AND POLICY ANALYSIS",2015,1,0,,,1,,,TRUE
"DIRECTOR OF RESEARCH PLANNING AND POLICY ANALYSIS",2016,1,0,,,1,,,TRUE
"DIRECTOR OF RESEARCH PLANNING AND POLICY ANALYSIS",2019,0,1,,,1,,,TRUE
"DIRECTOR OF REVIEW & COUNSELING",2020,0,1,,,1,,,TRUE
"DIRECTOR OF REVIEW & COUNSELING",2021,0,1,,,1,,,TRUE
"DIRECTOR OF REVIEW & COUNSELING",2023,0,1,,,1,,,TRUE
"DIRECTOR OF REVIEW & COUNSELING",2024,0,1,,,1,,,TRUE
"DIRECTOR OF SCHEDULING",2014,0,1,,,1,,,TRUE
"DIRECTOR OF SCHOOL SAFETY",2019,1,0,,,1,,,TRUE
"DIRECTOR OF SCHOOL SAFETY",2020,1,0,,,1,,,TRUE
"DIRECTOR OF SCHOOL SAFETY",2021,1,0,,,1,,,TRUE
"DIRECTOR OF SCHOOL SAFETY",2022,1,0,,,1,,,TRUE
"DIRECTOR OF SCHOOL SAFETY",2023,1,0,,,1,,,TRUE
"DIRECTOR OF SCHOOL SAFETY",2024,0,1,,,1,,,TRUE
"DIRECTOR OF SECURITY",2014,2,0,,,2,,,TRUE
"DIRECTOR OF SECURITY",2015,2,0,,,2,,,TRUE
"DIRECTOR OF SECURITY",2016,1,0,,,1,,,TRUE
"DIRECTOR OF SECURITY",2017,2,2,,,4,,,TRUE
"DIRECTOR OF SECURITY",2018,2,1,,,3,,,TRUE
"DIRECTOR OF SECURITY",2019,2,0,,,2,,,TRUE
"DIRECTOR OF SECURITY",2020,2,1,,,3,,,TRUE
"DIRECTOR OF SECURITY",2021,2,1,,,3,,,TRUE
"DIRECTOR OF SECURITY",2023,1,0,,,1,,,TRUE
"DIRECTOR OF SECURITY",2024,1,0,,,1,,,TRUE
"DIRECTOR OF SECURITY",2025,1,0,,,1,,,TRUE
"DIRECTOR OF SOCIAL & COMMUNITY SERVICES",2022,1,0,,,1,,,TRUE
"DIRECTOR OF SOCIAL & COMMUNITY SERVICES",2025,0,1,,,1,,,TRUE
"DIRECTOR OF SOCIAL SERVICES",2024,2,0,,,2,,,TRUE
"DIRECTOR OF SOCIAL SERVICES",2025,2,0,,,2,,,TRUE
"DIRECTOR OF STORES",2014,1,0,,,1,,,TRUE
"DIRECTOR OF STORES",2015,1,0,,,1,,,TRUE
"DIRECTOR OF STORES",2017,0,1,,,1,,,TRUE
"DIRECTOR OF STORES",2025,0,1,,,1,,,TRUE
"DIRECTOR OF SUPPORT SERVICES PD",2014,1,0,,,1,,,TRUE
"DIRECTOR OF SUPPORT SERVICES PD",2015,1,0,,,1,,,TRUE
"DIRECTOR OF SUPPORT SERVICES PD",2016,1,0,,,1,,,TRUE
"DIRECTOR OF SUPPORT SERVICES PD",2017,1,0,,,1,,,TRUE
"DIRECTOR OF SUPPORT SERVICES PD",2018,1,0,,,1,,,TRUE
"DIRECTOR OF SUPPORT SERVICES PD",2019,1,0,,,1,,,TRUE
"DIRECTOR OF SUPPORT SERVICES PD",2020,1,0,,,1,,,TRUE
"DIRECTOR OF SUPPORT SERVICES PD",2021,1,0,,,1,,,TRUE
"DIRECTOR OF SUPPORT SERVICES PD",2022,1,0,,,1,,,TRUE
"DIRECTOR OF TECHNICAL SERVICES",2014,1,0,,,1,,,TRUE
"DIRECTOR OF TECHNICAL SERVICES",2015,1,0,,,1,,,TRUE
"DIRECTOR OF TECHNICAL SERVICES",2016,1,0,,,1,,,TRUE
"DIRECTOR OF TECHNICAL SERVICES",2017,1,0,,,1,,,TRUE
"DIRECTOR OF TECHNICAL SERVICES",2018,1,0,,,1,,,TRUE
"DIRECTOR OF TECHNICAL SERVICES",2019,2,0,,,2,,,TRUE
"DIRECTOR OF TECHNICAL SERVICES",2020,3,0,,,3,,,TRUE
"DIRECTOR OF TECHNICAL SERVICES",2021,3,0,,,3,,,TRUE
"DIRECTOR OF TECHNICAL SERVICES",2022,3,0,,,3,,,TRUE
"DIRECTOR OF TECHNICAL SERVICES",2023,3,0,,,3,,,TRUE
"DIRECTOR OF TECHNICAL SERVICES",2024,3,0,,,3,,,TRUE
"DIRECTOR OF TECHNICAL SERVICES",2025,3,0,,,3,,,TRUE
"DIRECTOR OF TECHNOLOGY DEVELOPMENT PD",2019,1,0,,,1,,,TRUE
"DIRECTOR OF TELEVISION",2014,0,1,,,1,,,TRUE
"DIRECTOR OF TELEVISION",2015,1,0,,,1,,,TRUE
"DIRECTOR OF TELEVISION",2018,1,0,,,1,,,TRUE
"DIRECTOR OF TELEVISION",2019,1,0,,,1,,,TRUE
"DIRECTOR OF TELEVISION",2020,1,0,,,1,,,TRUE
"DIRECTOR OF TELEVISION",2021,1,0,,,1,,,TRUE
"DIRECTOR OF TELEVISION",2022,1,0,,,1,,,TRUE
"DIRECTOR OF TELEVISION",2023,2,0,,,2,,,TRUE
"DIRECTOR OF TELEVISION",2024,2,0,,,2,,,TRUE
"DIRECTOR OF TELEVISION",2025,2,0,,,2,,,TRUE
"DIRECTOR OF THE CITY RECORD",2014,1,0,,,1,,,TRUE
"DIRECTOR OF THE CITY RECORD",2015,1,0,,,1,,,TRUE
"DIRECTOR OF THE CITY RECORD",2016,1,0,,,1,,,TRUE
"DIRECTOR OF THE CITY RECORD",2017,1,0,,,1,,,TRUE
"DIRECTOR OF THE CITY RECORD",2018,1,0,,,1,,,TRUE
"DIRECTOR OF THE CITY RECORD",2019,1,0,,,1,,,TRUE
"DIRECTOR OF THE CITY RECORD",2020,1,0,,,1,,,TRUE
"DIRECTOR OF THE CITY RECORD",2021,1,0,,,1,,,TRUE
"DIRECTOR OF THE CITY RECORD",2022,1,0,,,1,,,TRUE
"DIRECTOR OF THE CITY RECORD",2023,1,0,,,1,,,TRUE
"DIRECTOR OF THE CITY RECORD",2024,1,0,,,1,,,TRUE
"DIRECTOR OF THE CITY RECORD",2025,1,0,,,1,,,TRUE
"DIRECTOR OF THE MAYOR S OFFICE OF ADMINISTRATIVE SERVICES",2023,1,0,,,1,,,TRUE
"DIRECTOR OF THE MAYOR S OFFICE OF ADMINISTRATIVE SERVICES",2024,1,0,,,1,,,TRUE
"DIRECTOR OF THE MAYOR S OFFICE OF ADMINISTRATIVE SERVICES",2025,1,0,,,1,,,TRUE
"DIRECTOR OF THE MAYOR S OFFICE OF APPOINTMENTS",2023,0,1,,,1,,,TRUE
"DIRECTOR OF THE MAYOR S OFFICE OF OPERATIONS",2025,1,0,,,1,,,TRUE
"DIRECTOR OF THE OFFICE FOR PEOPLE WITH DISABILITIES",2023,0,1,,,1,,,TRUE
"DIRECTOR OF THE OFFICE FOR PEOPLE WITH DISABILITIES",2024,0,1,,,1,,,TRUE
"DIRECTOR OF THE OFFICE OF COLLECTIVE BARGAINING",2015,1,0,,,1,,,TRUE
"DIRECTOR OF THE OFFICE OF COLLECTIVE BARGAINING",2016,1,0,,,1,,,TRUE
"DIRECTOR OF THE OFFICE OF COLLECTIVE BARGAINING",2017,1,0,,,1,,,TRUE
"DIRECTOR OF THE OFFICE OF COLLECTIVE BARGAINING",2018,1,0,,,1,,,TRUE
"DIRECTOR OF THE OFFICE OF COLLECTIVE BARGAINING",2019,1,0,,,1,,,TRUE
"DIRECTOR OF THE OFFICE OF COLLECTIVE BARGAINING",2020,1,0,,,1,,,TRUE
"DIRECTOR OF THE OFFICE OF COLLECTIVE BARGAINING",2021,1,0,,,1,,,TRUE
"DIRECTOR OF THE OFFICE OF COLLECTIVE BARGAINING",2022,1,0,,,1,,,TRUE
"DIRECTOR OF THE OFFICE OF COLLECTIVE BARGAINING",2023,1,0,,,1,,,TRUE
"DIRECTOR OF THE OFFICE OF COLLECTIVE BARGAINING",2024,1,0,,,1,,,TRUE
"DIRECTOR OF THE OFFICE OF COLLECTIVE BARGAINING",2025,1,0,,,1,,,TRUE
"DIRECTOR OF THE OFFICE OF CORRESPONDENCE",2023,0,1,,,1,,,TRUE
"DIRECTOR OF THE OFFICE OF CRIMINAL JUSTICE",2023,0,1,,,1,,,TRUE
"DIRECTOR OF THE OFFICE OF IMMIGRANT AFFAIRS",2023,0,1,,,1,,,TRUE
"DIRECTOR OF THE OFFICE OF SCHEDULING & EXECUTIVE OPERATIONS",2023,0,1,,,1,,,TRUE
"DIRECTOR OF THE OMBUDSMAN PROGRAM",2014,0,1,,,1,,,TRUE
"DIRECTOR OF THE OMBUDSMAN PROGRAM",2015,0,2,,,2,,,TRUE
"DIRECTOR OF THE OMBUDSMAN PROGRAM",2019,0,1,,,1,,,TRUE
"DIRECTOR OF THE OMBUDSMAN PROGRAM",2020,0,1,,,1,,,TRUE
"DIRECTOR OF THE OMBUDSMAN PROGRAM",2024,1,0,,,1,,,TRUE
"DIRECTOR OF THE OMBUDSMAN PROGRAM",2025,1,0,,,1,,,TRUE
"DIRECTOR OF TRAINING",2014,0,1,,,1,,,TRUE
"DIRECTOR OF TRAINING",2016,0,1,,,1,,,TRUE
"DIRECTOR OF TRAINING",2017,0,3,,,3,,,TRUE
"DIRECTOR OF TRAINING",2018,0,2,,,2,,,TRUE
"DIRECTOR OF URBAN ARCHAEOLOGY",2016,1,0,,,1,,,TRUE
"DIRECTOR OF URBAN ARCHAEOLOGY",2017,1,0,,,1,,,TRUE
"DIRECTOR OF URBAN ARCHAEOLOGY",2018,1,0,,,1,,,TRUE
"DIRECTOR OF URBAN ARCHAEOLOGY",2019,1,0,,,1,,,TRUE
"DIRECTOR OF URBAN ARCHAEOLOGY",2020,1,0,,,1,,,TRUE
"DIRECTOR OF URBAN ARCHAEOLOGY",2021,1,0,,,1,,,TRUE
"DIRECTOR OF URBAN ARCHAEOLOGY",2022,1,0,,,1,,,TRUE
"DIRECTOR OF URBAN ARCHAEOLOGY",2023,1,0,,,1,,,TRUE
"DIRECTOR OF URBAN ARCHAEOLOGY",2024,1,0,,,1,,,TRUE
"DIRECTOR OF URBAN ARCHAEOLOGY",2025,1,0,,,1,,,TRUE
"DIRECTOR OF URBAN PARK RANGER PROGRAM",2016,1,0,,,1,,,TRUE
"DIRECTOR OF URBAN PARK RANGER PROGRAM",2017,1,0,,,1,,,TRUE
"DIRECTOR OF URBAN PARK RANGER PROGRAM",2018,4,0,,,4,,,TRUE
"DIRECTOR OF URBAN PARK RANGER PROGRAM",2019,3,0,,,3,,,TRUE
"DIRECTOR OF URBAN PARK RANGER PROGRAM",2020,2,0,,,2,,,TRUE
"DIRECTOR OF URBAN PARK RANGER PROGRAM",2021,3,0,,,3,,,TRUE
"DIRECTOR OF URBAN PARK RANGER PROGRAM",2022,3,0,,,3,,,TRUE
"DIRECTOR OF URBAN PARK RANGER PROGRAM",2023,3,0,,,3,,,TRUE
"DIRECTOR OF URBAN PARK RANGER PROGRAM",2024,3,0,,,3,,,TRUE
"DIRECTOR OF URBAN PARK RANGER PROGRAM",2025,3,0,,,3,,,TRUE
"DIRECTOR OFFICE OF ADMINISTRATION",2022,0,1,,,1,,,TRUE
"DIRECTOR OFFICE OF COMMUNICATIONS",2014,0,1,,,1,,,TRUE
"DIRECTOR OFFICE OF COMMUNICATIONS",2015,0,1,,,1,,,TRUE
"DIRECTOR OFFICE OF COMMUNICATIONS",2018,0,1,,,1,,,TRUE
"DIRECTOR OFFICE OF COMMUNICATIONS",2019,0,1,,,1,,,TRUE
"DIRECTOR OFFICE OF OPERATIONS",2014,0,1,,,1,,,TRUE
"DIRECTOR OFFICE OF OPERATIONS",2015,0,1,,,1,,,TRUE
"DIRECTOR OFFICE OF OPERATIONS",2019,0,1,,,1,,,TRUE
"DIRECTOR OFFICE OF OPERATIONS",2020,0,1,,,1,,,TRUE
"DIRECTOR OFFICE OF POLICY",2018,0,1,,,1,,,TRUE
"DIRECTOR OFFICE OF POLICY",2019,0,1,,,1,,,TRUE
"DIRECTOR OR MANAGEMENT",2020,1,0,,,1,,,TRUE
"DIRECTOR OR MANAGEMENT",2021,1,0,,,1,,,TRUE
"DIRECTOR OR MANAGEMENT",2022,1,0,,,1,,,TRUE
"DIRECTOR OR MANAGEMENT",2024,0,1,,,1,,,TRUE
"DIRECTOR OR MANAGEMENT",2025,0,1,,,1,,,TRUE
"DIRECTOR PUBLIC AFFAIRS AND COMMUNICATION",2016,1,0,,,1,,,TRUE
"DIRECTOR PUBLIC AFFAIRS AND COMMUNICATION",2017,1,0,,,1,,,TRUE
"DIRECTOR PUBLIC AFFAIRS AND COMMUNICATION",2018,1,0,,,1,,,TRUE
"DIRECTOR PUBLIC AFFAIRS AND COMMUNICATION",2019,1,0,,,1,,,TRUE
"DIRECTOR PUBLIC AFFAIRS AND COMMUNICATION",2020,1,0,,,1,,,TRUE
"DIRECTOR PUBLIC AFFAIRS AND COMMUNICATION",2021,1,0,,,1,,,TRUE
"DIRECTOR URBAN ARCHAEOLOGY LPC",2014,1,0,,,1,,,TRUE
"DIRECTOR URBAN ARCHAEOLOGY LPC",2015,1,0,,,1,,,TRUE
"DISABILITY ACCOMMODATIONS SPECIALIST",2014,2,2,,,4,,,TRUE
"DISABILITY ACCOMMODATIONS SPECIALIST",2015,2,2,,,4,,,TRUE
"DISABILITY ACCOMMODATIONS SPECIALIST",2016,2,0,,,2,,,TRUE
"DISABILITY ACCOMMODATIONS SPECIALIST",2017,2,0,,,2,,,TRUE
"DISABILITY ACCOMMODATIONS SPECIALIST",2018,2,0,,,2,,,TRUE
"DISABILITY ACCOMMODATIONS SPECIALIST",2019,2,0,,,2,,,TRUE
"DISABILITY ACCOMMODATIONS SPECIALIST",2020,1,0,,,1,,,TRUE
"DISABILITY ACCOMMODATIONS SPECIALIST",2021,1,0,,,1,,,TRUE
"DISABILITY ACCOMMODATIONS SPECIALIST",2022,0,1,,,1,,,TRUE
"DISABILITY ACCOMMODATIONS SPECIALIST",2023,0,1,,,1,,,TRUE
"DISABILITY COORDINATOR",2024,0,1,,,1,,,TRUE
"DISABILITY COORDINATOR",2025,0,1,,,1,,,TRUE
"DISTINGUISHED LECTURER",2014,0,2,,,2,,,TRUE
"DISTINGUISHED LECTURER",2015,0,2,,,2,,,TRUE
"DISTINGUISHED LECTURER",2016,0,2,,,2,,,TRUE
"DISTINGUISHED LECTURER",2017,0,2,,,2,,,TRUE
"DISTINGUISHED PROFESSOR",2014,1,0,,,1,,,TRUE
"DISTINGUISHED PROFESSOR",2015,1,0,,,1,,,TRUE
"DISTINGUISHED PROFESSOR",2016,1,0,,,1,,,TRUE
"DISTINGUISHED PROFESSOR",2017,1,0,,,1,,,TRUE
"DISTINGUISHED PROFESSOR",2018,1,0,,,1,,,TRUE
"DISTRICT ATTORNEY",2014,3,1,,,4,,,TRUE
"DISTRICT ATTORNEY",2015,2,1,,,3,,,TRUE
"DISTRICT ATTORNEY",2016,1,2,,,3,,,TRUE
"DISTRICT ATTORNEY",2017,1,2,,,3,,,TRUE
"DISTRICT ATTORNEY",2018,2,0,,,2,,,TRUE
"DISTRICT ATTORNEY",2019,1,0,,,1,,,TRUE
"DISTRICT ATTORNEY",2020,2,1,,,3,,,TRUE
"DISTRICT ATTORNEY",2021,2,1,,,3,,,TRUE
"DISTRICT ATTORNEY",2022,1,1,,,2,,,TRUE
"DISTRICT ATTORNEY",2023,1,1,,,2,,,TRUE
"DISTRICT ATTORNEY",2024,1,0,,,1,,,TRUE
"DISTRICT ATTORNEY",2025,1,0,,,1,,,TRUE
"DISTRICT MANAGER",2014,34,5,,,39,,,TRUE
"DISTRICT MANAGER",2015,33,6,,,39,,,TRUE
"DISTRICT MANAGER",2016,31,9,,,40,,,TRUE
"DISTRICT MANAGER",2017,31,12,,,43,,,TRUE
"DISTRICT MANAGER",2018,30,12,,,42,,,TRUE
"DISTRICT MANAGER",2019,30,9,,,39,,,TRUE
"DISTRICT MANAGER",2020,30,2,,,32,,,TRUE
"DISTRICT MANAGER",2021,27,3,,,30,,,TRUE
"DISTRICT MANAGER",2022,27,4,,,31,,,TRUE
"DISTRICT MANAGER",2023,25,7,,,32,,,TRUE
"DISTRICT MANAGER",2024,24,11,,,35,,,TRUE
"DISTRICT MANAGER",2025,27,6,,,33,,,TRUE
"DISTRICT MANAGER OF ADMINISTRATION AND BUSINESS AFFAIRS",2014,13,0,,,13,,,TRUE
"DISTRICT MANAGER OF ADMINISTRATION AND BUSINESS AFFAIRS",2015,14,0,,,14,,,TRUE
"DISTRICT MANAGER OF ADMINISTRATION AND BUSINESS AFFAIRS",2016,14,0,,,14,,,TRUE
"DISTRICT MANAGER OF ADMINISTRATION AND BUSINESS AFFAIRS",2017,14,0,,,14,,,TRUE
"DISTRICT MANAGER OF ADMINISTRATION AND BUSINESS AFFAIRS",2018,15,0,,,15,,,TRUE
"DISTRICT MANAGER OF ADMINISTRATION AND BUSINESS AFFAIRS",2019,14,0,,,14,,,TRUE
"DISTRICT MANAGER OF ADMINISTRATION AND BUSINESS AFFAIRS",2020,14,0,,,14,,,TRUE
"DISTRICT MANAGER OF ADMINISTRATION AND BUSINESS AFFAIRS",2021,13,0,,,13,,,TRUE
"DISTRICT MANAGER OF ADMINISTRATION AND BUSINESS AFFAIRS",2022,13,0,,,13,,,TRUE
"DISTRICT MANAGER OF ADMINISTRATION AND BUSINESS AFFAIRS",2023,13,0,,,13,,,TRUE
"DISTRICT MANAGER OF ADMINISTRATION AND BUSINESS AFFAIRS",2024,11,0,,,11,,,TRUE
"DISTRICT MANAGER OF ADMINISTRATION AND BUSINESS AFFAIRS",2025,8,0,,,8,,,TRUE
"DISTRICT SUPERVISOR",2014,21,0,,,21,,,TRUE
"DISTRICT SUPERVISOR",2015,21,0,,,21,,,TRUE
"DISTRICT SUPERVISOR",2016,19,0,,,19,,,TRUE
"DISTRICT SUPERVISOR",2017,20,1,,,21,,,TRUE
"DISTRICT SUPERVISOR",2018,18,1,,,19,,,TRUE
"DISTRICT SUPERVISOR",2019,21,0,,,21,,,TRUE
"DISTRICT SUPERVISOR",2020,19,1,,,20,,,TRUE
"DISTRICT SUPERVISOR",2021,16,0,,,16,,,TRUE
"DISTRICT SUPERVISOR",2022,13,0,,,13,,,TRUE
"DISTRICT SUPERVISOR",2023,19,0,,,19,,,TRUE
"DISTRICT SUPERVISOR",2024,20,0,,,20,,,TRUE
"DISTRICT SUPERVISOR",2025,20,0,,,20,,,TRUE
"DOCKMASTER",2016,0,1,,,1,,,TRUE
"ECONOMIST",2014,6,0,,,6,,,TRUE
"ECONOMIST",2015,6,0,,,6,,,TRUE
"ECONOMIST",2016,6,1,,,7,,,TRUE
"ECONOMIST",2017,5,7,,,12,,,TRUE
"ECONOMIST",2018,4,13,,,17,,,TRUE
"ECONOMIST",2019,5,24,,,29,,,TRUE
"ECONOMIST",2020,5,59,,,64,,,TRUE
"ECONOMIST",2021,5,43,,,48,,,TRUE
"ECONOMIST",2022,5,28,,,33,,,TRUE
"ECONOMIST",2023,3,43,,,46,,,TRUE
"ECONOMIST",2024,5,21,,,26,,,TRUE
"ECONOMIST",2025,5,14,,,19,,,TRUE
"EDUCATION & VOCAT COUNSELOR",2014,2,3,,,5,,,TRUE
"EDUCATION & VOCAT COUNSELOR",2015,2,3,,,5,,,TRUE
"EDUCATION & VOCAT COUNSELOR",2016,2,0,,,2,,,TRUE
"EDUCATION & VOCAT COUNSELOR",2017,2,1,,,3,,,TRUE
"EDUCATION & VOCAT COUNSELOR",2018,2,0,,,2,,,TRUE
"EDUCATION & VOCAT COUNSELOR",2019,2,1,,,3,,,TRUE
"EDUCATION & VOCAT COUNSELOR",2020,2,1,,,3,,,TRUE
"EDUCATION & VOCAT COUNSELOR",2022,0,1,,,1,,,TRUE
"EDUCATION & VOCAT COUNSELOR",2023,0,1,,,1,,,TRUE
"EDUCATION & VOCAT COUNSELOR",2024,0,1,,,1,,,TRUE
"EDUCATION ANALYST",2014,6,4,,,10,,,TRUE
"EDUCATION ANALYST",2015,6,4,,,10,,,TRUE
"EDUCATION ANALYST",2016,5,2,,,7,,,TRUE
"EDUCATION ANALYST",2017,4,2,,,6,,,TRUE
"EDUCATION ANALYST",2018,3,7,,,10,,,TRUE
"EDUCATION ANALYST",2019,3,13,,,16,,,TRUE
"EDUCATION ANALYST",2020,4,27,,,31,,,TRUE
"EDUCATION ANALYST",2021,3,13,,,16,,,TRUE
"EDUCATION ANALYST",2022,2,1,,,3,,,TRUE
"EDUCATION ANALYST",2023,5,4,,,9,,,TRUE
"EDUCATION ANALYST",2024,7,4,,,11,,,TRUE
"EDUCATION ANALYST",2025,9,6,,,15,,,TRUE
"EDUCATION ANALYST TRAINEE",2014,3,3,,,6,,,TRUE
"EDUCATION ANALYST TRAINEE",2015,1,9,,,10,,,TRUE
"EDUCATION ANALYST TRAINEE",2016,1,16,,,17,,,TRUE
"EDUCATION ANALYST TRAINEE",2017,2,16,,,18,,,TRUE
"EDUCATION ANALYST TRAINEE",2018,3,12,,,15,,,TRUE
"EDUCATION ANALYST TRAINEE",2019,2,18,,,20,,,TRUE
"EDUCATION ANALYST TRAINEE",2020,1,16,,,17,,,TRUE
"EDUCATION ANALYST TRAINEE",2021,0,7,,,7,,,TRUE
"EDUCATION ANALYST TRAINEE",2022,0,6,,,6,,,TRUE
"EDUCATION ANALYST TRAINEE",2023,0,3,,,3,,,TRUE
"EDUCATION ANALYST TRAINEE",2024,0,2,,,2,,,TRUE
"EDUCATION ANALYST TRAINEE",2025,0,3,,,3,,,TRUE
"EDUCATION OFFICER",2014,32,26,,,58,,,TRUE
"EDUCATION OFFICER",2015,74,79,79688,67091,153,0.841920991868286,12597,FALSE
"EDUCATION OFFICER",2016,75,62,82469,65028,137,0.78851447210467,17441,FALSE
"EDUCATION OFFICER",2017,51,17,,,68,,,TRUE
"EDUCATION OFFICER",2018,36,22,,,58,,,TRUE
"EDUCATION OFFICER",2019,34,82,70371,73889,116,1.04999218428046,-3518,FALSE
"EDUCATION OFFICER",2020,29,58,,,87,,,TRUE
"EDUCATION OFFICER",2021,60,10,,,70,,,TRUE
"EDUCATION OFFICER",2022,56,3,,,59,,,TRUE
"EDUCATION OFFICER",2023,53,5,,,58,,,TRUE
"EDUCATION OFFICER",2024,56,4,,,60,,,TRUE
"EDUCATION OFFICER",2025,63,3,,,66,,,TRUE
"EDUCATIONAL ADMINISTRATOR",2017,783,18,,,801,,,TRUE
"EDUCATIONAL ADMINISTRATOR CSA",2014,633,14,,,647,,,TRUE
"EDUCATIONAL ADMINISTRATOR CSA",2015,598,14,,,612,,,TRUE
"EDUCATIONAL ADMINISTRATOR CSA",2016,733,14,,,747,,,TRUE
"EDUCATIONAL ADMINISTRATOR CSA",2018,846,11,,,857,,,TRUE
"EDUCATIONAL ADMINISTRATOR CSA",2019,895,10,,,905,,,TRUE
"EDUCATIONAL ADMINISTRATOR CSA",2020,922,10,,,932,,,TRUE
"EDUCATIONAL ADMINISTRATOR CSA",2021,909,10,,,919,,,TRUE
"EDUCATIONAL ADMINISTRATOR CSA",2022,879,17,,,896,,,TRUE
"EDUCATIONAL ADMINISTRATOR CSA",2023,896,16,,,912,,,TRUE
"EDUCATIONAL ADMINISTRATOR CSA",2024,946,5,,,951,,,TRUE
"EDUCATIONAL ADMINISTRATOR CSA",2025,983,0,,,983,,,TRUE
"EDUCATIONAL ADMINISTRATOR UFT",2014,5,0,,,5,,,TRUE
"EDUCATIONAL ADMINISTRATOR UFT",2015,4,0,,,4,,,TRUE
"EDUCATIONAL ADMINISTRATOR UFT",2016,6,0,,,6,,,TRUE
"EDUCATIONAL ADMINISTRATOR UFT",2017,5,1,,,6,,,TRUE
"EDUCATIONAL ADMINISTRATOR UFT",2018,5,1,,,6,,,TRUE
"EDUCATIONAL ADMINISTRATOR UFT",2019,6,0,,,6,,,TRUE
"EDUCATIONAL ADMINISTRATOR UFT",2020,5,0,,,5,,,TRUE
"EDUCATIONAL ADMINISTRATOR UFT",2021,5,0,,,5,,,TRUE
"EDUCATIONAL ADMINISTRATOR UFT",2022,5,0,,,5,,,TRUE
"EDUCATIONAL ADMINISTRATOR UFT",2023,6,0,,,6,,,TRUE
"EDUCATIONAL ADMINISTRATOR UFT",2024,6,0,,,6,,,TRUE
"EDUCATIONAL ADMINISTRATOR UFT",2025,6,0,,,6,,,TRUE
"EDUCATIONAL MANAGEMENT ASSOCIATE",2014,13,6,,,19,,,TRUE
"EDUCATIONAL MANAGEMENT ASSOCIATE",2015,9,4,,,13,,,TRUE
"EDUCATIONAL MANAGEMENT ASSOCIATE",2016,8,4,,,12,,,TRUE
"EDUCATIONAL MANAGEMENT ASSOCIATE",2017,11,3,,,14,,,TRUE
"EDUCATIONAL MANAGEMENT ASSOCIATE",2018,9,3,,,12,,,TRUE
"EDUCATIONAL MANAGEMENT ASSOCIATE",2019,8,4,,,12,,,TRUE
"EDUCATIONAL MANAGEMENT ASSOCIATE",2020,8,8,,,16,,,TRUE
"EDUCATIONAL MANAGEMENT ASSOCIATE",2021,8,3,,,11,,,TRUE
"EDUCATIONAL MANAGEMENT ASSOCIATE",2022,9,9,,,18,,,TRUE
"EDUCATIONAL MANAGEMENT ASSOCIATE",2023,3,6,,,9,,,TRUE
"EDUCATIONAL MANAGEMENT ASSOCIATE",2024,3,8,,,11,,,TRUE
"EDUCATIONAL MANAGEMENT ASSOCIATE",2025,3,9,,,12,,,TRUE
"ELECTRICAL ENGINEER",2014,20,1,,,21,,,TRUE
"ELECTRICAL ENGINEER",2015,21,0,,,21,,,TRUE
"ELECTRICAL ENGINEER",2016,19,4,,,23,,,TRUE
"ELECTRICAL ENGINEER",2017,17,8,,,25,,,TRUE
"ELECTRICAL ENGINEER",2018,7,6,,,13,,,TRUE
"ELECTRICAL ENGINEER",2019,5,4,,,9,,,TRUE
"ELECTRICAL ENGINEER",2020,6,3,,,9,,,TRUE
"ELECTRICAL ENGINEER",2021,5,1,,,6,,,TRUE
"ELECTRICAL ENGINEER",2022,3,2,,,5,,,TRUE
"ELECTRICAL ENGINEER",2023,3,3,,,6,,,TRUE
"ELECTRICAL ENGINEER",2024,3,5,,,8,,,TRUE
"ELECTRICAL ENGINEER",2025,4,1,,,5,,,TRUE
"ELECTRICAL ENGINEERING INTERN",2014,0,5,,,5,,,TRUE
"ELECTRICAL ENGINEERING INTERN",2015,0,5,,,5,,,TRUE
"ELECTRICAL ENGINEERING INTERN",2016,0,2,,,2,,,TRUE
"ELECTRICAL ENGINEERING INTERN",2017,0,3,,,3,,,TRUE
"ELECTRICAL ENGINEERING INTERN",2018,0,5,,,5,,,TRUE
"ELECTRICAL ENGINEERING INTERN",2019,0,16,,,16,,,TRUE
"ELECTRICAL ENGINEERING INTERN",2020,0,7,,,7,,,TRUE
"ELECTRICAL ENGINEERING INTERN",2021,0,2,,,2,,,TRUE
"ELECTRICAL ENGINEERING INTERN",2022,0,1,,,1,,,TRUE
"ELECTRICAL ENGINEERING INTERN",2023,0,7,,,7,,,TRUE
"ELECTRICAL ENGINEERING INTERN",2024,0,6,,,6,,,TRUE
"ELECTRICAL ENGINEERING INTERN",2025,0,6,,,6,,,TRUE
"ELIGIBILITY SPECIALIST",2014,1009,379,36745,31828,1388,0.866185875629337,4917,FALSE
"ELIGIBILITY SPECIALIST",2015,930,360,38547,33284,1290,0.863465379925805,5263,FALSE
"ELIGIBILITY SPECIALIST",2016,897,326,39540,34117,1223,0.86284774911482,5423,FALSE
"ELIGIBILITY SPECIALIST",2017,859,231,40730,35141,1090,0.862779278173337,5589,FALSE
"ELIGIBILITY SPECIALIST",2018,893,426,40706,35140,1319,0.86326340097283,5566,FALSE
"ELIGIBILITY SPECIALIST",2019,932,413,42554,36649,1345,0.861235136532406,5905,FALSE
"ELIGIBILITY SPECIALIST",2020,970,260,43750,37748,1230,0.862811428571429,6002,FALSE
"ELIGIBILITY SPECIALIST",2021,1004,98,43750,37748,1102,0.862811428571429,6002,FALSE
"ELIGIBILITY SPECIALIST",2022,943,122,43668,37748,1065,0.864431620408537,5920,FALSE
"ELIGIBILITY SPECIALIST",2023,875,439,47876,41247,1314,0.861538140195505,6629,FALSE
"ELIGIBILITY SPECIALIST",2024,801,565,49371,42485,1366,0.86052540965344,6886,FALSE
"ELIGIBILITY SPECIALIST",2025,777,421,50939,43866,1198,0.86114764718585,7073,FALSE
"EMERGENCY MEDICAL SPECIALIST EMT",2014,597,784,48153,33740,1381,0.700683238842855,14413,FALSE
"EMERGENCY MEDICAL SPECIALIST EMT",2015,637,726,48153,31931,1363,0.663115486054867,16222,FALSE
"EMERGENCY MEDICAL SPECIALIST EMT",2016,654,915,48153,31931,1569,0.663115486054867,16222,FALSE
"EMERGENCY MEDICAL SPECIALIST EMT",2017,668,928,51600,34217,1596,0.66312015503876,17383,FALSE
"EMERGENCY MEDICAL SPECIALIST EMT",2018,675,978,53163,37250,1653,0.700675281680868,15913,FALSE
"EMERGENCY MEDICAL SPECIALIST EMT",2019,657,937,53163,35254,1594,0.663130372627579,17909,FALSE
"EMERGENCY MEDICAL SPECIALIST EMT",2020,652,800,53163,37250,1452,0.700675281680868,15913,FALSE
"EMERGENCY MEDICAL SPECIALIST EMT",2021,648,679,53163,35254,1327,0.663130372627579,17909,FALSE
"EMERGENCY MEDICAL SPECIALIST EMT",2022,592,639,62393,41617,1231,0.66701392784447,20776,FALSE
"EMERGENCY MEDICAL SPECIALIST EMT",2023,613,691,62393,41617,1304,0.66701392784447,20776,FALSE
"EMERGENCY MEDICAL SPECIALIST EMT",2024,580,802,61588.5,39386,1382,0.639502504526007,22202.5,FALSE
"EMERGENCY MEDICAL SPECIALIST EMT",2025,573,517,59534,41617,1090,0.699045923337925,17917,FALSE
"EMERGENCY MEDICAL SPECIALIST PARAMEDIC",2014,330,74,59658,48127,404,0.806714941835127,11531,FALSE
"EMERGENCY MEDICAL SPECIALIST PARAMEDIC",2015,329,47,59658,43690,376,0.732341010426095,15968,FALSE
"EMERGENCY MEDICAL SPECIALIST PARAMEDIC",2016,354,58,59658,48127,412,0.806714941835127,11531,FALSE
"EMERGENCY MEDICAL SPECIALIST PARAMEDIC",2017,339,67,63929,46818,406,0.732343693785293,17111,FALSE
"EMERGENCY MEDICAL SPECIALIST PARAMEDIC",2018,339,51,65866,53135,390,0.806713630704764,12731,FALSE
"EMERGENCY MEDICAL SPECIALIST PARAMEDIC",2019,347,0,,,347,,,TRUE
"EMERGENCY MEDICAL SPECIALIST PARAMEDIC",2020,345,1,,,346,,,TRUE
"EMERGENCY MEDICAL SPECIALIST PARAMEDIC",2021,352,0,,,352,,,TRUE
"EMERGENCY MEDICAL SPECIALIST PARAMEDIC",2022,376,3,,,379,,,TRUE
"EMERGENCY MEDICAL SPECIALIST PARAMEDIC",2023,440,0,,,440,,,TRUE
"EMERGENCY MEDICAL SPECIALIST PARAMEDIC",2024,464,0,,,464,,,TRUE
"EMERGENCY MEDICAL SPECIALIST PARAMEDIC",2025,503,4,,,507,,,TRUE
"EMERGENCY MEDICAL SPECIALIST TRAINEE",2018,0,85,,,85,,,TRUE
"EMERGENCY MEDICAL SPECIALIST TRAINEE",2019,0,1,,,1,,,TRUE
"EMERGENCY MEDICAL SPECIALIST TRAINEE",2020,0,7,,,7,,,TRUE
"EMERGENCY MEDICAL SPECIALIST TRAINEE",2022,0,167,,,167,,,TRUE
"EMERGENCY MEDICAL SPECIALIST TRAINEE",2023,0,164,,,164,,,TRUE
"EMERGENCY MEDICAL SPECIALIST TRAINEE",2024,0,33,,,33,,,TRUE
"EMERGENCY MEDICAL SPECIALIST TRAINEE",2025,0,119,,,119,,,TRUE
"EMERGENCY PREPARDNESS MANAGER",2024,22,9,,,31,,,TRUE
"EMERGENCY PREPARDNESS MANAGER",2025,27,6,,,33,,,TRUE
"EMERGENCY PREPAREDNESS MANAGER",2014,2,7,,,9,,,TRUE
"EMERGENCY PREPAREDNESS MANAGER",2015,7,12,,,19,,,TRUE
"EMERGENCY PREPAREDNESS MANAGER",2016,12,14,,,26,,,TRUE
"EMERGENCY PREPAREDNESS MANAGER",2017,13,6,,,19,,,TRUE
"EMERGENCY PREPAREDNESS MANAGER",2018,19,9,,,28,,,TRUE
"EMERGENCY PREPAREDNESS MANAGER",2019,21,11,,,32,,,TRUE
"EMERGENCY PREPAREDNESS MANAGER",2020,20,12,,,32,,,TRUE
"EMERGENCY PREPAREDNESS MANAGER",2021,20,12,,,32,,,TRUE
"EMERGENCY PREPAREDNESS MANAGER",2022,19,7,,,26,,,TRUE
"EMERGENCY PREPAREDNESS MANAGER",2023,22,9,,,31,,,TRUE
"EMERGENCY PREPAREDNESS SPECIALIST",2014,1,33,,,34,,,TRUE
"EMERGENCY PREPAREDNESS SPECIALIST",2015,3,58,,,61,,,TRUE
"EMERGENCY PREPAREDNESS SPECIALIST",2016,3,52,,,55,,,TRUE
"EMERGENCY PREPAREDNESS SPECIALIST",2017,3,45,,,48,,,TRUE
"EMERGENCY PREPAREDNESS SPECIALIST",2018,5,56,,,61,,,TRUE
"EMERGENCY PREPAREDNESS SPECIALIST",2019,5,44,,,49,,,TRUE
"EMERGENCY PREPAREDNESS SPECIALIST",2020,6,45,,,51,,,TRUE
"EMERGENCY PREPAREDNESS SPECIALIST",2021,8,34,,,42,,,TRUE
"EMERGENCY PREPAREDNESS SPECIALIST",2022,8,50,,,58,,,TRUE
"EMERGENCY PREPAREDNESS SPECIALIST",2023,8,59,,,67,,,TRUE
"EMERGENCY PREPAREDNESS SPECIALIST",2024,7,49,,,56,,,TRUE
"EMERGENCY PREPAREDNESS SPECIALIST",2025,8,53,,,61,,,TRUE
"EMERGENCY SERVICE AIDE",2014,27,21,,,48,,,TRUE
"EMERGENCY SERVICE AIDE",2015,23,31,,,54,,,TRUE
"EMERGENCY SERVICE AIDE",2016,21,27,,,48,,,TRUE
"EMERGENCY SERVICE AIDE",2017,23,16,,,39,,,TRUE
"EMERGENCY SERVICE AIDE",2018,23,10,,,33,,,TRUE
"EMERGENCY SERVICE AIDE",2019,24,9,,,33,,,TRUE
"EMERGENCY SERVICE AIDE",2020,20,18,,,38,,,TRUE
"EMERGENCY SERVICE AIDE",2021,18,14,,,32,,,TRUE
"EMERGENCY SERVICE AIDE",2022,17,9,,,26,,,TRUE
"EMERGENCY SERVICE AIDE",2023,15,10,,,25,,,TRUE
"EMERGENCY SERVICE AIDE",2024,11,15,,,26,,,TRUE
"EMERGENCY SERVICE AIDE",2025,11,19,,,30,,,TRUE
"EMPLOYEE ASSISTANCE PROGRAM SPECIALIST",2014,4,2,,,6,,,TRUE
"EMPLOYEE ASSISTANCE PROGRAM SPECIALIST",2015,8,2,,,10,,,TRUE
"EMPLOYEE ASSISTANCE PROGRAM SPECIALIST",2016,7,3,,,10,,,TRUE
"EMPLOYEE ASSISTANCE PROGRAM SPECIALIST",2017,7,5,,,12,,,TRUE
"EMPLOYEE ASSISTANCE PROGRAM SPECIALIST",2018,4,5,,,9,,,TRUE
"EMPLOYEE ASSISTANCE PROGRAM SPECIALIST",2019,4,2,,,6,,,TRUE
"EMPLOYEE ASSISTANCE PROGRAM SPECIALIST",2020,5,3,,,8,,,TRUE
"EMPLOYEE ASSISTANCE PROGRAM SPECIALIST",2021,5,2,,,7,,,TRUE
"EMPLOYEE ASSISTANCE PROGRAM SPECIALIST",2022,3,0,,,3,,,TRUE
"EMPLOYEE ASSISTANCE PROGRAM SPECIALIST",2023,4,1,,,5,,,TRUE
"EMPLOYEE ASSISTANCE PROGRAM SPECIALIST",2024,4,3,,,7,,,TRUE
"EMPLOYEE ASSISTANCE PROGRAM SPECIALIST",2025,4,2,,,6,,,TRUE
"EMPLOYEE HEALTH BENEFITS PROGRAM DIRECTOR",2014,1,0,,,1,,,TRUE
"EMPLOYEE HEALTH BENEFITS PROGRAM DIRECTOR",2015,1,0,,,1,,,TRUE
"EMPLOYEE HEALTH BENEFITS PROGRAM DIRECTOR",2016,1,0,,,1,,,TRUE
"EMPLOYEE HEALTH BENEFITS PROGRAM DIRECTOR",2017,1,0,,,1,,,TRUE
"EMPLOYEE HEALTH BENEFITS PROGRAM DIRECTOR",2018,1,0,,,1,,,TRUE
"EMPLOYEE HEALTH BENEFITS PROGRAM DIRECTOR",2019,1,0,,,1,,,TRUE
"EMPLOYEE HEALTH BENEFITS PROGRAM DIRECTOR",2020,1,0,,,1,,,TRUE
"EMPLOYEE HEALTH BENEFITS PROGRAM DIRECTOR",2021,1,0,,,1,,,TRUE
"EMPLOYEE HEALTH BENEFITS PROGRAM DIRECTOR",2022,1,0,,,1,,,TRUE
"EMPLOYEE HEALTH BENEFITS PROGRAM DIRECTOR",2023,1,0,,,1,,,TRUE
"EMPLOYEE HEALTH BENEFITS PROGRAM DIRECTOR",2024,1,0,,,1,,,TRUE
"EMPLOYEE HEALTH BENEFITS PROGRAM DIRECTOR",2025,1,0,,,1,,,TRUE
"ENERGY CONSERVATION SPECIALIST",2024,0,4,,,4,,,TRUE
"ENERGY CONSERVATION SPECIALIST",2025,1,27,,,28,,,TRUE
"ENGINEERING TECHNICIAN",2014,65,15,,,80,,,TRUE
"ENGINEERING TECHNICIAN",2015,61,15,,,76,,,TRUE
"ENGINEERING TECHNICIAN",2016,57,11,,,68,,,TRUE
"ENGINEERING TECHNICIAN",2017,53,37,60300,36239,90,0.600978441127695,24061,FALSE
"ENGINEERING TECHNICIAN",2018,47,30,60333,36239,77,0.60064972734656,24094,FALSE
"ENGINEERING TECHNICIAN",2019,44,26,,,70,,,TRUE
"ENGINEERING TECHNICIAN",2020,45,34,65700,38930,79,0.592541856925419,26770,FALSE
"ENGINEERING TECHNICIAN",2021,45,16,,,61,,,TRUE
"ENGINEERING TECHNICIAN",2022,41,18,,,59,,,TRUE
"ENGINEERING TECHNICIAN",2023,37,22,,,59,,,TRUE
"ENGINEERING TECHNICIAN",2024,37,18,,,55,,,TRUE
"ENGINEERING TECHNICIAN",2025,29,16,,,45,,,TRUE
"ENGINEERING WORK STUDY TRAINEE",2018,0,1,,,1,,,TRUE
"ENVIRONMENTAL ENGINEER",2014,3,3,,,6,,,TRUE
"ENVIRONMENTAL ENGINEER",2015,3,2,,,5,,,TRUE
"ENVIRONMENTAL ENGINEER",2016,3,1,,,4,,,TRUE
"ENVIRONMENTAL ENGINEER",2017,3,2,,,5,,,TRUE
"ENVIRONMENTAL ENGINEER",2018,2,1,,,3,,,TRUE
"ENVIRONMENTAL ENGINEER",2019,2,0,,,2,,,TRUE
"ENVIRONMENTAL ENGINEER",2020,2,0,,,2,,,TRUE
"ENVIRONMENTAL ENGINEER",2021,2,0,,,2,,,TRUE
"ENVIRONMENTAL ENGINEER",2022,1,2,,,3,,,TRUE
"ENVIRONMENTAL ENGINEER",2023,1,2,,,3,,,TRUE
"ENVIRONMENTAL ENGINEER",2024,2,1,,,3,,,TRUE
"ENVIRONMENTAL ENGINEER",2025,4,0,,,4,,,TRUE
"ENVIRONMENTAL ENGINEERING INTERN",2014,0,15,,,15,,,TRUE
"ENVIRONMENTAL ENGINEERING INTERN",2015,0,1,,,1,,,TRUE
"ENVIRONMENTAL ENGINEERING INTERN",2016,0,2,,,2,,,TRUE
"ENVIRONMENTAL ENGINEERING INTERN",2017,0,18,,,18,,,TRUE
"ENVIRONMENTAL ENGINEERING INTERN",2018,0,8,,,8,,,TRUE
"ENVIRONMENTAL ENGINEERING INTERN",2019,0,25,,,25,,,TRUE
"ENVIRONMENTAL ENGINEERING INTERN",2020,0,16,,,16,,,TRUE
"ENVIRONMENTAL ENGINEERING INTERN",2021,0,2,,,2,,,TRUE
"ENVIRONMENTAL ENGINEERING INTERN",2022,0,2,,,2,,,TRUE
"ENVIRONMENTAL ENGINEERING INTERN",2023,0,9,,,9,,,TRUE
"ENVIRONMENTAL ENGINEERING INTERN",2024,0,34,,,34,,,TRUE
"ENVIRONMENTAL ENGINEERING INTERN",2025,0,22,,,22,,,TRUE
"ENVIRONMENTAL HEALTH TECHNICIAN",2017,0,3,,,3,,,TRUE
"ENVIRONMENTAL HEALTH TECHNICIAN",2018,1,3,,,4,,,TRUE
"ENVIRONMENTAL HEALTH TECHNICIAN",2019,1,0,,,1,,,TRUE
"ENVIRONMENTAL HEALTH TECHNICIAN",2020,1,0,,,1,,,TRUE
"ENVIRONMENTAL HEALTH TECHNICIAN",2021,1,0,,,1,,,TRUE
"ENVIRONMENTAL HEALTH TECHNICIAN",2022,1,0,,,1,,,TRUE
"ENVIRONMENTAL HEALTH TECHNICIAN",2023,1,0,,,1,,,TRUE
"ENVIRONMENTAL HEALTH TECHNICIAN",2024,1,0,,,1,,,TRUE
"ENVIRONMENTAL HEALTH TECHNICIAN",2025,1,0,,,1,,,TRUE
"ENVIRONMENTAL POLICE OFFICER",2014,93,26,,,119,,,TRUE
"ENVIRONMENTAL POLICE OFFICER",2015,92,16,,,108,,,TRUE
"ENVIRONMENTAL POLICE OFFICER",2016,99,30,63631,41922,129,0.658829815655891,21709,FALSE
"ENVIRONMENTAL POLICE OFFICER",2017,113,20,,,133,,,TRUE
"ENVIRONMENTAL POLICE OFFICER",2018,109,38,64397,48093,147,0.746820504060748,16304,FALSE
"ENVIRONMENTAL POLICE OFFICER",2019,115,35,64397,49645,150,0.770921005636909,14752,FALSE
"ENVIRONMENTAL POLICE OFFICER",2020,126,38,64397,41922,164,0.650993058682858,22475,FALSE
"ENVIRONMENTAL POLICE OFFICER",2021,125,35,64397,48093,160,0.746820504060748,16304,FALSE
"ENVIRONMENTAL POLICE OFFICER",2022,121,19,,,140,,,TRUE
"ENVIRONMENTAL POLICE OFFICER",2023,120,13,,,133,,,TRUE
"ENVIRONMENTAL POLICE OFFICER",2024,114,6,,,120,,,TRUE
"ENVIRONMENTAL POLICE OFFICER",2025,109,4,,,113,,,TRUE
"ENVIRONMENTAL POLICE OFFICER MANAGERIAL",2014,6,0,,,6,,,TRUE
"ENVIRONMENTAL POLICE OFFICER MANAGERIAL",2015,6,0,,,6,,,TRUE
"ENVIRONMENTAL POLICE OFFICER MANAGERIAL",2016,6,0,,,6,,,TRUE
"ENVIRONMENTAL POLICE OFFICER MANAGERIAL",2017,6,0,,,6,,,TRUE
"ENVIRONMENTAL POLICE OFFICER MANAGERIAL",2018,10,0,,,10,,,TRUE
"ENVIRONMENTAL POLICE OFFICER MANAGERIAL",2019,10,0,,,10,,,TRUE
"ENVIRONMENTAL POLICE OFFICER MANAGERIAL",2020,10,0,,,10,,,TRUE
"ENVIRONMENTAL POLICE OFFICER MANAGERIAL",2021,10,0,,,10,,,TRUE
"ENVIRONMENTAL POLICE OFFICER MANAGERIAL",2022,11,0,,,11,,,TRUE
"ENVIRONMENTAL POLICE OFFICER MANAGERIAL",2023,11,0,,,11,,,TRUE
"ENVIRONMENTAL POLICE OFFICER MANAGERIAL",2024,11,0,,,11,,,TRUE
"ENVIRONMENTAL POLICE OFFICER MANAGERIAL",2025,11,0,,,11,,,TRUE
"EOC ACCOUNTANT",2014,0,2,,,2,,,TRUE
"EOC ACCOUNTING ASSISTANT",2019,0,1,,,1,,,TRUE
"EOC ACCOUNTING ASSISTANT",2024,0,1,,,1,,,TRUE
"EOC ACCOUNTING ASSISTANT",2025,0,1,,,1,,,TRUE
"EOC ADMINISTRATIVE ASSISTANT",2019,2,0,,,2,,,TRUE
"EOC ADMINISTRATIVE ASSISTANT",2020,2,0,,,2,,,TRUE
"EOC ADMINISTRATIVE ASSISTANT",2021,2,0,,,2,,,TRUE
"EOC ADMINISTRATIVE ASSISTANT",2022,2,0,,,2,,,TRUE
"EOC ADMINISTRATIVE ASSISTANT",2023,2,0,,,2,,,TRUE
"EOC ADMINISTRATIVE ASSISTANT",2024,2,0,,,2,,,TRUE
"EOC ADMINISTRATIVE ASSISTANT",2025,2,0,,,2,,,TRUE
"EOC ASSISTANT TO HEO",2014,0,3,,,3,,,TRUE
"EOC ASSISTANT TO HEO",2015,1,4,,,5,,,TRUE
"EOC ASSISTANT TO HEO",2016,1,5,,,6,,,TRUE
"EOC ASSISTANT TO HEO",2017,1,6,,,7,,,TRUE
"EOC ASSISTANT TO HEO",2018,1,10,,,11,,,TRUE
"EOC ASSISTANT TO HEO",2019,0,5,,,5,,,TRUE
"EOC ASSISTANT TO HEO",2020,0,6,,,6,,,TRUE
"EOC ASSISTANT TO HEO",2021,0,6,,,6,,,TRUE
"EOC ASSISTANT TO HEO",2022,0,1,,,1,,,TRUE
"EOC ASSISTANT TO HEO",2023,0,2,,,2,,,TRUE
"EOC ASSISTANT TO HEO",2024,2,4,,,6,,,TRUE
"EOC ASSISTANT TO HEO",2025,1,5,,,6,,,TRUE
"EOC COLLEGE LAB TECHNICIAN",2014,1,0,,,1,,,TRUE
"EOC COLLEGE LAB TECHNICIAN",2015,1,0,,,1,,,TRUE
"EOC COLLEGE LAB TECHNICIAN",2016,1,0,,,1,,,TRUE
"EOC COLLEGE LAB TECHNICIAN",2017,1,0,,,1,,,TRUE
"EOC COLLEGE LAB TECHNICIAN",2018,1,0,,,1,,,TRUE
"EOC COLLEGE LAB TECHNICIAN",2019,3,0,,,3,,,TRUE
"EOC COLLEGE LAB TECHNICIAN",2020,2,0,,,2,,,TRUE
"EOC COLLEGE LAB TECHNICIAN",2021,2,0,,,2,,,TRUE
"EOC COLLEGE LAB TECHNICIAN",2022,3,0,,,3,,,TRUE
"EOC COLLEGE LAB TECHNICIAN",2023,3,0,,,3,,,TRUE
"EOC COLLEGE LAB TECHNICIAN",2024,3,0,,,3,,,TRUE
"EOC COLLEGE LAB TECHNICIAN",2025,3,0,,,3,,,TRUE
"EOC CUSTODIAL ASSISTANT",2014,0,2,,,2,,,TRUE
"EOC CUSTODIAL ASSISTANT",2015,0,2,,,2,,,TRUE
"EOC CUSTODIAL ASSISTANT",2022,0,1,,,1,,,TRUE
"EOC CUSTODIAL ASSISTANT",2023,0,1,,,1,,,TRUE
"EOC CUSTODIAL ASSISTANT",2024,1,0,,,1,,,TRUE
"EOC CUSTODIAL ASSISTANT",2025,1,0,,,1,,,TRUE
"EOC CUSTODIAL SUPERVISOR",2014,0,1,,,1,,,TRUE
"EOC CUSTODIAL SUPERVISOR",2015,0,1,,,1,,,TRUE
"EOC HIGHER EDUCATION ASSISTANT",2019,5,0,,,5,,,TRUE
"EOC HIGHER EDUCATION ASSISTANT",2020,5,0,,,5,,,TRUE
"EOC HIGHER EDUCATION ASSISTANT",2021,6,0,,,6,,,TRUE
"EOC HIGHER EDUCATION ASSISTANT",2022,5,0,,,5,,,TRUE
"EOC HIGHER EDUCATION ASSISTANT",2023,5,0,,,5,,,TRUE
"EOC HIGHER EDUCATION ASSISTANT",2024,5,0,,,5,,,TRUE
"EOC HIGHER EDUCATION ASSISTANT",2025,5,0,,,5,,,TRUE
"EOC HIGHER EDUCATION ASSOCIATE",2014,1,0,,,1,,,TRUE
"EOC HIGHER EDUCATION ASSOCIATE",2015,1,2,,,3,,,TRUE
"EOC HIGHER EDUCATION ASSOCIATE",2016,1,1,,,2,,,TRUE
"EOC HIGHER EDUCATION ASSOCIATE",2017,1,0,,,1,,,TRUE
"EOC HIGHER EDUCATION ASSOCIATE",2018,1,0,,,1,,,TRUE
"EOC HIGHER EDUCATION ASSOCIATE",2019,2,0,,,2,,,TRUE
"EOC HIGHER EDUCATION ASSOCIATE",2020,2,0,,,2,,,TRUE
"EOC HIGHER EDUCATION ASSOCIATE",2021,2,0,,,2,,,TRUE
"EOC HIGHER EDUCATION ASSOCIATE",2022,2,0,,,2,,,TRUE
"EOC HIGHER EDUCATION ASSOCIATE",2023,2,0,,,2,,,TRUE
"EOC HIGHER EDUCATION ASSOCIATE",2024,2,0,,,2,,,TRUE
"EOC HIGHER EDUCATION ASSOCIATE",2025,3,0,,,3,,,TRUE
"EOC HIGHER EDUCATION OFFICER",2014,0,1,,,1,,,TRUE
"EOC HIGHER EDUCATION OFFICER",2015,0,1,,,1,,,TRUE
"EOC HIGHER EDUCATION OFFICER",2017,1,0,,,1,,,TRUE
"EOC HIGHER EDUCATION OFFICER",2018,1,1,,,2,,,TRUE
"EOC HIGHER EDUCATION OFFICER",2019,3,1,,,4,,,TRUE
"EOC HIGHER EDUCATION OFFICER",2020,3,0,,,3,,,TRUE
"EOC HIGHER EDUCATION OFFICER",2021,3,0,,,3,,,TRUE
"EOC HIGHER EDUCATION OFFICER",2022,4,1,,,5,,,TRUE
"EOC HIGHER EDUCATION OFFICER",2023,4,2,,,6,,,TRUE
"EOC HIGHER EDUCATION OFFICER",2024,5,1,,,6,,,TRUE
"EOC HIGHER EDUCATION OFFICER",2025,4,0,,,4,,,TRUE
"EOC IT ASSISTANT",2024,0,1,,,1,,,TRUE
"EOC IT SUPPORT ASSISTANT",2020,0,1,,,1,,,TRUE
"EOC IT SUPPORT ASSISTANT",2021,0,1,,,1,,,TRUE
"EOC LECTURER",2014,1,0,,,1,,,TRUE
"EOC LECTURER",2015,1,0,,,1,,,TRUE
"EOC LECTURER",2016,1,0,,,1,,,TRUE
"EOC LECTURER",2017,1,0,,,1,,,TRUE
"EOC LECTURER",2018,0,1,,,1,,,TRUE
"EOC LECTURER",2019,5,3,,,8,,,TRUE
"EOC LECTURER",2020,5,1,,,6,,,TRUE
"EOC LECTURER",2021,6,0,,,6,,,TRUE
"EOC LECTURER",2022,3,0,,,3,,,TRUE
"EOC LECTURER",2023,3,1,,,4,,,TRUE
"EOC LECTURER",2024,3,1,,,4,,,TRUE
"EOC LECTURER",2025,3,1,,,4,,,TRUE
"EOC LECTURER/ DOCTRAL SCHEDULE",2019,2,0,,,2,,,TRUE
"EOC LECTURER/ DOCTRAL SCHEDULE",2020,2,0,,,2,,,TRUE
"EOC LECTURER/ DOCTRAL SCHEDULE",2021,2,0,,,2,,,TRUE
"EOC LECTURER/ DOCTRAL SCHEDULE",2022,3,0,,,3,,,TRUE
"EOC LECTURER/ DOCTRAL SCHEDULE",2023,2,0,,,2,,,TRUE
"EOC LECTURER/ DOCTRAL SCHEDULE",2024,2,0,,,2,,,TRUE
"EOC LECTURER/ DOCTRAL SCHEDULE",2025,2,0,,,2,,,TRUE
"EOC MAIL/MESSAGE SERVICES WORKER",2019,1,0,,,1,,,TRUE
"EOC MAIL/MESSAGE SERVICES WORKER",2020,1,0,,,1,,,TRUE
"EOC MAIL/MESSAGE SERVICES WORKER",2021,1,0,,,1,,,TRUE
"EOC MAIL/MESSAGE SERVICES WORKER",2022,1,0,,,1,,,TRUE
"EOC MAIL/MESSAGE SERVICES WORKER",2024,0,1,,,1,,,TRUE
"EOC MAIL/MESSAGE SERVICES WORKER",2025,0,1,,,1,,,TRUE
"EOC OFFICE ASSISTANT",2014,0,4,,,4,,,TRUE
"EOC OFFICE ASSISTANT",2015,0,5,,,5,,,TRUE
"EOC OFFICE ASSISTANT",2016,1,4,,,5,,,TRUE
"EOC OFFICE ASSISTANT",2017,1,6,,,7,,,TRUE
"EOC OFFICE ASSISTANT",2018,1,5,,,6,,,TRUE
"EOC OFFICE ASSISTANT",2019,8,2,,,10,,,TRUE
"EOC OFFICE ASSISTANT",2020,7,1,,,8,,,TRUE
"EOC OFFICE ASSISTANT",2021,7,1,,,8,,,TRUE
"EOC OFFICE ASSISTANT",2022,6,0,,,6,,,TRUE
"EOC OFFICE ASSISTANT",2023,5,1,,,6,,,TRUE
"EOC OFFICE ASSISTANT",2024,6,2,,,8,,,TRUE
"EOC OFFICE ASSISTANT",2025,5,5,,,10,,,TRUE
"EQUAL EMPLOYMENT OPPORTUNITY OFFICER",2018,1,0,,,1,,,TRUE
"EQUAL EMPLOYMENT OPPORTUNITY OFFICER",2019,1,0,,,1,,,TRUE
"EQUAL EMPLOYMENT OPPORTUNITY OFFICER",2020,1,0,,,1,,,TRUE
"EQUAL EMPLOYMENT OPPORTUNITY OFFICER",2021,1,0,,,1,,,TRUE
"EQUAL EMPLOYMENT OPPORTUNITY OFFICER",2022,1,0,,,1,,,TRUE
"EQUAL RIGHTS COMPLIANCE SPECIALIST",2014,1,11,,,12,,,TRUE
"EQUAL RIGHTS COMPLIANCE SPECIALIST",2015,1,8,,,9,,,TRUE
"EQUAL RIGHTS COMPLIANCE SPECIALIST",2016,1,9,,,10,,,TRUE
"EQUAL RIGHTS COMPLIANCE SPECIALIST",2017,1,11,,,12,,,TRUE
"EQUAL RIGHTS COMPLIANCE SPECIALIST",2018,1,6,,,7,,,TRUE
"EQUAL RIGHTS COMPLIANCE SPECIALIST",2019,2,11,,,13,,,TRUE
"EQUAL RIGHTS COMPLIANCE SPECIALIST",2020,2,11,,,13,,,TRUE
"EQUAL RIGHTS COMPLIANCE SPECIALIST",2021,2,1,,,3,,,TRUE
"EQUAL RIGHTS COMPLIANCE SPECIALIST",2022,2,0,,,2,,,TRUE
"EQUAL RIGHTS COMPLIANCE SPECIALIST",2023,3,4,,,7,,,TRUE
"EQUAL RIGHTS COMPLIANCE SPECIALIST",2024,3,5,,,8,,,TRUE
"EQUAL RIGHTS COMPLIANCE SPECIALIST",2025,2,8,,,10,,,TRUE
"ESTIMATOR",2014,6,0,,,6,,,TRUE
"ESTIMATOR",2015,8,3,,,11,,,TRUE
"ESTIMATOR",2016,7,6,,,13,,,TRUE
"ESTIMATOR",2017,5,5,,,10,,,TRUE
"ESTIMATOR",2018,6,6,,,12,,,TRUE
"ESTIMATOR",2019,5,5,,,10,,,TRUE
"ESTIMATOR",2020,4,1,,,5,,,TRUE
"ESTIMATOR",2021,4,0,,,4,,,TRUE
"ESTIMATOR",2022,6,0,,,6,,,TRUE
"ESTIMATOR",2023,7,1,,,8,,,TRUE
"ESTIMATOR",2024,6,0,,,6,,,TRUE
"ESTIMATOR",2025,6,5,,,11,,,TRUE
"EVIDENCE AND PROPERTY CONTROL SPECIALIST",2014,75,3,,,78,,,TRUE
"EVIDENCE AND PROPERTY CONTROL SPECIALIST",2015,73,4,,,77,,,TRUE
"EVIDENCE AND PROPERTY CONTROL SPECIALIST",2016,73,5,,,78,,,TRUE
"EVIDENCE AND PROPERTY CONTROL SPECIALIST",2017,91,36,54170,47796,127,0.882333394868008,6374,FALSE
"EVIDENCE AND PROPERTY CONTROL SPECIALIST",2018,93,55,54230,47796,148,0.881357182371381,6434,FALSE
"EVIDENCE AND PROPERTY CONTROL SPECIALIST",2019,93,28,,,121,,,TRUE
"EVIDENCE AND PROPERTY CONTROL SPECIALIST",2020,101,22,,,123,,,TRUE
"EVIDENCE AND PROPERTY CONTROL SPECIALIST",2021,105,16,,,121,,,TRUE
"EVIDENCE AND PROPERTY CONTROL SPECIALIST",2022,105,8,,,113,,,TRUE
"EVIDENCE AND PROPERTY CONTROL SPECIALIST",2023,99,31,58073,52745,130,0.908253405196907,5328,FALSE
"EVIDENCE AND PROPERTY CONTROL SPECIALIST",2024,102,32,61600,55958,134,0.908409090909091,5642,FALSE
"EVIDENCE AND PROPERTY CONTROL SPECIALIST",2025,102,8,,,110,,,TRUE
"EXAMINER OF ACCOUNTS",2014,1,1,,,2,,,TRUE
"EXAMINER OF ACCOUNTS",2015,1,1,,,2,,,TRUE
"EXAMINER OF ACCOUNTS",2016,0,2,,,2,,,TRUE
"EXAMINER OF ACCOUNTS",2017,0,3,,,3,,,TRUE
"EXAMINER OF ACCOUNTS",2018,1,2,,,3,,,TRUE
"EXAMINER OF ACCOUNTS",2019,1,0,,,1,,,TRUE
"EXAMINER OF ACCOUNTS",2020,1,0,,,1,,,TRUE
"EXAMINER OF ACCOUNTS",2021,1,0,,,1,,,TRUE
"EXAMINER OF ACCOUNTS",2022,1,0,,,1,,,TRUE
"EXAMINER OF ACCOUNTS",2023,1,0,,,1,,,TRUE
"EXAMINER OF ACCOUNTS",2024,2,0,,,2,,,TRUE
"EXAMINER OF ACCOUNTS",2025,2,0,,,2,,,TRUE
"EXAMINING ATTORNEY",2014,3,6,,,9,,,TRUE
"EXAMINING ATTORNEY",2015,3,7,,,10,,,TRUE
"EXAMINING ATTORNEY",2016,2,8,,,10,,,TRUE
"EXAMINING ATTORNEY",2017,2,4,,,6,,,TRUE
"EXAMINING ATTORNEY",2018,2,2,,,4,,,TRUE
"EXAMINING ATTORNEY",2019,1,4,,,5,,,TRUE
"EXAMINING ATTORNEY",2020,0,4,,,4,,,TRUE
"EXAMINING ATTORNEY",2021,0,1,,,1,,,TRUE
"EXAMINING ATTORNEY",2022,0,2,,,2,,,TRUE
"EXAMINING ATTORNEY",2023,1,7,,,8,,,TRUE
"EXAMINING ATTORNEY",2024,2,10,,,12,,,TRUE
"EXAMINING ATTORNEY",2025,2,7,,,9,,,TRUE
"EXEC ASST TO THE COMMISSIONER OF FINANCE",2014,0,1,,,1,,,TRUE
"EXEC ASST TO THE COMMISSIONER OF FINANCE",2015,0,1,,,1,,,TRUE
"EXEC ASST TO THE COMMISSIONER OF FINANCE",2024,1,0,,,1,,,TRUE
"EXEC ASST TO THE COMMISSIONER OF FINANCE",2025,1,0,,,1,,,TRUE
"EXEC ASST TO THE DEPUTY COM FOR CITYWIDE PERSONNEL SVCS DCAS",2014,0,1,,,1,,,TRUE
"EXEC ASST TO THE DEPUTY COM FOR CITYWIDE PERSONNEL SVCS DCAS",2015,0,1,,,1,,,TRUE
"EXEC ASST TO THE DEPUTY COM FOR CITYWIDE PERSONNEL SVCS DCAS",2024,1,0,,,1,,,TRUE
"EXEC ASST TO THE DEPUTY COM FOR CITYWIDE PERSONNEL SVCS DCAS",2025,1,0,,,1,,,TRUE
"EXEC ASST TO THE DEPUTY COMMISSIONER",2014,1,0,,,1,,,TRUE
"EXEC ASST TO THE DEPUTY COMMISSIONER",2015,1,1,,,2,,,TRUE
"EXEC ASST TO THE DEPUTY COMMISSIONER",2016,0,2,,,2,,,TRUE
"EXEC ASST TO THE DEPUTY COMMISSIONER",2017,0,1,,,1,,,TRUE
"EXEC ASST TO THE DEPUTY COMMISSIONER",2019,0,1,,,1,,,TRUE
"EXEC ASST TO THE DEPUTY COMMISSIONER",2020,0,1,,,1,,,TRUE
"EXEC ASST TO THE DEPUTY COMMISSIONER",2022,0,1,,,1,,,TRUE
"EXEC ASST TO THE DEPUTY COMMISSIONER",2023,1,1,,,2,,,TRUE
"EXEC ASST TO THE DEPUTY COMMISSIONER",2024,2,1,,,3,,,TRUE
"EXEC ASST TO THE DEPUTY COMMISSIONER",2025,1,2,,,3,,,TRUE
"EXEC DIRECTOR OF GRANTS MANAGEMENT AND ADMINISTRATION",2017,1,0,,,1,,,TRUE
"EXEC DIRECTOR OF GRANTS MANAGEMENT AND ADMINISTRATION",2022,1,0,,,1,,,TRUE
"EXEC DIRECTOR OF GRANTS MANAGEMENT AND ADMINISTRATION",2023,1,0,,,1,,,TRUE
"EXEC DIRECTOR OF GRANTS MANAGEMENT AND ADMINISTRATION",2024,1,0,,,1,,,TRUE
"EXEC DIRECTOR OF GRANTS MANAGEMENT AND ADMINISTRATION",2025,1,0,,,1,,,TRUE
"EXECUTIVE ADMINISTRATOR OF GRACIE MANSION",2014,1,0,,,1,,,TRUE
"EXECUTIVE ADMINISTRATOR OF GRACIE MANSION",2015,0,1,,,1,,,TRUE
"EXECUTIVE ADMINISTRATOR OF GRACIE MANSION",2016,0,1,,,1,,,TRUE
"EXECUTIVE AGENCY COUNSEL",2014,176,69,115116,105000,245,0.912123423329511,10116,FALSE
"EXECUTIVE AGENCY COUNSEL",2015,179,99,118765,125491,278,1.0566328463773,-6726,FALSE
"EXECUTIVE AGENCY COUNSEL",2016,185,101,122954,120000,286,0.975974754786343,2954,FALSE
"EXECUTIVE AGENCY COUNSEL",2017,191,103,128333,124156,294,0.967451863511334,4177,FALSE
"EXECUTIVE AGENCY COUNSEL",2018,216,88,128967.5,124300,304,0.963808711497083,4667.5,FALSE
"EXECUTIVE AGENCY COUNSEL",2019,226,82,135584,121841,308,0.898638482416804,13743,FALSE
"EXECUTIVE AGENCY COUNSEL",2020,215,99,141915,123600,314,0.870943874854667,18315,FALSE
"EXECUTIVE AGENCY COUNSEL",2021,237,71,140208,130000,308,0.927193883373274,10208,FALSE
"EXECUTIVE AGENCY COUNSEL",2022,237,118,145000,140000,355,0.96551724137931,5000,FALSE
"EXECUTIVE AGENCY COUNSEL",2023,243,228,156817.5,140000,471,0.892757504742774,16817.5,FALSE
"EXECUTIVE AGENCY COUNSEL",2024,255,221,182323,152448,476,0.836142450486225,29875,FALSE
"EXECUTIVE AGENCY COUNSEL",2025,272,177,187341,155133,449,0.828078210322353,32208,FALSE
"EXECUTIVE ASSISTANT",2014,1,4,,,5,,,TRUE
"EXECUTIVE ASSISTANT",2015,1,6,,,7,,,TRUE
"EXECUTIVE ASSISTANT",2016,1,5,,,6,,,TRUE
"EXECUTIVE ASSISTANT",2017,3,4,,,7,,,TRUE
"EXECUTIVE ASSISTANT",2018,4,2,,,6,,,TRUE
"EXECUTIVE ASSISTANT",2019,4,0,,,4,,,TRUE
"EXECUTIVE ASSISTANT",2020,3,0,,,3,,,TRUE
"EXECUTIVE ASSISTANT",2021,3,1,,,4,,,TRUE
"EXECUTIVE ASSISTANT",2022,2,4,,,6,,,TRUE
"EXECUTIVE ASSISTANT",2023,2,6,,,8,,,TRUE
"EXECUTIVE ASSISTANT",2024,8,4,,,12,,,TRUE
"EXECUTIVE ASSISTANT",2025,10,2,,,12,,,TRUE
"EXECUTIVE ASSISTANT AND COUNSEL TO THE PUBLIC ADVOCATE",2014,0,2,,,2,,,TRUE
"EXECUTIVE ASSISTANT AND COUNSEL TO THE PUBLIC ADVOCATE",2015,0,3,,,3,,,TRUE
"EXECUTIVE ASSISTANT AND COUNSEL TO THE PUBLIC ADVOCATE",2016,0,1,,,1,,,TRUE
"EXECUTIVE ASSISTANT AND COUNSEL TO THE PUBLIC ADVOCATE",2017,0,1,,,1,,,TRUE
"EXECUTIVE ASSISTANT AND COUNSEL TO THE PUBLIC ADVOCATE",2018,0,1,,,1,,,TRUE
"EXECUTIVE ASSISTANT AND COUNSEL TO THE PUBLIC ADVOCATE",2024,0,1,,,1,,,TRUE
"EXECUTIVE ASSISTANT AND COUNSEL TO THE PUBLIC ADVOCATE",2025,0,2,,,2,,,TRUE
"EXECUTIVE ASSISTANT FOR INTERGOVERNMENTAL RELATIONS",2025,0,1,,,1,,,TRUE
"EXECUTIVE ASSISTANT FOR PLANNING",2015,0,1,,,1,,,TRUE
"EXECUTIVE ASSISTANT FOR PLANNING",2022,0,1,,,1,,,TRUE
"EXECUTIVE ASSISTANT FOR PLANNING",2023,0,1,,,1,,,TRUE
"EXECUTIVE ASSISTANT MIDTOWN ENFORCEMENT",2017,1,0,,,1,,,TRUE
"EXECUTIVE ASSISTANT MIDTOWN ENFORCEMENT",2018,1,0,,,1,,,TRUE
"EXECUTIVE ASSISTANT MIDTOWN ENFORCEMENT",2019,1,0,,,1,,,TRUE
"EXECUTIVE ASSISTANT MIDTOWN ENFORCEMENT",2020,1,0,,,1,,,TRUE
"EXECUTIVE ASSISTANT MIDTOWN ENFORCEMENT",2021,1,0,,,1,,,TRUE
"EXECUTIVE ASSISTANT TO COMMISSIONER OF TRANSPORTATION",2014,0,1,,,1,,,TRUE
"EXECUTIVE ASSISTANT TO COMMISSIONER OF TRANSPORTATION",2015,0,1,,,1,,,TRUE
"EXECUTIVE ASSISTANT TO COMMISSIONER OF TRANSPORTATION",2023,0,1,,,1,,,TRUE
"EXECUTIVE ASSISTANT TO COMMISSIONER OF TRANSPORTATION",2024,0,1,,,1,,,TRUE
"EXECUTIVE ASSISTANT TO THE CHAIRMAN",2014,0,1,,,1,,,TRUE
"EXECUTIVE ASSISTANT TO THE CHAIRMAN",2015,0,1,,,1,,,TRUE
"EXECUTIVE ASSISTANT TO THE CHAIRMAN",2016,0,1,,,1,,,TRUE
"EXECUTIVE ASSISTANT TO THE CHAIRMAN",2017,0,1,,,1,,,TRUE
"EXECUTIVE ASSISTANT TO THE CHAIRMAN",2018,0,1,,,1,,,TRUE
"EXECUTIVE ASSISTANT TO THE CHAIRMAN",2019,0,1,,,1,,,TRUE
"EXECUTIVE ASSISTANT TO THE CHAIRMAN",2020,0,1,,,1,,,TRUE
"EXECUTIVE ASSISTANT TO THE CHAIRMAN",2021,0,1,,,1,,,TRUE
"EXECUTIVE ASSISTANT TO THE CHAIRMAN",2024,0,1,,,1,,,TRUE
"EXECUTIVE ASSISTANT TO THE CHAIRMAN",2025,0,1,,,1,,,TRUE
"EXECUTIVE ASSISTANT TO THE CHANCELLOR",2014,0,2,,,2,,,TRUE
"EXECUTIVE ASSISTANT TO THE CHANCELLOR",2015,0,2,,,2,,,TRUE
"EXECUTIVE ASSISTANT TO THE CHANCELLOR",2018,0,2,,,2,,,TRUE
"EXECUTIVE ASSISTANT TO THE CHANCELLOR",2019,0,2,,,2,,,TRUE
"EXECUTIVE ASSISTANT TO THE CITY CLERK",2014,1,0,,,1,,,TRUE
"EXECUTIVE ASSISTANT TO THE CITY CLERK",2015,1,0,,,1,,,TRUE
"EXECUTIVE ASSISTANT TO THE CITY CLERK",2016,1,0,,,1,,,TRUE
"EXECUTIVE ASSISTANT TO THE CITY CLERK",2017,1,0,,,1,,,TRUE
"EXECUTIVE ASSISTANT TO THE CITY CLERK",2018,1,0,,,1,,,TRUE
"EXECUTIVE ASSISTANT TO THE CITY CLERK",2019,1,0,,,1,,,TRUE
"EXECUTIVE ASSISTANT TO THE CITY CLERK",2020,1,0,,,1,,,TRUE
"EXECUTIVE ASSISTANT TO THE CITY CLERK",2021,1,0,,,1,,,TRUE
"EXECUTIVE ASSISTANT TO THE CITY CLERK",2022,1,0,,,1,,,TRUE
"EXECUTIVE ASSISTANT TO THE CITY CLERK",2023,1,0,,,1,,,TRUE
"EXECUTIVE ASSISTANT TO THE CITY CLERK",2024,1,0,,,1,,,TRUE
"EXECUTIVE ASSISTANT TO THE CITY CLERK",2025,1,0,,,1,,,TRUE
"EXECUTIVE ASSISTANT TO THE COMMISSIONER",2014,1,1,,,2,,,TRUE
"EXECUTIVE ASSISTANT TO THE COMMISSIONER",2015,1,3,,,4,,,TRUE
"EXECUTIVE ASSISTANT TO THE COMMISSIONER",2016,1,2,,,3,,,TRUE
"EXECUTIVE ASSISTANT TO THE COMMISSIONER",2017,0,3,,,3,,,TRUE
"EXECUTIVE ASSISTANT TO THE COMMISSIONER",2018,0,3,,,3,,,TRUE
"EXECUTIVE ASSISTANT TO THE COMMISSIONER",2019,0,2,,,2,,,TRUE
"EXECUTIVE ASSISTANT TO THE COMMISSIONER",2020,0,2,,,2,,,TRUE
"EXECUTIVE ASSISTANT TO THE COMMISSIONER",2021,0,1,,,1,,,TRUE
"EXECUTIVE ASSISTANT TO THE COMMISSIONER",2022,0,7,,,7,,,TRUE
"EXECUTIVE ASSISTANT TO THE COMMISSIONER",2023,0,7,,,7,,,TRUE
"EXECUTIVE ASSISTANT TO THE COMMISSIONER",2024,0,5,,,5,,,TRUE
"EXECUTIVE ASSISTANT TO THE COMMISSIONER",2025,0,4,,,4,,,TRUE
"EXECUTIVE ASSISTANT TO THE COMMISSIONER OF COMMUNITY DEVELOP",2024,1,0,,,1,,,TRUE
"EXECUTIVE ASSISTANT TO THE COMMISSIONER OF COMMUNITY DEVELOP",2025,1,0,,,1,,,TRUE
"EXECUTIVE ASSISTANT TO THE COMPTROLLER",2014,1,0,,,1,,,TRUE
"EXECUTIVE ASSISTANT TO THE COMPTROLLER",2015,1,1,,,2,,,TRUE
"EXECUTIVE ASSISTANT TO THE COMPTROLLER",2016,1,0,,,1,,,TRUE
"EXECUTIVE ASSISTANT TO THE COMPTROLLER",2017,1,0,,,1,,,TRUE
"EXECUTIVE ASSISTANT TO THE COMPTROLLER",2018,1,0,,,1,,,TRUE
"EXECUTIVE ASSISTANT TO THE COMPTROLLER",2019,1,0,,,1,,,TRUE
"EXECUTIVE ASSISTANT TO THE COMPTROLLER",2020,1,0,,,1,,,TRUE
"EXECUTIVE ASSISTANT TO THE COMPTROLLER",2021,1,0,,,1,,,TRUE
"EXECUTIVE ASSISTANT TO THE COMPTROLLER",2022,1,0,,,1,,,TRUE
"EXECUTIVE ASSISTANT TO THE COMPTROLLER",2023,1,0,,,1,,,TRUE
"EXECUTIVE ASSISTANT TO THE COMPTROLLER",2024,1,0,,,1,,,TRUE
"EXECUTIVE ASSISTANT TO THE COMPTROLLER",2025,1,0,,,1,,,TRUE
"EXECUTIVE ASSISTANT TO THE DEPUTY COMMISSIONER",2015,0,1,,,1,,,TRUE
"EXECUTIVE ASSISTANT TO THE DEPUTY COMMISSIONER",2018,1,0,,,1,,,TRUE
"EXECUTIVE ASSISTANT TO THE DEPUTY COMMISSIONER",2019,1,0,,,1,,,TRUE
"EXECUTIVE ASSISTANT TO THE DEPUTY COMMISSIONER",2020,2,1,,,3,,,TRUE
"EXECUTIVE ASSISTANT TO THE DEPUTY COMMISSIONER",2021,1,2,,,3,,,TRUE
"EXECUTIVE ASSISTANT TO THE DEPUTY COMMISSIONER",2022,1,0,,,1,,,TRUE
"EXECUTIVE ASSISTANT TO THE DEPUTY COMMISSIONER",2023,1,0,,,1,,,TRUE
"EXECUTIVE ASSISTANT TO THE DEPUTY COMMISSIONER",2024,1,0,,,1,,,TRUE
"EXECUTIVE ASSISTANT TO THE DEPUTY COMMISSIONER",2025,1,0,,,1,,,TRUE
"EXECUTIVE ASSISTANT TO THE DIRECTOR",2014,0,1,,,1,,,TRUE
"EXECUTIVE ASSISTANT TO THE DIRECTOR",2015,0,1,,,1,,,TRUE
"EXECUTIVE ASSISTANT TO THE DIRECTOR",2016,0,1,,,1,,,TRUE
"EXECUTIVE ASSISTANT TO THE DIRECTOR",2019,0,1,,,1,,,TRUE
"EXECUTIVE ASSISTANT TO THE DIRECTOR",2021,0,1,,,1,,,TRUE
"EXECUTIVE ASSISTANT TO THE DIRECTOR",2022,0,1,,,1,,,TRUE
"EXECUTIVE ASSISTANT TO THE DIRECTOR OF ADMINISTRATION",2025,1,0,,,1,,,TRUE
"EXECUTIVE ASSISTANT TO THE DIRECTOR OF CONSTRUCTION",2025,1,0,,,1,,,TRUE
"EXECUTIVE ASSISTANT TO THE DIRECTOR OF MANAGEMENT & BUDGET",2015,0,1,,,1,,,TRUE
"EXECUTIVE ASSISTANT TO THE DIRECTOR OF MANAGEMENT & BUDGET",2016,0,1,,,1,,,TRUE
"EXECUTIVE ASSISTANT TO THE EXECUTIVE DEPUTY ADM",2016,0,1,,,1,,,TRUE
"EXECUTIVE ASSISTANT TO THE EXECUTIVE DEPUTY ADM",2018,0,1,,,1,,,TRUE
"EXECUTIVE ASSISTANT TO THE EXECUTIVE DEPUTY ADM",2022,0,1,,,1,,,TRUE
"EXECUTIVE ASSISTANT TO THE EXECUTIVE DEPUTY ADM",2023,0,2,,,2,,,TRUE
"EXECUTIVE ASSISTANT TO THE EXECUTIVE DEPUTY ADM",2024,1,2,,,3,,,TRUE
"EXECUTIVE ASSISTANT TO THE EXECUTIVE DEPUTY ADM",2025,1,0,,,1,,,TRUE
"EXECUTIVE ASSISTANT TO THE FIRST DEPUTY CITY CLERK",2021,1,0,,,1,,,TRUE
"EXECUTIVE ASSISTANT TO THE FIRST DEPUTY CITY CLERK",2023,0,1,,,1,,,TRUE
"EXECUTIVE ASSISTANT TO THE FIRST DEPUTY CITY CLERK",2024,0,1,,,1,,,TRUE
"EXECUTIVE ASSISTANT TO THE FIRST DEPUTY CLERK",2014,1,0,,,1,,,TRUE
"EXECUTIVE ASSISTANT TO THE FIRST DEPUTY CLERK",2015,1,0,,,1,,,TRUE
"EXECUTIVE ASSISTANT TO THE FIRST DEPUTY CLERK",2016,1,0,,,1,,,TRUE
"EXECUTIVE ASSISTANT TO THE FIRST DEPUTY CLERK",2017,1,0,,,1,,,TRUE
"EXECUTIVE ASSISTANT TO THE FIRST DEPUTY CLERK",2018,1,0,,,1,,,TRUE
"EXECUTIVE ASSISTANT TO THE FIRST DEPUTY CLERK",2019,1,0,,,1,,,TRUE
"EXECUTIVE ASSISTANT TO THE PRESIDENT OF THE TAX COMMISSION",2014,1,0,,,1,,,TRUE
"EXECUTIVE ASSISTANT TO THE PRESIDENT OF THE TAX COMMISSION",2015,1,0,,,1,,,TRUE
"EXECUTIVE ASSISTANT TO THE PRESIDENT OF THE TAX COMMISSION",2016,1,0,,,1,,,TRUE
"EXECUTIVE ASSISTANT TO THE PRESIDENT OF THE TAX COMMISSION",2017,1,0,,,1,,,TRUE
"EXECUTIVE ASSISTANT TO THE PRESIDENT OF THE TAX COMMISSION",2018,1,0,,,1,,,TRUE
"EXECUTIVE ASSISTANT TO THE PRESIDENT OF THE TAX COMMISSION",2019,1,0,,,1,,,TRUE
"EXECUTIVE ASSISTANT TO THE PRESIDENT OF THE TAX COMMISSION",2020,1,0,,,1,,,TRUE
"EXECUTIVE ASSISTANT TO THE PRESIDENT OF THE TAX COMMISSION",2021,1,0,,,1,,,TRUE
"EXECUTIVE ASST DOMESTIC VIOLENCE HRA",2014,0,2,,,2,,,TRUE
"EXECUTIVE ASST DOMESTIC VIOLENCE HRA",2015,0,2,,,2,,,TRUE
"EXECUTIVE ASST DOMESTIC VIOLENCE HRA",2016,0,1,,,1,,,TRUE
"EXECUTIVE ASST DOMESTIC VIOLENCE HRA",2018,0,1,,,1,,,TRUE
"EXECUTIVE ASST DOMESTIC VIOLENCE HRA",2020,1,1,,,2,,,TRUE
"EXECUTIVE ASST DOMESTIC VIOLENCE HRA",2021,1,1,,,2,,,TRUE
"EXECUTIVE ASST DOMESTIC VIOLENCE HRA",2022,1,2,,,3,,,TRUE
"EXECUTIVE ASST DOMESTIC VIOLENCE HRA",2023,1,3,,,4,,,TRUE
"EXECUTIVE ASST DOMESTIC VIOLENCE HRA",2024,2,3,,,5,,,TRUE
"EXECUTIVE ASST DOMESTIC VIOLENCE HRA",2025,2,1,,,3,,,TRUE
"EXECUTIVE ASST TO THE COMMISSIONER",2023,0,1,,,1,,,TRUE
"EXECUTIVE ASST TO THE NYC COMMISSION TO THE UNITED NATIONS",2023,0,1,,,1,,,TRUE
"EXECUTIVE ASST TO THE NYC COMMISSION TO THE UNITED NATIONS",2024,0,1,,,1,,,TRUE
"EXECUTIVE CHIEF OF STAFF",2014,0,1,,,1,,,TRUE
"EXECUTIVE CHIEF OF STAFF",2015,0,1,,,1,,,TRUE
"EXECUTIVE COOK",2014,1,0,,,1,,,TRUE
"EXECUTIVE COOK",2018,1,0,,,1,,,TRUE
"EXECUTIVE COOK",2019,1,1,,,2,,,TRUE
"EXECUTIVE COOK",2020,1,1,,,2,,,TRUE
"EXECUTIVE COOK",2021,1,0,,,1,,,TRUE
"EXECUTIVE COOK",2022,1,0,,,1,,,TRUE
"EXECUTIVE DEPUTY ADMINISTRATOR",2014,1,0,,,1,,,TRUE
"EXECUTIVE DEPUTY ADMINISTRATOR",2015,1,0,,,1,,,TRUE
"EXECUTIVE DEPUTY ADMINISTRATOR",2022,1,0,,,1,,,TRUE
"EXECUTIVE DEPUTY ADMINISTRATOR",2023,1,1,,,2,,,TRUE
"EXECUTIVE DEPUTY ADMINISTRATOR",2024,1,2,,,3,,,TRUE
"EXECUTIVE DEPUTY ADMINISTRATOR",2025,0,2,,,2,,,TRUE
"EXECUTIVE DEPUTY COMMISSIONER",2016,1,0,,,1,,,TRUE
"EXECUTIVE DEPUTY COMMISSIONER",2024,0,1,,,1,,,TRUE
"EXECUTIVE DEPUTY COMMISSIONER FOR MENTAL HYGIENE",2022,0,1,,,1,,,TRUE
"EXECUTIVE DEPUTY COMMISSIONER FOR MENTAL HYGIENE",2023,0,1,,,1,,,TRUE
"EXECUTIVE DEPUTY COMMISSIONER FOR MENTAL HYGIENE",2024,0,1,,,1,,,TRUE
"EXECUTIVE DEPUTY COMMISSIONER FOR MENTAL HYGIENE",2025,0,1,,,1,,,TRUE
"EXECUTIVE DEPUTY SHERIFF",2022,1,0,,,1,,,TRUE
"EXECUTIVE DEPUTY SHERIFF",2023,1,0,,,1,,,TRUE
"EXECUTIVE DIR OF ADMINISTRATION",2021,1,0,,,1,,,TRUE
"EXECUTIVE DIR OF ADMINISTRATION",2022,1,0,,,1,,,TRUE
"EXECUTIVE DIR OF ADMINISTRATION",2023,1,0,,,1,,,TRUE
"EXECUTIVE DIR OF ADMINISTRATION",2024,0,1,,,1,,,TRUE
"EXECUTIVE DIRECTOR",2014,7,3,,,10,,,TRUE
"EXECUTIVE DIRECTOR",2015,6,3,,,9,,,TRUE
"EXECUTIVE DIRECTOR",2016,7,10,,,17,,,TRUE
"EXECUTIVE DIRECTOR",2017,7,7,,,14,,,TRUE
"EXECUTIVE DIRECTOR",2018,6,6,,,12,,,TRUE
"EXECUTIVE DIRECTOR",2019,4,6,,,10,,,TRUE
"EXECUTIVE DIRECTOR",2020,4,2,,,6,,,TRUE
"EXECUTIVE DIRECTOR",2021,4,2,,,6,,,TRUE
"EXECUTIVE DIRECTOR",2022,5,5,,,10,,,TRUE
"EXECUTIVE DIRECTOR",2023,6,2,,,8,,,TRUE
"EXECUTIVE DIRECTOR",2024,6,6,,,12,,,TRUE
"EXECUTIVE DIRECTOR",2025,6,3,,,9,,,TRUE
"EXECUTIVE DIRECTOR AND CHAIR COMMISSION ON RACIAL EQUITY",2024,0,1,,,1,,,TRUE
"EXECUTIVE DIRECTOR AND CHAIR COMMISSION ON RACIAL EQUITY",2025,0,1,,,1,,,TRUE
"EXECUTIVE DIRECTOR CITYWIDE EVENT COORDINATION & MANAGEMENT",2025,1,0,,,1,,,TRUE
"EXECUTIVE DIRECTOR NEW YORK CITY LOFT BOARD",2017,0,1,,,1,,,TRUE
"EXECUTIVE DIRECTOR NEW YORK CITY LOFT BOARD",2018,0,1,,,1,,,TRUE
"EXECUTIVE DIRECTOR NEW YORK CITY LOFT BOARD",2021,1,0,,,1,,,TRUE
"EXECUTIVE DIRECTOR NEW YORK CITY LOFT BOARD",2022,0,1,,,1,,,TRUE
"EXECUTIVE DIRECTOR NEW YORK CITY LOFT BOARD",2023,0,1,,,1,,,TRUE
"EXECUTIVE DIRECTOR OF FLEET OPERATIONS",2020,1,0,,,1,,,TRUE
"EXECUTIVE DIRECTOR OF FLEET OPERATIONS",2021,1,0,,,1,,,TRUE
"EXECUTIVE DIRECTOR OF FLEET OPERATIONS",2022,1,0,,,1,,,TRUE
"EXECUTIVE DIRECTOR OF FLEET OPERATIONS",2023,1,0,,,1,,,TRUE
"EXECUTIVE DIRECTOR OF FOOD SERVICES",2014,1,0,,,1,,,TRUE
"EXECUTIVE DIRECTOR OF FOOD SERVICES",2015,1,0,,,1,,,TRUE
"EXECUTIVE DIRECTOR OF FOOD SERVICES",2017,0,1,,,1,,,TRUE
"EXECUTIVE DIRECTOR OF FOOD SERVICES",2018,0,1,,,1,,,TRUE
"EXECUTIVE DIRECTOR OF GRACIE MANSION",2023,0,1,,,1,,,TRUE
"EXECUTIVE DIRECTOR OF GRACIE MANSION",2024,0,1,,,1,,,TRUE
"EXECUTIVE DIRECTOR OF HEALTHCARE SYSTEMS READINESS",2021,0,1,,,1,,,TRUE
"EXECUTIVE DIRECTOR OF HEALTHCARE SYSTEMS READINESS",2025,0,1,,,1,,,TRUE
"EXECUTIVE DIRECTOR OF MATERIALS FOR THE ARTS",2014,1,0,,,1,,,TRUE
"EXECUTIVE DIRECTOR OF MATERIALS FOR THE ARTS",2015,1,0,,,1,,,TRUE
"EXECUTIVE DIRECTOR OF MATERIALS FOR THE ARTS",2016,1,0,,,1,,,TRUE
"EXECUTIVE DIRECTOR OF MATERIALS FOR THE ARTS",2017,1,0,,,1,,,TRUE
"EXECUTIVE DIRECTOR OF MATERIALS FOR THE ARTS",2018,1,0,,,1,,,TRUE
"EXECUTIVE DIRECTOR OF MATERIALS FOR THE ARTS",2019,1,0,,,1,,,TRUE
"EXECUTIVE DIRECTOR OF MATERIALS FOR THE ARTS",2020,1,0,,,1,,,TRUE
"EXECUTIVE DIRECTOR OF NEIGHBORHOOD SAFETY",2025,0,1,,,1,,,TRUE
"EXECUTIVE DIRECTOR OF PROFESSIONAL DEVELOPMENT",2018,1,0,,,1,,,TRUE
"EXECUTIVE DIRECTOR OF PROFESSIONAL DEVELOPMENT",2019,1,0,,,1,,,TRUE
"EXECUTIVE DIRECTOR OF PROFESSIONAL DEVELOPMENT",2020,1,0,,,1,,,TRUE
"EXECUTIVE DIRECTOR OF PROFESSIONAL DEVELOPMENT",2021,1,0,,,1,,,TRUE
"EXECUTIVE DIRECTOR OF PROFESSIONAL DEVELOPMENT",2022,1,0,,,1,,,TRUE
"EXECUTIVE DIRECTOR OF PROFESSIONAL DEVELOPMENT",2023,1,0,,,1,,,TRUE
"EXECUTIVE DIRECTOR OF SPECIAL PROBATION PROGRAMS",2025,0,1,,,1,,,TRUE
"EXECUTIVE DIRECTOR OF STANDARDS AND APPEALS",2015,0,1,,,1,,,TRUE
"EXECUTIVE DIRECTOR OF STANDARDS AND APPEALS",2016,0,1,,,1,,,TRUE
"EXECUTIVE DIRECTOR ON COMMISSION ON GENDER EQUALITY",2019,0,1,,,1,,,TRUE
"EXECUTIVE DIRECTOR SPECIAL PROJECTS & COMMUNITY EVENTS",2023,0,1,,,1,,,TRUE
"EXECUTIVE DIRECTOR SPECIAL PROJECTS & COMMUNITY EVENTS",2024,0,1,,,1,,,TRUE
"EXECUTIVE INSPECTOR",2020,3,0,,,3,,,TRUE
"EXECUTIVE INSPECTOR",2021,3,0,,,3,,,TRUE
"EXECUTIVE INSPECTOR",2022,2,1,,,3,,,TRUE
"EXECUTIVE INSPECTOR",2023,3,1,,,4,,,TRUE
"EXECUTIVE INSPECTOR",2024,3,0,,,3,,,TRUE
"EXECUTIVE INSPECTOR",2025,3,0,,,3,,,TRUE
"EXECUTIVE LEGISLATIVE COORDINATOR",2014,3,4,,,7,,,TRUE
"EXECUTIVE LEGISLATIVE COORDINATOR",2015,2,1,,,3,,,TRUE
"EXECUTIVE LEGISLATIVE COORDINATOR",2016,2,0,,,2,,,TRUE
"EXECUTIVE LEGISLATIVE COORDINATOR",2017,2,0,,,2,,,TRUE
"EXECUTIVE LEGISLATIVE COORDINATOR",2018,2,0,,,2,,,TRUE
"EXECUTIVE LEGISLATIVE COORDINATOR",2019,2,0,,,2,,,TRUE
"EXECUTIVE LEGISLATIVE COORDINATOR",2020,1,0,,,1,,,TRUE
"EXECUTIVE LEGISLATIVE COORDINATOR",2021,1,1,,,2,,,TRUE
"EXECUTIVE LEGISLATIVE COORDINATOR",2022,0,1,,,1,,,TRUE
"EXECUTIVE LEGISLATIVE COORDINATOR",2023,0,1,,,1,,,TRUE
"EXECUTIVE LEGISLATIVE COORDINATOR",2024,0,1,,,1,,,TRUE
"EXECUTIVE LEGISLATIVE SECRETARY",2014,2,0,,,2,,,TRUE
"EXECUTIVE PROGRAM SPECIALIST",2014,0,1,,,1,,,TRUE
"EXECUTIVE PROGRAM SPECIALIST",2015,0,3,,,3,,,TRUE
"EXECUTIVE PROGRAM SPECIALIST",2016,1,7,,,8,,,TRUE
"EXECUTIVE PROGRAM SPECIALIST",2017,2,8,,,10,,,TRUE
"EXECUTIVE PROGRAM SPECIALIST",2018,2,15,,,17,,,TRUE
"EXECUTIVE PROGRAM SPECIALIST",2019,5,17,,,22,,,TRUE
"EXECUTIVE PROGRAM SPECIALIST",2020,6,20,,,26,,,TRUE
"EXECUTIVE PROGRAM SPECIALIST",2021,6,10,,,16,,,TRUE
"EXECUTIVE PROGRAM SPECIALIST",2022,4,19,,,23,,,TRUE
"EXECUTIVE PROGRAM SPECIALIST",2023,3,39,,,42,,,TRUE
"EXECUTIVE PROGRAM SPECIALIST",2024,6,51,,,57,,,TRUE
"EXECUTIVE PROGRAM SPECIALIST",2025,8,58,,,66,,,TRUE
"EXECUTIVE SECRETARY",2014,0,1,,,1,,,TRUE
"EXECUTIVE SECRETARY",2020,0,1,,,1,,,TRUE
"EXECUTIVE SECRETARY",2025,0,1,,,1,,,TRUE
"EXECUTIVE SECRETARY TO CITY CLERK",2017,1,0,,,1,,,TRUE
"EXECUTIVE SECRETARY TO THE PUBLIC ADVOCATE",2014,0,1,,,1,,,TRUE
"EXECUTIVE SECRETARY TO THE PUBLIC ADVOCATE",2015,0,2,,,2,,,TRUE
"EXECUTIVE SECRETARY TO THE PUBLIC ADVOCATE",2016,0,1,,,1,,,TRUE
"EXECUTIVE SECRETARY TO THE PUBLIC ADVOCATE",2017,0,1,,,1,,,TRUE
"EXECUTIVE SECRETARY TO THE PUBLIC ADVOCATE",2018,0,1,,,1,,,TRUE
"EXECUTIVE SECRETARY TO THE PUBLIC ADVOCATE",2020,0,2,,,2,,,TRUE
"EXECUTIVE SECRETARY TO THE PUBLIC ADVOCATE",2021,0,1,,,1,,,TRUE
"EXECUTIVE SECRETARY TO THE PUBLIC ADVOCATE",2022,0,1,,,1,,,TRUE
"EXECUTIVE VICE PRESIDENT NYC PHPT",2025,0,1,,,1,,,TRUE
"EXTERMINATOR",2014,21,9,,,30,,,TRUE
"EXTERMINATOR",2015,19,12,,,31,,,TRUE
"EXTERMINATOR",2016,23,19,,,42,,,TRUE
"EXTERMINATOR",2017,20,19,,,39,,,TRUE
"EXTERMINATOR",2018,21,17,,,38,,,TRUE
"EXTERMINATOR",2019,26,11,,,37,,,TRUE
"EXTERMINATOR",2020,25,16,,,41,,,TRUE
"EXTERMINATOR",2021,22,12,,,34,,,TRUE
"EXTERMINATOR",2022,20,5,,,25,,,TRUE
"EXTERMINATOR",2023,14,11,,,25,,,TRUE
"EXTERMINATOR",2024,15,13,,,28,,,TRUE
"EXTERMINATOR",2025,16,11,,,27,,,TRUE
"FACILITIES COORDINATOR",2014,2,0,,,2,,,TRUE
"FACILITIES COORDINATOR",2015,3,0,,,3,,,TRUE
"FACILITIES COORDINATOR",2016,4,2,,,6,,,TRUE
"FACILITIES COORDINATOR",2017,4,2,,,6,,,TRUE
"FACILITIES COORDINATOR",2018,4,0,,,4,,,TRUE
"FACILITIES COORDINATOR",2019,4,0,,,4,,,TRUE
"FACILITIES COORDINATOR",2020,4,0,,,4,,,TRUE
"FACILITIES COORDINATOR",2021,4,0,,,4,,,TRUE
"FACILITIES COORDINATOR",2022,5,0,,,5,,,TRUE
"FACILITIES COORDINATOR",2023,5,0,,,5,,,TRUE
"FACILITIES COORDINATOR",2024,4,1,,,5,,,TRUE
"FACILITIES COORDINATOR",2025,5,1,,,6,,,TRUE
"FACILITY SUPERVISOR",2023,0,4,,,4,,,TRUE
"FACILITY SUPERVISOR",2024,0,4,,,4,,,TRUE
"FACILITY SUPERVISOR",2025,0,1,,,1,,,TRUE
"FAMILY PUB HEALTH NURSE",2014,5,0,,,5,,,TRUE
"FAMILY PUB HEALTH NURSE",2015,4,0,,,4,,,TRUE
"FAMILY PUB HEALTH NURSE",2016,4,7,,,11,,,TRUE
"FAMILY PUB HEALTH NURSE",2017,10,8,,,18,,,TRUE
"FAMILY PUB HEALTH NURSE",2018,12,34,,,46,,,TRUE
"FAMILY PUB HEALTH NURSE",2019,12,27,,,39,,,TRUE
"FAMILY PUB HEALTH NURSE",2020,12,6,,,18,,,TRUE
"FAMILY PUB HEALTH NURSE",2021,12,3,,,15,,,TRUE
"FAMILY PUB HEALTH NURSE",2022,11,3,,,14,,,TRUE
"FAMILY PUB HEALTH NURSE",2023,10,3,,,13,,,TRUE
"FAMILY PUB HEALTH NURSE",2024,8,3,,,11,,,TRUE
"FAMILY PUB HEALTH NURSE",2025,8,10,,,18,,,TRUE
"FERRY TERMINAL SUPERVISOR",2014,7,0,,,7,,,TRUE
"FERRY TERMINAL SUPERVISOR",2015,7,0,,,7,,,TRUE
"FERRY TERMINAL SUPERVISOR",2016,8,0,,,8,,,TRUE
"FERRY TERMINAL SUPERVISOR",2017,7,0,,,7,,,TRUE
"FERRY TERMINAL SUPERVISOR",2018,6,0,,,6,,,TRUE
"FERRY TERMINAL SUPERVISOR",2019,6,0,,,6,,,TRUE
"FERRY TERMINAL SUPERVISOR",2020,7,0,,,7,,,TRUE
"FERRY TERMINAL SUPERVISOR",2021,7,0,,,7,,,TRUE
"FERRY TERMINAL SUPERVISOR",2022,10,0,,,10,,,TRUE
"FERRY TERMINAL SUPERVISOR",2023,11,0,,,11,,,TRUE
"FERRY TERMINAL SUPERVISOR",2024,12,0,,,12,,,TRUE
"FERRY TERMINAL SUPERVISOR",2025,12,0,,,12,,,TRUE
"FIELD INVESTIGATION SPECIALIST",2014,1,0,,,1,,,TRUE
"FIELD INVESTIGATION SPECIALIST",2015,1,0,,,1,,,TRUE
"FIELD INVESTIGATION SPECIALIST",2016,1,0,,,1,,,TRUE
"FILM MANAGER",2016,1,2,,,3,,,TRUE
"FILM MANAGER",2017,1,2,,,3,,,TRUE
"FILM MANAGER",2018,1,0,,,1,,,TRUE
"FILM MANAGER",2019,1,0,,,1,,,TRUE
"FILM MANAGER",2020,1,0,,,1,,,TRUE
"FILM MANAGER",2021,1,0,,,1,,,TRUE
"FILM MANAGER",2022,0,2,,,2,,,TRUE
"FILM MANAGER",2023,0,1,,,1,,,TRUE
"FINANCE OFFICER",2023,1,0,,,1,,,TRUE
"FINANCE OFFICER",2024,1,0,,,1,,,TRUE
"FINANCE OFFICER",2025,1,0,,,1,,,TRUE
"FINANCIAL CLERK",2016,2,10,,,12,,,TRUE
"FINANCIAL CLERK",2017,7,8,,,15,,,TRUE
"FINANCIAL CLERK",2018,9,4,,,13,,,TRUE
"FINANCIAL CLERK",2019,11,7,,,18,,,TRUE
"FINANCIAL CLERK",2020,11,17,,,28,,,TRUE
"FINANCIAL CLERK",2021,13,10,,,23,,,TRUE
"FINANCIAL CLERK",2022,22,5,,,27,,,TRUE
"FINANCIAL CLERK",2023,22,9,,,31,,,TRUE
"FINANCIAL CLERK",2024,25,7,,,32,,,TRUE
"FINANCIAL CLERK",2025,30,5,,,35,,,TRUE
"FINGERPRINT TECHNICIAN TRAINEE",2014,0,2,,,2,,,TRUE
"FINGERPRINT TECHNICIAN TRAINEE",2015,0,4,,,4,,,TRUE
"FINGERPRINT TECHNICIAN TRAINEE",2016,1,13,,,14,,,TRUE
"FINGERPRINT TECHNICIAN TRAINEE",2017,1,2,,,3,,,TRUE
"FINGERPRINT TECHNICIAN TRAINEE",2018,0,24,,,24,,,TRUE
"FINGERPRINT TECHNICIAN TRAINEE",2019,0,15,,,15,,,TRUE
"FINGERPRINT TECHNICIAN TRAINEE",2020,0,5,,,5,,,TRUE
"FINGERPRINT TECHNICIAN TRAINEE",2021,0,4,,,4,,,TRUE
"FINGERPRINT TECHNICIAN TRAINEE",2022,0,10,,,10,,,TRUE
"FINGERPRINT TECHNICIAN TRAINEE",2023,1,35,,,36,,,TRUE
"FINGERPRINT TECHNICIAN TRAINEE",2024,1,19,,,20,,,TRUE
"FINGERPRINT TECHNICIAN TRAINEE",2025,1,2,,,3,,,TRUE
"FIRE ALARM DISPATCHER",2014,65,14,,,79,,,TRUE
"FIRE ALARM DISPATCHER",2015,65,28,,,93,,,TRUE
"FIRE ALARM DISPATCHER",2016,70,51,57514,34783,121,0.604774489689467,22731,FALSE
"FIRE ALARM DISPATCHER",2017,68,21,,,89,,,TRUE
"FIRE ALARM DISPATCHER",2018,70,6,,,76,,,TRUE
"FIRE ALARM DISPATCHER",2019,67,51,63500,38403,118,0.604771653543307,25097,FALSE
"FIRE ALARM DISPATCHER",2020,67,40,63500,40135,107,0.632047244094488,23365,FALSE
"FIRE ALARM DISPATCHER",2021,67,0,,,67,,,TRUE
"FIRE ALARM DISPATCHER",2022,66,20,,,86,,,TRUE
"FIRE ALARM DISPATCHER",2023,67,36,68214,43115,103,0.632055003371742,25099,FALSE
"FIRE ALARM DISPATCHER",2024,65,11,,,76,,,TRUE
"FIRE ALARM DISPATCHER",2025,70,29,,,99,,,TRUE
"FIRE MARSHAL",2014,77,0,,,77,,,TRUE
"FIRE MARSHAL",2015,78,0,,,78,,,TRUE
"FIRE MARSHAL",2016,84,0,,,84,,,TRUE
"FIRE MARSHAL",2017,102,0,,,102,,,TRUE
"FIRE MARSHAL",2018,107,0,,,107,,,TRUE
"FIRE MARSHAL",2019,133,0,,,133,,,TRUE
"FIRE MARSHAL",2020,130,0,,,130,,,TRUE
"FIRE MARSHAL",2021,102,0,,,102,,,TRUE
"FIRE MARSHAL",2022,105,0,,,105,,,TRUE
"FIRE MARSHAL",2023,109,0,,,109,,,TRUE
"FIRE MARSHAL",2024,88,0,,,88,,,TRUE
"FIRE MARSHAL",2025,98,0,,,98,,,TRUE
"FIRE MEDICAL OFFICER",2014,17,2,,,19,,,TRUE
"FIRE MEDICAL OFFICER",2015,15,1,,,16,,,TRUE
"FIRE MEDICAL OFFICER",2016,17,1,,,18,,,TRUE
"FIRE MEDICAL OFFICER",2017,17,0,,,17,,,TRUE
"FIRE MEDICAL OFFICER",2018,15,2,,,17,,,TRUE
"FIRE MEDICAL OFFICER",2019,16,2,,,18,,,TRUE
"FIRE MEDICAL OFFICER",2020,15,0,,,15,,,TRUE
"FIRE MEDICAL OFFICER",2021,17,3,,,20,,,TRUE
"FIRE MEDICAL OFFICER",2022,16,3,,,19,,,TRUE
"FIRE MEDICAL OFFICER",2023,14,3,,,17,,,TRUE
"FIRE MEDICAL OFFICER",2024,13,5,,,18,,,TRUE
"FIRE MEDICAL OFFICER",2025,14,4,,,18,,,TRUE
"FIRE PROTECTION INSPECTOR",2014,28,27,,,55,,,TRUE
"FIRE PROTECTION INSPECTOR",2015,23,28,,,51,,,TRUE
"FIRE PROTECTION INSPECTOR",2016,26,40,,,66,,,TRUE
"FIRE PROTECTION INSPECTOR",2017,24,40,,,64,,,TRUE
"FIRE PROTECTION INSPECTOR",2018,24,54,,,78,,,TRUE
"FIRE PROTECTION INSPECTOR",2019,24,92,,,116,,,TRUE
"FIRE PROTECTION INSPECTOR",2020,22,93,,,115,,,TRUE
"FIRE PROTECTION INSPECTOR",2021,19,40,,,59,,,TRUE
"FIRE PROTECTION INSPECTOR",2022,15,7,,,22,,,TRUE
"FIRE PROTECTION INSPECTOR",2023,16,52,,,68,,,TRUE
"FIRE PROTECTION INSPECTOR",2024,15,85,,,100,,,TRUE
"FIRE PROTECTION INSPECTOR",2025,13,45,,,58,,,TRUE
"FIREFIGHTER",2014,4276,828,76488,39370,5104,0.514721263466165,37118,FALSE
"FIREFIGHTER",2015,4483,1129,76488,39370,5612,0.514721263466165,37118,FALSE
"FIREFIGHTER",2016,4780,1194,82808,44724,5974,0.540092744662351,38084,FALSE
"FIREFIGHTER",2017,4657,1200,85292,46066,5857,0.540097547249449,39226,FALSE
"FIREFIGHTER",2018,4776,972,85292,46066,5748,0.540097547249449,39226,FALSE
"FIREFIGHTER",2019,4531,1101,85292,46066,5632,0.540097547249449,39226,FALSE
"FIREFIGHTER",2020,3995,792,85292,46066,4787,0.540097547249449,39226,FALSE
"FIREFIGHTER",2021,3721,422,85292,46066,4143,0.540097547249449,39226,FALSE
"FIREFIGHTER",2022,3177,662,92073,47394,3839,0.514743735948649,44679,FALSE
"FIREFIGHTER",2023,3000,1109,92073,47394,4109,0.514743735948649,44679,FALSE
"FIREFIGHTER",2024,3130,1091,105146,54122,4221,0.514731896600917,51024,FALSE
"FIREFIGHTER",2025,3441,1381,109352,56287,4822,0.51473224083693,53065,FALSE
"FIRST ASSISTANT CORPORATION COUNSEL",2014,1,0,,,1,,,TRUE
"FIRST ASSISTANT CORPORATION COUNSEL",2015,1,0,,,1,,,TRUE
"FIRST ASSISTANT CORPORATION COUNSEL",2016,1,0,,,1,,,TRUE
"FIRST ASSISTANT CORPORATION COUNSEL",2017,1,0,,,1,,,TRUE
"FIRST ASSISTANT CORPORATION COUNSEL",2018,1,0,,,1,,,TRUE
"FIRST ASSISTANT CORPORATION COUNSEL",2019,1,0,,,1,,,TRUE
"FIRST ASSISTANT CORPORATION COUNSEL",2020,1,0,,,1,,,TRUE
"FIRST ASSISTANT CORPORATION COUNSEL",2021,1,0,,,1,,,TRUE
"FIRST ASSISTANT CORPORATION COUNSEL",2022,1,0,,,1,,,TRUE
"FIRST ASSISTANT CORPORATION COUNSEL",2023,1,0,,,1,,,TRUE
"FIRST ASSISTANT CORPORATION COUNSEL",2024,1,0,,,1,,,TRUE
"FIRST ASSISTANT CORPORATION COUNSEL",2025,1,0,,,1,,,TRUE
"FIRST ASSISTANT TO THE PUBLIC ADVOCATE",2014,0,1,,,1,,,TRUE
"FIRST ASSISTANT TO THE PUBLIC ADVOCATE",2015,0,1,,,1,,,TRUE
"FIRST ASSISTANT TO THE PUBLIC ADVOCATE",2019,0,2,,,2,,,TRUE
"FIRST ASSISTANT TO THE PUBLIC ADVOCATE",2020,0,2,,,2,,,TRUE
"FIRST ASST MARINE ENGINEER",2014,1,0,,,1,,,TRUE
"FIRST ASST MARINE ENGINEER",2015,1,0,,,1,,,TRUE
"FIRST ASST MARINE ENGINEER",2016,1,0,,,1,,,TRUE
"FIRST ASST MARINE ENGINEER",2017,1,0,,,1,,,TRUE
"FIRST ASST MARINE ENGINEER",2018,1,0,,,1,,,TRUE
"FIRST ASST MARINE ENGINEER",2019,1,0,,,1,,,TRUE
"FIRST DEPUTY COMMISSIONER",2014,1,1,,,2,,,TRUE
"FIRST DEPUTY COMMISSIONER",2015,1,2,,,3,,,TRUE
"FIRST DEPUTY COMMISSIONER",2016,2,1,,,3,,,TRUE
"FIRST DEPUTY COMMISSIONER",2017,1,1,,,2,,,TRUE
"FIRST DEPUTY COMMISSIONER",2019,1,0,,,1,,,TRUE
"FIRST DEPUTY COMMISSIONER",2020,1,0,,,1,,,TRUE
"FIRST DEPUTY COMMISSIONER",2021,1,0,,,1,,,TRUE
"FIRST DEPUTY COMMISSIONER",2022,3,1,,,4,,,TRUE
"FIRST DEPUTY COMMISSIONER",2023,4,2,,,6,,,TRUE
"FIRST DEPUTY COMMISSIONER",2024,5,1,,,6,,,TRUE
"FIRST DEPUTY COMMISSIONER",2025,6,1,,,7,,,TRUE
"FIRST DEPUTY COMMISSIONER GENERAL COUNSEL",2020,1,0,,,1,,,TRUE
"FIRST DEPUTY COMPTROLLER",2014,0,1,,,1,,,TRUE
"FIRST DEPUTY COMPTROLLER",2015,0,1,,,1,,,TRUE
"FIRST DEPUTY COMPTROLLER",2022,0,1,,,1,,,TRUE
"FIRST DEPUTY COMPTROLLER",2023,0,1,,,1,,,TRUE
"FIRST DEPUTY MAYOR",2014,0,1,,,1,,,TRUE
"FIRST DEPUTY MAYOR",2015,0,1,,,1,,,TRUE
"FIRST DEPUTY MAYOR",2018,0,1,,,1,,,TRUE
"FIRST DEPUTY MAYOR",2019,0,1,,,1,,,TRUE
"FIRST DEPUTY MAYOR",2022,0,1,,,1,,,TRUE
"FIRST DEPUTY MAYOR",2023,0,1,,,1,,,TRUE
"FIRST DEPUTY MAYOR",2025,0,1,,,1,,,TRUE
"FISCAL & POLICY ANALYST",2023,0,1,,,1,,,TRUE
"FISCAL & POLICY ANALYST",2024,0,1,,,1,,,TRUE
"FISCAL AND POLICY ANALYST",2015,0,1,,,1,,,TRUE
"FISCAL AND POLICY ANALYST",2018,0,1,,,1,,,TRUE
"FISCAL AND POLICY ANALYST",2019,0,1,,,1,,,TRUE
"FITNESS INSTRUCTOR",2014,2,3,,,5,,,TRUE
"FITNESS INSTRUCTOR",2015,2,9,,,11,,,TRUE
"FITNESS INSTRUCTOR",2016,2,6,,,8,,,TRUE
"FITNESS INSTRUCTOR",2017,6,1,,,7,,,TRUE
"FITNESS INSTRUCTOR",2018,7,1,,,8,,,TRUE
"FITNESS INSTRUCTOR",2019,7,2,,,9,,,TRUE
"FITNESS INSTRUCTOR",2020,6,2,,,8,,,TRUE
"FITNESS INSTRUCTOR",2021,6,0,,,6,,,TRUE
"FITNESS INSTRUCTOR",2022,5,1,,,6,,,TRUE
"FITNESS INSTRUCTOR",2023,4,6,,,10,,,TRUE
"FITNESS INSTRUCTOR",2024,4,10,,,14,,,TRUE
"FITNESS INSTRUCTOR",2025,8,5,,,13,,,TRUE
"FOOD SERVICE ADMINISTRATOR",2014,1,1,,,2,,,TRUE
"FOOD SERVICE ADMINISTRATOR",2015,1,0,,,1,,,TRUE
"FOOD SERVICE ADMINISTRATOR",2016,1,0,,,1,,,TRUE
"FOOD SERVICE ADMINISTRATOR",2017,1,0,,,1,,,TRUE
"FOOD SERVICE ADMINISTRATOR",2018,1,0,,,1,,,TRUE
"FOOD SERVICE ADMINISTRATOR",2019,2,0,,,2,,,TRUE
"FOOD SERVICE ADMINISTRATOR",2020,2,0,,,2,,,TRUE
"FOOD SERVICE ADMINISTRATOR",2021,2,0,,,2,,,TRUE
"FOOD SERVICE ADMINISTRATOR",2022,3,0,,,3,,,TRUE
"FOOD SERVICE ADMINISTRATOR",2023,4,0,,,4,,,TRUE
"FOOD SERVICE ADMINISTRATOR",2024,4,0,,,4,,,TRUE
"FOOD SERVICE ADMINISTRATOR",2025,4,0,,,4,,,TRUE
"FOOD SERVICE MANAGER",2014,7,0,,,7,,,TRUE
"FOOD SERVICE MANAGER",2015,6,1,,,7,,,TRUE
"FOOD SERVICE MANAGER",2016,6,1,,,7,,,TRUE
"FOOD SERVICE MANAGER",2017,6,1,,,7,,,TRUE
"FOOD SERVICE MANAGER",2018,6,1,,,7,,,TRUE
"FOOD SERVICE MANAGER",2019,8,0,,,8,,,TRUE
"FOOD SERVICE MANAGER",2020,8,0,,,8,,,TRUE
"FOOD SERVICE MANAGER",2021,8,0,,,8,,,TRUE
"FOOD SERVICE MANAGER",2022,8,0,,,8,,,TRUE
"FOOD SERVICE MANAGER",2023,7,0,,,7,,,TRUE
"FOOD SERVICE MANAGER",2024,8,0,,,8,,,TRUE
"FOOD SERVICE MANAGER",2025,7,0,,,7,,,TRUE
"FORENS MORT TECH COORD MRT SRV",2015,2,0,,,2,,,TRUE
"FORENSIC MORTUARY TECHNICIAN",2014,20,0,,,20,,,TRUE
"FORENSIC MORTUARY TECHNICIAN",2015,20,7,,,27,,,TRUE
"FORENSIC MORTUARY TECHNICIAN",2016,17,8,,,25,,,TRUE
"FORENSIC MORTUARY TECHNICIAN",2017,18,6,,,24,,,TRUE
"FORENSIC MORTUARY TECHNICIAN",2018,20,14,,,34,,,TRUE
"FORENSIC MORTUARY TECHNICIAN",2019,21,13,,,34,,,TRUE
"FORENSIC MORTUARY TECHNICIAN",2020,19,4,,,23,,,TRUE
"FORENSIC MORTUARY TECHNICIAN",2021,19,7,,,26,,,TRUE
"FORENSIC MORTUARY TECHNICIAN",2022,16,3,,,19,,,TRUE
"FORENSIC MORTUARY TECHNICIAN",2023,15,12,,,27,,,TRUE
"FORENSIC MORTUARY TECHNICIAN",2024,13,7,,,20,,,TRUE
"FORENSIC MORTUARY TECHNICIAN",2025,15,2,,,17,,,TRUE
"FORENSIC MORTUARY TECHNICIAN COORD OF MORTUARY SERVICES",2016,1,0,,,1,,,TRUE
"FORENSIC MORTUARY TECHNICIAN COORD OF MORTUARY SERVICES",2017,1,0,,,1,,,TRUE
"FORENSIC MORTUARY TECHNICIAN COORD OF MORTUARY SERVICES",2024,2,0,,,2,,,TRUE
"FORENSIC MORTUARY TECHNICIAN COORD OF MORTUARY SERVICES",2025,1,0,,,1,,,TRUE
"FORESTER",2014,4,28,,,32,,,TRUE
"FORESTER",2015,4,25,,,29,,,TRUE
"FORESTER",2016,5,27,,,32,,,TRUE
"FORESTER",2017,5,22,,,27,,,TRUE
"FORESTER",2018,5,25,,,30,,,TRUE
"FORESTER",2019,6,20,,,26,,,TRUE
"FORESTER",2020,5,27,,,32,,,TRUE
"FORESTER",2021,5,17,,,22,,,TRUE
"FORESTER",2022,4,13,,,17,,,TRUE
"FORESTER",2023,4,27,,,31,,,TRUE
"FORESTER",2024,3,27,,,30,,,TRUE
"FORESTER",2025,4,11,,,15,,,TRUE
"FRAUD INVESTIGATOR",2014,455,70,49528,34977,525,0.706206590211597,14551,FALSE
"FRAUD INVESTIGATOR",2015,457,30,51793,42064,487,0.812156082868341,9729,FALSE
"FRAUD INVESTIGATOR",2016,470,16,,,486,,,TRUE
"FRAUD INVESTIGATOR",2017,459,27,,,486,,,TRUE
"FRAUD INVESTIGATOR",2018,453,63,54681,38617,516,0.706223368263199,16064,FALSE
"FRAUD INVESTIGATOR",2019,427,85,57064,40284,512,0.70594420300014,16780,FALSE
"FRAUD INVESTIGATOR",2020,405,63,58800,41483,468,0.705493197278912,17317,FALSE
"FRAUD INVESTIGATOR",2021,384,18,,,402,,,TRUE
"FRAUD INVESTIGATOR",2022,361,3,,,364,,,TRUE
"FRAUD INVESTIGATOR",2023,350,8,,,358,,,TRUE
"FRAUD INVESTIGATOR",2024,325,12,,,337,,,TRUE
"FRAUD INVESTIGATOR",2025,310,9,,,319,,,TRUE
"GARDENER",2014,37,20,,,57,,,TRUE
"GARDENER",2015,38,21,,,59,,,TRUE
"GARDENER",2016,54,12,,,66,,,TRUE
"GARDENER",2017,52,8,,,60,,,TRUE
"GARDENER",2018,54,17,,,71,,,TRUE
"GARDENER",2019,56,12,,,68,,,TRUE
"GARDENER",2020,53,28,,,81,,,TRUE
"GARDENER",2021,51,10,,,61,,,TRUE
"GARDENER",2022,46,5,,,51,,,TRUE
"GARDENER",2023,52,35,54601,47437,87,0.868793611838611,7164,FALSE
"GARDENER",2024,45,21,,,66,,,TRUE
"GARDENER",2025,45,20,,,65,,,TRUE
"GENERAL COUNSEL",2014,1,3,,,4,,,TRUE
"GENERAL COUNSEL",2015,2,3,,,5,,,TRUE
"GENERAL COUNSEL",2016,2,0,,,2,,,TRUE
"GENERAL COUNSEL",2017,1,1,,,2,,,TRUE
"GENERAL COUNSEL",2018,1,0,,,1,,,TRUE
"GENERAL COUNSEL",2019,1,0,,,1,,,TRUE
"GENERAL COUNSEL",2020,1,0,,,1,,,TRUE
"GENERAL COUNSEL",2021,1,0,,,1,,,TRUE
"GENERAL COUNSEL",2022,1,0,,,1,,,TRUE
"GENERAL COUNSEL",2023,1,1,,,2,,,TRUE
"GENERAL COUNSEL",2024,2,1,,,3,,,TRUE
"GENERAL COUNSEL",2025,3,1,,,4,,,TRUE
"GENERAL INSPECTOR",2014,1,0,,,1,,,TRUE
"GENERAL INSPECTOR",2015,1,0,,,1,,,TRUE
"GENERAL INSPECTOR",2016,1,0,,,1,,,TRUE
"GENERAL INSPECTOR",2017,1,0,,,1,,,TRUE
"GENERAL INSPECTOR",2018,1,0,,,1,,,TRUE
"GENERAL INSPECTOR",2019,1,0,,,1,,,TRUE
"GENERAL INSPECTOR",2020,1,0,,,1,,,TRUE
"GENERAL INSPECTOR",2021,1,0,,,1,,,TRUE
"GENERAL INSPECTOR",2022,0,2,,,2,,,TRUE
"GENERAL INSPECTOR",2023,0,2,,,2,,,TRUE
"GENERAL SUPERINTENDENT",2014,216,0,,,216,,,TRUE
"GENERAL SUPERINTENDENT",2015,243,0,,,243,,,TRUE
"GENERAL SUPERINTENDENT",2016,248,0,,,248,,,TRUE
"GENERAL SUPERINTENDENT",2017,256,0,,,256,,,TRUE
"GENERAL SUPERINTENDENT",2018,267,0,,,267,,,TRUE
"GENERAL SUPERINTENDENT",2019,264,0,,,264,,,TRUE
"GENERAL SUPERINTENDENT",2020,258,0,,,258,,,TRUE
"GENERAL SUPERINTENDENT",2021,227,0,,,227,,,TRUE
"GENERAL SUPERINTENDENT",2022,234,0,,,234,,,TRUE
"GENERAL SUPERINTENDENT",2023,236,0,,,236,,,TRUE
"GENERAL SUPERINTENDENT",2024,223,0,,,223,,,TRUE
"GENERAL SUPERINTENDENT",2025,215,0,,,215,,,TRUE
"GEOLOGIST",2014,5,5,,,10,,,TRUE
"GEOLOGIST",2015,4,5,,,9,,,TRUE
"GEOLOGIST",2016,4,4,,,8,,,TRUE
"GEOLOGIST",2017,4,10,,,14,,,TRUE
"GEOLOGIST",2018,4,8,,,12,,,TRUE
"GEOLOGIST",2019,4,12,,,16,,,TRUE
"GEOLOGIST",2020,1,9,,,10,,,TRUE
"GEOLOGIST",2021,2,6,,,8,,,TRUE
"GEOLOGIST",2022,2,6,,,8,,,TRUE
"GEOLOGIST",2023,1,6,,,7,,,TRUE
"GEOLOGIST",2024,1,6,,,7,,,TRUE
"GEOLOGIST",2025,1,7,,,8,,,TRUE
"GRAPHIC ARTIST",2014,7,2,,,9,,,TRUE
"GRAPHIC ARTIST",2015,7,5,,,12,,,TRUE
"GRAPHIC ARTIST",2016,7,16,,,23,,,TRUE
"GRAPHIC ARTIST",2017,9,17,,,26,,,TRUE
"GRAPHIC ARTIST",2018,15,14,,,29,,,TRUE
"GRAPHIC ARTIST",2019,20,13,,,33,,,TRUE
"GRAPHIC ARTIST",2020,19,13,,,32,,,TRUE
"GRAPHIC ARTIST",2021,19,8,,,27,,,TRUE
"GRAPHIC ARTIST",2022,16,7,,,23,,,TRUE
"GRAPHIC ARTIST",2023,17,15,,,32,,,TRUE
"GRAPHIC ARTIST",2024,18,17,,,35,,,TRUE
"GRAPHIC ARTIST",2025,17,8,,,25,,,TRUE
"GUIDANCE COUNSELOR",2014,1854,123,85062,57170,1977,0.672097999106534,27892,FALSE
"GUIDANCE COUNSELOR",2015,1960,194,89393,60080,2154,0.672088418556263,29313,FALSE
"GUIDANCE COUNSELOR",2016,2047,236,96171,62177,2283,0.646525459857961,33994,FALSE
"GUIDANCE COUNSELOR",2017,2106,235,100547,68644,2341,0.682705600365998,31903,FALSE
"GUIDANCE COUNSELOR",2018,2178,148,105594,72089,2326,0.682699774608406,33505,FALSE
"GUIDANCE COUNSELOR",2019,2204,48,107706,70838,2252,0.657697806993111,36868,FALSE
"GUIDANCE COUNSELOR",2020,2198,66,110398,63905,2264,0.578860124277614,46493,FALSE
"GUIDANCE COUNSELOR",2021,2183,61,113710,77630,2244,0.682701609357137,36080,FALSE
"GUIDANCE COUNSELOR",2022,2207,203,113710,73515,2410,0.64651305953742,40195,FALSE
"GUIDANCE COUNSELOR",2023,2252,240,113710,77630,2492,0.682701609357137,36080,FALSE
"GUIDANCE COUNSELOR",2024,2310,137,120635,77993,2447,0.6465204957102,42642,FALSE
"GUIDANCE COUNSELOR",2025,2396,136,124254,84829,2532,0.68270639174594,39425,FALSE
"GUIDANCE COUNSELOR ASSIGNED A",2014,15,0,,,15,,,TRUE
"GUIDANCE COUNSELOR ASSIGNED A",2015,14,0,,,14,,,TRUE
"GUIDANCE COUNSELOR ASSIGNED A",2016,15,0,,,15,,,TRUE
"GUIDANCE COUNSELOR ASSIGNED A",2017,40,36,93948.5,65006,76,0.691932282048143,28942.5,FALSE
"GUIDANCE COUNSELOR ASSIGNED A",2018,43,31,96780,72089,74,0.744874974168217,24691,FALSE
"GUIDANCE COUNSELOR ASSIGNED A",2019,40,3,,,43,,,TRUE
"GUIDANCE COUNSELOR ASSIGNED A",2020,38,3,,,41,,,TRUE
"GUIDANCE COUNSELOR ASSIGNED A",2021,36,1,,,37,,,TRUE
"GUIDANCE COUNSELOR ASSIGNED A",2022,10,0,,,10,,,TRUE
"GUIDANCE COUNSELOR ASSIGNED A",2023,8,0,,,8,,,TRUE
"GUIDANCE COUNSELOR ASSIGNED A",2024,10,0,,,10,,,TRUE
"GUIDANCE COUNSELOR ASSIGNED A",2025,10,0,,,10,,,TRUE
"GUIDANCE COUNSELOR REG SUB",2014,0,1,,,1,,,TRUE
"GUIDANCE COUNSELOR REG SUB",2015,0,2,,,2,,,TRUE
"GUIDANCE COUNSELOR REG SUB",2016,0,4,,,4,,,TRUE
"GUIDANCE COUNSELOR REG SUB",2017,1,4,,,5,,,TRUE
"GUIDANCE COUNSELOR REG SUB",2018,0,8,,,8,,,TRUE
"GUIDANCE COUNSELOR REG SUB",2019,2,3,,,5,,,TRUE
"GUIDANCE COUNSELOR REG SUB",2020,0,1,,,1,,,TRUE
"GUIDANCE COUNSELOR REG SUB",2021,0,1,,,1,,,TRUE
"GUIDANCE COUNSELOR REG SUB",2022,5,16,,,21,,,TRUE
"GUIDANCE COUNSELOR REG SUB",2023,3,8,,,11,,,TRUE
"GUIDANCE COUNSELOR REG SUB",2024,2,7,,,9,,,TRUE
"GUIDANCE COUNSELOR REG SUB",2025,3,8,,,11,,,TRUE
"HCCS SR COLLEGE LAB TECH",2014,2,0,,,2,,,TRUE
"HCCS SR COLLEGE LAB TECH",2015,1,0,,,1,,,TRUE
"HCCS SR COLLEGE LAB TECH",2016,1,1,,,2,,,TRUE
"HCCS SR COLLEGE LAB TECH",2017,1,1,,,2,,,TRUE
"HCCS SR COLLEGE LAB TECH",2018,1,0,,,1,,,TRUE
"HCCS SR COLLEGE LAB TECH",2019,1,0,,,1,,,TRUE
"HCCS SR COLLEGE LAB TECH",2020,1,0,,,1,,,TRUE
"HEAD NURSE",2014,13,3,,,16,,,TRUE
"HEAD NURSE",2015,13,0,,,13,,,TRUE
"HEAD NURSE",2016,11,0,,,11,,,TRUE
"HEAD NURSE",2017,10,0,,,10,,,TRUE
"HEAD NURSE",2018,10,0,,,10,,,TRUE
"HEAD NURSE",2019,10,0,,,10,,,TRUE
"HEAD NURSE",2020,10,1,,,11,,,TRUE
"HEAD NURSE",2021,11,1,,,12,,,TRUE
"HEAD NURSE",2022,10,0,,,10,,,TRUE
"HEAD NURSE",2023,12,0,,,12,,,TRUE
"HEAD NURSE",2024,11,0,,,11,,,TRUE
"HEAD NURSE",2025,9,0,,,9,,,TRUE
"HEALTH CARE PROG PLAN/ANALYST",2018,4,0,,,4,,,TRUE
"HEALTH CARE PROG PLAN/ANALYST",2019,3,0,,,3,,,TRUE
"HEALTH CARE PROG PLAN/ANALYST",2020,3,1,,,4,,,TRUE
"HEALTH CARE PROG PLAN/ANALYST",2021,5,1,,,6,,,TRUE
"HEALTH CARE PROG PLAN/ANALYST",2022,5,0,,,5,,,TRUE
"HEALTH CARE PROG PLAN/ANALYST",2023,5,0,,,5,,,TRUE
"HEALTH CARE PROG PLAN/ANALYST",2024,5,0,,,5,,,TRUE
"HEALTH CARE PROG PLAN/ANALYST",2025,5,0,,,5,,,TRUE
"HEALTH SERVICES MANAGER",2014,79,17,,,96,,,TRUE
"HEALTH SERVICES MANAGER",2015,83,37,107019,96831,120,0.90480195105542,10188,FALSE
"HEALTH SERVICES MANAGER",2016,84,57,109527,92850,141,0.847736174641869,16677,FALSE
"HEALTH SERVICES MANAGER",2017,88,31,110439.5,101000,119,0.914527863671965,9439.5,FALSE
"HEALTH SERVICES MANAGER",2018,148,18,,,166,,,TRUE
"HEALTH SERVICES MANAGER",2019,34,4,,,38,,,TRUE
"HEALTH SERVICES MANAGER",2020,37,1,,,38,,,TRUE
"HEALTH SERVICES MANAGER",2021,33,2,,,35,,,TRUE
"HEALTH SERVICES MANAGER",2022,31,2,,,33,,,TRUE
"HEALTH SERVICES MANAGER",2023,28,0,,,28,,,TRUE
"HEALTH SERVICES MANAGER",2024,30,0,,,30,,,TRUE
"HEALTH SERVICES MANAGER",2025,28,1,,,29,,,TRUE
"HEALTH SERVICES MANAGER NON MANAGERIAL LEVEL I",2019,77,9,,,86,,,TRUE
"HEALTH SERVICES MANAGER NON MANAGERIAL LEVEL I",2020,73,3,,,76,,,TRUE
"HEALTH SERVICES MANAGER NON MANAGERIAL LEVEL I",2021,66,1,,,67,,,TRUE
"HEALTH SERVICES MANAGER NON MANAGERIAL LEVEL I",2022,52,0,,,52,,,TRUE
"HEALTH SERVICES MANAGER NON MANAGERIAL LEVEL I",2023,47,1,,,48,,,TRUE
"HEALTH SERVICES MANAGER NON MANAGERIAL LEVEL I",2024,43,3,,,46,,,TRUE
"HEALTH SERVICES MANAGER NON MANAGERIAL LEVEL I",2025,47,3,,,50,,,TRUE
"HEALTH SERVICES MANAGER NON MANAGERIAL LEVEL II",2019,28,0,,,28,,,TRUE
"HEALTH SERVICES MANAGER NON MANAGERIAL LEVEL II",2020,29,0,,,29,,,TRUE
"HEALTH SERVICES MANAGER NON MANAGERIAL LEVEL II",2021,31,0,,,31,,,TRUE
"HEALTH SERVICES MANAGER NON MANAGERIAL LEVEL II",2022,33,0,,,33,,,TRUE
"HEALTH SERVICES MANAGER NON MANAGERIAL LEVEL II",2023,36,0,,,36,,,TRUE
"HEALTH SERVICES MANAGER NON MANAGERIAL LEVEL II",2024,36,0,,,36,,,TRUE
"HEALTH SERVICES MANAGER NON MANAGERIAL LEVEL II",2025,35,0,,,35,,,TRUE
"HEARING DIRECTOR",2015,0,1,,,1,,,TRUE
"HEARING DIRECTOR",2016,0,1,,,1,,,TRUE
"HEARING EXAMINER",2014,2,0,,,2,,,TRUE
"HEARING EXAMINER",2015,3,0,,,3,,,TRUE
"HEARING EXAMINER",2016,3,0,,,3,,,TRUE
"HEARING EXAMINER",2017,3,0,,,3,,,TRUE
"HEARING EXAMINER",2018,3,0,,,3,,,TRUE
"HEARING EXAMINER",2019,3,0,,,3,,,TRUE
"HEARING EXAMINER",2020,3,0,,,3,,,TRUE
"HEARING EXAMINER",2021,3,0,,,3,,,TRUE
"HEARING EXAMINER",2022,2,0,,,2,,,TRUE
"HEARING EXAMINER",2023,2,1,,,3,,,TRUE
"HEARING EXAMINER",2024,2,1,,,3,,,TRUE
"HEARING EXAMINER",2025,2,0,,,2,,,TRUE
"HEATING PLANT TECHNICIAN",2014,216,21,,,237,,,TRUE
"HEATING PLANT TECHNICIAN",2015,162,46,47719,39649,208,0.830884972442842,8070,FALSE
"HEATING PLANT TECHNICIAN",2016,155,22,,,177,,,TRUE
"HEATING PLANT TECHNICIAN",2017,151,5,,,156,,,TRUE
"HEATING PLANT TECHNICIAN",2018,156,24,,,180,,,TRUE
"HEATING PLANT TECHNICIAN",2019,130,29,,,159,,,TRUE
"HEATING PLANT TECHNICIAN",2020,123,5,,,128,,,TRUE
"HEATING PLANT TECHNICIAN",2021,115,1,,,116,,,TRUE
"HEATING PLANT TECHNICIAN",2022,106,1,,,107,,,TRUE
"HEATING PLANT TECHNICIAN",2023,93,2,,,95,,,TRUE
"HEATING PLANT TECHNICIAN",2024,95,2,,,97,,,TRUE
"HEATING PLANT TECHNICIAN",2025,90,1,,,91,,,TRUE
"HELICOPTER MECHANIC",2019,0,1,,,1,,,TRUE
"HELICOPTER MECHANIC",2023,0,1,,,1,,,TRUE
"HELICOPTER MECHANIC",2024,0,1,,,1,,,TRUE
"HELICOPTER PILOT",2019,0,2,,,2,,,TRUE
"HELICOPTER PILOT",2020,0,1,,,1,,,TRUE
"HIGH SCHOOL ELEM COUNSELOR",2014,1,0,,,1,,,TRUE
"HIGH SCHOOL ELEM COUNSELOR",2015,1,0,,,1,,,TRUE
"HIGH SCHOOL ELEM COUNSELOR",2016,1,0,,,1,,,TRUE
"HIGH SCHOOL ELEM COUNSELOR",2017,1,0,,,1,,,TRUE
"HIGH SCHOOL ELEM COUNSELOR",2018,1,0,,,1,,,TRUE
"HIGH SCHOOL ELEM COUNSELOR",2019,1,0,,,1,,,TRUE
"HIGH SCHOOL ELEM COUNSELOR",2020,1,0,,,1,,,TRUE
"HIGH SCHOOL ELEM COUNSELOR",2021,2,1,,,3,,,TRUE
"HIGH SCHOOL ELEM COUNSELOR",2022,1,1,,,2,,,TRUE
"HIGH SCHOOL ELEM COUNSELOR",2023,1,2,,,3,,,TRUE
"HIGH SCHOOL ELEM COUNSELOR",2024,2,3,,,5,,,TRUE
"HIGH SCHOOL ELEM COUNSELOR",2025,2,2,,,4,,,TRUE
"HIGHER EDUCATION ASSISTANT",2014,122,122,74133,53032,244,0.715362928790147,21101,FALSE
"HIGHER EDUCATION ASSISTANT",2015,138,122,74133,55782,260,0.752458419327425,18351,FALSE
"HIGHER EDUCATION ASSISTANT",2016,151,153,74133,55782,304,0.752458419327425,18351,FALSE
"HIGHER EDUCATION ASSISTANT",2017,152,191,81855,61593,343,0.75246472420744,20262,FALSE
"HIGHER EDUCATION ASSISTANT",2018,153,178,81855,61593,331,0.75246472420744,20262,FALSE
"HIGHER EDUCATION ASSISTANT",2019,136,145,81855,61593,281,0.75246472420744,20262,FALSE
"HIGHER EDUCATION ASSISTANT",2020,147,116,85162,65134,263,0.764824687067002,20028,FALSE
"HIGHER EDUCATION ASSISTANT",2021,150,69,87762,64081,219,0.730167954239876,23681,FALSE
"HIGHER EDUCATION ASSISTANT",2022,142,45,91307,68861,187,0.754169997919108,22446,FALSE
"HIGHER EDUCATION ASSISTANT",2023,154,80,93134,68004,234,0.730173728176606,25130,FALSE
"HIGHER EDUCATION ASSISTANT",2024,180,79,90375,70238,259,0.777183955739972,20137,FALSE
"HIGHER EDUCATION ASSISTANT",2025,211,81,90375,70238,292,0.777183955739972,20137,FALSE
"HIGHER EDUCATION ASSOCIATE",2014,121,50,88418,74133,171,0.83843787464091,14285,FALSE
"HIGHER EDUCATION ASSOCIATE",2015,118,63,88418,74133,181,0.83843787464091,14285,FALSE
"HIGHER EDUCATION ASSOCIATE",2016,121,72,88418,76689,193,0.867346015517202,11729,FALSE
"HIGHER EDUCATION ASSOCIATE",2017,131,47,97628,84678,178,0.867353628057524,12950,FALSE
"HIGHER EDUCATION ASSOCIATE",2018,131,44,97628,84678,175,0.867353628057524,12950,FALSE
"HIGHER EDUCATION ASSOCIATE",2019,130,81,97628,84678,211,0.867353628057524,12950,FALSE
"HIGHER EDUCATION ASSOCIATE",2020,130,71,101572,88099,201,0.867355176623479,13473,FALSE
"HIGHER EDUCATION ASSOCIATE",2021,129,30,104260,88099,159,0.84499328601573,16161,FALSE
"HIGHER EDUCATION ASSOCIATE",2022,126,24,,,150,,,TRUE
"HIGHER EDUCATION ASSOCIATE",2023,137,39,110641,93491,176,0.844994170334686,17150,FALSE
"HIGHER EDUCATION ASSOCIATE",2024,153,43,110641,93491,196,0.844994170334686,17150,FALSE
"HIGHER EDUCATION ASSOCIATE",2025,166,37,110641,93491,203,0.844994170334686,17150,FALSE
"HIGHER EDUCATION OFFICER",2014,118,29,,,147,,,TRUE
"HIGHER EDUCATION OFFICER",2015,118,36,109087,102253,154,0.937352755140393,6834,FALSE
"HIGHER EDUCATION OFFICER",2016,121,45,109087,102253,166,0.937352755140393,6834,FALSE
"HIGHER EDUCATION OFFICER",2017,121,40,128485,115012.5,161,0.895143401953535,13472.5,FALSE
"HIGHER EDUCATION OFFICER",2018,119,41,117120,112905,160,0.964011270491803,4215,FALSE
"HIGHER EDUCATION OFFICER",2019,121,32,120450,112901.5,153,0.937330842673308,7548.5,FALSE
"HIGHER EDUCATION OFFICER",2020,127,28,,,155,,,TRUE
"HIGHER EDUCATION OFFICER",2021,121,13,,,134,,,TRUE
"HIGHER EDUCATION OFFICER",2022,127,24,,,151,,,TRUE
"HIGHER EDUCATION OFFICER",2023,133,33,129310,124656,166,0.964008970690589,4654,FALSE
"HIGHER EDUCATION OFFICER",2024,142,28,,,170,,,TRUE
"HIGHER EDUCATION OFFICER",2025,154,23,,,177,,,TRUE
"HIGHER EDUCATION OFFICER/ASST ADMINISTRATOR",2014,1,0,,,1,,,TRUE
"HIGHER EDUCATION OFFICER/ASST ADMINISTRATOR",2015,1,0,,,1,,,TRUE
"HIGHER EDUCATION OFFICER/ASST ADMINISTRATOR",2016,1,0,,,1,,,TRUE
"HIGHER EDUCATION OFFICER/ASST ADMINISTRATOR",2017,1,0,,,1,,,TRUE
"HIGHER EDUCATION OFFICER/ASST ADMINISTRATOR",2018,1,0,,,1,,,TRUE
"HIGHER EDUCATION OFFICER/ASST ADMINISTRATOR",2019,1,0,,,1,,,TRUE
"HIGHER EDUCATION OFFICER/ASST ADMINISTRATOR",2020,1,0,,,1,,,TRUE
"HIGHER EDUCATION OFFICER/ASST ADMINISTRATOR",2021,1,0,,,1,,,TRUE
"HIGHER EDUCATION OFFICER/ASST ADMINISTRATOR",2022,1,0,,,1,,,TRUE
"HIGHER EDUCATION OFFICER/ASST ADMINISTRATOR",2023,1,0,,,1,,,TRUE
"HIGHER EDUCATION OFFICER/ASST ADMINISTRATOR",2024,1,0,,,1,,,TRUE
"HIGHER EDUCATION OFFICER/ASST ADMINISTRATOR",2025,1,0,,,1,,,TRUE
"HIGHWAY TRANSPORTATION SPECIALIST",2014,118,6,,,124,,,TRUE
"HIGHWAY TRANSPORTATION SPECIALIST",2015,135,2,,,137,,,TRUE
"HIGHWAY TRANSPORTATION SPECIALIST",2016,143,2,,,145,,,TRUE
"HIGHWAY TRANSPORTATION SPECIALIST",2017,135,2,,,137,,,TRUE
"HIGHWAY TRANSPORTATION SPECIALIST",2018,127,1,,,128,,,TRUE
"HIGHWAY TRANSPORTATION SPECIALIST",2019,122,7,,,129,,,TRUE
"HIGHWAYS AND SEWERS INSPECTOR",2014,49,2,,,51,,,TRUE
"HIGHWAYS AND SEWERS INSPECTOR",2015,48,1,,,49,,,TRUE
"HIGHWAYS AND SEWERS INSPECTOR",2016,51,2,,,53,,,TRUE
"HIGHWAYS AND SEWERS INSPECTOR",2017,79,6,,,85,,,TRUE
"HIGHWAYS AND SEWERS INSPECTOR",2018,74,8,,,82,,,TRUE
"HIGHWAYS AND SEWERS INSPECTOR",2019,74,4,,,78,,,TRUE
"HIGHWAYS AND SEWERS INSPECTOR",2020,74,1,,,75,,,TRUE
"HIGHWAYS AND SEWERS INSPECTOR",2021,69,0,,,69,,,TRUE
"HIGHWAYS AND SEWERS INSPECTOR",2022,53,0,,,53,,,TRUE
"HIGHWAYS AND SEWERS INSPECTOR",2023,52,1,,,53,,,TRUE
"HIGHWAYS AND SEWERS INSPECTOR",2024,47,1,,,48,,,TRUE
"HIGHWAYS AND SEWERS INSPECTOR",2025,51,0,,,51,,,TRUE
"HOME AIDE",2014,1,0,,,1,,,TRUE
"HOME AIDE",2015,1,0,,,1,,,TRUE
"HOME AIDE",2016,1,0,,,1,,,TRUE
"HOME AIDE",2017,1,0,,,1,,,TRUE
"HOME AIDE",2018,1,0,,,1,,,TRUE
"HOME AIDE",2019,1,0,,,1,,,TRUE
"HOME AIDE",2020,1,0,,,1,,,TRUE
"HOMEMAKER",2014,6,0,,,6,,,TRUE
"HOMEMAKER",2015,6,0,,,6,,,TRUE
"HOMEMAKER",2016,6,0,,,6,,,TRUE
"HOMEMAKER",2017,6,1,,,7,,,TRUE
"HOMEMAKER",2018,6,1,,,7,,,TRUE
"HOMEMAKER",2019,6,0,,,6,,,TRUE
"HOMEMAKER",2020,5,0,,,5,,,TRUE
"HOMEMAKER",2021,5,0,,,5,,,TRUE
"HOMEMAKER",2022,4,2,,,6,,,TRUE
"HOMEMAKER",2023,4,2,,,6,,,TRUE
"HOMEMAKER",2024,3,0,,,3,,,TRUE
"HOMEMAKER",2025,3,0,,,3,,,TRUE
"HOSTLER",2014,10,2,,,12,,,TRUE
"HOSTLER",2015,9,3,,,12,,,TRUE
"HOSTLER",2016,11,0,,,11,,,TRUE
"HOSTLER",2017,11,3,,,14,,,TRUE
"HOSTLER",2018,11,6,,,17,,,TRUE
"HOSTLER",2019,10,4,,,14,,,TRUE
"HOSTLER",2020,10,1,,,11,,,TRUE
"HOSTLER",2021,10,0,,,10,,,TRUE
"HOSTLER",2022,9,1,,,10,,,TRUE
"HOSTLER",2023,9,4,,,13,,,TRUE
"HOSTLER",2024,10,2,,,12,,,TRUE
"HOSTLER",2025,10,1,,,11,,,TRUE
"HOUSEKEEPER",2014,5,0,,,5,,,TRUE
"HOUSEKEEPER",2015,4,0,,,4,,,TRUE
"HOUSEKEEPER",2016,4,0,,,4,,,TRUE
"HOUSEKEEPER",2017,2,0,,,2,,,TRUE
"HOUSEKEEPER",2018,2,0,,,2,,,TRUE
"HOUSEKEEPER",2019,2,0,,,2,,,TRUE
"HOUSEKEEPER",2020,2,0,,,2,,,TRUE
"HOUSEKEEPER",2021,2,0,,,2,,,TRUE
"HOUSEKEEPER",2022,2,0,,,2,,,TRUE
"HOUSEKEEPER",2023,3,0,,,3,,,TRUE
"HOUSEKEEPER",2024,3,0,,,3,,,TRUE
"HOUSEKEEPER",2025,3,0,,,3,,,TRUE
"HOUSING ASSISTANT",2014,595,115,53427,32966,710,0.617028843094316,20461,FALSE
"HOUSING ASSISTANT",2015,532,129,55872,37779,661,0.676170532646048,18093,FALSE
"HOUSING ASSISTANT",2016,516,95,57269,38723,611,0.676159877071365,18546,FALSE
"HOUSING ASSISTANT",2017,506,75,58987,39885,581,0.676165934867005,19102,FALSE
"HOUSING ASSISTANT",2018,467,84,58987,36396,551,0.617017308898571,22591,FALSE
"HOUSING ASSISTANT",2019,432,116,60167,37124,548,0.61701597221068,23043,FALSE
"HOUSING ASSISTANT",2020,404,131,61521,37959,535,0.61700882625445,23562,FALSE
"HOUSING ASSISTANT",2021,370,79,63367,42846,449,0.676156358988117,20521,FALSE
"HOUSING ASSISTANT",2022,305,209,63367,42846,514,0.676156358988117,20521,FALSE
"HOUSING ASSISTANT",2023,310,223,63367,44183,533,0.697255669354711,19184,FALSE
"HOUSING ASSISTANT",2024,305,188,69243,48279,493,0.697240154239418,20964,FALSE
"HOUSING ASSISTANT",2025,314,230,71320,49727,544,0.697237801458216,21593,FALSE
"HOUSING ASSISTANT TRAINEE",2021,0,30,,,30,,,TRUE
"HOUSING CARETAKER",2014,56,0,,,56,,,TRUE
"HOUSING CARETAKER",2015,209,0,,,209,,,TRUE
"HOUSING CARETAKER",2016,191,0,,,191,,,TRUE
"HOUSING CARETAKER",2017,23,0,,,23,,,TRUE
"HOUSING CARETAKER",2018,14,0,,,14,,,TRUE
"HOUSING CARETAKER",2019,7,0,,,7,,,TRUE
"HOUSING CARETAKER",2020,5,0,,,5,,,TRUE
"HOUSING CARETAKER",2021,4,0,,,4,,,TRUE
"HOUSING CARETAKER",2022,3,0,,,3,,,TRUE
"HOUSING CARETAKER",2023,3,0,,,3,,,TRUE
"HOUSING CARETAKER",2024,2,0,,,2,,,TRUE
"HOUSING CARETAKER",2025,1,0,,,1,,,TRUE
"HOUSING CONSULTANT",2022,0,1,,,1,,,TRUE
"HOUSING CONSULTANT",2023,0,1,,,1,,,TRUE
"HOUSING DEVELOPMENT SPECIALIST",2014,43,27,,,70,,,TRUE
"HOUSING DEVELOPMENT SPECIALIST",2015,49,10,,,59,,,TRUE
"HOUSING DEVELOPMENT SPECIALIST",2016,56,9,,,65,,,TRUE
"HOUSING DEVELOPMENT SPECIALIST",2017,50,2,,,52,,,TRUE
"HOUSING DEVELOPMENT SPECIALIST",2018,46,16,,,62,,,TRUE
"HOUSING DEVELOPMENT SPECIALIST",2019,34,30,69787,68765,64,0.98535543869202,1022,FALSE
"HOUSING DEVELOPMENT SPECIALIST",2020,28,58,,,86,,,TRUE
"HOUSING DEVELOPMENT SPECIALIST",2021,28,33,,,61,,,TRUE
"HOUSING DEVELOPMENT SPECIALIST",2022,23,18,,,41,,,TRUE
"HOUSING DEVELOPMENT SPECIALIST",2023,20,20,,,40,,,TRUE
"HOUSING DEVELOPMENT SPECIALIST",2024,22,5,,,27,,,TRUE
"HOUSING DEVELOPMENT SPECIALIST",2025,27,2,,,29,,,TRUE
"HOUSING DEVELOPMENT SPECIALIST TRAINEE",2014,0,1,,,1,,,TRUE
"HOUSING DEVELOPMENT SPECIALIST TRAINEE",2015,0,1,,,1,,,TRUE
"HOUSING DEVELOPMENT SPECIALIST TRAINEE",2016,0,2,,,2,,,TRUE
"HOUSING DEVELOPMENT SPECIALIST TRAINEE",2018,0,1,,,1,,,TRUE
"HOUSING DEVELOPMENT SPECIALIST TRAINEE",2020,0,1,,,1,,,TRUE
"HOUSING EXTERMINATOR",2014,51,15,,,66,,,TRUE
"HOUSING EXTERMINATOR",2015,47,3,,,50,,,TRUE
"HOUSING EXTERMINATOR",2016,47,5,,,52,,,TRUE
"HOUSING EXTERMINATOR",2017,42,3,,,45,,,TRUE
"HOUSING EXTERMINATOR",2018,34,4,,,38,,,TRUE
"HOUSING EXTERMINATOR",2019,31,11,,,42,,,TRUE
"HOUSING EXTERMINATOR",2020,28,21,,,49,,,TRUE
"HOUSING EXTERMINATOR",2021,28,16,,,44,,,TRUE
"HOUSING EXTERMINATOR",2022,48,5,,,53,,,TRUE
"HOUSING EXTERMINATOR",2023,38,14,,,52,,,TRUE
"HOUSING EXTERMINATOR",2024,14,13,,,27,,,TRUE
"HOUSING EXTERMINATOR",2025,12,27,,,39,,,TRUE
"HOUSING EXTERMINATOR AL II & III",2018,4,0,,,4,,,TRUE
"HOUSING EXTERMINATOR AL II & III",2019,5,0,,,5,,,TRUE
"HOUSING EXTERMINATOR AL II & III",2020,8,1,,,9,,,TRUE
"HOUSING EXTERMINATOR AL II & III",2021,10,0,,,10,,,TRUE
"HOUSING EXTERMINATOR AL II & III",2022,14,0,,,14,,,TRUE
"HOUSING EXTERMINATOR AL II & III",2023,13,0,,,13,,,TRUE
"HOUSING EXTERMINATOR AL II & III",2024,25,3,,,28,,,TRUE
"HOUSING EXTERMINATOR AL II & III",2025,27,5,,,32,,,TRUE
"HOUSING EXTERMINATOR AL IV",2018,1,0,,,1,,,TRUE
"HOUSING EXTERMINATOR AL IV",2019,2,0,,,2,,,TRUE
"HOUSING EXTERMINATOR AL IV",2020,3,0,,,3,,,TRUE
"HOUSING EXTERMINATOR AL IV",2021,3,0,,,3,,,TRUE
"HOUSING EXTERMINATOR AL IV",2022,3,0,,,3,,,TRUE
"HOUSING EXTERMINATOR AL IV",2023,6,0,,,6,,,TRUE
"HOUSING EXTERMINATOR AL IV",2024,7,1,,,8,,,TRUE
"HOUSING EXTERMINATOR AL IV",2025,7,1,,,8,,,TRUE
"HOUSING MANAGER",2014,171,0,,,171,,,TRUE
"HOUSING MANAGER",2015,179,0,,,179,,,TRUE
"HOUSING MANAGER",2016,176,0,,,176,,,TRUE
"HOUSING MANAGER",2017,172,0,,,172,,,TRUE
"HOUSING MANAGER",2018,169,0,,,169,,,TRUE
"HOUSING MANAGER",2019,164,0,,,164,,,TRUE
"HOUSING MANAGER",2020,161,0,,,161,,,TRUE
"HOUSING MANAGER",2021,157,0,,,157,,,TRUE
"HOUSING MANAGER",2022,159,1,,,160,,,TRUE
"HOUSING MANAGER",2023,155,2,,,157,,,TRUE
"HOUSING MANAGER",2024,155,0,,,155,,,TRUE
"HOUSING MANAGER",2025,143,0,,,143,,,TRUE
"HOUSING STOCK WORKER",2014,19,1,,,20,,,TRUE
"HOUSING STOCK WORKER",2015,17,0,,,17,,,TRUE
"HOUSING STOCK WORKER",2016,13,0,,,13,,,TRUE
"HOUSING STOCK WORKER",2017,11,0,,,11,,,TRUE
"HOUSING STOCK WORKER",2018,13,0,,,13,,,TRUE
"HOUSING STOCK WORKER",2019,11,4,,,15,,,TRUE
"HOUSING STOCK WORKER",2020,9,3,,,12,,,TRUE
"HOUSING STOCK WORKER",2021,10,4,,,14,,,TRUE
"HOUSING STOCK WORKER",2022,10,4,,,14,,,TRUE
"HOUSING STOCK WORKER",2023,7,0,,,7,,,TRUE
"HOUSING STOCK WORKER",2024,8,2,,,10,,,TRUE
"HOUSING STOCK WORKER",2025,6,3,,,9,,,TRUE
"HUMAN RESOURCES ADMINISTRATOR",2014,0,1,,,1,,,TRUE
"HUMAN RESOURCES ADMINISTRATOR",2015,0,1,,,1,,,TRUE
"HUMAN RESOURCES ADMINISTRATOR",2022,1,0,,,1,,,TRUE
"HUMAN RESOURCES ADMINISTRATOR",2023,0,1,,,1,,,TRUE
"HUMAN RESOURCES ADMINISTRATOR",2024,0,1,,,1,,,TRUE
"HUMAN RESOURCES TECHNICIAN",2014,4,0,,,4,,,TRUE
"HUMAN RESOURCES TECHNICIAN",2015,3,0,,,3,,,TRUE
"HUMAN RESOURCES TECHNICIAN",2016,3,0,,,3,,,TRUE
"HUMAN RESOURCES TECHNICIAN",2017,2,0,,,2,,,TRUE
"HUMAN RESOURCES TECHNICIAN",2018,2,0,,,2,,,TRUE
"HUMAN RESOURCES TECHNICIAN",2019,2,0,,,2,,,TRUE
"HUMAN RESOURCES TECHNICIAN",2020,2,0,,,2,,,TRUE
"HUMAN RESOURCES TECHNICIAN",2021,2,0,,,2,,,TRUE
"HUMAN RESOURCES TECHNICIAN",2022,1,0,,,1,,,TRUE
"HUMAN RESOURCES TECHNICIAN",2023,1,0,,,1,,,TRUE
"HUMAN RESOURCES TECHNICIAN",2024,1,0,,,1,,,TRUE
"HUMAN RIGHTS SPECIALIST",2014,5,3,,,8,,,TRUE
"HUMAN RIGHTS SPECIALIST",2015,5,3,,,8,,,TRUE
"HUMAN RIGHTS SPECIALIST",2016,5,5,,,10,,,TRUE
"HUMAN RIGHTS SPECIALIST",2017,2,11,,,13,,,TRUE
"HUMAN RIGHTS SPECIALIST",2018,2,9,,,11,,,TRUE
"HUMAN RIGHTS SPECIALIST",2019,1,5,,,6,,,TRUE
"HUMAN RIGHTS SPECIALIST",2020,1,5,,,6,,,TRUE
"HUMAN RIGHTS SPECIALIST",2021,1,3,,,4,,,TRUE
"HUMAN RIGHTS SPECIALIST",2022,1,1,,,2,,,TRUE
"HUMAN RIGHTS SPECIALIST",2023,1,3,,,4,,,TRUE
"HUMAN RIGHTS SPECIALIST",2024,1,5,,,6,,,TRUE
"HUMAN RIGHTS SPECIALIST",2025,1,7,,,8,,,TRUE
"INCINERATOR FACILITY MANAGER",2014,1,0,,,1,,,TRUE
"INCINERATOR FACILITY MANAGER",2015,1,0,,,1,,,TRUE
"INCINERATOR FACILITY MANAGER",2016,1,0,,,1,,,TRUE
"INCINERATOR FACILITY MANAGER",2017,1,0,,,1,,,TRUE
"INCINERATOR FACILITY MANAGER",2018,1,0,,,1,,,TRUE
"INCINERATOR FACILITY MANAGER",2019,1,0,,,1,,,TRUE
"INCINERATOR FACILITY MANAGER",2020,1,0,,,1,,,TRUE
"INCINERATOR FACILITY MANAGER",2021,1,0,,,1,,,TRUE
"INDUSTRIAL HYGIENIST",2014,18,16,,,34,,,TRUE
"INDUSTRIAL HYGIENIST",2015,18,23,,,41,,,TRUE
"INDUSTRIAL HYGIENIST",2016,17,36,,,53,,,TRUE
"INDUSTRIAL HYGIENIST",2017,16,33,,,49,,,TRUE
"INDUSTRIAL HYGIENIST",2018,17,30,,,47,,,TRUE
"INDUSTRIAL HYGIENIST",2019,17,29,,,46,,,TRUE
"INDUSTRIAL HYGIENIST",2020,14,24,,,38,,,TRUE
"INDUSTRIAL HYGIENIST",2021,14,15,,,29,,,TRUE
"INDUSTRIAL HYGIENIST",2022,13,23,,,36,,,TRUE
"INDUSTRIAL HYGIENIST",2023,12,20,,,32,,,TRUE
"INDUSTRIAL HYGIENIST",2024,10,9,,,19,,,TRUE
"INDUSTRIAL HYGIENIST",2025,10,12,,,22,,,TRUE
"INSPECTOR",2014,193,92,51936,51936,285,1,0,FALSE
"INSPECTOR",2015,199,126,55671,53234,325,0.95622496452372,2437,FALSE
"INSPECTOR",2016,205,220,57341,61800,425,1.07776285729234,-4459,FALSE
"INSPECTOR",2017,201,293,57341,61800,494,1.07776285729234,-4459,FALSE
"INSPECTOR",2018,192,266,57341,61800,458,1.07776285729234,-4459,FALSE
"INSPECTOR",2019,162,316,61598,63654,478,1.03337770706841,-2056,FALSE
"INSPECTOR",2020,128,143,61598,53563,271,0.869557453164064,8035,FALSE
"INSPECTOR",2021,113,91,61598,53563,204,0.869557453164064,8035,FALSE
"INSPECTOR",2022,94,95,61598,53563,189,0.869557453164064,8035,FALSE
"INSPECTOR",2023,73,213,61598,61598,286,1,0,FALSE
"INSPECTOR",2024,69,219,70083,69328,288,0.989227059343921,755,FALSE
"INSPECTOR",2025,61,101,72581,71581,162,0.986222289579918,1000,FALSE
"INSPECTOR BOILERS",2020,2,1,,,3,,,TRUE
"INSPECTOR BOILERS",2021,5,1,,,6,,,TRUE
"INSPECTOR BOILERS",2022,4,1,,,5,,,TRUE
"INSPECTOR BOILERS",2023,2,2,,,4,,,TRUE
"INSPECTOR BOILERS",2024,2,1,,,3,,,TRUE
"INSPECTOR BOILERS",2025,3,0,,,3,,,TRUE
"INSPECTOR CONSTRUCTION",2020,63,131,83700,61800,194,0.738351254480287,21900,FALSE
"INSPECTOR CONSTRUCTION",2021,55,110,81642,61800,165,0.756963327698978,19842,FALSE
"INSPECTOR CONSTRUCTION",2022,44,80,81283,61800,124,0.760306583172373,19483,FALSE
"INSPECTOR CONSTRUCTION",2023,45,57,80400,61800,102,0.76865671641791,18600,FALSE
"INSPECTOR CONSTRUCTION",2024,44,56,90924,69328,100,0.762482952795742,21596,FALSE
"INSPECTOR CONSTRUCTION",2025,47,89,92017,71581,136,0.777910603475445,20436,FALSE
"INSPECTOR ELEVATORS",2020,8,8,,,16,,,TRUE
"INSPECTOR ELEVATORS",2021,8,6,,,14,,,TRUE
"INSPECTOR ELEVATORS",2022,9,2,,,11,,,TRUE
"INSPECTOR ELEVATORS",2023,9,3,,,12,,,TRUE
"INSPECTOR ELEVATORS",2024,10,4,,,14,,,TRUE
"INSPECTOR ELEVATORS",2025,9,7,,,16,,,TRUE
"INSPECTOR GENERAL",2014,2,9,,,11,,,TRUE
"INSPECTOR GENERAL",2015,2,12,,,14,,,TRUE
"INSPECTOR GENERAL",2016,3,10,,,13,,,TRUE
"INSPECTOR GENERAL",2017,4,2,,,6,,,TRUE
"INSPECTOR GENERAL",2018,4,4,,,8,,,TRUE
"INSPECTOR GENERAL",2019,4,7,,,11,,,TRUE
"INSPECTOR GENERAL",2020,5,6,,,11,,,TRUE
"INSPECTOR GENERAL",2021,6,1,,,7,,,TRUE
"INSPECTOR GENERAL",2022,5,0,,,5,,,TRUE
"INSPECTOR GENERAL",2023,6,1,,,7,,,TRUE
"INSPECTOR GENERAL",2024,9,5,,,14,,,TRUE
"INSPECTOR GENERAL",2025,8,5,,,13,,,TRUE
"INSPECTOR HOISTS AND RIGGING",2020,0,1,,,1,,,TRUE
"INSPECTOR HOISTS AND RIGGING",2023,2,1,,,3,,,TRUE
"INSPECTOR HOISTS AND RIGGING",2024,0,1,,,1,,,TRUE
"INSPECTOR HOISTS AND RIGGING",2025,0,1,,,1,,,TRUE
"INSPECTOR PLUMBING",2020,12,10,,,22,,,TRUE
"INSPECTOR PLUMBING",2021,12,4,,,16,,,TRUE
"INSPECTOR PLUMBING",2022,10,6,,,16,,,TRUE
"INSPECTOR PLUMBING",2023,9,10,,,19,,,TRUE
"INSPECTOR PLUMBING",2024,6,3,,,9,,,TRUE
"INSPECTOR PLUMBING",2025,5,10,,,15,,,TRUE
"INSTITUTIONAL AIDE",2014,23,2,,,25,,,TRUE
"INSTITUTIONAL AIDE",2015,24,4,,,28,,,TRUE
"INSTITUTIONAL AIDE",2016,28,4,,,32,,,TRUE
"INSTITUTIONAL AIDE",2017,25,7,,,32,,,TRUE
"INSTITUTIONAL AIDE",2018,26,6,,,32,,,TRUE
"INSTITUTIONAL AIDE",2019,24,24,,,48,,,TRUE
"INSTITUTIONAL AIDE",2020,27,18,,,45,,,TRUE
"INSTITUTIONAL AIDE",2021,25,3,,,28,,,TRUE
"INSTITUTIONAL AIDE",2022,33,0,,,33,,,TRUE
"INSTITUTIONAL AIDE",2023,28,6,,,34,,,TRUE
"INSTITUTIONAL AIDE",2024,28,11,,,39,,,TRUE
"INSTITUTIONAL AIDE",2025,26,7,,,33,,,TRUE
"INSTRUCTOR",2014,20,28,,,48,,,TRUE
"INSTRUCTOR",2015,9,32,,,41,,,TRUE
"INSTRUCTOR",2016,16,31,,,47,,,TRUE
"INSTRUCTOR",2017,11,19,,,30,,,TRUE
"INSTRUCTOR",2018,11,15,,,26,,,TRUE
"INSTRUCTOR",2019,6,15,,,21,,,TRUE
"INSTRUCTOR",2020,1,14,,,15,,,TRUE
"INSTRUCTOR",2021,2,8,,,10,,,TRUE
"INSTRUCTOR",2022,4,15,,,19,,,TRUE
"INSTRUCTOR",2023,5,15,,,20,,,TRUE
"INSTRUCTOR",2024,4,13,,,17,,,TRUE
"INSTRUCTOR",2025,3,16,,,19,,,TRUE
"INSTRUMENTAL SPECIALIST",2014,28,5,,,33,,,TRUE
"INSTRUMENTAL SPECIALIST",2015,24,10,,,34,,,TRUE
"INSTRUMENTAL SPECIALIST",2016,24,15,,,39,,,TRUE
"INSTRUMENTAL SPECIALIST",2017,22,15,,,37,,,TRUE
"INSTRUMENTAL SPECIALIST",2018,22,4,,,26,,,TRUE
"INSTRUMENTAL SPECIALIST",2019,24,13,,,37,,,TRUE
"INSTRUMENTAL SPECIALIST",2020,24,11,,,35,,,TRUE
"INSTRUMENTAL SPECIALIST",2021,23,3,,,26,,,TRUE
"INSTRUMENTAL SPECIALIST",2022,19,6,,,25,,,TRUE
"INSTRUMENTAL SPECIALIST",2023,20,6,,,26,,,TRUE
"INSTRUMENTAL SPECIALIST",2024,17,5,,,22,,,TRUE
"INSTRUMENTAL SPECIALIST",2025,16,9,,,25,,,TRUE
"INSTRUMENTAL SPECIALIST TRAINEE",2016,0,4,,,4,,,TRUE
"INSTRUMENTAL SPECIALIST TRAINEE",2017,0,3,,,3,,,TRUE
"INSTRUMENTAL SPECIALIST TRAINEE",2020,0,6,,,6,,,TRUE
"INSTRUMENTAL SPECIALIST TRAINEE",2021,0,5,,,5,,,TRUE
"INSURANCE ADVISOR",2014,2,0,,,2,,,TRUE
"INSURANCE ADVISOR",2015,2,0,,,2,,,TRUE
"INSURANCE ADVISOR",2016,3,0,,,3,,,TRUE
"INSURANCE ADVISOR",2017,1,0,,,1,,,TRUE
"INSURANCE ADVISOR",2018,1,0,,,1,,,TRUE
"INSURANCE ADVISOR",2019,1,0,,,1,,,TRUE
"INSURANCE ADVISOR",2020,1,1,,,2,,,TRUE
"INSURANCE ADVISOR",2021,1,1,,,2,,,TRUE
"INSURANCE ADVISOR",2022,1,3,,,4,,,TRUE
"INSURANCE ADVISOR",2023,1,14,,,15,,,TRUE
"INSURANCE ADVISOR",2024,1,11,,,12,,,TRUE
"INSURANCE ADVISOR",2025,1,0,,,1,,,TRUE
"INTELLIGENCE RESEARCH MANAGER",2014,0,2,,,2,,,TRUE
"INTELLIGENCE RESEARCH MANAGER PD",2016,0,1,,,1,,,TRUE
"INTELLIGENCE RESEARCH MANAGER PD",2017,1,1,,,2,,,TRUE
"INTELLIGENCE RESEARCH MANAGER PD",2018,1,0,,,1,,,TRUE
"INTELLIGENCE RESEARCH MANAGER PD",2019,1,2,,,3,,,TRUE
"INTELLIGENCE RESEARCH MANAGER PD",2020,1,1,,,2,,,TRUE
"INTELLIGENCE RESEARCH MANAGER PD",2021,2,0,,,2,,,TRUE
"INTELLIGENCE RESEARCH MANAGER PD",2022,1,0,,,1,,,TRUE
"INTELLIGENCE RESEARCH MANAGER PD",2023,3,0,,,3,,,TRUE
"INTELLIGENCE RESEARCH MANAGER PD",2024,2,0,,,2,,,TRUE
"INTELLIGENCE RESEARCH MANAGER PD",2025,3,0,,,3,,,TRUE
"INTELLIGENCE RESEARCH SPECIALIST",2014,1,13,,,14,,,TRUE
"INTELLIGENCE RESEARCH SPECIALIST PD",2015,2,12,,,14,,,TRUE
"INTELLIGENCE RESEARCH SPECIALIST PD",2016,2,13,,,15,,,TRUE
"INTELLIGENCE RESEARCH SPECIALIST PD",2017,4,12,,,16,,,TRUE
"INTELLIGENCE RESEARCH SPECIALIST PD",2018,5,17,,,22,,,TRUE
"INTELLIGENCE RESEARCH SPECIALIST PD",2019,9,17,,,26,,,TRUE
"INTELLIGENCE RESEARCH SPECIALIST PD",2020,11,5,,,16,,,TRUE
"INTELLIGENCE RESEARCH SPECIALIST PD",2021,10,4,,,14,,,TRUE
"INTELLIGENCE RESEARCH SPECIALIST PD",2022,9,7,,,16,,,TRUE
"INTELLIGENCE RESEARCH SPECIALIST PD",2023,5,17,,,22,,,TRUE
"INTELLIGENCE RESEARCH SPECIALIST PD",2024,6,18,,,24,,,TRUE
"INTELLIGENCE RESEARCH SPECIALIST PD",2025,6,10,,,16,,,TRUE
"INTERPRETER",2014,10,3,,,13,,,TRUE
"INTERPRETER",2015,9,1,,,10,,,TRUE
"INTERPRETER",2016,5,8,,,13,,,TRUE
"INTERPRETER",2017,4,11,,,15,,,TRUE
"INTERPRETER",2018,5,5,,,10,,,TRUE
"INTERPRETER",2019,6,7,,,13,,,TRUE
"INTERPRETER",2020,6,7,,,13,,,TRUE
"INTERPRETER",2021,6,5,,,11,,,TRUE
"INTERPRETER",2022,4,2,,,6,,,TRUE
"INTERPRETER",2023,4,8,,,12,,,TRUE
"INTERPRETER",2024,3,6,,,9,,,TRUE
"INTERPRETER",2025,2,2,,,4,,,TRUE
"INTERPRETER/TRANSLATOR",2014,1,3,,,4,,,TRUE
"INTERPRETER/TRANSLATOR",2015,6,4,,,10,,,TRUE
"INTERPRETER/TRANSLATOR",2016,9,2,,,11,,,TRUE
"INTERPRETER/TRANSLATOR",2017,12,3,,,15,,,TRUE
"INTERPRETER/TRANSLATOR",2018,16,5,,,21,,,TRUE
"INTERPRETER/TRANSLATOR",2019,15,9,,,24,,,TRUE
"INTERPRETER/TRANSLATOR",2020,17,5,,,22,,,TRUE
"INTERPRETER/TRANSLATOR",2021,16,3,,,19,,,TRUE
"INTERPRETER/TRANSLATOR",2022,14,3,,,17,,,TRUE
"INTERPRETER/TRANSLATOR",2023,14,10,,,24,,,TRUE
"INTERPRETER/TRANSLATOR",2024,15,7,,,22,,,TRUE
"INTERPRETER/TRANSLATOR",2025,15,5,,,20,,,TRUE
"INVESTIGATIVE MANAGER",2014,4,0,,,4,,,TRUE
"INVESTIGATIVE MANAGER",2015,5,0,,,5,,,TRUE
"INVESTIGATIVE MANAGER",2016,6,0,,,6,,,TRUE
"INVESTIGATIVE MANAGER",2017,6,1,,,7,,,TRUE
"INVESTIGATIVE MANAGER",2018,6,0,,,6,,,TRUE
"INVESTIGATIVE MANAGER",2019,7,0,,,7,,,TRUE
"INVESTIGATIVE MANAGER",2020,8,0,,,8,,,TRUE
"INVESTIGATIVE MANAGER",2021,8,0,,,8,,,TRUE
"INVESTIGATIVE MANAGER",2022,9,0,,,9,,,TRUE
"INVESTIGATIVE MANAGER",2023,11,0,,,11,,,TRUE
"INVESTIGATIVE MANAGER",2024,14,0,,,14,,,TRUE
"INVESTIGATIVE MANAGER",2025,15,0,,,15,,,TRUE
"INVESTIGATOR",2014,66,100,42111.5,35660,166,0.846799567814018,6451.5,FALSE
"INVESTIGATOR",2015,68,86,44075,42032,154,0.953647192285876,2043,FALSE
"INVESTIGATOR",2016,68,120,45196.5,48145.5,188,1.06524841525339,-2949,FALSE
"INVESTIGATOR",2017,67,114,47424,51285,181,1.08141447368421,-3861,FALSE
"INVESTIGATOR",2018,64,128,47959.5,51285,192,1.06933975541863,-3325.5,FALSE
"INVESTIGATOR",2019,63,158,50197,56473,221,1.12502739207522,-6276,FALSE
"INVESTIGATOR",2020,61,197,54099,57588,258,1.06449287417512,-3489,FALSE
"INVESTIGATOR",2021,68,119,53833.5,58167,187,1.08049820279194,-4333.5,FALSE
"INVESTIGATOR",2022,44,138,56581.5,50000,182,0.883681061831164,6581.5,FALSE
"INVESTIGATOR",2023,42,226,66253.5,51500,268,0.777317424739825,14753.5,FALSE
"INVESTIGATOR",2024,40,188,71470,53692,228,0.751252273681265,17778,FALSE
"INVESTIGATOR",2025,42,153,73496.5,67595,195,0.919703659357929,5901.5,FALSE
"INVESTIGATOR EMPL DISC",2014,16,19,,,35,,,TRUE
"INVESTIGATOR EMPL DISC",2015,21,24,,,45,,,TRUE
"INVESTIGATOR EMPL DISC",2016,19,30,,,49,,,TRUE
"INVESTIGATOR EMPL DISC",2017,18,39,,,57,,,TRUE
"INVESTIGATOR EMPL DISC",2018,18,26,,,44,,,TRUE
"INVESTIGATOR EMPL DISC",2019,14,18,,,32,,,TRUE
"INVESTIGATOR EMPL DISC",2020,10,13,,,23,,,TRUE
"INVESTIGATOR EMPL DISC",2021,7,3,,,10,,,TRUE
"INVESTIGATOR EMPL DISC",2022,6,2,,,8,,,TRUE
"INVESTIGATOR EMPL DISC",2023,7,3,,,10,,,TRUE
"INVESTIGATOR EMPL DISC",2024,9,2,,,11,,,TRUE
"INVESTIGATOR EMPL DISC",2025,8,9,,,17,,,TRUE
"INVESTIGATOR TRAINEE",2014,5,3,,,8,,,TRUE
"INVESTIGATOR TRAINEE",2015,3,0,,,3,,,TRUE
"INVESTIGATOR TRAINEE",2016,4,0,,,4,,,TRUE
"INVESTIGATOR TRAINEE",2017,3,0,,,3,,,TRUE
"INVESTIGATOR TRAINEE",2018,2,0,,,2,,,TRUE
"INVESTIGATOR TRAINEE",2019,3,0,,,3,,,TRUE
"INVESTIGATOR TRAINEE",2020,3,0,,,3,,,TRUE
"INVESTIGATOR TRAINEE",2021,1,0,,,1,,,TRUE
"INVESTIGATOR TRAINEE",2022,1,0,,,1,,,TRUE
"INVESTMENT ANALYST",2014,11,2,,,13,,,TRUE
"INVESTMENT ANALYST",2015,9,2,,,11,,,TRUE
"INVESTMENT ANALYST",2016,10,2,,,12,,,TRUE
"INVESTMENT ANALYST",2017,13,3,,,16,,,TRUE
"INVESTMENT ANALYST",2018,11,6,,,17,,,TRUE
"INVESTMENT ANALYST",2019,11,14,,,25,,,TRUE
"INVESTMENT ANALYST",2020,12,11,,,23,,,TRUE
"INVESTMENT ANALYST",2021,11,5,,,16,,,TRUE
"INVESTMENT ANALYST",2022,11,3,,,14,,,TRUE
"INVESTMENT ANALYST",2023,10,3,,,13,,,TRUE
"INVESTMENT ANALYST",2024,8,6,,,14,,,TRUE
"INVESTMENT ANALYST",2025,9,5,,,14,,,TRUE
"INVESTMENT MANAGER",2017,6,10,,,16,,,TRUE
"INVESTMENT MANAGER",2018,9,6,,,15,,,TRUE
"INVESTMENT MANAGER",2019,9,4,,,13,,,TRUE
"INVESTMENT MANAGER",2020,8,6,,,14,,,TRUE
"INVESTMENT MANAGER",2021,9,6,,,15,,,TRUE
"INVESTMENT MANAGER",2022,8,4,,,12,,,TRUE
"INVESTMENT MANAGER",2023,10,11,,,21,,,TRUE
"INVESTMENT MANAGER",2024,10,17,,,27,,,TRUE
"INVESTMENT MANAGER",2025,11,11,,,22,,,TRUE
"INVESTMENT TRUSTEE DEFERRED COMPENSATION",2015,0,1,,,1,,,TRUE
"IT ASSISTANT",2014,30,3,,,33,,,TRUE
"IT ASSISTANT",2015,37,3,,,40,,,TRUE
"IT ASSISTANT",2016,37,5,,,42,,,TRUE
"IT ASSISTANT",2017,37,6,,,43,,,TRUE
"IT ASSISTANT",2018,41,3,,,44,,,TRUE
"IT ASSISTANT",2019,43,8,,,51,,,TRUE
"IT ASSISTANT",2020,42,7,,,49,,,TRUE
"IT ASSISTANT",2021,44,2,,,46,,,TRUE
"IT ASSISTANT",2022,45,2,,,47,,,TRUE
"IT ASSISTANT",2023,45,7,,,52,,,TRUE
"IT ASSISTANT",2024,59,8,,,67,,,TRUE
"IT ASSISTANT",2025,44,8,,,52,,,TRUE
"IT ASSOCIATE",2014,28,3,,,31,,,TRUE
"IT ASSOCIATE",2015,27,0,,,27,,,TRUE
"IT ASSOCIATE",2016,30,0,,,30,,,TRUE
"IT ASSOCIATE",2017,32,4,,,36,,,TRUE
"IT ASSOCIATE",2018,36,4,,,40,,,TRUE
"IT ASSOCIATE",2019,34,8,,,42,,,TRUE
"IT ASSOCIATE",2020,31,9,,,40,,,TRUE
"IT ASSOCIATE",2021,30,1,,,31,,,TRUE
"IT ASSOCIATE",2022,30,1,,,31,,,TRUE
"IT ASSOCIATE",2023,31,4,,,35,,,TRUE
"IT ASSOCIATE",2024,35,5,,,40,,,TRUE
"IT ASSOCIATE",2025,49,0,,,49,,,TRUE
"IT AUTOMATION AND MONITORING ENGINEER",2017,0,4,,,4,,,TRUE
"IT AUTOMATION AND MONITORING ENGINEER",2018,0,5,,,5,,,TRUE
"IT AUTOMATION AND MONITORING ENGINEER",2019,2,6,,,8,,,TRUE
"IT AUTOMATION AND MONITORING ENGINEER",2020,2,12,,,14,,,TRUE
"IT AUTOMATION AND MONITORING ENGINEER",2021,2,9,,,11,,,TRUE
"IT AUTOMATION AND MONITORING ENGINEER",2022,1,15,,,16,,,TRUE
"IT AUTOMATION AND MONITORING ENGINEER",2023,2,19,,,21,,,TRUE
"IT AUTOMATION AND MONITORING ENGINEER",2024,3,18,,,21,,,TRUE
"IT AUTOMATION AND MONITORING ENGINEER",2025,3,18,,,21,,,TRUE
"IT INFRASTRUCTURE ENGINEER",2017,1,8,,,9,,,TRUE
"IT INFRASTRUCTURE ENGINEER",2018,1,5,,,6,,,TRUE
"IT INFRASTRUCTURE ENGINEER",2019,0,3,,,3,,,TRUE
"IT INFRASTRUCTURE ENGINEER",2020,0,8,,,8,,,TRUE
"IT INFRASTRUCTURE ENGINEER",2021,1,6,,,7,,,TRUE
"IT INFRASTRUCTURE ENGINEER",2022,3,13,,,16,,,TRUE
"IT INFRASTRUCTURE ENGINEER",2023,4,22,,,26,,,TRUE
"IT INFRASTRUCTURE ENGINEER",2024,8,20,,,28,,,TRUE
"IT INFRASTRUCTURE ENGINEER",2025,9,13,,,22,,,TRUE
"IT PROJECT SPECIALIST",2017,3,13,,,16,,,TRUE
"IT PROJECT SPECIALIST",2018,5,11,,,16,,,TRUE
"IT PROJECT SPECIALIST",2019,11,34,,,45,,,TRUE
"IT PROJECT SPECIALIST",2020,13,70,,,83,,,TRUE
"IT PROJECT SPECIALIST",2021,14,51,,,65,,,TRUE
"IT PROJECT SPECIALIST",2022,15,75,,,90,,,TRUE
"IT PROJECT SPECIALIST",2023,17,98,,,115,,,TRUE
"IT PROJECT SPECIALIST",2024,16,100,,,116,,,TRUE
"IT PROJECT SPECIALIST",2025,22,102,,,124,,,TRUE
"IT SECURITY SPECIALIST",2017,0,6,,,6,,,TRUE
"IT SECURITY SPECIALIST",2018,5,18,,,23,,,TRUE
"IT SECURITY SPECIALIST",2019,4,30,,,34,,,TRUE
"IT SECURITY SPECIALIST",2020,4,45,,,49,,,TRUE
"IT SECURITY SPECIALIST",2021,6,33,,,39,,,TRUE
"IT SECURITY SPECIALIST",2022,8,33,,,41,,,TRUE
"IT SECURITY SPECIALIST",2023,10,30,,,40,,,TRUE
"IT SECURITY SPECIALIST",2024,10,28,,,38,,,TRUE
"IT SECURITY SPECIALIST",2025,12,38,,,50,,,TRUE
"IT SENIOR ASSOCIATE",2014,26,4,,,30,,,TRUE
"IT SENIOR ASSOCIATE",2015,27,1,,,28,,,TRUE
"IT SENIOR ASSOCIATE",2016,24,1,,,25,,,TRUE
"IT SENIOR ASSOCIATE",2017,24,1,,,25,,,TRUE
"IT SENIOR ASSOCIATE",2018,23,3,,,26,,,TRUE
"IT SENIOR ASSOCIATE",2019,27,6,,,33,,,TRUE
"IT SENIOR ASSOCIATE",2020,26,6,,,32,,,TRUE
"IT SENIOR ASSOCIATE",2021,26,3,,,29,,,TRUE
"IT SENIOR ASSOCIATE",2022,27,0,,,27,,,TRUE
"IT SENIOR ASSOCIATE",2023,27,0,,,27,,,TRUE
"IT SENIOR ASSOCIATE",2024,25,3,,,28,,,TRUE
"IT SENIOR ASSOCIATE",2025,28,4,,,32,,,TRUE
"IT SERVICE MANAGEMENT SPECIALIST",2016,3,0,,,3,,,TRUE
"IT SERVICE MANAGEMENT SPECIALIST",2017,3,2,,,5,,,TRUE
"IT SERVICE MANAGEMENT SPECIALIST",2018,1,2,,,3,,,TRUE
"IT SERVICE MANAGEMENT SPECIALIST",2019,2,3,,,5,,,TRUE
"IT SERVICE MANAGEMENT SPECIALIST",2020,2,25,,,27,,,TRUE
"IT SERVICE MANAGEMENT SPECIALIST",2021,2,29,,,31,,,TRUE
"IT SERVICE MANAGEMENT SPECIALIST",2022,3,12,,,15,,,TRUE
"IT SERVICE MANAGEMENT SPECIALIST",2023,3,23,,,26,,,TRUE
"IT SERVICE MANAGEMENT SPECIALIST",2024,7,21,,,28,,,TRUE
"IT SERVICE MANAGEMENT SPECIALIST",2025,7,15,,,22,,,TRUE
"IT SUPPORT ASSISTANT",2014,16,8,,,24,,,TRUE
"IT SUPPORT ASSISTANT",2015,14,5,,,19,,,TRUE
"IT SUPPORT ASSISTANT",2016,16,8,,,24,,,TRUE
"IT SUPPORT ASSISTANT",2017,19,6,,,25,,,TRUE
"IT SUPPORT ASSISTANT",2018,17,4,,,21,,,TRUE
"IT SUPPORT ASSISTANT",2019,20,1,,,21,,,TRUE
"IT SUPPORT ASSISTANT",2020,15,5,,,20,,,TRUE
"IT SUPPORT ASSISTANT",2021,15,4,,,19,,,TRUE
"IT SUPPORT ASSISTANT",2022,18,2,,,20,,,TRUE
"IT SUPPORT ASSISTANT",2023,23,14,,,37,,,TRUE
"IT SUPPORT ASSISTANT",2024,10,13,,,23,,,TRUE
"IT SUPPORT ASSISTANT",2025,10,5,,,15,,,TRUE
"JOB OPPORTUNITY SPECIALIST",2014,575,136,41101,35740,711,0.869565217391304,5361,FALSE
"JOB OPPORTUNITY SPECIALIST",2015,491,255,43018,37375,746,0.868822353433446,5643,FALSE
"JOB OPPORTUNITY SPECIALIST",2016,467,378,44088,38310,845,0.868943930321176,5778,FALSE
"JOB OPPORTUNITY SPECIALIST",2017,471,247,45422,39459,718,0.868720003522522,5963,FALSE
"JOB OPPORTUNITY SPECIALIST",2018,474,144,45378,39459,618,0.869562342985588,5919,FALSE
"JOB OPPORTUNITY SPECIALIST",2019,433,125,47327,41155,558,0.869588184334524,6172,FALSE
"JOB OPPORTUNITY SPECIALIST",2020,424,188,48747,42389,612,0.869571460807845,6358,FALSE
"JOB OPPORTUNITY SPECIALIST",2021,459,122,48747,42389,581,0.869571460807845,6358,FALSE
"JOB OPPORTUNITY SPECIALIST",2022,416,98,48747,42389,514,0.869571460807845,6358,FALSE
"JOB OPPORTUNITY SPECIALIST",2023,365,515,53266,53266,880,1,0,FALSE
"JOB TRAINING PARTICIPANT",2025,0,8,,,8,,,TRUE
"JUNIOR PUBLIC HEALTH NURSE",2014,18,5,,,23,,,TRUE
"JUNIOR PUBLIC HEALTH NURSE",2015,15,3,,,18,,,TRUE
"JUNIOR PUBLIC HEALTH NURSE",2016,13,1,,,14,,,TRUE
"JUNIOR PUBLIC HEALTH NURSE",2017,12,4,,,16,,,TRUE
"JUNIOR PUBLIC HEALTH NURSE",2018,12,3,,,15,,,TRUE
"JUNIOR PUBLIC HEALTH NURSE",2019,8,3,,,11,,,TRUE
"JUNIOR PUBLIC HEALTH NURSE",2020,7,3,,,10,,,TRUE
"JUNIOR PUBLIC HEALTH NURSE",2021,6,2,,,8,,,TRUE
"JUNIOR PUBLIC HEALTH NURSE",2022,6,4,,,10,,,TRUE
"JUNIOR PUBLIC HEALTH NURSE",2023,5,3,,,8,,,TRUE
"JUNIOR PUBLIC HEALTH NURSE",2024,4,3,,,7,,,TRUE
"JUNIOR PUBLIC HEALTH NURSE",2025,3,2,,,5,,,TRUE
"JUVENILE COUNSELOR",2014,1,57,,,58,,,TRUE
"JUVENILE COUNSELOR",2015,1,34,,,35,,,TRUE
"JUVENILE COUNSELOR",2016,1,27,,,28,,,TRUE
"JUVENILE COUNSELOR",2017,0,23,,,23,,,TRUE
"JUVENILE COUNSELOR",2018,0,31,,,31,,,TRUE
"LAB SPECIALIST/ASSISTANT",2014,107,0,,,107,,,TRUE
"LAB SPECIALIST/ASSISTANT",2015,104,0,,,104,,,TRUE
"LAB SPECIALIST/ASSISTANT",2016,99,0,,,99,,,TRUE
"LAB SPECIALIST/ASSISTANT",2017,93,0,,,93,,,TRUE
"LAB SPECIALIST/ASSISTANT",2018,81,0,,,81,,,TRUE
"LAB SPECIALIST/ASSISTANT",2019,74,0,,,74,,,TRUE
"LAB SPECIALIST/ASSISTANT",2020,68,0,,,68,,,TRUE
"LAB SPECIALIST/ASSISTANT",2021,64,0,,,64,,,TRUE
"LAB SPECIALIST/ASSISTANT",2022,55,0,,,55,,,TRUE
"LAB SPECIALIST/ASSISTANT",2023,45,0,,,45,,,TRUE
"LAB SPECIALIST/ASSISTANT",2024,42,0,,,42,,,TRUE
"LAB SPECIALIST/ASSISTANT",2025,41,0,,,41,,,TRUE
"LABOR RELATIONS ANALYST",2014,1,2,,,3,,,TRUE
"LABOR RELATIONS ANALYST",2016,1,4,,,5,,,TRUE
"LABOR RELATIONS ANALYST",2017,0,10,,,10,,,TRUE
"LABOR RELATIONS ANALYST",2018,0,9,,,9,,,TRUE
"LABOR RELATIONS ANALYST",2019,0,3,,,3,,,TRUE
"LABOR RELATIONS ANALYST",2020,0,13,,,13,,,TRUE
"LABOR RELATIONS ANALYST",2021,0,8,,,8,,,TRUE
"LABOR RELATIONS ANALYST",2022,0,2,,,2,,,TRUE
"LABOR RELATIONS ANALYST",2023,0,2,,,2,,,TRUE
"LABOR RELATIONS ANALYST",2024,1,1,,,2,,,TRUE
"LABOR RELATIONS ANALYST",2025,1,0,,,1,,,TRUE
"LABOR RELATIONS ANALYST TRAINEE",2014,0,2,,,2,,,TRUE
"LABOR RELATIONS ANALYST TRAINEE",2015,0,15,,,15,,,TRUE
"LABOR RELATIONS ANALYST TRAINEE",2016,0,12,,,12,,,TRUE
"LABOR RELATIONS ANALYST TRAINEE",2017,0,11,,,11,,,TRUE
"LABOR RELATIONS ANALYST TRAINEE",2018,0,10,,,10,,,TRUE
"LABOR RELATIONS ANALYST TRAINEE",2019,0,3,,,3,,,TRUE
"LABOR RELATIONS ANALYST TRAINEE",2020,0,3,,,3,,,TRUE
"LABOR RELATIONS ANALYST TRAINEE",2021,0,1,,,1,,,TRUE
"LABOR RELATIONS ANALYST TRAINEE",2022,0,1,,,1,,,TRUE
"LABOR RELATIONS TRIAL EXAMINER",2014,0,1,,,1,,,TRUE
"LABOR RELATIONS TRIAL EXAMINER",2015,0,2,,,2,,,TRUE
"LABOR RELATIONS TRIAL EXAMINER",2016,0,1,,,1,,,TRUE
"LABOR RELATIONS TRIAL EXAMINER",2017,1,0,,,1,,,TRUE
"LABOR RELATIONS TRIAL EXAMINER",2018,1,0,,,1,,,TRUE
"LABOR RELATIONS TRIAL EXAMINER",2019,1,1,,,2,,,TRUE
"LABOR RELATIONS TRIAL EXAMINER",2020,0,1,,,1,,,TRUE
"LABOR RELATIONS TRIAL EXAMINER",2021,1,1,,,2,,,TRUE
"LABOR RELATIONS TRIAL EXAMINER",2022,2,2,,,4,,,TRUE
"LABOR RELATIONS TRIAL EXAMINER",2023,1,2,,,3,,,TRUE
"LABOR RELATIONS TRIAL EXAMINER",2024,1,2,,,3,,,TRUE
"LABOR RELATIONS TRIAL EXAMINER",2025,1,1,,,2,,,TRUE
"LABORATORY ASSOCIATE",2014,20,2,,,22,,,TRUE
"LABORATORY ASSOCIATE",2015,19,5,,,24,,,TRUE
"LABORATORY ASSOCIATE",2016,19,8,,,27,,,TRUE
"LABORATORY ASSOCIATE",2017,17,10,,,27,,,TRUE
"LABORATORY ASSOCIATE",2018,15,16,,,31,,,TRUE
"LABORATORY ASSOCIATE",2019,16,11,,,27,,,TRUE
"LABORATORY ASSOCIATE",2020,16,11,,,27,,,TRUE
"LABORATORY ASSOCIATE",2021,16,11,,,27,,,TRUE
"LABORATORY ASSOCIATE",2022,14,5,,,19,,,TRUE
"LABORATORY ASSOCIATE",2023,13,9,,,22,,,TRUE
"LABORATORY ASSOCIATE",2024,13,12,,,25,,,TRUE
"LABORATORY ASSOCIATE",2025,14,9,,,23,,,TRUE
"LABORATORY HELPER",2014,7,3,,,10,,,TRUE
"LABORATORY HELPER",2015,8,7,,,15,,,TRUE
"LABORATORY HELPER",2016,8,5,,,13,,,TRUE
"LABORATORY HELPER",2017,8,8,,,16,,,TRUE
"LABORATORY HELPER",2018,7,4,,,11,,,TRUE
"LABORATORY HELPER",2019,5,4,,,9,,,TRUE
"LABORATORY HELPER",2020,4,4,,,8,,,TRUE
"LABORATORY HELPER",2021,4,2,,,6,,,TRUE
"LABORATORY HELPER",2022,2,0,,,2,,,TRUE
"LABORATORY HELPER",2023,2,3,,,5,,,TRUE
"LABORATORY HELPER",2024,1,5,,,6,,,TRUE
"LABORATORY HELPER",2025,1,3,,,4,,,TRUE
"LABORATORY MICROBIOLOGIST",2014,21,7,,,28,,,TRUE
"LABORATORY MICROBIOLOGIST",2015,17,9,,,26,,,TRUE
"LABORATORY MICROBIOLOGIST",2016,15,12,,,27,,,TRUE
"LABORATORY MICROBIOLOGIST",2017,17,16,,,33,,,TRUE
"LABORATORY MICROBIOLOGIST",2018,16,13,,,29,,,TRUE
"LABORATORY MICROBIOLOGIST",2019,14,14,,,28,,,TRUE
"LABORATORY MICROBIOLOGIST",2020,13,12,,,25,,,TRUE
"LABORATORY MICROBIOLOGIST",2021,14,11,,,25,,,TRUE
"LABORATORY MICROBIOLOGIST",2022,13,11,,,24,,,TRUE
"LABORATORY MICROBIOLOGIST",2023,13,4,,,17,,,TRUE
"LABORATORY MICROBIOLOGIST",2024,9,5,,,14,,,TRUE
"LABORATORY MICROBIOLOGIST",2025,7,5,,,12,,,TRUE
"LANDMARKS PRESERVATIONIST",2014,7,10,,,17,,,TRUE
"LANDMARKS PRESERVATIONIST",2015,7,12,,,19,,,TRUE
"LANDMARKS PRESERVATIONIST",2016,6,15,,,21,,,TRUE
"LANDMARKS PRESERVATIONIST",2017,8,12,,,20,,,TRUE
"LANDMARKS PRESERVATIONIST",2018,9,13,,,22,,,TRUE
"LANDMARKS PRESERVATIONIST",2019,9,17,,,26,,,TRUE
"LANDMARKS PRESERVATIONIST",2020,9,10,,,19,,,TRUE
"LANDMARKS PRESERVATIONIST",2021,11,3,,,14,,,TRUE
"LANDMARKS PRESERVATIONIST",2022,12,4,,,16,,,TRUE
"LANDMARKS PRESERVATIONIST",2023,13,11,,,24,,,TRUE
"LANDMARKS PRESERVATIONIST",2024,13,11,,,24,,,TRUE
"LANDMARKS PRESERVATIONIST",2025,12,4,,,16,,,TRUE
"LANDSCAPE ARCHITECT",2014,30,17,,,47,,,TRUE
"LANDSCAPE ARCHITECT",2015,31,16,,,47,,,TRUE
"LANDSCAPE ARCHITECT",2016,30,15,,,45,,,TRUE
"LANDSCAPE ARCHITECT",2017,36,5,,,41,,,TRUE
"LANDSCAPE ARCHITECT",2018,37,5,,,42,,,TRUE
"LANDSCAPE ARCHITECT",2019,38,5,,,43,,,TRUE
"LANDSCAPE ARCHITECT",2020,35,5,,,40,,,TRUE
"LANDSCAPE ARCHITECT",2021,37,2,,,39,,,TRUE
"LANDSCAPE ARCHITECT",2022,33,3,,,36,,,TRUE
"LANDSCAPE ARCHITECT",2023,41,5,,,46,,,TRUE
"LANDSCAPE ARCHITECT",2024,49,2,,,51,,,TRUE
"LANDSCAPE ARCHITECT",2025,59,4,,,63,,,TRUE
"LANDSCAPE ARCHITECT INTERN",2014,0,3,,,3,,,TRUE
"LANDSCAPE ARCHITECT INTERN",2015,0,7,,,7,,,TRUE
"LANDSCAPE ARCHITECT INTERN",2016,0,1,,,1,,,TRUE
"LANDSCAPE ARCHITECT INTERN",2017,0,5,,,5,,,TRUE
"LANDSCAPE ARCHITECT INTERN",2018,0,10,,,10,,,TRUE
"LANDSCAPE ARCHITECT INTERN",2019,0,2,,,2,,,TRUE
"LANDSCAPE ARCHITECT INTERN",2020,0,2,,,2,,,TRUE
"LANDSCAPE ARCHITECT INTERN",2024,0,2,,,2,,,TRUE
"LEAD ABATEMENT WORKER",2014,29,9,,,38,,,TRUE
"LEAD ABATEMENT WORKER",2015,29,6,,,35,,,TRUE
"LEAD ABATEMENT WORKER",2016,25,7,,,32,,,TRUE
"LEAD ABATEMENT WORKER",2017,24,6,,,30,,,TRUE
"LEAD ABATEMENT WORKER",2018,19,2,,,21,,,TRUE
"LEAD ABATEMENT WORKER",2019,18,0,,,18,,,TRUE
"LEAD ABATEMENT WORKER",2020,16,6,,,22,,,TRUE
"LEAD ABATEMENT WORKER",2021,12,7,,,19,,,TRUE
"LEAD ABATEMENT WORKER",2022,9,1,,,10,,,TRUE
"LEAD ABATEMENT WORKER",2023,8,1,,,9,,,TRUE
"LEAD ABATEMENT WORKER",2024,8,1,,,9,,,TRUE
"LEAD ABATEMENT WORKER",2025,5,1,,,6,,,TRUE
"LECTURER",2014,192,37,67431,54241,229,0.804392638400736,13190,FALSE
"LECTURER",2015,197,25,,,222,,,TRUE
"LECTURER",2016,199,28,,,227,,,TRUE
"LECTURER",2017,192,34,74454,60931,226,0.818371074757568,13523,FALSE
"LECTURER",2018,196,34,74454,63012.5,230,0.846327934026379,11441.5,FALSE
"LECTURER",2019,192,41,77389,59890,233,0.773882593133391,17499,FALSE
"LECTURER",2020,196,20,,,216,,,TRUE
"LECTURER",2021,195,11,,,206,,,TRUE
"LECTURER",2022,195,13,,,208,,,TRUE
"LECTURER",2023,202,64,89941,74575,266,0.829154668060173,15366,FALSE
"LECTURER",2024,211,78,92878,76870,289,0.82764486746054,16008,FALSE
"LECTURER",2025,213,27,,,240,,,TRUE
"LECTURER/DOCTORAL SCHEDULE",2014,7,1,,,8,,,TRUE
"LECTURER/DOCTORAL SCHEDULE",2015,8,2,,,10,,,TRUE
"LECTURER/DOCTORAL SCHEDULE",2016,7,2,,,9,,,TRUE
"LECTURER/DOCTORAL SCHEDULE",2017,9,3,,,12,,,TRUE
"LECTURER/DOCTORAL SCHEDULE",2018,8,4,,,12,,,TRUE
"LECTURER/DOCTORAL SCHEDULE",2019,11,6,,,17,,,TRUE
"LECTURER/DOCTORAL SCHEDULE",2020,15,3,,,18,,,TRUE
"LECTURER/DOCTORAL SCHEDULE",2021,16,2,,,18,,,TRUE
"LECTURER/DOCTORAL SCHEDULE",2022,17,2,,,19,,,TRUE
"LECTURER/DOCTORAL SCHEDULE",2023,18,20,,,38,,,TRUE
"LECTURER/DOCTORAL SCHEDULE",2024,19,32,,,51,,,TRUE
"LECTURER/DOCTORAL SCHEDULE",2025,22,14,,,36,,,TRUE
"LEGAL COORDINATOR",2014,12,2,,,14,,,TRUE
"LEGAL COORDINATOR",2015,13,2,,,15,,,TRUE
"LEGAL COORDINATOR",2016,13,4,,,17,,,TRUE
"LEGAL COORDINATOR",2017,16,10,,,26,,,TRUE
"LEGAL COORDINATOR",2018,14,11,,,25,,,TRUE
"LEGAL COORDINATOR",2019,12,8,,,20,,,TRUE
"LEGAL COORDINATOR",2020,13,12,,,25,,,TRUE
"LEGAL COORDINATOR",2021,12,7,,,19,,,TRUE
"LEGAL COORDINATOR",2022,12,2,,,14,,,TRUE
"LEGAL COORDINATOR",2023,12,5,,,17,,,TRUE
"LEGAL COORDINATOR",2024,9,8,,,17,,,TRUE
"LEGAL COORDINATOR",2025,8,14,,,22,,,TRUE
"LEGAL SECRETARIAL ASSISTANT",2015,27,7,,,34,,,TRUE
"LEGAL SECRETARIAL ASSISTANT",2016,3,1,,,4,,,TRUE
"LEGAL SECRETARIAL ASSISTANT",2020,23,7,,,30,,,TRUE
"LEGAL SECRETARIAL ASSISTANT",2021,23,8,,,31,,,TRUE
"LEGAL SECRETARIAL ASSISTANT",2022,21,6,,,27,,,TRUE
"LEGAL SECRETARIAL ASSISTANT",2023,17,12,,,29,,,TRUE
"LEGAL SECRETARIAL ASSISTANT",2024,15,11,,,26,,,TRUE
"LEGAL SECRETARIAL ASSISTANT",2025,15,4,,,19,,,TRUE
"LEGAL SECRETARIAL ASSISTANT AL 1 ONLY",2014,3,3,,,6,,,TRUE
"LEGAL SECRETARIAL ASSISTANT AL 1 ONLY",2017,3,0,,,3,,,TRUE
"LEGAL SECRETARIAL ASSISTANT AL 1 ONLY",2018,3,0,,,3,,,TRUE
"LEGAL SECRETARIAL ASSISTANT AL 1 ONLY",2019,3,0,,,3,,,TRUE
"LEGAL SECRETARIAL ASSISTANT AL 1 ONLY",2020,3,0,,,3,,,TRUE
"LEGAL SECRETARIAL ASSISTANT AL 1 ONLY",2021,3,1,,,4,,,TRUE
"LEGAL SECRETARIAL ASSISTANT AL 1 ONLY",2022,3,0,,,3,,,TRUE
"LEGAL SECRETARIAL ASSISTANT AL 1 ONLY",2023,3,0,,,3,,,TRUE
"LEGAL SECRETARIAL ASSISTANT AL 1 ONLY",2024,3,1,,,4,,,TRUE
"LEGAL SECRETARIAL ASSISTANT AL 1 ONLY",2025,3,0,,,3,,,TRUE
"LEGAL SECRETARIAL ASSISTANT AL 2 3 4 ONLY",2014,25,3,,,28,,,TRUE
"LEGAL SECRETARIAL ASSISTANT AL 2 3 4 ONLY",2016,24,4,,,28,,,TRUE
"LEGAL SECRETARIAL ASSISTANT AL 2 3 4 ONLY",2017,26,5,,,31,,,TRUE
"LEGAL SECRETARIAL ASSISTANT AL 2 3 4 ONLY",2018,24,5,,,29,,,TRUE
"LEGAL SECRETARIAL ASSISTANT AL 2 3 4 ONLY",2019,24,5,,,29,,,TRUE
"LEGISLATIVE ADMINISTRATIVE ASSISTANT",2014,2,2,,,4,,,TRUE
"LEGISLATIVE ADMINISTRATIVE ASSISTANT",2015,1,3,,,4,,,TRUE
"LEGISLATIVE ADMINISTRATIVE ASSISTANT",2016,6,2,,,8,,,TRUE
"LEGISLATIVE ADMINISTRATIVE ASSISTANT",2017,7,1,,,8,,,TRUE
"LEGISLATIVE ADMINISTRATIVE ASSISTANT",2018,6,4,,,10,,,TRUE
"LEGISLATIVE ADMINISTRATIVE ASSISTANT",2019,5,9,,,14,,,TRUE
"LEGISLATIVE ADMINISTRATIVE ASSISTANT",2020,6,5,,,11,,,TRUE
"LEGISLATIVE ADMINISTRATIVE ASSISTANT",2021,6,2,,,8,,,TRUE
"LEGISLATIVE ADMINISTRATIVE ASSISTANT",2022,5,1,,,6,,,TRUE
"LEGISLATIVE ADMINISTRATIVE ASSISTANT",2023,5,1,,,6,,,TRUE
"LEGISLATIVE ADMINISTRATIVE ASSISTANT",2024,6,2,,,8,,,TRUE
"LEGISLATIVE ADMINISTRATIVE ASSISTANT",2025,7,3,,,10,,,TRUE
"LEGISLATIVE ADMINISTRATIVE MANAGER",2014,3,0,,,3,,,TRUE
"LEGISLATIVE ADMINISTRATIVE MANAGER",2015,3,3,,,6,,,TRUE
"LEGISLATIVE ADMINISTRATIVE MANAGER",2016,3,2,,,5,,,TRUE
"LEGISLATIVE ADMINISTRATIVE MANAGER",2017,2,0,,,2,,,TRUE
"LEGISLATIVE ADMINISTRATIVE MANAGER",2018,3,2,,,5,,,TRUE
"LEGISLATIVE ADMINISTRATIVE MANAGER",2019,7,7,,,14,,,TRUE
"LEGISLATIVE ADMINISTRATIVE MANAGER",2020,7,4,,,11,,,TRUE
"LEGISLATIVE ADMINISTRATIVE MANAGER",2021,7,3,,,10,,,TRUE
"LEGISLATIVE ADMINISTRATIVE MANAGER",2022,8,6,,,14,,,TRUE
"LEGISLATIVE ADMINISTRATIVE MANAGER",2023,9,7,,,16,,,TRUE
"LEGISLATIVE ADMINISTRATIVE MANAGER",2024,11,4,,,15,,,TRUE
"LEGISLATIVE ADMINISTRATIVE MANAGER",2025,13,2,,,15,,,TRUE
"LEGISLATIVE ADMINISTRATIVE SECRETARY",2014,1,0,,,1,,,TRUE
"LEGISLATIVE ADMINISTRATIVE SECRETARY",2015,1,0,,,1,,,TRUE
"LEGISLATIVE AIDE",2017,1,0,,,1,,,TRUE
"LEGISLATIVE AIDE",2018,1,0,,,1,,,TRUE
"LEGISLATIVE AIDE",2019,1,0,,,1,,,TRUE
"LEGISLATIVE ANALYST",2014,0,1,,,1,,,TRUE
"LEGISLATIVE ANALYST",2015,1,0,,,1,,,TRUE
"LEGISLATIVE ANALYST",2016,1,0,,,1,,,TRUE
"LEGISLATIVE ANALYST",2017,1,0,,,1,,,TRUE
"LEGISLATIVE ANALYST",2018,1,0,,,1,,,TRUE
"LEGISLATIVE ANALYST",2019,0,2,,,2,,,TRUE
"LEGISLATIVE ANALYST",2020,0,1,,,1,,,TRUE
"LEGISLATIVE ANALYST",2025,0,1,,,1,,,TRUE
"LEGISLATIVE ASSISTANT",2014,20,13,,,33,,,TRUE
"LEGISLATIVE ASSISTANT",2015,20,23,,,43,,,TRUE
"LEGISLATIVE ASSISTANT",2016,19,10,,,29,,,TRUE
"LEGISLATIVE ASSISTANT",2017,15,9,,,24,,,TRUE
"LEGISLATIVE ASSISTANT",2018,20,19,,,39,,,TRUE
"LEGISLATIVE ASSISTANT",2019,16,21,,,37,,,TRUE
"LEGISLATIVE ASSISTANT",2020,16,18,,,34,,,TRUE
"LEGISLATIVE ASSISTANT",2021,20,10,,,30,,,TRUE
"LEGISLATIVE ASSISTANT",2022,16,13,,,29,,,TRUE
"LEGISLATIVE ASSISTANT",2023,15,27,,,42,,,TRUE
"LEGISLATIVE ASSISTANT",2024,14,19,,,33,,,TRUE
"LEGISLATIVE ASSISTANT",2025,13,8,,,21,,,TRUE
"LEGISLATIVE ATTORNEY",2014,2,6,,,8,,,TRUE
"LEGISLATIVE ATTORNEY",2015,1,0,,,1,,,TRUE
"LEGISLATIVE ATTORNEY",2016,1,2,,,3,,,TRUE
"LEGISLATIVE ATTORNEY",2017,0,1,,,1,,,TRUE
"LEGISLATIVE ATTORNEY",2018,0,1,,,1,,,TRUE
"LEGISLATIVE ATTORNEY",2020,0,1,,,1,,,TRUE
"LEGISLATIVE ATTORNEY",2021,0,1,,,1,,,TRUE
"LEGISLATIVE CLERK",2014,4,2,,,6,,,TRUE
"LEGISLATIVE CLERK",2015,2,0,,,2,,,TRUE
"LEGISLATIVE CLERK",2016,2,0,,,2,,,TRUE
"LEGISLATIVE CLERK",2017,2,0,,,2,,,TRUE
"LEGISLATIVE CLERK",2018,2,0,,,2,,,TRUE
"LEGISLATIVE CLERK",2024,0,33,,,33,,,TRUE
"LEGISLATIVE CLERK",2025,0,35,,,35,,,TRUE
"LEGISLATIVE COMPUTER SUPPORT SPECIALIST",2014,0,3,,,3,,,TRUE
"LEGISLATIVE COMPUTER SUPPORT SPECIALIST",2015,0,3,,,3,,,TRUE
"LEGISLATIVE COMPUTER SUPPORT SPECIALIST",2016,1,1,,,2,,,TRUE
"LEGISLATIVE COMPUTER SUPPORT SPECIALIST",2017,0,3,,,3,,,TRUE
"LEGISLATIVE COMPUTER SUPPORT SPECIALIST",2018,0,2,,,2,,,TRUE
"LEGISLATIVE COMPUTER SUPPORT SPECIALIST",2019,1,1,,,2,,,TRUE
"LEGISLATIVE COMPUTER SUPPORT SPECIALIST",2020,2,2,,,4,,,TRUE
"LEGISLATIVE COMPUTER SUPPORT SPECIALIST",2021,2,1,,,3,,,TRUE
"LEGISLATIVE COMPUTER SUPPORT SPECIALIST",2022,2,0,,,2,,,TRUE
"LEGISLATIVE COMPUTER SUPPORT SPECIALIST",2023,2,3,,,5,,,TRUE
"LEGISLATIVE COMPUTER SUPPORT SPECIALIST",2024,3,3,,,6,,,TRUE
"LEGISLATIVE COMPUTER SUPPORT SPECIALIST",2025,4,0,,,4,,,TRUE
"LEGISLATIVE COORDINATOR",2014,1,0,,,1,,,TRUE
"LEGISLATIVE COORDINATOR",2015,4,0,,,4,,,TRUE
"LEGISLATIVE COORDINATOR",2016,4,2,,,6,,,TRUE
"LEGISLATIVE COORDINATOR",2017,6,3,,,9,,,TRUE
"LEGISLATIVE COORDINATOR",2018,5,0,,,5,,,TRUE
"LEGISLATIVE COORDINATOR",2019,5,1,,,6,,,TRUE
"LEGISLATIVE COORDINATOR",2020,4,2,,,6,,,TRUE
"LEGISLATIVE COORDINATOR",2021,4,2,,,6,,,TRUE
"LEGISLATIVE COORDINATOR",2022,4,0,,,4,,,TRUE
"LEGISLATIVE COORDINATOR",2023,3,1,,,4,,,TRUE
"LEGISLATIVE COORDINATOR",2024,3,1,,,4,,,TRUE
"LEGISLATIVE COORDINATOR",2025,4,11,,,15,,,TRUE
"LEGISLATIVE COUNSEL",2014,1,7,,,8,,,TRUE
"LEGISLATIVE COUNSEL",2015,2,19,,,21,,,TRUE
"LEGISLATIVE COUNSEL",2016,4,28,,,32,,,TRUE
"LEGISLATIVE COUNSEL",2017,6,17,,,23,,,TRUE
"LEGISLATIVE COUNSEL",2018,6,20,,,26,,,TRUE
"LEGISLATIVE COUNSEL",2019,6,47,,,53,,,TRUE
"LEGISLATIVE COUNSEL",2020,5,25,,,30,,,TRUE
"LEGISLATIVE COUNSEL",2021,4,1,,,5,,,TRUE
"LEGISLATIVE COUNSEL",2022,4,1,,,5,,,TRUE
"LEGISLATIVE COUNSEL",2023,5,32,,,37,,,TRUE
"LEGISLATIVE COUNSEL",2024,6,28,,,34,,,TRUE
"LEGISLATIVE COUNSEL",2025,7,12,,,19,,,TRUE
"LEGISLATIVE FINANCIAL ANALYST",2014,0,6,,,6,,,TRUE
"LEGISLATIVE FINANCIAL ANALYST",2015,0,8,,,8,,,TRUE
"LEGISLATIVE FINANCIAL ANALYST",2016,0,10,,,10,,,TRUE
"LEGISLATIVE FINANCIAL ANALYST",2017,0,10,,,10,,,TRUE
"LEGISLATIVE FINANCIAL ANALYST",2018,0,10,,,10,,,TRUE
"LEGISLATIVE FINANCIAL ANALYST",2019,0,20,,,20,,,TRUE
"LEGISLATIVE FINANCIAL ANALYST",2020,0,14,,,14,,,TRUE
"LEGISLATIVE FINANCIAL ANALYST",2021,0,2,,,2,,,TRUE
"LEGISLATIVE FINANCIAL ANALYST",2023,0,10,,,10,,,TRUE
"LEGISLATIVE FINANCIAL ANALYST",2024,0,12,,,12,,,TRUE
"LEGISLATIVE FINANCIAL ANALYST",2025,0,7,,,7,,,TRUE
"LEGISLATIVE INFORMATION OFFICER",2014,0,2,,,2,,,TRUE
"LEGISLATIVE INFORMATION OFFICER",2015,0,4,,,4,,,TRUE
"LEGISLATIVE INFORMATION OFFICER",2016,0,1,,,1,,,TRUE
"LEGISLATIVE INFORMATION OFFICER",2017,0,2,,,2,,,TRUE
"LEGISLATIVE INFORMATION OFFICER",2019,0,1,,,1,,,TRUE
"LEGISLATIVE INFORMATION OFFICER",2020,0,7,,,7,,,TRUE
"LEGISLATIVE INFORMATION OFFICER",2021,0,6,,,6,,,TRUE
"LEGISLATIVE INFORMATION OFFICER",2022,0,1,,,1,,,TRUE
"LEGISLATIVE INFORMATION OFFICER",2023,0,2,,,2,,,TRUE
"LEGISLATIVE INVESTIGATOR",2014,0,1,,,1,,,TRUE
"LEGISLATIVE INVESTIGATOR",2017,0,1,,,1,,,TRUE
"LEGISLATIVE INVESTIGATOR",2018,0,2,,,2,,,TRUE
"LEGISLATIVE INVESTIGATOR",2019,0,5,,,5,,,TRUE
"LEGISLATIVE INVESTIGATOR",2020,0,2,,,2,,,TRUE
"LEGISLATIVE INVESTIGATOR",2021,1,1,,,2,,,TRUE
"LEGISLATIVE INVESTIGATOR",2023,0,2,,,2,,,TRUE
"LEGISLATIVE INVESTIGATOR",2024,0,1,,,1,,,TRUE
"LEGISLATIVE INVESTIGATOR",2025,0,2,,,2,,,TRUE
"LEGISLATIVE MESSENGER",2014,3,0,,,3,,,TRUE
"LEGISLATIVE MESSENGER",2015,3,0,,,3,,,TRUE
"LEGISLATIVE MESSENGER",2016,2,0,,,2,,,TRUE
"LEGISLATIVE MESSENGER",2017,2,0,,,2,,,TRUE
"LEGISLATIVE MESSENGER",2018,1,1,,,2,,,TRUE
"LEGISLATIVE MESSENGER",2019,1,0,,,1,,,TRUE
"LEGISLATIVE POLICY ANALYST",2014,2,4,,,6,,,TRUE
"LEGISLATIVE POLICY ANALYST",2015,2,14,,,16,,,TRUE
"LEGISLATIVE POLICY ANALYST",2016,4,9,,,13,,,TRUE
"LEGISLATIVE POLICY ANALYST",2017,2,7,,,9,,,TRUE
"LEGISLATIVE POLICY ANALYST",2018,2,14,,,16,,,TRUE
"LEGISLATIVE POLICY ANALYST",2019,1,17,,,18,,,TRUE
"LEGISLATIVE POLICY ANALYST",2020,0,7,,,7,,,TRUE
"LEGISLATIVE POLICY ANALYST",2021,0,1,,,1,,,TRUE
"LEGISLATIVE POLICY ANALYST",2023,0,13,,,13,,,TRUE
"LEGISLATIVE POLICY ANALYST",2024,0,14,,,14,,,TRUE
"LEGISLATIVE POLICY ANALYST",2025,0,7,,,7,,,TRUE
"LEGISLATIVE PROGRAMMER/ANALYST",2018,0,1,,,1,,,TRUE
"LEGISLATIVE PROGRAMMER/ANALYST",2019,0,6,,,6,,,TRUE
"LEGISLATIVE PROGRAMMER/ANALYST",2020,0,8,,,8,,,TRUE
"LEGISLATIVE PROGRAMMER/ANALYST",2021,0,6,,,6,,,TRUE
"LEGISLATIVE PROGRAMMER/ANALYST",2022,0,1,,,1,,,TRUE
"LEGISLATIVE PROGRAMMER/ANALYST",2023,1,7,,,8,,,TRUE
"LEGISLATIVE PROGRAMMER/ANALYST",2024,0,9,,,9,,,TRUE
"LEGISLATIVE PROGRAMMER/ANALYST",2025,0,7,,,7,,,TRUE
"LEGISLATIVE PROJECT MANAGER",2014,2,2,,,4,,,TRUE
"LEGISLATIVE PROJECT MANAGER",2015,2,2,,,4,,,TRUE
"LEGISLATIVE PROJECT MANAGER",2016,1,2,,,3,,,TRUE
"LEGISLATIVE PROJECT MANAGER",2017,1,3,,,4,,,TRUE
"LEGISLATIVE PROJECT MANAGER",2018,0,2,,,2,,,TRUE
"LEGISLATIVE PROJECT MANAGER",2019,0,3,,,3,,,TRUE
"LEGISLATIVE PROJECT MANAGER",2020,0,5,,,5,,,TRUE
"LEGISLATIVE PROJECT MANAGER",2021,0,1,,,1,,,TRUE
"LEGISLATIVE PROJECT MANAGER",2022,0,3,,,3,,,TRUE
"LEGISLATIVE PROJECT MANAGER",2023,0,4,,,4,,,TRUE
"LEGISLATIVE PROJECT MANAGER",2024,0,3,,,3,,,TRUE
"LEGISLATIVE PROJECT MANAGER",2025,0,4,,,4,,,TRUE
"LEGISLATIVE REPRESENTATIVE",2022,0,1,,,1,,,TRUE
"LEGISLATIVE REPRESENTATIVE",2024,0,1,,,1,,,TRUE
"LEGISLATIVE SUPPORT SERVICE COORD",2014,2,0,,,2,,,TRUE
"LEGISLATIVE SUPPORT SERVICE COORD",2015,2,0,,,2,,,TRUE
"LEGISLATIVE SUPPORT SERVICE COORD",2016,1,0,,,1,,,TRUE
"LEGISLATIVE SUPPORT SERVICE COORD",2017,2,0,,,2,,,TRUE
"LEGISLATIVE SUPPORT SERVICE COORD",2018,2,0,,,2,,,TRUE
"LEGISLATIVE SUPPORT SERVICE COORD",2019,2,0,,,2,,,TRUE
"LEGISLATIVE SUPPORT SERVICE COORD",2020,3,0,,,3,,,TRUE
"LEGISLATIVE SUPPORT SERVICE COORD",2021,3,0,,,3,,,TRUE
"LEGISLATIVE SUPPORT SERVICE COORD",2022,3,0,,,3,,,TRUE
"LEGISLATIVE SUPPORT SERVICE COORD",2023,2,0,,,2,,,TRUE
"LEGISLATIVE SUPPORT SERVICE COORD",2024,2,0,,,2,,,TRUE
"LEGISLATIVE SUPPORT SERVICE COORD",2025,2,0,,,2,,,TRUE
"LEGISLATIVE SYSTEMS MANAGER",2020,0,1,,,1,,,TRUE
"LEGISLATIVE SYSTEMS MANAGER",2021,0,1,,,1,,,TRUE
"LEGISLATIVE SYSTEMS MANAGER",2023,1,0,,,1,,,TRUE
"LEGISLATIVE SYSTEMS MANAGER",2024,1,0,,,1,,,TRUE
"LEGISLATIVE SYSTEMS MANAGER",2025,1,0,,,1,,,TRUE
"LICENSED BARBER",2014,4,1,,,5,,,TRUE
"LICENSED BARBER",2015,4,3,,,7,,,TRUE
"LICENSED BARBER",2016,4,4,,,8,,,TRUE
"LICENSED BARBER",2017,4,3,,,7,,,TRUE
"LICENSED BARBER",2018,4,2,,,6,,,TRUE
"LICENSED BARBER",2019,3,1,,,4,,,TRUE
"LICENSED BARBER",2020,2,0,,,2,,,TRUE
"LICENSED BARBER",2021,2,0,,,2,,,TRUE
"LICENSED BARBER",2022,1,0,,,1,,,TRUE
"LICENSED BARBER",2023,1,2,,,3,,,TRUE
"LICENSED BARBER",2024,1,2,,,3,,,TRUE
"LICENSED BARBER",2025,2,1,,,3,,,TRUE
"LIEUTENANT",2014,2779,0,,,2779,,,TRUE
"LIEUTENANT",2015,2939,0,,,2939,,,TRUE
"LIEUTENANT",2016,2791,0,,,2791,,,TRUE
"LIEUTENANT",2017,2795,0,,,2795,,,TRUE
"LIEUTENANT",2018,2904,0,,,2904,,,TRUE
"LIEUTENANT",2019,2851,0,,,2851,,,TRUE
"LIEUTENANT",2020,2871,0,,,2871,,,TRUE
"LIEUTENANT",2021,2786,0,,,2786,,,TRUE
"LIEUTENANT",2022,2753,1,,,2754,,,TRUE
"LIEUTENANT",2023,2759,2,,,2761,,,TRUE
"LIEUTENANT",2024,2676,0,,,2676,,,TRUE
"LIEUTENANT",2025,2657,1,,,2658,,,TRUE
"LIEUTENANT D/A COMMANDER OF DETECTIVE SQUAD",2014,130,0,,,130,,,TRUE
"LIEUTENANT D/A COMMANDER OF DETECTIVE SQUAD",2015,133,0,,,133,,,TRUE
"LIEUTENANT D/A COMMANDER OF DETECTIVE SQUAD",2016,162,0,,,162,,,TRUE
"LIEUTENANT D/A COMMANDER OF DETECTIVE SQUAD",2017,166,0,,,166,,,TRUE
"LIEUTENANT D/A COMMANDER OF DETECTIVE SQUAD",2018,177,0,,,177,,,TRUE
"LIEUTENANT D/A COMMANDER OF DETECTIVE SQUAD",2019,171,0,,,171,,,TRUE
"LIEUTENANT D/A COMMANDER OF DETECTIVE SQUAD",2020,170,0,,,170,,,TRUE
"LIEUTENANT D/A COMMANDER OF DETECTIVE SQUAD",2021,137,0,,,137,,,TRUE
"LIEUTENANT D/A COMMANDER OF DETECTIVE SQUAD",2022,161,0,,,161,,,TRUE
"LIEUTENANT D/A COMMANDER OF DETECTIVE SQUAD",2023,177,0,,,177,,,TRUE
"LIEUTENANT D/A COMMANDER OF DETECTIVE SQUAD",2024,178,0,,,178,,,TRUE
"LIEUTENANT D/A COMMANDER OF DETECTIVE SQUAD",2025,172,0,,,172,,,TRUE
"LIEUTENANT D/A SPECIAL ASSIGNMENT",2014,99,0,,,99,,,TRUE
"LIEUTENANT D/A SPECIAL ASSIGNMENT",2015,101,0,,,101,,,TRUE
"LIEUTENANT D/A SPECIAL ASSIGNMENT",2016,138,0,,,138,,,TRUE
"LIEUTENANT D/A SPECIAL ASSIGNMENT",2017,153,0,,,153,,,TRUE
"LIEUTENANT D/A SPECIAL ASSIGNMENT",2018,164,0,,,164,,,TRUE
"LIEUTENANT D/A SPECIAL ASSIGNMENT",2019,158,0,,,158,,,TRUE
"LIEUTENANT D/A SPECIAL ASSIGNMENT",2020,141,0,,,141,,,TRUE
"LIEUTENANT D/A SPECIAL ASSIGNMENT",2021,121,0,,,121,,,TRUE
"LIEUTENANT D/A SPECIAL ASSIGNMENT",2022,122,0,,,122,,,TRUE
"LIEUTENANT D/A SPECIAL ASSIGNMENT",2023,133,0,,,133,,,TRUE
"LIEUTENANT D/A SPECIAL ASSIGNMENT",2024,139,0,,,139,,,TRUE
"LIEUTENANT D/A SPECIAL ASSIGNMENT",2025,127,0,,,127,,,TRUE
"LOCAL INSTRUCTIONAL SUPERVISOR",2014,15,0,,,15,,,TRUE
"LOCAL INSTRUCTIONAL SUPERVISOR",2015,13,0,,,13,,,TRUE
"LOCAL INSTRUCTIONAL SUPERVISOR",2016,8,0,,,8,,,TRUE
"LOCAL INSTRUCTIONAL SUPERVISOR",2017,7,0,,,7,,,TRUE
"LOCAL INSTRUCTIONAL SUPERVISOR",2018,5,0,,,5,,,TRUE
"LOCAL INSTRUCTIONAL SUPERVISOR",2019,5,0,,,5,,,TRUE
"LOCAL INSTRUCTIONAL SUPERVISOR",2020,5,0,,,5,,,TRUE
"LOCAL INSTRUCTIONAL SUPERVISOR",2021,3,0,,,3,,,TRUE
"LOCAL INSTRUCTIONAL SUPERVISOR",2022,2,0,,,2,,,TRUE
"LOCAL INSTRUCTIONAL SUPERVISOR",2023,1,0,,,1,,,TRUE
"MAIL/MESSAGE SERVICES WORKER",2014,14,2,,,16,,,TRUE
"MAIL/MESSAGE SERVICES WORKER",2015,15,3,,,18,,,TRUE
"MAIL/MESSAGE SERVICES WORKER",2016,15,0,,,15,,,TRUE
"MAIL/MESSAGE SERVICES WORKER",2017,16,0,,,16,,,TRUE
"MAIL/MESSAGE SERVICES WORKER",2018,17,0,,,17,,,TRUE
"MAIL/MESSAGE SERVICES WORKER",2019,18,0,,,18,,,TRUE
"MAIL/MESSAGE SERVICES WORKER",2020,21,0,,,21,,,TRUE
"MAIL/MESSAGE SERVICES WORKER",2021,20,1,,,21,,,TRUE
"MAIL/MESSAGE SERVICES WORKER",2022,18,2,,,20,,,TRUE
"MAIL/MESSAGE SERVICES WORKER",2023,15,0,,,15,,,TRUE
"MAIL/MESSAGE SERVICES WORKER",2024,16,2,,,18,,,TRUE
"MAIL/MESSAGE SERVICES WORKER",2025,13,3,,,16,,,TRUE
"MAINTENANCE WORKER",2018,0,1,,,1,,,TRUE
"MAINTENANCE WORKER",2019,0,1,,,1,,,TRUE
"MANAGEMENT AUDITOR",2014,99,14,,,113,,,TRUE
"MANAGEMENT AUDITOR",2015,106,21,,,127,,,TRUE
"MANAGEMENT AUDITOR",2016,117,27,,,144,,,TRUE
"MANAGEMENT AUDITOR",2017,127,39,70862,69010,166,0.973864694758827,1852,FALSE
"MANAGEMENT AUDITOR",2018,135,36,70896,60169.5,171,0.848700914014895,10726.5,FALSE
"MANAGEMENT AUDITOR",2019,134,29,,,163,,,TRUE
"MANAGEMENT AUDITOR",2020,135,25,,,160,,,TRUE
"MANAGEMENT AUDITOR",2021,141,13,,,154,,,TRUE
"MANAGEMENT AUDITOR",2022,130,16,,,146,,,TRUE
"MANAGEMENT AUDITOR",2023,110,32,84428,71485.5,142,0.846703700194248,12942.5,FALSE
"MANAGEMENT AUDITOR",2024,102,48,86812.5,72721,150,0.837678905687545,14091.5,FALSE
"MANAGEMENT AUDITOR",2025,99,32,89978,79863,131,0.88758363155438,10115,FALSE
"MANAGEMENT AUDITOR TRAINEE",2014,0,32,,,32,,,TRUE
"MANAGEMENT AUDITOR TRAINEE",2015,0,7,,,7,,,TRUE
"MANAGEMENT AUDITOR TRAINEE",2016,0,11,,,11,,,TRUE
"MANAGEMENT AUDITOR TRAINEE",2017,1,19,,,20,,,TRUE
"MANAGEMENT AUDITOR TRAINEE",2018,0,1,,,1,,,TRUE
"MANAGEMENT AUDITOR TRAINEE",2019,0,5,,,5,,,TRUE
"MANAGEMENT AUDITOR TRAINEE",2021,0,2,,,2,,,TRUE
"MANAGEMENT AUDITOR TRAINEE",2022,0,5,,,5,,,TRUE
"MANAGEMENT AUDITOR TRAINEE",2023,0,13,,,13,,,TRUE
"MANAGEMENT AUDITOR TRAINEE",2024,0,2,,,2,,,TRUE
"MANAGEMENT AUDITOR TRAINEE",2025,0,8,,,8,,,TRUE
"MANAGER OF PARK LICENSE AGREEMENTS",2016,0,1,,,1,,,TRUE
"MANAGER OF PARK LICENSE AGREEMENTS",2025,1,0,,,1,,,TRUE
"MANAGER OF RADIO REPAIR OPERATIONS",2014,3,0,,,3,,,TRUE
"MANAGER OF RADIO REPAIR OPERATIONS",2015,3,0,,,3,,,TRUE
"MANAGER OF RADIO REPAIR OPERATIONS",2016,2,1,,,3,,,TRUE
"MANAGER OF RADIO REPAIR OPERATIONS",2017,2,2,,,4,,,TRUE
"MANAGER OF RADIO REPAIR OPERATIONS",2018,2,3,,,5,,,TRUE
"MANAGER OF RADIO REPAIR OPERATIONS",2019,2,1,,,3,,,TRUE
"MANAGER OF RADIO REPAIR OPERATIONS",2020,2,0,,,2,,,TRUE
"MANAGER OF RADIO REPAIR OPERATIONS",2021,2,0,,,2,,,TRUE
"MANAGER OF RADIO REPAIR OPERATIONS",2022,1,1,,,2,,,TRUE
"MANAGER OF RADIO REPAIR OPERATIONS",2023,1,0,,,1,,,TRUE
"MANAGER OF RADIO REPAIR OPERATIONS",2024,1,0,,,1,,,TRUE
"MANAGER OF RADIO REPAIR OPERATIONS",2025,1,0,,,1,,,TRUE
"MANAGER WATER SUPPLY",2014,2,0,,,2,,,TRUE
"MANAGER WATER SUPPLY",2015,2,0,,,2,,,TRUE
"MANAGER WATER SUPPLY",2016,2,0,,,2,,,TRUE
"MARINE ELECTRONICS TECHNICIAN",2014,0,1,,,1,,,TRUE
"MARINE ELECTRONICS TECHNICIAN",2015,0,1,,,1,,,TRUE
"MARINE ELECTRONICS TECHNICIAN",2016,2,0,,,2,,,TRUE
"MARINE ELECTRONICS TECHNICIAN",2017,2,0,,,2,,,TRUE
"MARINE ELECTRONICS TECHNICIAN",2018,3,0,,,3,,,TRUE
"MARINE ELECTRONICS TECHNICIAN",2019,3,0,,,3,,,TRUE
"MARINE ELECTRONICS TECHNICIAN",2020,3,0,,,3,,,TRUE
"MARINE ELECTRONICS TECHNICIAN",2021,3,0,,,3,,,TRUE
"MARINE ELECTRONICS TECHNICIAN",2022,3,0,,,3,,,TRUE
"MARINE ELECTRONICS TECHNICIAN",2023,3,0,,,3,,,TRUE
"MARINE ELECTRONICS TECHNICIAN",2024,4,0,,,4,,,TRUE
"MARINE ELECTRONICS TECHNICIAN",2025,4,0,,,4,,,TRUE
"MARINE ENGINEER",2014,21,1,,,22,,,TRUE
"MARINE ENGINEER",2015,26,1,,,27,,,TRUE
"MARINE ENGINEER",2016,28,4,,,32,,,TRUE
"MARINE ENGINEER",2017,28,2,,,30,,,TRUE
"MARINE ENGINEER",2018,33,1,,,34,,,TRUE
"MARINE ENGINEER",2019,29,1,,,30,,,TRUE
"MARINE ENGINEER",2020,37,0,,,37,,,TRUE
"MARINE ENGINEER",2021,35,0,,,35,,,TRUE
"MARINE ENGINEER",2022,35,2,,,37,,,TRUE
"MARINE ENGINEER",2023,32,3,,,35,,,TRUE
"MARINE ENGINEER",2024,27,8,,,35,,,TRUE
"MARINE ENGINEER",2025,27,5,,,32,,,TRUE
"MARINE MAINTENANCE MECHANIC",2014,6,0,,,6,,,TRUE
"MARINE MAINTENANCE MECHANIC",2015,6,2,,,8,,,TRUE
"MARINE MAINTENANCE MECHANIC",2016,6,2,,,8,,,TRUE
"MARINE MAINTENANCE MECHANIC",2017,6,0,,,6,,,TRUE
"MARINE MAINTENANCE MECHANIC",2018,6,1,,,7,,,TRUE
"MARINE MAINTENANCE MECHANIC",2019,6,3,,,9,,,TRUE
"MARINE MAINTENANCE MECHANIC",2020,5,3,,,8,,,TRUE
"MARINE MAINTENANCE MECHANIC",2021,5,1,,,6,,,TRUE
"MARINE MAINTENANCE MECHANIC",2022,3,1,,,4,,,TRUE
"MARINE MAINTENANCE MECHANIC",2023,3,1,,,4,,,TRUE
"MARINE MAINTENANCE MECHANIC",2024,3,0,,,3,,,TRUE
"MARINE MAINTENANCE MECHANIC",2025,3,0,,,3,,,TRUE
"MARINE OILER",2014,16,16,,,32,,,TRUE
"MARINE OILER",2015,22,20,,,42,,,TRUE
"MARINE OILER",2016,24,14,,,38,,,TRUE
"MARINE OILER",2017,24,12,,,36,,,TRUE
"MARINE OILER",2018,23,10,,,33,,,TRUE
"MARINE OILER",2019,25,9,,,34,,,TRUE
"MARINE OILER",2020,23,11,,,34,,,TRUE
"MARINE OILER",2021,23,17,,,40,,,TRUE
"MARINE OILER",2022,19,13,,,32,,,TRUE
"MARINE OILER",2023,18,11,,,29,,,TRUE
"MARINE OILER",2024,23,14,,,37,,,TRUE
"MARINE OILER",2025,20,13,,,33,,,TRUE
"MARINER",2014,5,2,,,7,,,TRUE
"MARINER",2015,6,1,,,7,,,TRUE
"MARINER",2016,6,2,,,8,,,TRUE
"MARINER",2017,9,4,,,13,,,TRUE
"MARINER",2018,8,3,,,11,,,TRUE
"MARINER",2019,8,2,,,10,,,TRUE
"MARINER",2020,7,5,,,12,,,TRUE
"MARINER",2021,8,2,,,10,,,TRUE
"MARINER",2022,7,1,,,8,,,TRUE
"MARINER",2023,8,4,,,12,,,TRUE
"MARINER",2024,6,1,,,7,,,TRUE
"MARINER",2025,6,3,,,9,,,TRUE
"MARKET AGENT",2014,7,0,,,7,,,TRUE
"MARKET AGENT",2015,7,0,,,7,,,TRUE
"MARKET AGENT",2016,11,0,,,11,,,TRUE
"MARKET AGENT",2017,10,0,,,10,,,TRUE
"MARKET AGENT",2018,7,0,,,7,,,TRUE
"MARKET AGENT",2019,9,0,,,9,,,TRUE
"MARKET AGENT",2020,9,0,,,9,,,TRUE
"MARKET AGENT",2021,9,0,,,9,,,TRUE
"MARKET AGENT",2022,7,0,,,7,,,TRUE
"MARKET AGENT",2023,6,0,,,6,,,TRUE
"MARKET AGENT",2024,7,0,,,7,,,TRUE
"MARKET AGENT",2025,7,0,,,7,,,TRUE
"MATE",2014,25,18,,,43,,,TRUE
"MATE",2015,32,20,,,52,,,TRUE
"MATE",2016,37,21,,,58,,,TRUE
"MATE",2017,37,14,,,51,,,TRUE
"MATE",2018,38,3,,,41,,,TRUE
"MATE",2019,38,0,,,38,,,TRUE
"MATE",2020,35,0,,,35,,,TRUE
"MATE",2021,36,1,,,37,,,TRUE
"MATE",2022,36,2,,,38,,,TRUE
"MATE",2023,35,10,,,45,,,TRUE
"MATE",2024,40,12,,,52,,,TRUE
"MATE",2025,42,7,,,49,,,TRUE
"MAYOR",2014,0,1,,,1,,,TRUE
"MAYOR",2015,0,1,,,1,,,TRUE
"MAYOR",2022,0,1,,,1,,,TRUE
"MAYOR",2023,0,1,,,1,,,TRUE
"MAYORAL OFFICE ASSISTANT",2014,41,20,,,61,,,TRUE
"MAYORAL OFFICE ASSISTANT",2015,38,19,,,57,,,TRUE
"MAYORAL OFFICE ASSISTANT",2016,29,23,,,52,,,TRUE
"MAYORAL OFFICE ASSISTANT",2017,13,34,,,47,,,TRUE
"MAYORAL OFFICE ASSISTANT",2018,14,28,,,42,,,TRUE
"MAYORAL OFFICE ASSISTANT",2019,10,7,,,17,,,TRUE
"MAYORAL OFFICE ASSISTANT",2020,11,4,,,15,,,TRUE
"MAYORAL OFFICE ASSISTANT",2021,9,2,,,11,,,TRUE
"MAYORAL OFFICE ASSISTANT",2022,9,3,,,12,,,TRUE
"MAYORAL OFFICE ASSISTANT",2023,8,7,,,15,,,TRUE
"MAYORAL OFFICE ASSISTANT",2024,7,6,,,13,,,TRUE
"MAYORAL OFFICE ASSISTANT",2025,4,4,,,8,,,TRUE
"MAYORAL PROGRAM COORDINATOR",2014,13,4,,,17,,,TRUE
"MAYORAL PROGRAM COORDINATOR",2015,13,2,,,15,,,TRUE
"MAYORAL PROGRAM COORDINATOR",2016,10,3,,,13,,,TRUE
"MAYORAL PROGRAM COORDINATOR",2017,8,6,,,14,,,TRUE
"MAYORAL PROGRAM COORDINATOR",2018,7,6,,,13,,,TRUE
"MAYORAL PROGRAM COORDINATOR",2019,6,0,,,6,,,TRUE
"MAYORAL PROGRAM COORDINATOR",2020,6,0,,,6,,,TRUE
"MAYORAL PROGRAM COORDINATOR",2021,6,0,,,6,,,TRUE
"MAYORAL PROGRAM COORDINATOR",2022,6,0,,,6,,,TRUE
"MAYORAL PROGRAM COORDINATOR",2023,4,16,,,20,,,TRUE
"MAYORAL PROGRAM COORDINATOR",2024,4,24,,,28,,,TRUE
"MAYORAL PROGRAM COORDINATOR",2025,2,21,,,23,,,TRUE
"MECHANICAL ENGINEER",2014,47,6,,,53,,,TRUE
"MECHANICAL ENGINEER",2015,45,7,,,52,,,TRUE
"MECHANICAL ENGINEER",2016,45,9,,,54,,,TRUE
"MECHANICAL ENGINEER",2017,43,13,,,56,,,TRUE
"MECHANICAL ENGINEER",2018,28,6,,,34,,,TRUE
"MECHANICAL ENGINEER",2019,20,7,,,27,,,TRUE
"MECHANICAL ENGINEER",2020,19,10,,,29,,,TRUE
"MECHANICAL ENGINEER",2021,19,6,,,25,,,TRUE
"MECHANICAL ENGINEER",2022,9,8,,,17,,,TRUE
"MECHANICAL ENGINEER",2023,9,5,,,14,,,TRUE
"MECHANICAL ENGINEER",2024,10,3,,,13,,,TRUE
"MECHANICAL ENGINEER",2025,10,6,,,16,,,TRUE
"MECHANICAL ENGINEERING INTERN",2014,0,5,,,5,,,TRUE
"MECHANICAL ENGINEERING INTERN",2015,0,22,,,22,,,TRUE
"MECHANICAL ENGINEERING INTERN",2016,0,15,,,15,,,TRUE
"MECHANICAL ENGINEERING INTERN",2017,0,17,,,17,,,TRUE
"MECHANICAL ENGINEERING INTERN",2018,0,11,,,11,,,TRUE
"MECHANICAL ENGINEERING INTERN",2019,0,27,,,27,,,TRUE
"MECHANICAL ENGINEERING INTERN",2020,0,22,,,22,,,TRUE
"MECHANICAL ENGINEERING INTERN",2021,0,4,,,4,,,TRUE
"MECHANICAL ENGINEERING INTERN",2022,0,2,,,2,,,TRUE
"MECHANICAL ENGINEERING INTERN",2023,0,3,,,3,,,TRUE
"MECHANICAL ENGINEERING INTERN",2024,0,5,,,5,,,TRUE
"MECHANICAL ENGINEERING INTERN",2025,0,5,,,5,,,TRUE
"MEDIA SERVICES TECHNICIAN",2014,27,0,,,27,,,TRUE
"MEDIA SERVICES TECHNICIAN",2015,25,4,,,29,,,TRUE
"MEDIA SERVICES TECHNICIAN",2016,19,5,,,24,,,TRUE
"MEDIA SERVICES TECHNICIAN",2017,17,6,,,23,,,TRUE
"MEDIA SERVICES TECHNICIAN",2018,19,23,,,42,,,TRUE
"MEDIA SERVICES TECHNICIAN",2019,18,18,,,36,,,TRUE
"MEDIA SERVICES TECHNICIAN",2020,16,12,,,28,,,TRUE
"MEDIA SERVICES TECHNICIAN",2021,17,7,,,24,,,TRUE
"MEDIA SERVICES TECHNICIAN",2022,17,12,,,29,,,TRUE
"MEDIA SERVICES TECHNICIAN",2023,15,18,,,33,,,TRUE
"MEDIA SERVICES TECHNICIAN",2024,14,11,,,25,,,TRUE
"MEDIA SERVICES TECHNICIAN",2025,16,11,,,27,,,TRUE
"MEDICAL DIRECTOR",2022,1,0,,,1,,,TRUE
"MEDICAL DIRECTOR",2023,1,0,,,1,,,TRUE
"MEDICAL DIRECTOR",2024,1,0,,,1,,,TRUE
"MEDICAL DIRECTOR",2025,1,0,,,1,,,TRUE
"MEDICAL RECORD LIBRARIAN",2014,4,1,,,5,,,TRUE
"MEDICAL RECORD LIBRARIAN",2015,4,0,,,4,,,TRUE
"MEDICAL RECORD LIBRARIAN",2016,2,6,,,8,,,TRUE
"MEDICAL RECORD LIBRARIAN",2017,3,2,,,5,,,TRUE
"MEDICAL RECORD LIBRARIAN",2018,3,0,,,3,,,TRUE
"MEDICAL RECORD LIBRARIAN",2019,3,0,,,3,,,TRUE
"MEDICAL RECORD LIBRARIAN",2020,4,0,,,4,,,TRUE
"MEDICAL RECORD LIBRARIAN",2021,4,0,,,4,,,TRUE
"MEDICAL RECORD LIBRARIAN",2022,4,3,,,7,,,TRUE
"MEDICAL RECORD LIBRARIAN",2023,4,4,,,8,,,TRUE
"MEDICAL RECORD LIBRARIAN",2024,2,1,,,3,,,TRUE
"MEDICAL RECORD LIBRARIAN",2025,1,0,,,1,,,TRUE
"MEDICOLEGAL ANALYST",2014,2,0,,,2,,,TRUE
"MEDICOLEGAL ANALYST",2015,2,0,,,2,,,TRUE
"MEDICOLEGAL ANALYST",2016,2,0,,,2,,,TRUE
"MEDICOLEGAL ANALYST",2017,1,0,,,1,,,TRUE
"MEDICOLEGAL ANALYST",2018,1,0,,,1,,,TRUE
"MEDICOLEGAL ANALYST",2019,1,0,,,1,,,TRUE
"MEDICOLEGAL ANALYST",2020,1,1,,,2,,,TRUE
"MEDICOLEGAL ANALYST",2021,1,0,,,1,,,TRUE
"MEDICOLEGAL ANALYST",2022,1,0,,,1,,,TRUE
"MEDICOLEGAL ANALYST",2023,0,1,,,1,,,TRUE
"MEDICOLEGAL ANALYST",2024,0,1,,,1,,,TRUE
"MEDICOLEGAL INVESTIGATOR",2014,15,3,,,18,,,TRUE
"MEDICOLEGAL INVESTIGATOR",2015,16,2,,,18,,,TRUE
"MEDICOLEGAL INVESTIGATOR",2016,16,3,,,19,,,TRUE
"MEDICOLEGAL INVESTIGATOR",2017,15,3,,,18,,,TRUE
"MEDICOLEGAL INVESTIGATOR",2018,16,3,,,19,,,TRUE
"MEDICOLEGAL INVESTIGATOR",2019,14,6,,,20,,,TRUE
"MEDICOLEGAL INVESTIGATOR",2020,15,15,,,30,,,TRUE
"MEDICOLEGAL INVESTIGATOR",2021,12,10,,,22,,,TRUE
"MEDICOLEGAL INVESTIGATOR",2022,11,8,,,19,,,TRUE
"MEDICOLEGAL INVESTIGATOR",2023,12,4,,,16,,,TRUE
"MEDICOLEGAL INVESTIGATOR",2024,10,4,,,14,,,TRUE
"MEDICOLEGAL INVESTIGATOR",2025,9,7,,,16,,,TRUE
"MENTAL HEALTH WORKER",2014,2,0,,,2,,,TRUE
"MENTAL HEALTH WORKER",2015,2,0,,,2,,,TRUE
"MENTAL HEALTH WORKER",2016,2,0,,,2,,,TRUE
"MENTAL HEALTH WORKER",2017,2,0,,,2,,,TRUE
"MENTAL HEALTH WORKER",2018,2,0,,,2,,,TRUE
"MENTAL HEALTH WORKER",2019,2,0,,,2,,,TRUE
"MENTAL HEALTH WORKER",2020,2,0,,,2,,,TRUE
"MENTAL HEALTH WORKER",2021,1,0,,,1,,,TRUE
"MENTAL HEALTH WORKER",2022,1,0,,,1,,,TRUE
"MENTAL HEALTH WORKER",2023,1,0,,,1,,,TRUE
"MENTAL HEALTH WORKER",2024,1,0,,,1,,,TRUE
"MENTAL HEALTH WORKER",2025,1,0,,,1,,,TRUE
"METAL WORK MECHANIC",2014,7,5,,,12,,,TRUE
"METAL WORK MECHANIC",2015,10,10,,,20,,,TRUE
"METAL WORK MECHANIC",2016,16,9,,,25,,,TRUE
"METAL WORK MECHANIC",2017,21,10,,,31,,,TRUE
"METAL WORK MECHANIC",2018,26,9,,,35,,,TRUE
"METAL WORK MECHANIC",2019,28,8,,,36,,,TRUE
"METAL WORK MECHANIC",2020,28,5,,,33,,,TRUE
"METAL WORK MECHANIC",2021,27,1,,,28,,,TRUE
"METAL WORK MECHANIC",2022,25,0,,,25,,,TRUE
"METAL WORK MECHANIC",2023,21,2,,,23,,,TRUE
"METAL WORK MECHANIC",2024,25,4,,,29,,,TRUE
"METAL WORK MECHANIC",2025,27,0,,,27,,,TRUE
"MINORITY LEADER",2014,1,0,,,1,,,TRUE
"MINORITY LEADER",2015,1,0,,,1,,,TRUE
"MINORITY LEADER",2016,1,0,,,1,,,TRUE
"MINORITY LEADER",2017,1,0,,,1,,,TRUE
"MINORITY LEADER",2018,1,0,,,1,,,TRUE
"MINORITY LEADER",2019,1,0,,,1,,,TRUE
"MINORITY LEADER",2020,1,0,,,1,,,TRUE
"MINORITY LEADER",2021,1,0,,,1,,,TRUE
"MINORITY LEADER",2022,1,0,,,1,,,TRUE
"MINORITY LEADER",2023,1,0,,,1,,,TRUE
"MINORITY LEADER",2024,1,0,,,1,,,TRUE
"MONUMENTS OFFICER",2019,1,0,,,1,,,TRUE
"MONUMENTS OFFICER",2020,1,0,,,1,,,TRUE
"MONUMENTS OFFICER",2021,1,0,,,1,,,TRUE
"MONUMENTS OFFICER",2022,1,0,,,1,,,TRUE
"MONUMENTS OFFICER",2023,1,0,,,1,,,TRUE
"MONUMENTS OFFICER",2024,1,0,,,1,,,TRUE
"MONUMENTS OFFICER",2025,1,0,,,1,,,TRUE
"MORTGAGE TAX EXAMINER",2014,1,0,,,1,,,TRUE
"MORTGAGE TAX EXAMINER",2015,1,0,,,1,,,TRUE
"MORTGAGE TAX EXAMINER",2016,1,0,,,1,,,TRUE
"MORTGAGE TAX EXAMINER",2017,1,0,,,1,,,TRUE
"MORTGAGE TAX EXAMINER",2018,1,0,,,1,,,TRUE
"MOTOR VEHICLE OPERATOR",2014,166,26,,,192,,,TRUE
"MOTOR VEHICLE OPERATOR",2015,144,39,44021,35236,183,0.800436155471252,8785,FALSE
"MOTOR VEHICLE OPERATOR",2016,139,49,45122,36117,188,0.80042994548114,9005,FALSE
"MOTOR VEHICLE OPERATOR",2017,128,52,46476,37201,180,0.800434632928823,9275,FALSE
"MOTOR VEHICLE OPERATOR",2018,117,44,46476,37201,161,0.800434632928823,9275,FALSE
"MOTOR VEHICLE OPERATOR",2019,118,48,48473,40110,166,0.827470963216636,8363,FALSE
"MOTOR VEHICLE OPERATOR",2020,107,36,49951,39963,143,0.800044043162299,9988,FALSE
"MOTOR VEHICLE OPERATOR",2021,100,13,,,113,,,TRUE
"MOTOR VEHICLE OPERATOR",2022,92,15,,,107,,,TRUE
"MOTOR VEHICLE OPERATOR",2023,86,33,54630,43669,119,0.799359326377448,10961,FALSE
"MOTOR VEHICLE OPERATOR",2024,81,28,,,109,,,TRUE
"MOTOR VEHICLE OPERATOR",2025,83,19,,,102,,,TRUE
"MOTOR VEHICLE SUPERVISOR",2014,36,2,,,38,,,TRUE
"MOTOR VEHICLE SUPERVISOR",2015,30,3,,,33,,,TRUE
"MOTOR VEHICLE SUPERVISOR",2016,34,3,,,37,,,TRUE
"MOTOR VEHICLE SUPERVISOR",2017,34,1,,,35,,,TRUE
"MOTOR VEHICLE SUPERVISOR",2018,32,2,,,34,,,TRUE
"MOTOR VEHICLE SUPERVISOR",2019,30,2,,,32,,,TRUE
"MOTOR VEHICLE SUPERVISOR",2020,29,2,,,31,,,TRUE
"MOTOR VEHICLE SUPERVISOR",2021,27,2,,,29,,,TRUE
"MOTOR VEHICLE SUPERVISOR",2022,24,0,,,24,,,TRUE
"MOTOR VEHICLE SUPERVISOR",2023,20,3,,,23,,,TRUE
"MOTOR VEHICLE SUPERVISOR",2024,24,3,,,27,,,TRUE
"MOTOR VEHICLE SUPERVISOR",2025,24,1,,,25,,,TRUE
"MULTIPLE DWELLING SPECIALIST",2014,3,0,,,3,,,TRUE
"MULTIPLE DWELLING SPECIALIST",2015,3,0,,,3,,,TRUE
"MULTIPLE DWELLING SPECIALIST",2016,4,3,,,7,,,TRUE
"MULTIPLE DWELLING SPECIALIST",2017,5,2,,,7,,,TRUE
"MULTIPLE DWELLING SPECIALIST",2018,4,0,,,4,,,TRUE
"MULTIPLE DWELLING SPECIALIST",2019,4,0,,,4,,,TRUE
"MULTIPLE DWELLING SPECIALIST",2020,4,0,,,4,,,TRUE
"MULTIPLE DWELLING SPECIALIST",2021,4,0,,,4,,,TRUE
"MULTIPLE DWELLING SPECIALIST",2022,4,0,,,4,,,TRUE
"MULTIPLE DWELLING SPECIALIST",2023,1,0,,,1,,,TRUE
"MULTIPLE DWELLING SPECIALIST",2024,1,0,,,1,,,TRUE
"MULTIPLE DWELLING SPECIALIST",2025,1,0,,,1,,,TRUE
"NEW LEADER",2014,3,0,,,3,,,TRUE
"NEW LEADER",2015,2,1,,,3,,,TRUE
"NEW PRINCIPAL INTERN",2014,2,0,,,2,,,TRUE
"NEW PRINCIPAL INTERN",2015,1,0,,,1,,,TRUE
"NEW YORK CITY FELLOW",2016,0,11,,,11,,,TRUE
"NEW YORK CITY FELLOW",2017,0,4,,,4,,,TRUE
"NEW YORK CITY PUBLIC SERVICE FELLOW",2019,0,18,,,18,,,TRUE
"NEW YORK CITY PUBLIC SERVICE FELLOW",2020,0,38,,,38,,,TRUE
"NEW YORK CITY PUBLIC SERVICE FELLOW",2021,0,21,,,21,,,TRUE
"NEW YORK CITY PUBLIC SERVICE FELLOW",2023,0,47,,,47,,,TRUE
"NEW YORK CITY PUBLIC SERVICE FELLOW",2024,0,74,,,74,,,TRUE
"NEW YORK CITY PUBLIC SERVICE FELLOW",2025,0,168,,,168,,,TRUE
"NEW YORK CITY URBAN PLANNING AND DESIGN FELLOW",2024,0,4,,,4,,,TRUE
"NEW YORK CITY URBAN PLANNING AND DESIGN FELLOW",2025,0,1,,,1,,,TRUE
"NURSE PRACTICIONER",2014,0,1,,,1,,,TRUE
"NURSE PRACTICIONER",2015,0,2,,,2,,,TRUE
"NURSE PRACTICIONER",2016,0,4,,,4,,,TRUE
"NURSE PRACTICIONER",2017,0,8,,,8,,,TRUE
"NURSE PRACTICIONER",2018,0,7,,,7,,,TRUE
"NURSE PRACTICIONER",2019,0,2,,,2,,,TRUE
"NURSE PRACTICIONER",2020,0,3,,,3,,,TRUE
"NURSE PRACTICIONER",2021,0,2,,,2,,,TRUE
"NURSE PRACTICIONER",2022,1,1,,,2,,,TRUE
"NURSE PRACTICIONER",2023,1,4,,,5,,,TRUE
"NURSE PRACTICIONER",2024,1,3,,,4,,,TRUE
"NURSE PRACTICIONER",2025,1,1,,,2,,,TRUE
"NURSE PRACTITIONER",2023,0,1,,,1,,,TRUE
"NURSE PRACTITIONER",2024,0,1,,,1,,,TRUE
"NURSE S AIDE",2014,2,0,,,2,,,TRUE
"NURSE S AIDE",2015,2,0,,,2,,,TRUE
"NURSE S AIDE",2016,2,0,,,2,,,TRUE
"NURSE S AIDE",2017,1,0,,,1,,,TRUE
"NURSE S AIDE",2018,1,0,,,1,,,TRUE
"NURSE S AIDE",2019,1,0,,,1,,,TRUE
"NURSE S AIDE",2020,1,0,,,1,,,TRUE
"NURSE S AIDE",2021,1,0,,,1,,,TRUE
"NUTRITION CONSULTANT",2014,8,2,,,10,,,TRUE
"NUTRITION CONSULTANT",2015,6,3,,,9,,,TRUE
"NUTRITION CONSULTANT",2016,5,3,,,8,,,TRUE
"NUTRITION CONSULTANT",2017,5,4,,,9,,,TRUE
"NUTRITION CONSULTANT",2018,3,5,,,8,,,TRUE
"NUTRITION CONSULTANT",2019,3,5,,,8,,,TRUE
"NUTRITION CONSULTANT",2020,3,5,,,8,,,TRUE
"NUTRITION CONSULTANT",2021,2,2,,,4,,,TRUE
"NUTRITION CONSULTANT",2022,3,3,,,6,,,TRUE
"NUTRITION CONSULTANT",2023,1,8,,,9,,,TRUE
"NUTRITION CONSULTANT",2024,1,9,,,10,,,TRUE
"NUTRITION CONSULTANT",2025,1,4,,,5,,,TRUE
"NUTRITIONIST",2014,1,1,,,2,,,TRUE
"NUTRITIONIST",2015,1,7,,,8,,,TRUE
"NUTRITIONIST",2016,0,8,,,8,,,TRUE
"NUTRITIONIST",2017,0,4,,,4,,,TRUE
"NUTRITIONIST",2018,2,3,,,5,,,TRUE
"NUTRITIONIST",2019,1,3,,,4,,,TRUE
"NUTRITIONIST",2020,1,3,,,4,,,TRUE
"NUTRITIONIST",2021,1,1,,,2,,,TRUE
"NUTRITIONIST",2022,1,1,,,2,,,TRUE
"NUTRITIONIST",2023,1,14,,,15,,,TRUE
"NUTRITIONIST",2024,1,13,,,14,,,TRUE
"NUTRITIONIST",2025,4,2,,,6,,,TRUE
"NYCAPS PROCESS ANALYST",2014,1,3,,,4,,,TRUE
"NYCAPS PROCESS ANALYST",2017,1,0,,,1,,,TRUE
"NYCAPS PROCESS ANALYST",2018,1,0,,,1,,,TRUE
"NYCAPS PROCESS ANALYST",2019,2,0,,,2,,,TRUE
"NYCAPS PROCESS ANALYST",2020,2,0,,,2,,,TRUE
"NYCAPS PROCESS ANALYST",2021,2,0,,,2,,,TRUE
"NYCAPS PROCESS ANALYST",2022,1,0,,,1,,,TRUE
"NYCAPS PROCESS ANALYST MANAGER",2014,1,0,,,1,,,TRUE
"NYCAPS PROCESS ANALYST MANAGER",2018,1,0,,,1,,,TRUE
"OCCUPATIONAL THERAPIST",2014,8,130,,,138,,,TRUE
"OCCUPATIONAL THERAPIST",2015,378,289,66348,59980,667,0.904021221438476,6368,FALSE
"OCCUPATIONAL THERAPIST",2016,432,301,68664,67116,733,0.977455435162531,1548,FALSE
"OCCUPATIONAL THERAPIST",2017,499,320,71788,64898,819,0.904022956482978,6890,FALSE
"OCCUPATIONAL THERAPIST",2018,563,305,75392,68155,868,0.904008382852292,7237,FALSE
"OCCUPATIONAL THERAPIST",2019,619,290,76900,75166,909,0.977451235370611,1734,FALSE
"OCCUPATIONAL THERAPIST",2020,671,335,78822,73185,1006,0.928484433280049,5637,FALSE
"OCCUPATIONAL THERAPIST",2021,757,223,81186,73394,980,0.904022861084423,7792,FALSE
"OCCUPATIONAL THERAPIST",2022,803,264,81186,73394,1067,0.904022861084423,7792,FALSE
"OCCUPATIONAL THERAPIST",2023,863,385,81186,75381,1248,0.92849752420368,5805,FALSE
"OCCUPATIONAL THERAPIST",2024,926,342,86131,77864,1268,0.904018297709303,8267,FALSE
"OCCUPATIONAL THERAPIST",2025,1007,313,88715,80200,1320,0.904018486163558,8515,FALSE
"OFFICE ASSISTANT",2014,4,1,,,5,,,TRUE
"OFFICE ASSISTANT",2015,4,1,,,5,,,TRUE
"OFFICE ASSISTANT",2016,4,1,,,5,,,TRUE
"OFFICE ASSISTANT",2017,3,0,,,3,,,TRUE
"OFFICE ASSISTANT",2018,3,0,,,3,,,TRUE
"OFFICE ASSISTANT",2019,3,0,,,3,,,TRUE
"OFFICE ASSISTANT",2020,3,0,,,3,,,TRUE
"OFFICE ASSISTANT",2021,2,0,,,2,,,TRUE
"OFFICE ASSISTANT",2022,2,0,,,2,,,TRUE
"OFFICE ASSISTANT",2023,0,1,,,1,,,TRUE
"OFFICE ASSISTANT",2024,0,2,,,2,,,TRUE
"OFFICE ASSISTANT",2025,0,1,,,1,,,TRUE
"OFFICE MACHINE AIDE",2014,38,3,,,41,,,TRUE
"OFFICE MACHINE AIDE",2015,41,4,,,45,,,TRUE
"OFFICE MACHINE AIDE",2016,39,5,,,44,,,TRUE
"OFFICE MACHINE AIDE",2017,37,2,,,39,,,TRUE
"OFFICE MACHINE AIDE",2018,37,1,,,38,,,TRUE
"OFFICE MACHINE AIDE",2019,35,1,,,36,,,TRUE
"OFFICE MACHINE AIDE",2020,29,4,,,33,,,TRUE
"OFFICE MACHINE AIDE",2021,32,3,,,35,,,TRUE
"OFFICE MACHINE AIDE",2022,28,3,,,31,,,TRUE
"OFFICE MACHINE AIDE",2023,23,2,,,25,,,TRUE
"OFFICE MACHINE AIDE",2024,19,1,,,20,,,TRUE
"OFFICE MACHINE AIDE",2025,18,1,,,19,,,TRUE
"OFFICE MANAGER",2014,0,1,,,1,,,TRUE
"OFFICE MANAGER",2015,0,5,,,5,,,TRUE
"OFFICE MANAGER",2016,0,1,,,1,,,TRUE
"OFFICE MANAGER",2018,0,1,,,1,,,TRUE
"OFFICE MANAGER",2019,0,2,,,2,,,TRUE
"OFFICE MANAGER",2020,0,5,,,5,,,TRUE
"OFFICE MANAGER",2021,0,2,,,2,,,TRUE
"OFFICE MANAGER",2022,0,3,,,3,,,TRUE
"OFFICE MANAGER",2023,0,3,,,3,,,TRUE
"OFFICE MANAGER",2024,1,3,,,4,,,TRUE
"OFFICE MANAGER",2025,1,2,,,3,,,TRUE
"OIL BURNER SPECIALIST",2015,0,2,,,2,,,TRUE
"OIL BURNER SPECIALIST",2016,0,2,,,2,,,TRUE
"OIL BURNER SPECIALIST",2017,1,1,,,2,,,TRUE
"OIL BURNER SPECIALIST",2018,1,1,,,2,,,TRUE
"OIL BURNER SPECIALIST",2019,1,0,,,1,,,TRUE
"OIL BURNER SPECIALIST",2020,1,0,,,1,,,TRUE
"OIL BURNER SPECIALIST",2021,1,0,,,1,,,TRUE
"OIL BURNER SPECIALIST",2022,1,0,,,1,,,TRUE
"OIL BURNER SPECIALIST",2024,1,0,,,1,,,TRUE
"OIL BURNER SPECIALIST",2025,1,0,,,1,,,TRUE
"OILER",2014,1,0,,,1,,,TRUE
"OMBUDSMAN",2022,1,0,,,1,,,TRUE
"OPERATIONS COMMUNICATIONS SPECIALIST",2014,9,4,,,13,,,TRUE
"OPERATIONS COMMUNICATIONS SPECIALIST",2015,9,3,,,12,,,TRUE
"OPERATIONS COMMUNICATIONS SPECIALIST",2016,9,2,,,11,,,TRUE
"OPERATIONS COMMUNICATIONS SPECIALIST",2017,9,5,,,14,,,TRUE
"OPERATIONS COMMUNICATIONS SPECIALIST",2018,8,6,,,14,,,TRUE
"OPERATIONS COMMUNICATIONS SPECIALIST",2019,8,5,,,13,,,TRUE
"OPERATIONS COMMUNICATIONS SPECIALIST",2020,7,5,,,12,,,TRUE
"OPERATIONS COMMUNICATIONS SPECIALIST",2021,5,5,,,10,,,TRUE
"OPERATIONS COMMUNICATIONS SPECIALIST",2022,5,3,,,8,,,TRUE
"OPERATIONS COMMUNICATIONS SPECIALIST",2023,5,5,,,10,,,TRUE
"OPERATIONS COMMUNICATIONS SPECIALIST",2024,4,9,,,13,,,TRUE
"OPERATIONS COMMUNICATIONS SPECIALIST",2025,4,8,,,12,,,TRUE
"P.O. DA DET GR3",2014,2175,0,,,2175,,,TRUE
"P.O. DA DET GR3",2015,2337,1,,,2338,,,TRUE
"P.O. DA DET GR3",2016,2395,0,,,2395,,,TRUE
"P.O. DA DET GR3",2017,2530,0,,,2530,,,TRUE
"P.O. DA DET GR3",2018,2711,0,,,2711,,,TRUE
"P.O. DA DET GR3",2019,2849,0,,,2849,,,TRUE
"P.O. DA DET GR3",2020,2715,0,,,2715,,,TRUE
"P.O. DA DET GR3",2021,2605,0,,,2605,,,TRUE
"P.O. DA DET GR3",2022,2631,1,,,2632,,,TRUE
"P.O. DA DET GR3",2023,2437,0,,,2437,,,TRUE
"P.O. DA DET GR3",2024,2371,0,,,2371,,,TRUE
"P.O. DA DET GR3",2025,2238,0,,,2238,,,TRUE
"P.O. DET SPEC",2014,563,0,,,563,,,TRUE
"P.O. DET SPEC",2015,657,0,,,657,,,TRUE
"P.O. DET SPEC",2016,752,0,,,752,,,TRUE
"P.O. DET SPEC",2017,849,0,,,849,,,TRUE
"P.O. DET SPEC",2018,865,0,,,865,,,TRUE
"P.O. DET SPEC",2019,901,0,,,901,,,TRUE
"P.O. DET SPEC",2020,814,0,,,814,,,TRUE
"P.O. DET SPEC",2021,766,0,,,766,,,TRUE
"P.O. DET SPEC",2022,828,0,,,828,,,TRUE
"P.O. DET SPEC",2023,895,0,,,895,,,TRUE
"P.O. DET SPEC",2024,943,0,,,943,,,TRUE
"P.O. DET SPEC",2025,920,0,,,920,,,TRUE
"PARALEGAL AIDE",2014,137,35,41886,36423,172,0.869574559518694,5463,FALSE
"PARALEGAL AIDE",2015,138,39,43814,38089,177,0.869334002830146,5725,FALSE
"PARALEGAL AIDE",2016,141,21,,,162,,,TRUE
"PARALEGAL AIDE",2017,147,40,46301,40212,187,0.86849096131833,6089,FALSE
"PARALEGAL AIDE",2018,141,43,46301,40212,184,0.86849096131833,6089,FALSE
"PARALEGAL AIDE",2019,161,46,48312,41940,207,0.868107302533532,6372,FALSE
"PARALEGAL AIDE",2020,158,57,49762,43198,215,0.868092118483984,6564,FALSE
"PARALEGAL AIDE",2021,160,27,,,187,,,TRUE
"PARALEGAL AIDE",2022,150,11,,,161,,,TRUE
"PARALEGAL AIDE",2023,129,49,54450,52702,178,0.967897153351699,1748,FALSE
"PARALEGAL AIDE",2024,127,65,56060,48619,192,0.867267213699608,7441,FALSE
"PARALEGAL AIDE",2025,120,49,57908,54237,169,0.936606341092768,3671,FALSE
"PARK BOROUGH COMMISSIONER",2014,5,0,,,5,,,TRUE
"PARK BOROUGH COMMISSIONER",2015,5,0,,,5,,,TRUE
"PARK BOROUGH COMMISSIONER",2016,5,0,,,5,,,TRUE
"PARK BOROUGH COMMISSIONER",2017,5,0,,,5,,,TRUE
"PARK BOROUGH COMMISSIONER",2018,5,0,,,5,,,TRUE
"PARK SERVICES WORKER",2014,1,0,,,1,,,TRUE
"PARK SERVICES WORKER",2015,1,0,,,1,,,TRUE
"PARK SERVICES WORKER",2016,1,0,,,1,,,TRUE
"PARK SUPERVISOR",2014,292,13,,,305,,,TRUE
"PARK SUPERVISOR",2015,311,4,,,315,,,TRUE
"PARK SUPERVISOR",2016,329,5,,,334,,,TRUE
"PARK SUPERVISOR",2017,367,0,,,367,,,TRUE
"PARK SUPERVISOR",2018,347,2,,,349,,,TRUE
"PARK SUPERVISOR",2019,351,2,,,353,,,TRUE
"PARK SUPERVISOR",2020,266,0,,,266,,,TRUE
"PARK SUPERVISOR",2021,309,4,,,313,,,TRUE
"PARK SUPERVISOR",2022,301,1,,,302,,,TRUE
"PARK SUPERVISOR",2023,320,6,,,326,,,TRUE
"PARK SUPERVISOR",2024,344,3,,,347,,,TRUE
"PARK SUPERVISOR",2025,348,5,,,353,,,TRUE
"PARKING CONTROL SPECIALIST",2014,3,0,,,3,,,TRUE
"PARKING CONTROL SPECIALIST",2015,2,0,,,2,,,TRUE
"PARKING CONTROL SPECIALIST",2016,1,0,,,1,,,TRUE
"PARKING CONTROL SPECIALIST",2017,14,0,,,14,,,TRUE
"PARKING CONTROL SPECIALIST",2018,13,0,,,13,,,TRUE
"PARKING CONTROL SPECIALIST",2019,13,0,,,13,,,TRUE
"PARKING CONTROL SPECIALIST",2020,13,0,,,13,,,TRUE
"PARKING CONTROL SPECIALIST",2021,11,0,,,11,,,TRUE
"PARKING CONTROL SPECIALIST",2022,10,0,,,10,,,TRUE
"PARKING CONTROL SPECIALIST",2023,9,0,,,9,,,TRUE
"PARKING CONTROL SPECIALIST",2024,8,0,,,8,,,TRUE
"PARKING CONTROL SPECIALIST",2025,8,0,,,8,,,TRUE
"PEER COUNSELOR",2021,1,0,,,1,,,TRUE
"PEER COUNSELOR",2022,1,0,,,1,,,TRUE
"PEER COUNSELOR",2023,1,0,,,1,,,TRUE
"PEER COUNSELOR",2024,1,0,,,1,,,TRUE
"PEER COUNSELOR",2025,1,0,,,1,,,TRUE
"PENSION INVESTMENT ADVISOR",2015,0,1,,,1,,,TRUE
"PENSION INVESTMENT ADVISOR",2016,0,1,,,1,,,TRUE
"PENSION INVESTMENT ADVISOR",2023,0,2,,,2,,,TRUE
"PENSION INVESTMENT ADVISOR",2024,0,3,,,3,,,TRUE
"PENSION INVESTMENT ADVISOR",2025,0,1,,,1,,,TRUE
"PERSONNEL DIRECTOR HEALTH CARE FACILITIES",2014,1,0,,,1,,,TRUE
"PERSONNEL PROGRAM DEVELOPEMENT SPECIALIST",2016,1,0,,,1,,,TRUE
"PERSONNEL PROGRAM DEVELOPEMENT SPECIALIST",2017,1,0,,,1,,,TRUE
"PHARMACY TECHNICIAN",2014,0,2,,,2,,,TRUE
"PHOTOGRAPHER",2014,9,14,,,23,,,TRUE
"PHOTOGRAPHER",2015,10,6,,,16,,,TRUE
"PHOTOGRAPHER",2016,10,2,,,12,,,TRUE
"PHOTOGRAPHER",2017,9,3,,,12,,,TRUE
"PHOTOGRAPHER",2018,9,3,,,12,,,TRUE
"PHOTOGRAPHER",2019,8,2,,,10,,,TRUE
"PHOTOGRAPHER",2020,7,1,,,8,,,TRUE
"PHOTOGRAPHER",2021,6,1,,,7,,,TRUE
"PHOTOGRAPHER",2022,6,3,,,9,,,TRUE
"PHOTOGRAPHER",2023,11,8,,,19,,,TRUE
"PHOTOGRAPHER",2024,14,8,,,22,,,TRUE
"PHOTOGRAPHER",2025,14,4,,,18,,,TRUE
"PHYSICAL THERAPIST",2014,3,35,,,38,,,TRUE
"PHYSICAL THERAPIST",2015,295,96,66348,64852,391,0.97745222161934,1496,FALSE
"PHYSICAL THERAPIST",2016,337,80,68664,67888,417,0.988698590236514,776,FALSE
"PHYSICAL THERAPIST",2017,370,73,71788,70170,443,0.977461414163927,1618,FALSE
"PHYSICAL THERAPIST",2018,387,52,75392,73692,439,0.977451188455008,1700,FALSE
"PHYSICAL THERAPIST",2019,410,52,76900,75166,462,0.977451235370611,1734,FALSE
"PHYSICAL THERAPIST",2020,424,53,78822,77045,477,0.977455532719292,1777,FALSE
"PHYSICAL THERAPIST",2021,449,21,,,470,,,TRUE
"PHYSICAL THERAPIST",2022,465,27,,,492,,,TRUE
"PHYSICAL THERAPIST",2023,479,61,81186,75381,540,0.92849752420368,5805,FALSE
"PHYSICAL THERAPIST",2024,504,62,86131,79971,566,0.928481034702953,6160,FALSE
"PHYSICAL THERAPIST",2025,527,53,88715,82370,580,0.928478836724342,6345,FALSE
"PHYSICIAN S ASSISTANT",2017,0,1,,,1,,,TRUE
"PHYSICIAN S ASSISTANT",2018,1,0,,,1,,,TRUE
"PHYSICIAN S ASSISTANT",2019,1,0,,,1,,,TRUE
"PHYSICIAN S ASSISTANT",2020,1,0,,,1,,,TRUE
"PHYSICIAN S ASSISTANT",2021,1,0,,,1,,,TRUE
"PHYSICIAN S ASSISTANT",2022,1,0,,,1,,,TRUE
"PHYSICIAN S ASSISTANT",2023,1,0,,,1,,,TRUE
"PHYSICIAN S ASSISTANT",2024,1,0,,,1,,,TRUE
"PHYSICIAN S ASSISTANT",2025,2,0,,,2,,,TRUE
"PHYSICIST",2014,3,0,,,3,,,TRUE
"PHYSICIST",2015,3,0,,,3,,,TRUE
"PHYSICIST",2016,2,0,,,2,,,TRUE
"PHYSICIST",2017,2,0,,,2,,,TRUE
"PHYSICIST",2018,1,0,,,1,,,TRUE
"PHYSICIST",2019,1,0,,,1,,,TRUE
"PHYSICIST",2020,1,0,,,1,,,TRUE
"PILOT",2014,13,0,,,13,,,TRUE
"PILOT",2015,14,0,,,14,,,TRUE
"PILOT",2016,13,0,,,13,,,TRUE
"PILOT",2017,13,0,,,13,,,TRUE
"PILOT",2018,12,0,,,12,,,TRUE
"PILOT",2019,11,0,,,11,,,TRUE
"PILOT",2020,10,0,,,10,,,TRUE
"PILOT",2021,11,0,,,11,,,TRUE
"PILOT",2022,12,0,,,12,,,TRUE
"PILOT",2023,12,0,,,12,,,TRUE
"PILOT",2024,11,0,,,11,,,TRUE
"PILOT",2025,11,0,,,11,,,TRUE
"PLAN EXAMINER",2014,5,5,,,10,,,TRUE
"PLAN EXAMINER",2015,5,15,,,20,,,TRUE
"PLAN EXAMINER",2016,6,22,,,28,,,TRUE
"PLAN EXAMINER",2017,6,14,,,20,,,TRUE
"PLAN EXAMINER",2018,7,5,,,12,,,TRUE
"PLAN EXAMINER",2019,6,5,,,11,,,TRUE
"PLAN EXAMINER",2020,6,5,,,11,,,TRUE
"PLAN EXAMINER",2021,5,2,,,7,,,TRUE
"PLAN EXAMINER",2022,5,6,,,11,,,TRUE
"PLAN EXAMINER",2023,4,8,,,12,,,TRUE
"PLAN EXAMINER",2024,5,3,,,8,,,TRUE
"PLAN EXAMINER",2025,6,0,,,6,,,TRUE
"PLANNER PRODUCTION CNTRL & SCHEDULING",2014,3,0,,,3,,,TRUE
"PLANNER PRODUCTION CNTRL & SCHEDULING",2015,3,0,,,3,,,TRUE
"PLANNER PRODUCTION CNTRL & SCHEDULING",2016,3,0,,,3,,,TRUE
"PLANNER PRODUCTION CNTRL & SCHEDULING",2017,3,0,,,3,,,TRUE
"PLANNER PRODUCTION CNTRL & SCHEDULING",2018,2,0,,,2,,,TRUE
"PLANNER PRODUCTION CNTRL & SCHEDULING",2019,2,0,,,2,,,TRUE
"PLANNER PRODUCTION CNTRL & SCHEDULING",2020,2,0,,,2,,,TRUE
"PLANNER PRODUCTION CNTRL & SCHEDULING",2021,2,0,,,2,,,TRUE
"PLANNER PRODUCTION CNTRL & SCHEDULING",2022,2,0,,,2,,,TRUE
"PLANNER PRODUCTION CNTRL & SCHEDULING",2023,2,0,,,2,,,TRUE
"PLANNER PRODUCTION CNTRL & SCHEDULING",2024,2,0,,,2,,,TRUE
"PLANNER PRODUCTION CNTRL & SCHEDULING",2025,1,0,,,1,,,TRUE
"PLAYGROUND ASSOCIATE",2014,28,0,,,28,,,TRUE
"PLAYGROUND ASSOCIATE",2015,31,4,,,35,,,TRUE
"PLAYGROUND ASSOCIATE",2016,28,10,,,38,,,TRUE
"PLAYGROUND ASSOCIATE",2017,23,1,,,24,,,TRUE
"PLAYGROUND ASSOCIATE",2018,23,0,,,23,,,TRUE
"PLAYGROUND ASSOCIATE",2019,22,0,,,22,,,TRUE
"PLAYGROUND ASSOCIATE",2020,18,0,,,18,,,TRUE
"PLAYGROUND ASSOCIATE",2021,17,0,,,17,,,TRUE
"PLAYGROUND ASSOCIATE",2022,7,0,,,7,,,TRUE
"PLAYGROUND ASSOCIATE",2023,4,0,,,4,,,TRUE
"PLAYGROUND ASSOCIATE",2024,4,0,,,4,,,TRUE
"PLAYGROUND ASSOCIATE",2025,4,0,,,4,,,TRUE
"POISON INFORMATION SPECIALIST",2014,9,0,,,9,,,TRUE
"POISON INFORMATION SPECIALIST",2015,8,0,,,8,,,TRUE
"POISON INFORMATION SPECIALIST",2016,5,4,,,9,,,TRUE
"POISON INFORMATION SPECIALIST",2017,5,9,,,14,,,TRUE
"POISON INFORMATION SPECIALIST",2018,5,6,,,11,,,TRUE
"POISON INFORMATION SPECIALIST",2019,5,0,,,5,,,TRUE
"POISON INFORMATION SPECIALIST",2020,4,2,,,6,,,TRUE
"POISON INFORMATION SPECIALIST",2021,4,3,,,7,,,TRUE
"POISON INFORMATION SPECIALIST",2022,2,2,,,4,,,TRUE
"POISON INFORMATION SPECIALIST",2023,2,2,,,4,,,TRUE
"POISON INFORMATION SPECIALIST",2024,2,0,,,2,,,TRUE
"POISON INFORMATION SPECIALISTS",2025,2,1,,,3,,,TRUE
"POLICE ADMINISTRATIVE AIDE",2014,706,188,35323,30683,894,0.868640828921666,4640,FALSE
"POLICE ADMINISTRATIVE AIDE",2015,631,227,36939,32086,858,0.868621240423401,4853,FALSE
"POLICE ADMINISTRATIVE AIDE",2016,634,246,37879,32888,880,0.868238337865308,4991,FALSE
"POLICE ADMINISTRATIVE AIDE",2017,716,310,39039,33875,1026,0.867722021568175,5164,FALSE
"POLICE ADMINISTRATIVE AIDE",2018,651,163,39267,33875,814,0.862683678406805,5392,FALSE
"POLICE ADMINISTRATIVE AIDE",2019,595,66,42621,35330,661,0.828934093521973,7291,FALSE
"POLICE ADMINISTRATIVE AIDE",2020,599,250,44488,36390,849,0.81797338608164,8098,FALSE
"POLICE ADMINISTRATIVE AIDE",2021,564,191,44713,36390,755,0.813857267461365,8323,FALSE
"POLICE ADMINISTRATIVE AIDE",2022,464,177,44478.5,36390,641,0.818148094022955,8088.5,FALSE
"POLICE ADMINISTRATIVE AIDE",2023,388,358,48745,39763,746,0.815734947174069,8982,FALSE
"POLICE ADMINISTRATIVE AIDE",2024,335,165,50382,40956,500,0.812909372394903,9426,FALSE
"POLICE ADMINISTRATIVE AIDE",2025,331,42,51807,42288,373,0.81626035091783,9519,FALSE
"POLICE ATTENDANT",2014,20,0,,,20,,,TRUE
"POLICE ATTENDANT",2015,16,6,,,22,,,TRUE
"POLICE ATTENDANT",2016,17,22,,,39,,,TRUE
"POLICE ATTENDANT",2017,13,13,,,26,,,TRUE
"POLICE ATTENDANT",2018,13,14,,,27,,,TRUE
"POLICE ATTENDANT",2019,11,6,,,17,,,TRUE
"POLICE ATTENDANT",2020,8,2,,,10,,,TRUE
"POLICE ATTENDANT",2021,7,3,,,10,,,TRUE
"POLICE ATTENDANT",2022,5,3,,,8,,,TRUE
"POLICE ATTENDANT",2023,4,9,,,13,,,TRUE
"POLICE ATTENDANT",2024,3,15,,,18,,,TRUE
"POLICE ATTENDANT",2025,3,8,,,11,,,TRUE
"POLICE COMMUNICATIONS TECHNICIAN",2014,533,287,44899,33162,820,0.73859105993452,11737,FALSE
"POLICE COMMUNICATIONS TECHNICIAN",2015,504,323,46953,35830,827,0.763103529060976,11123,FALSE
"POLICE COMMUNICATIONS TECHNICIAN",2016,463,177,48127,36726,640,0.763105948843684,11401,FALSE
"POLICE COMMUNICATIONS TECHNICIAN",2017,440,346,49571,36611,786,0.738556817494099,12960,FALSE
"POLICE COMMUNICATIONS TECHNICIAN",2018,436,334,49571,36611,770,0.738556817494099,12960,FALSE
"POLICE COMMUNICATIONS TECHNICIAN",2019,402,420,51700,38183,822,0.738549323017408,13517,FALSE
"POLICE COMMUNICATIONS TECHNICIAN",2020,355,471,53251,39329,826,0.738558900302342,13922,FALSE
"POLICE COMMUNICATIONS TECHNICIAN",2021,360,431,53251,39329,791,0.738558900302342,13922,FALSE
"POLICE COMMUNICATIONS TECHNICIAN",2022,322,425,53251,39329,747,0.738558900302342,13922,FALSE
"POLICE COMMUNICATIONS TECHNICIAN",2023,305,345,58189,42976,650,0.73855883414391,15213,FALSE
"POLICE COMMUNICATIONS TECHNICIAN",2024,324,339,59935,44265,663,0.738550095937265,15670,FALSE
"POLICE COMMUNICATIONS TECHNICIAN",2025,321,259,61883,45704,580,0.738555015109158,16179,FALSE
"POLICE OFFICER",2014,6623,3672,76488,41975,10295,0.54877889342119,34513,FALSE
"POLICE OFFICER",2015,7410,3407,76488,41975,10817,0.54877889342119,34513,FALSE
"POLICE OFFICER",2016,8202,4705,78026,42819,12907,0.548778612257453,35207,FALSE
"POLICE OFFICER",2017,8473,5027,85292,46805,13500,0.548761900295456,38487,FALSE
"POLICE OFFICER",2018,8700,3929,85292,42500,12629,0.498288233363035,42792,FALSE
"POLICE OFFICER",2019,8449,3536,85292,42500,11985,0.498288233363035,42792,FALSE
"POLICE OFFICER",2020,7726,3103,85292,42500,10829,0.498288233363035,42792,FALSE
"POLICE OFFICER",2021,7044,3584,85292,42500,10628,0.498288233363035,42792,FALSE
"POLICE OFFICER",2022,6902,4425,85292,42500,11327,0.498288233363035,42792,FALSE
"POLICE OFFICER",2023,6591,4178,101590,50620,10769,0.498277389506841,50970,FALSE
"POLICE OFFICER",2024,6102,4262,105146,53790,10364,0.511574382287486,51356,FALSE
"POLICE OFFICER",2025,5609,5159,109352,55942,10768,0.511577291681908,53410,FALSE
"POLICE OFFICER D/A DETECTIVE 1ST GR",2014,346,0,,,346,,,TRUE
"POLICE OFFICER D/A DETECTIVE 1ST GR",2015,366,0,,,366,,,TRUE
"POLICE OFFICER D/A DETECTIVE 1ST GR",2016,375,0,,,375,,,TRUE
"POLICE OFFICER D/A DETECTIVE 1ST GR",2017,365,0,,,365,,,TRUE
"POLICE OFFICER D/A DETECTIVE 1ST GR",2018,366,0,,,366,,,TRUE
"POLICE OFFICER D/A DETECTIVE 1ST GR",2019,345,0,,,345,,,TRUE
"POLICE OFFICER D/A DETECTIVE 1ST GR",2020,320,0,,,320,,,TRUE
"POLICE OFFICER D/A DETECTIVE 1ST GR",2021,252,0,,,252,,,TRUE
"POLICE OFFICER D/A DETECTIVE 1ST GR",2022,301,0,,,301,,,TRUE
"POLICE OFFICER D/A DETECTIVE 1ST GR",2023,319,0,,,319,,,TRUE
"POLICE OFFICER D/A DETECTIVE 1ST GR",2024,322,0,,,322,,,TRUE
"POLICE OFFICER D/A DETECTIVE 1ST GR",2025,287,0,,,287,,,TRUE
"POLICE OFFICER D/A DETECTIVE 2ND GR",2014,988,0,,,988,,,TRUE
"POLICE OFFICER D/A DETECTIVE 2ND GR",2015,948,0,,,948,,,TRUE
"POLICE OFFICER D/A DETECTIVE 2ND GR",2016,956,0,,,956,,,TRUE
"POLICE OFFICER D/A DETECTIVE 2ND GR",2017,964,0,,,964,,,TRUE
"POLICE OFFICER D/A DETECTIVE 2ND GR",2018,897,0,,,897,,,TRUE
"POLICE OFFICER D/A DETECTIVE 2ND GR",2019,804,0,,,804,,,TRUE
"POLICE OFFICER D/A DETECTIVE 2ND GR",2020,713,0,,,713,,,TRUE
"POLICE OFFICER D/A DETECTIVE 2ND GR",2021,568,0,,,568,,,TRUE
"POLICE OFFICER D/A DETECTIVE 2ND GR",2022,618,0,,,618,,,TRUE
"POLICE OFFICER D/A DETECTIVE 2ND GR",2023,664,0,,,664,,,TRUE
"POLICE OFFICER D/A DETECTIVE 2ND GR",2024,735,0,,,735,,,TRUE
"POLICE OFFICER D/A DETECTIVE 2ND GR",2025,706,0,,,706,,,TRUE
"POLICE OFFICER SPECIAL ASSIGNMENT",2014,5,0,,,5,,,TRUE
"POLICE OFFICER SPECIAL ASSIGNMENT",2015,3,0,,,3,,,TRUE
"POLICE OFFICER SPECIAL ASSIGNMENT",2016,2,0,,,2,,,TRUE
"POLICE SURGEON",2014,15,2,,,17,,,TRUE
"POLICE SURGEON",2015,13,1,,,14,,,TRUE
"POLICE SURGEON",2016,13,1,,,14,,,TRUE
"POLICE SURGEON",2017,14,3,,,17,,,TRUE
"POLICE SURGEON",2018,15,4,,,19,,,TRUE
"POLICE SURGEON",2019,14,3,,,17,,,TRUE
"POLICE SURGEON",2020,15,4,,,19,,,TRUE
"POLICE SURGEON",2021,15,4,,,19,,,TRUE
"POLICE SURGEON",2022,13,4,,,17,,,TRUE
"POLICE SURGEON",2023,12,4,,,16,,,TRUE
"POLICE SURGEON",2024,10,3,,,13,,,TRUE
"POLICE SURGEON",2025,10,3,,,13,,,TRUE
"POLICY ADVISOR TO THE CHANCELLOR DOE",2023,1,1,,,2,,,TRUE
"POLICY ADVISOR TO THE CHANCELLOR DOE",2024,1,0,,,1,,,TRUE
"POLICY ADVISOR TO THE CHANCELLOR DOE",2025,1,0,,,1,,,TRUE
"PORT MARINE ENGINEER",2015,0,1,,,1,,,TRUE
"PORT MARINE ENGINEER",2016,0,1,,,1,,,TRUE
"PORT MARINE ENGINEER",2018,0,1,,,1,,,TRUE
"PORT MARINE ENGINEER",2019,0,1,,,1,,,TRUE
"PORT MARINE ENGINEER",2022,0,1,,,1,,,TRUE
"PORT MARINE ENGINEER",2025,0,1,,,1,,,TRUE
"PRESIDENT",2014,5,0,,,5,,,TRUE
"PRESIDENT",2015,3,3,,,6,,,TRUE
"PRESIDENT",2016,3,3,,,6,,,TRUE
"PRESIDENT",2017,3,1,,,4,,,TRUE
"PRESIDENT",2018,5,0,,,5,,,TRUE
"PRESIDENT",2019,3,1,,,4,,,TRUE
"PRESIDENT",2020,1,1,,,2,,,TRUE
"PRESIDENT",2021,1,4,,,5,,,TRUE
"PRESIDENT",2022,1,4,,,5,,,TRUE
"PRESIDENT",2023,1,1,,,2,,,TRUE
"PRESIDENT",2024,1,2,,,3,,,TRUE
"PRESIDENT",2025,2,1,,,3,,,TRUE
"PRESS OFFICER",2014,0,8,,,8,,,TRUE
"PRESS OFFICER",2015,0,8,,,8,,,TRUE
"PRESS OFFICER",2016,0,5,,,5,,,TRUE
"PRESS OFFICER",2017,0,3,,,3,,,TRUE
"PRESS OFFICER",2018,0,4,,,4,,,TRUE
"PRESS OFFICER",2019,0,7,,,7,,,TRUE
"PRESS OFFICER",2020,0,8,,,8,,,TRUE
"PRESS OFFICER",2021,0,4,,,4,,,TRUE
"PRESS OFFICER",2022,0,8,,,8,,,TRUE
"PRESS OFFICER",2023,0,10,,,10,,,TRUE
"PRESS OFFICER",2024,0,5,,,5,,,TRUE
"PRESS OFFICER",2025,0,4,,,4,,,TRUE
"PRINCIPAL",2014,1546,3,,,1549,,,TRUE
"PRINCIPAL",2015,1503,2,,,1505,,,TRUE
"PRINCIPAL",2016,1597,6,,,1603,,,TRUE
"PRINCIPAL",2017,1605,3,,,1608,,,TRUE
"PRINCIPAL",2018,1634,0,,,1634,,,TRUE
"PRINCIPAL",2019,1652,0,,,1652,,,TRUE
"PRINCIPAL",2020,1646,0,,,1646,,,TRUE
"PRINCIPAL",2021,1643,1,,,1644,,,TRUE
"PRINCIPAL",2022,1679,2,,,1681,,,TRUE
"PRINCIPAL",2023,1673,1,,,1674,,,TRUE
"PRINCIPAL",2024,1675,3,,,1678,,,TRUE
"PRINCIPAL",2025,1681,2,,,1683,,,TRUE
"PRINCIPAL ACCOUNTANT INVESTIGATOR",2014,10,1,,,11,,,TRUE
"PRINCIPAL ACCOUNTANT INVESTIGATOR",2015,11,2,,,13,,,TRUE
"PRINCIPAL ACCOUNTANT INVESTIGATOR",2016,12,2,,,14,,,TRUE
"PRINCIPAL ACCOUNTANT INVESTIGATOR",2017,10,3,,,13,,,TRUE
"PRINCIPAL ACCOUNTANT INVESTIGATOR",2018,12,3,,,15,,,TRUE
"PRINCIPAL ACCOUNTANT INVESTIGATOR",2019,13,2,,,15,,,TRUE
"PRINCIPAL ACCOUNTANT INVESTIGATOR",2020,12,3,,,15,,,TRUE
"PRINCIPAL ACCOUNTANT INVESTIGATOR",2021,12,3,,,15,,,TRUE
"PRINCIPAL ACCOUNTANT INVESTIGATOR",2022,14,2,,,16,,,TRUE
"PRINCIPAL ACCOUNTANT INVESTIGATOR",2023,13,1,,,14,,,TRUE
"PRINCIPAL ACCOUNTANT INVESTIGATOR",2024,14,5,,,19,,,TRUE
"PRINCIPAL ACCOUNTANT INVESTIGATOR",2025,16,3,,,19,,,TRUE
"PRINCIPAL ADMINISTRATIVE ASSOCIATE",2014,53,1,,,54,,,TRUE
"PRINCIPAL ADMINISTRATIVE ASSOCIATE",2015,3418,159,53831,53799,3577,0.999405546989653,32,FALSE
"PRINCIPAL ADMINISTRATIVE ASSOCIATE",2016,3313,234,55191,55144,3547,0.999148411878748,47,FALSE
"PRINCIPAL ADMINISTRATIVE ASSOCIATE",2017,3082,309,56874,56798,3391,0.998663712768576,76,FALSE
"PRINCIPAL ADMINISTRATIVE ASSOCIATE LEV 1 & 2 NON SUPVR",2014,3472,101,51445,45978,3573,0.893731169209836,5467,FALSE
"PRINCIPAL ADMINISTRATIVE ASSOCIATE LEV 1 & 2 NON SUPVR",2018,3010,211,56874,55839,3221,0.981801877835215,1035,FALSE
"PRINCIPAL ADMINISTRATIVE ASSOCIATE LEV 1 & 2 NON SUPVR",2019,2887,208,56884,54671,3095,0.961096266085367,2213,FALSE
"PRINCIPAL ADMINISTRATIVE ASSOCIATE NON SUPVR",2020,2851,260,59377,59238,3111,0.997659026222275,139,FALSE
"PRINCIPAL ADMINISTRATIVE ASSOCIATE NON SUPVR",2021,2796,131,61167,61015,2927,0.997514999918257,152,FALSE
"PRINCIPAL ADMINISTRATIVE ASSOCIATE NON SUPVR",2022,2603,75,61233,61015,2678,0.996439828197214,218,FALSE
"PRINCIPAL ADMINISTRATIVE ASSOCIATE NON SUPVR",2023,2765,159,61188,61015,2924,0.997172648231679,173,FALSE
"PRINCIPAL ADMINISTRATIVE ASSOCIATE NON SUPVR",2024,2647,207,66904,66672,2854,0.996532344852326,232,FALSE
"PRINCIPAL ADMINISTRATIVE ASSOCIATE NON SUPVR",2025,2637,202,68941,68672,2839,0.996098112879129,269,FALSE
"PRINCIPAL APPRAISER",2014,1,1,,,2,,,TRUE
"PRINCIPAL APPRAISER",2015,1,1,,,2,,,TRUE
"PRINCIPAL APPRAISER",2016,1,0,,,1,,,TRUE
"PRINCIPAL APPRAISER",2017,1,0,,,1,,,TRUE
"PRINCIPAL APPRAISER",2018,1,0,,,1,,,TRUE
"PRINCIPAL APPRAISER",2019,1,0,,,1,,,TRUE
"PRINCIPAL APPRAISER",2020,1,0,,,1,,,TRUE
"PRINCIPAL APPRAISER",2021,1,0,,,1,,,TRUE
"PRINCIPAL APPRAISER",2022,1,0,,,1,,,TRUE
"PRINCIPAL APPRAISER",2024,0,1,,,1,,,TRUE
"PRINCIPAL ASSIGNED",2014,19,0,,,19,,,TRUE
"PRINCIPAL ASSIGNED",2015,14,0,,,14,,,TRUE
"PRINCIPAL ASSIGNED",2016,17,0,,,17,,,TRUE
"PRINCIPAL ASSIGNED",2017,15,0,,,15,,,TRUE
"PRINCIPAL ASSIGNED",2018,25,0,,,25,,,TRUE
"PRINCIPAL ASSIGNED",2019,27,0,,,27,,,TRUE
"PRINCIPAL ASSIGNED",2020,27,0,,,27,,,TRUE
"PRINCIPAL ASSIGNED",2021,30,0,,,30,,,TRUE
"PRINCIPAL ASSIGNED",2022,30,0,,,30,,,TRUE
"PRINCIPAL ASSIGNED",2023,31,0,,,31,,,TRUE
"PRINCIPAL ASSIGNED",2024,32,0,,,32,,,TRUE
"PRINCIPAL ASSIGNED",2025,34,0,,,34,,,TRUE
"PRINCIPAL CUSTODIAL SUPERVISOR",2014,4,1,,,5,,,TRUE
"PRINCIPAL CUSTODIAL SUPERVISOR",2015,3,0,,,3,,,TRUE
"PRINCIPAL CUSTODIAL SUPERVISOR",2016,3,1,,,4,,,TRUE
"PRINCIPAL CUSTODIAL SUPERVISOR",2017,3,1,,,4,,,TRUE
"PRINCIPAL CUSTODIAL SUPERVISOR",2018,3,1,,,4,,,TRUE
"PRINCIPAL CUSTODIAL SUPERVISOR",2019,3,1,,,4,,,TRUE
"PRINCIPAL CUSTODIAL SUPERVISOR",2020,3,1,,,4,,,TRUE
"PRINCIPAL CUSTODIAL SUPERVISOR",2021,3,0,,,3,,,TRUE
"PRINCIPAL CUSTODIAL SUPERVISOR",2022,3,0,,,3,,,TRUE
"PRINCIPAL CUSTODIAL SUPERVISOR",2023,2,0,,,2,,,TRUE
"PRINCIPAL CUSTODIAL SUPERVISOR",2024,2,0,,,2,,,TRUE
"PRINCIPAL CUSTODIAL SUPERVISOR",2025,2,0,,,2,,,TRUE
"PRINCIPAL FINGERPRINT TECHNICIAN",2014,5,0,,,5,,,TRUE
"PRINCIPAL FINGERPRINT TECHNICIAN",2015,6,0,,,6,,,TRUE
"PRINCIPAL FINGERPRINT TECHNICIAN",2016,6,0,,,6,,,TRUE
"PRINCIPAL FINGERPRINT TECHNICIAN",2017,3,0,,,3,,,TRUE
"PRINCIPAL FINGERPRINT TECHNICIAN",2018,4,0,,,4,,,TRUE
"PRINCIPAL FINGERPRINT TECHNICIAN",2019,4,0,,,4,,,TRUE
"PRINCIPAL FINGERPRINT TECHNICIAN",2020,4,0,,,4,,,TRUE
"PRINCIPAL FINGERPRINT TECHNICIAN",2021,4,0,,,4,,,TRUE
"PRINCIPAL FINGERPRINT TECHNICIAN",2022,5,0,,,5,,,TRUE
"PRINCIPAL FINGERPRINT TECHNICIAN",2023,7,0,,,7,,,TRUE
"PRINCIPAL FINGERPRINT TECHNICIAN",2024,7,0,,,7,,,TRUE
"PRINCIPAL FINGERPRINT TECHNICIAN",2025,7,0,,,7,,,TRUE
"PRINCIPAL INVESTIGATOR",2017,0,1,,,1,,,TRUE
"PRINCIPAL INVESTIGATOR",2018,0,1,,,1,,,TRUE
"PRINCIPAL INVESTMENT OFFICER",2017,1,0,,,1,,,TRUE
"PRINCIPAL INVESTMENT OFFICER",2018,1,0,,,1,,,TRUE
"PRINCIPAL INVESTMENT OFFICER",2019,0,1,,,1,,,TRUE
"PRINCIPAL INVESTMENT OFFICER",2020,0,1,,,1,,,TRUE
"PRINCIPAL INVESTMENT OFFICER",2023,0,1,,,1,,,TRUE
"PRINCIPAL INVESTMENT OFFICER",2024,0,1,,,1,,,TRUE
"PRINCIPAL LEGISLATIVE FINANCIAL ANALYST",2014,2,0,,,2,,,TRUE
"PRINCIPAL LEGISLATIVE FINANCIAL ANALYST",2015,2,0,,,2,,,TRUE
"PRINCIPAL LEGISLATIVE FINANCIAL ANALYST",2016,2,0,,,2,,,TRUE
"PRINCIPAL LEGISLATIVE FINANCIAL ANALYST",2017,4,0,,,4,,,TRUE
"PRINCIPAL LEGISLATIVE FINANCIAL ANALYST",2018,4,0,,,4,,,TRUE
"PRINCIPAL LEGISLATIVE FINANCIAL ANALYST",2019,5,0,,,5,,,TRUE
"PRINCIPAL LEGISLATIVE FINANCIAL ANALYST",2020,5,0,,,5,,,TRUE
"PRINCIPAL LEGISLATIVE FINANCIAL ANALYST",2021,5,0,,,5,,,TRUE
"PRINCIPAL LEGISLATIVE FINANCIAL ANALYST",2022,4,0,,,4,,,TRUE
"PRINCIPAL LEGISLATIVE FINANCIAL ANALYST",2023,2,3,,,5,,,TRUE
"PRINCIPAL LEGISLATIVE FINANCIAL ANALYST",2024,3,1,,,4,,,TRUE
"PRINCIPAL LEGISLATIVE FINANCIAL ANALYST",2025,3,1,,,4,,,TRUE
"PRINCIPAL MULTIPLE DWELLING SPECIALIST",2014,2,0,,,2,,,TRUE
"PRINCIPAL MULTIPLE DWELLING SPECIALIST",2015,2,0,,,2,,,TRUE
"PRINCIPAL MULTIPLE DWELLING SPECIALIST",2016,1,0,,,1,,,TRUE
"PRINCIPAL MULTIPLE DWELLING SPECIALIST",2017,2,0,,,2,,,TRUE
"PRINCIPAL MULTIPLE DWELLING SPECIALIST",2018,2,0,,,2,,,TRUE
"PRINCIPAL MULTIPLE DWELLING SPECIALIST",2019,2,0,,,2,,,TRUE
"PRINCIPAL MULTIPLE DWELLING SPECIALIST",2020,2,0,,,2,,,TRUE
"PRINCIPAL MULTIPLE DWELLING SPECIALIST",2021,2,0,,,2,,,TRUE
"PRINCIPAL MULTIPLE DWELLING SPECIALIST",2022,1,0,,,1,,,TRUE
"PRINCIPAL MULTIPLE DWELLING SPECIALIST",2023,1,0,,,1,,,TRUE
"PRINCIPAL NUTRITION CONSULTANT",2014,2,0,,,2,,,TRUE
"PRINCIPAL NUTRITION CONSULTANT",2015,2,0,,,2,,,TRUE
"PRINCIPAL NUTRITION CONSULTANT",2016,1,0,,,1,,,TRUE
"PRINCIPAL NUTRITION CONSULTANT",2017,1,0,,,1,,,TRUE
"PRINCIPAL NUTRITION CONSULTANT",2018,1,0,,,1,,,TRUE
"PRINCIPAL NUTRITION CONSULTANT",2019,0,1,,,1,,,TRUE
"PRINCIPAL NUTRITION CONSULTANT",2023,1,0,,,1,,,TRUE
"PRINCIPAL NUTRITION CONSULTANT",2024,1,0,,,1,,,TRUE
"PRINCIPAL NUTRITION CONSULTANT",2025,1,0,,,1,,,TRUE
"PRINCIPAL PARK SUPERVISOR",2014,2,0,,,2,,,TRUE
"PRINCIPAL PARK SUPERVISOR",2015,2,0,,,2,,,TRUE
"PRINCIPAL PARK SUPERVISOR",2016,2,0,,,2,,,TRUE
"PRINCIPAL PARK SUPERVISOR",2017,1,0,,,1,,,TRUE
"PRINCIPAL PARK SUPERVISOR",2018,1,0,,,1,,,TRUE
"PRINCIPAL PARK SUPERVISOR",2019,1,0,,,1,,,TRUE
"PRINCIPAL PARK SUPERVISOR",2020,1,0,,,1,,,TRUE
"PRINCIPAL PARK SUPERVISOR",2021,1,0,,,1,,,TRUE
"PRINCIPAL PLANNING CONSULTANT",2019,0,1,,,1,,,TRUE
"PRINCIPAL PLANNING CONSULTANT",2020,1,0,,,1,,,TRUE
"PRINCIPAL PLANNING CONSULTANT",2021,1,0,,,1,,,TRUE
"PRINCIPAL PLANNING CONSULTANT",2022,1,1,,,2,,,TRUE
"PRINCIPAL PLANNING CONSULTANT",2023,1,3,,,4,,,TRUE
"PRINCIPAL PLANNING CONSULTANT",2024,1,3,,,4,,,TRUE
"PRINCIPAL PLANNING CONSULTANT",2025,1,0,,,1,,,TRUE
"PRINCIPAL POLICE COMMUNICATION TECHNICIAN",2014,57,0,,,57,,,TRUE
"PRINCIPAL POLICE COMMUNICATION TECHNICIAN",2015,55,0,,,55,,,TRUE
"PRINCIPAL POLICE COMMUNICATION TECHNICIAN",2016,62,1,,,63,,,TRUE
"PRINCIPAL POLICE COMMUNICATION TECHNICIAN",2017,58,0,,,58,,,TRUE
"PRINCIPAL POLICE COMMUNICATION TECHNICIAN",2018,58,0,,,58,,,TRUE
"PRINCIPAL POLICE COMMUNICATION TECHNICIAN",2019,60,0,,,60,,,TRUE
"PRINCIPAL POLICE COMMUNICATION TECHNICIAN",2020,67,0,,,67,,,TRUE
"PRINCIPAL POLICE COMMUNICATION TECHNICIAN",2021,62,0,,,62,,,TRUE
"PRINCIPAL POLICE COMMUNICATION TECHNICIAN",2022,61,0,,,61,,,TRUE
"PRINCIPAL POLICE COMMUNICATION TECHNICIAN",2023,52,0,,,52,,,TRUE
"PRINCIPAL POLICE COMMUNICATION TECHNICIAN",2024,52,0,,,52,,,TRUE
"PRINCIPAL POLICE COMMUNICATION TECHNICIAN",2025,52,0,,,52,,,TRUE
"PRINCIPAL SCHOOL NEIGHBORHOOD WORKER",2014,1,0,,,1,,,TRUE
"PRINCIPAL SCHOOL NEIGHBORHOOD WORKER",2015,1,0,,,1,,,TRUE
"PRINCIPAL SCHOOL NEIGHBORHOOD WORKER",2016,1,0,,,1,,,TRUE
"PRINCIPAL SCHOOL NEIGHBORHOOD WORKER",2017,1,0,,,1,,,TRUE
"PRINCIPAL SCHOOL NEIGHBORHOOD WORKER",2018,1,0,,,1,,,TRUE
"PRINCIPAL SCHOOL NEIGHBORHOOD WORKER",2019,1,0,,,1,,,TRUE
"PRINCIPAL SCHOOL NEIGHBORHOOD WORKER",2020,1,0,,,1,,,TRUE
"PRINCIPAL SCHOOL NEIGHBORHOOD WORKER",2021,1,0,,,1,,,TRUE
"PRINCIPAL SCHOOL NEIGHBORHOOD WORKER",2022,1,0,,,1,,,TRUE
"PRINCIPAL SCHOOL NEIGHBORHOOD WORKER",2023,1,0,,,1,,,TRUE
"PRINCIPAL TITLE EXAMINER",2014,3,2,,,5,,,TRUE
"PRINCIPAL TITLE EXAMINER",2015,3,2,,,5,,,TRUE
"PRINCIPAL TITLE EXAMINER",2016,3,2,,,5,,,TRUE
"PRINCIPAL TITLE EXAMINER",2017,3,2,,,5,,,TRUE
"PRINCIPAL TITLE EXAMINER",2018,3,0,,,3,,,TRUE
"PRINCIPAL TITLE EXAMINER",2019,3,0,,,3,,,TRUE
"PRINCIPAL TITLE EXAMINER",2020,3,0,,,3,,,TRUE
"PRINCIPAL TITLE EXAMINER",2021,3,0,,,3,,,TRUE
"PRINCIPAL TITLE EXAMINER",2022,3,0,,,3,,,TRUE
"PRINCIPAL TITLE EXAMINER",2023,1,0,,,1,,,TRUE
"PRINCIPAL TITLE EXAMINER",2024,3,0,,,3,,,TRUE
"PRINCIPAL TITLE EXAMINER",2025,3,0,,,3,,,TRUE
"PRINICIPAL HUMAN RIGHTS SPECIALIST",2014,3,1,,,4,,,TRUE
"PRINICIPAL HUMAN RIGHTS SPECIALIST",2015,3,1,,,4,,,TRUE
"PRINICIPAL HUMAN RIGHTS SPECIALIST",2016,3,2,,,5,,,TRUE
"PRINICIPAL HUMAN RIGHTS SPECIALIST",2017,2,1,,,3,,,TRUE
"PRINICIPAL HUMAN RIGHTS SPECIALIST",2018,2,2,,,4,,,TRUE
"PRINICIPAL HUMAN RIGHTS SPECIALIST",2019,2,1,,,3,,,TRUE
"PRINICIPAL HUMAN RIGHTS SPECIALIST",2020,2,0,,,2,,,TRUE
"PRINICIPAL HUMAN RIGHTS SPECIALIST",2021,2,0,,,2,,,TRUE
"PRINICIPAL HUMAN RIGHTS SPECIALIST",2022,2,0,,,2,,,TRUE
"PRINICIPAL HUMAN RIGHTS SPECIALIST",2023,1,1,,,2,,,TRUE
"PRINICIPAL HUMAN RIGHTS SPECIALIST",2024,2,1,,,3,,,TRUE
"PRINICIPAL HUMAN RIGHTS SPECIALIST",2025,2,0,,,2,,,TRUE
"PRIVATE SECRETARY",2014,1,0,,,1,,,TRUE
"PRIVATE SECRETARY",2015,1,0,,,1,,,TRUE
"PRIVATE SECRETARY",2016,1,0,,,1,,,TRUE
"PRIVATE SECRETARY",2017,2,0,,,2,,,TRUE
"PRIVATE SECRETARY",2018,2,0,,,2,,,TRUE
"PRIVATE SECRETARY",2019,2,0,,,2,,,TRUE
"PRIVATE SECRETARY",2020,3,0,,,3,,,TRUE
"PRIVATE SECRETARY",2021,3,0,,,3,,,TRUE
"PRIVATE SECRETARY",2022,3,0,,,3,,,TRUE
"PRIVATE SECRETARY",2023,3,0,,,3,,,TRUE
"PRIVATE SECRETARY",2024,3,0,,,3,,,TRUE
"PRIVATE SECRETARY",2025,3,0,,,3,,,TRUE
"PROBATION ASSISTANT",2014,0,3,,,3,,,TRUE
"PROBATION ASSISTANT",2015,0,2,,,2,,,TRUE
"PROBATION ASSISTANT",2016,0,2,,,2,,,TRUE
"PROBATION ASSISTANT",2017,0,1,,,1,,,TRUE
"PROBATION ASSISTANT",2018,0,2,,,2,,,TRUE
"PROBATION ASSISTANT",2019,0,4,,,4,,,TRUE
"PROBATION ASSISTANT",2020,0,7,,,7,,,TRUE
"PROBATION ASSISTANT",2021,0,5,,,5,,,TRUE
"PROBATION ASSISTANT",2022,0,7,,,7,,,TRUE
"PROBATION ASSISTANT",2023,0,11,,,11,,,TRUE
"PROBATION ASSISTANT",2024,0,7,,,7,,,TRUE
"PROBATION ASSISTANT",2025,1,3,,,4,,,TRUE
"PROBATION OFFICER",2014,363,34,56952,38730,397,0.680046354825116,18222,FALSE
"PROBATION OFFICER",2015,350,45,61420,41515,395,0.675919895799414,19905,FALSE
"PROBATION OFFICER",2016,354,39,62963,42760,393,0.679129012277052,20203,FALSE
"PROBATION OFFICER",2017,342,103,62963,42759,445,0.679113129933453,20204,FALSE
"PROBATION OFFICER",2018,321,181,62963,42759,502,0.679113129933453,20204,FALSE
"PROBATION OFFICER",2019,285,220,68100,45934,505,0.674508076358297,22166,FALSE
"PROBATION OFFICER",2020,276,177,67411.5,45934,453,0.681397091000794,21477.5,FALSE
"PROBATION OFFICER",2021,253,63,67356,45934,316,0.6819585486074,21422,FALSE
"PROBATION OFFICER",2022,191,91,67102,45934,282,0.684539954099729,21168,FALSE
"PROBATION OFFICER",2023,167,150,67102,45934,317,0.684539954099729,21168,FALSE
"PROBATION OFFICER",2024,141,83,67102,45934,224,0.684539954099729,21168,FALSE
"PROBATION OFFICER",2025,120,88,88369,61386,208,0.694655365569374,26983,FALSE
"PROBATION OFFICER TRAINEE",2014,0,9,,,9,,,TRUE
"PROBATION OFFICER TRAINEE",2015,0,8,,,8,,,TRUE
"PROBATION OFFICER TRAINEE",2016,0,5,,,5,,,TRUE
"PROBATION OFFICER TRAINEE",2018,0,2,,,2,,,TRUE
"PROBATION OFFICER TRAINEE",2019,0,33,,,33,,,TRUE
"PROBATION OFFICER TRAINEE",2020,0,25,,,25,,,TRUE
"PROBATION OFFICER TRAINEE",2022,0,9,,,9,,,TRUE
"PROBATION OFFICER TRAINEE",2023,0,51,,,51,,,TRUE
"PROBATION OFFICER TRAINEE",2024,0,27,,,27,,,TRUE
"PROCUREMENT ANALYST",2014,286,65,58188,52000,351,0.893655049151028,6188,FALSE
"PROCUREMENT ANALYST",2015,281,62,59952,50923,343,0.849396183613558,9029,FALSE
"PROCUREMENT ANALYST",2016,289,115,60907,51687,404,0.848621669102074,9220,FALSE
"PROCUREMENT ANALYST",2017,268,115,62456,52979,383,0.848261175867811,9477,FALSE
"PROCUREMENT ANALYST",2018,255,79,64748,57680,334,0.890838327052573,7068,FALSE
"PROCUREMENT ANALYST",2019,177,67,67002,62396,244,0.93125578340945,4606,FALSE
"PROCUREMENT ANALYST",2020,185,89,67002,63395,274,0.946165786095937,3607,FALSE
"PROCUREMENT ANALYST",2021,188,46,69016.5,72100,234,1.04467772199402,-3083.5,FALSE
"PROCUREMENT ANALYST",2022,178,30,69036,69012,208,0.999652355292891,24,FALSE
"PROCUREMENT ANALYST",2023,168,77,69386,69012,245,0.994609863661257,374,FALSE
"PROCUREMENT ANALYST",2024,148,76,76518,74379.5,224,0.972052327556915,2138.5,FALSE
"PROCUREMENT ANALYST",2025,117,48,77681,77672,165,0.999884141553276,9,FALSE
"PROCURMENT ANALYST LEVEL III OJ",2014,1,0,,,1,,,TRUE
"PROCURMENT ANALYST LEVEL III OJ",2015,1,0,,,1,,,TRUE
"PROFESSOR",2014,384,4,,,388,,,TRUE
"PROFESSOR",2015,397,2,,,399,,,TRUE
"PROFESSOR",2016,406,1,,,407,,,TRUE
"PROFESSOR",2017,421,0,,,421,,,TRUE
"PROFESSOR",2018,428,0,,,428,,,TRUE
"PROFESSOR",2019,436,0,,,436,,,TRUE
"PROFESSOR",2020,457,0,,,457,,,TRUE
"PROFESSOR",2021,477,1,,,478,,,TRUE
"PROFESSOR",2022,506,0,,,506,,,TRUE
"PROFESSOR",2023,553,1,,,554,,,TRUE
"PROFESSOR",2024,576,1,,,577,,,TRUE
"PROFESSOR",2025,648,1,,,649,,,TRUE
"PROGRAM COORDINATOR",2018,0,1,,,1,,,TRUE
"PROGRAM COORDINATOR",2024,0,1,,,1,,,TRUE
"PROGRAM COORDINATOR",2025,0,1,,,1,,,TRUE
"PROGRAM EVALUATOR",2014,61,11,,,72,,,TRUE
"PROGRAM EVALUATOR",2015,65,7,,,72,,,TRUE
"PROGRAM EVALUATOR",2016,59,5,,,64,,,TRUE
"PROGRAM EVALUATOR",2017,59,10,,,69,,,TRUE
"PROGRAM EVALUATOR",2018,43,17,,,60,,,TRUE
"PROGRAM EVALUATOR",2019,37,25,,,62,,,TRUE
"PROGRAM EVALUATOR",2020,40,20,,,60,,,TRUE
"PROGRAM EVALUATOR",2021,38,6,,,44,,,TRUE
"PROGRAM EVALUATOR",2022,33,7,,,40,,,TRUE
"PROGRAM EVALUATOR",2023,27,11,,,38,,,TRUE
"PROGRAM EVALUATOR",2024,28,11,,,39,,,TRUE
"PROGRAM EVALUATOR",2025,29,8,,,37,,,TRUE
"PROGRAM OFFICER",2014,23,2,,,25,,,TRUE
"PROGRAM OFFICER",2015,28,2,,,30,,,TRUE
"PROGRAM OFFICER",2016,27,3,,,30,,,TRUE
"PROGRAM OFFICER",2017,27,4,,,31,,,TRUE
"PROGRAM OFFICER",2018,31,3,,,34,,,TRUE
"PROGRAM OFFICER",2019,30,1,,,31,,,TRUE
"PROGRAM OFFICER",2020,28,3,,,31,,,TRUE
"PROGRAM OFFICER",2021,27,4,,,31,,,TRUE
"PROGRAM OFFICER",2022,23,5,,,28,,,TRUE
"PROGRAM OFFICER",2023,18,10,,,28,,,TRUE
"PROGRAM OFFICER",2024,18,9,,,27,,,TRUE
"PROGRAM OFFICER",2025,18,5,,,23,,,TRUE
"PROGRAM PRODUCER",2014,3,1,,,4,,,TRUE
"PROGRAM PRODUCER",2015,5,2,,,7,,,TRUE
"PROGRAM PRODUCER",2016,5,7,,,12,,,TRUE
"PROGRAM PRODUCER",2017,5,6,,,11,,,TRUE
"PROGRAM PRODUCER",2018,4,1,,,5,,,TRUE
"PROGRAM PRODUCER",2019,6,1,,,7,,,TRUE
"PROGRAM PRODUCER",2020,7,3,,,10,,,TRUE
"PROGRAM PRODUCER",2021,7,1,,,8,,,TRUE
"PROGRAM PRODUCER",2022,7,7,,,14,,,TRUE
"PROGRAM PRODUCER",2023,8,9,,,17,,,TRUE
"PROGRAM PRODUCER",2024,6,3,,,9,,,TRUE
"PROGRAM PRODUCER",2025,8,2,,,10,,,TRUE
"PROGRAM RESEARCH ANALYST TO THE PUBLIC ADVOCATE",2016,0,1,,,1,,,TRUE
"PROGRAM RESEARCH ANALYST TO THE PUBLIC ADVOCATE",2017,0,1,,,1,,,TRUE
"PROGRAM RESEARCH ANALYST TO THE PUBLIC ADVOCATE",2018,0,1,,,1,,,TRUE
"PROGRAM SPECIALIST CORRECTION",2014,95,2,,,97,,,TRUE
"PROGRAM SPECIALIST CORRECTION",2015,86,1,,,87,,,TRUE
"PROGRAM SPECIALIST CORRECTION",2016,74,2,,,76,,,TRUE
"PROGRAM SPECIALIST CORRECTION",2017,68,9,,,77,,,TRUE
"PROGRAM SPECIALIST CORRECTION",2018,67,19,,,86,,,TRUE
"PROGRAM SPECIALIST CORRECTION",2019,61,19,,,80,,,TRUE
"PROGRAM SPECIALIST CORRECTION",2020,60,4,,,64,,,TRUE
"PROGRAM SPECIALIST CORRECTION",2021,61,0,,,61,,,TRUE
"PROGRAM SPECIALIST CORRECTION",2022,57,0,,,57,,,TRUE
"PROGRAM SPECIALIST CORRECTION",2023,49,2,,,51,,,TRUE
"PROGRAM SPECIALIST CORRECTION",2024,49,2,,,51,,,TRUE
"PROGRAM SPECIALIST CORRECTION",2025,46,1,,,47,,,TRUE
"PROJECT COORDINATOR",2014,2,0,,,2,,,TRUE
"PROJECT COORDINATOR",2015,3,1,,,4,,,TRUE
"PROJECT COORDINATOR",2016,4,1,,,5,,,TRUE
"PROJECT COORDINATOR",2017,7,2,,,9,,,TRUE
"PROJECT COORDINATOR",2018,7,4,,,11,,,TRUE
"PROJECT COORDINATOR",2019,7,1,,,8,,,TRUE
"PROJECT COORDINATOR",2020,7,0,,,7,,,TRUE
"PROJECT COORDINATOR",2021,8,0,,,8,,,TRUE
"PROJECT COORDINATOR",2022,9,0,,,9,,,TRUE
"PROJECT COORDINATOR",2023,10,1,,,11,,,TRUE
"PROJECT COORDINATOR",2024,9,2,,,11,,,TRUE
"PROJECT COORDINATOR",2025,9,1,,,10,,,TRUE
"PROJECT DIRECTOR",2024,0,1,,,1,,,TRUE
"PROJECT DIRECTOR",2025,0,3,,,3,,,TRUE
"PROJECT MANAGER",2014,37,9,,,46,,,TRUE
"PROJECT MANAGER",2015,32,7,,,39,,,TRUE
"PROJECT MANAGER",2016,34,6,,,40,,,TRUE
"PROJECT MANAGER",2017,36,2,,,38,,,TRUE
"PROJECT MANAGER",2018,35,9,,,44,,,TRUE
"PROJECT MANAGER",2019,31,38,69228,62364,69,0.900849367308026,6864,FALSE
"PROJECT MANAGER",2020,29,32,,,61,,,TRUE
"PROJECT MANAGER",2021,26,15,,,41,,,TRUE
"PROJECT MANAGER",2022,24,5,,,29,,,TRUE
"PROJECT MANAGER",2023,20,14,,,34,,,TRUE
"PROJECT MANAGER",2024,16,19,,,35,,,TRUE
"PROJECT MANAGER",2025,14,18,,,32,,,TRUE
"PROJECT MANAGER INTERN",2014,0,10,,,10,,,TRUE
"PROJECT MANAGER INTERN",2015,0,23,,,23,,,TRUE
"PROJECT MANAGER INTERN",2016,0,74,,,74,,,TRUE
"PROJECT MANAGER INTERN",2017,0,63,,,63,,,TRUE
"PROJECT MANAGER INTERN",2018,0,29,,,29,,,TRUE
"PROJECT MANAGER INTERN",2019,0,5,,,5,,,TRUE
"PROJECT MANAGER INTERN",2020,0,13,,,13,,,TRUE
"PROJECT MANAGER INTERN",2021,0,11,,,11,,,TRUE
"PROJECT MANAGER INTERN",2022,0,22,,,22,,,TRUE
"PROJECT MANAGER INTERN",2023,0,52,,,52,,,TRUE
"PROJECT MANAGER INTERN",2024,0,56,,,56,,,TRUE
"PROJECT MANAGER INTERN",2025,0,62,,,62,,,TRUE
"PROJECT PLANNER",2014,7,1,,,8,,,TRUE
"PROJECT PLANNER",2015,6,1,,,7,,,TRUE
"PROJECT PLANNER",2016,5,1,,,6,,,TRUE
"PROJECT PLANNER",2017,5,2,,,7,,,TRUE
"PROJECT PLANNER",2018,4,2,,,6,,,TRUE
"PROJECT PLANNER",2019,3,1,,,4,,,TRUE
"PROJECT PLANNER",2020,1,0,,,1,,,TRUE
"PROJECT PLANNER",2021,1,0,,,1,,,TRUE
"PROPERTY CLERKS",2025,0,1,,,1,,,TRUE
"PROTECTION AGENT",2014,0,17,,,17,,,TRUE
"PROTECTION AGENT",2015,0,26,,,26,,,TRUE
"PROTECTION AGENT",2016,0,20,,,20,,,TRUE
"PROTECTION AGENT",2017,6,23,,,29,,,TRUE
"PROTECTION AGENT",2018,20,52,,,72,,,TRUE
"PROTECTION AGENT",2019,19,50,,,69,,,TRUE
"PROTECTION AGENT",2020,18,28,,,46,,,TRUE
"PROTECTION AGENT",2021,23,9,,,32,,,TRUE
"PROTECTION AGENT",2022,43,11,,,54,,,TRUE
"PROTECTION AGENT",2023,41,19,,,60,,,TRUE
"PROTECTION AGENT",2024,38,19,,,57,,,TRUE
"PROTECTION AGENT",2025,38,15,,,53,,,TRUE
"PSYCHOLOGIST",2014,3,8,,,11,,,TRUE
"PSYCHOLOGIST",2015,3,5,,,8,,,TRUE
"PSYCHOLOGIST",2016,2,10,,,12,,,TRUE
"PSYCHOLOGIST",2017,1,11,,,12,,,TRUE
"PSYCHOLOGIST",2018,1,6,,,7,,,TRUE
"PSYCHOLOGIST",2019,1,12,,,13,,,TRUE
"PSYCHOLOGIST",2020,1,16,,,17,,,TRUE
"PSYCHOLOGIST",2021,1,13,,,14,,,TRUE
"PSYCHOLOGIST",2022,1,10,,,11,,,TRUE
"PSYCHOLOGIST",2023,1,6,,,7,,,TRUE
"PSYCHOLOGIST",2024,1,7,,,8,,,TRUE
"PSYCHOLOGIST",2025,2,12,,,14,,,TRUE
"PSYCHOLOGIST IN TRAIN REG SUB",2014,1,17,,,18,,,TRUE
"PSYCHOLOGIST IN TRAIN REG SUB",2015,1,17,,,18,,,TRUE
"PSYCHOLOGIST IN TRAIN REG SUB",2016,0,21,,,21,,,TRUE
"PSYCHOLOGIST IN TRAIN REG SUB",2017,1,18,,,19,,,TRUE
"PSYCHOLOGIST IN TRAIN REG SUB",2018,1,13,,,14,,,TRUE
"PSYCHOLOGIST IN TRAIN REG SUB",2019,0,14,,,14,,,TRUE
"PSYCHOLOGIST IN TRAIN REG SUB",2020,0,16,,,16,,,TRUE
"PSYCHOLOGIST IN TRAIN REG SUB",2021,2,15,,,17,,,TRUE
"PSYCHOLOGIST IN TRAIN REG SUB",2022,0,10,,,10,,,TRUE
"PSYCHOLOGIST IN TRAIN REG SUB",2023,3,32,,,35,,,TRUE
"PSYCHOLOGIST IN TRAIN REG SUB",2024,2,19,,,21,,,TRUE
"PSYCHOLOGIST IN TRAIN REG SUB",2025,1,21,,,22,,,TRUE
"PSYCHOLOGIST IN TRAINING",2014,0,1,,,1,,,TRUE
"PSYCHOLOGIST IN TRAINING",2022,1,6,,,7,,,TRUE
"PSYCHOLOGIST IN TRAINING",2023,1,11,,,12,,,TRUE
"PSYCHOLOGIST IN TRAINING",2024,0,3,,,3,,,TRUE
"PUBLIC ADMINISTRATOR",2014,3,1,,,4,,,TRUE
"PUBLIC ADMINISTRATOR",2015,2,1,,,3,,,TRUE
"PUBLIC ADMINISTRATOR",2016,1,3,,,4,,,TRUE
"PUBLIC ADMINISTRATOR",2017,1,2,,,3,,,TRUE
"PUBLIC ADMINISTRATOR",2018,1,0,,,1,,,TRUE
"PUBLIC ADMINISTRATOR",2019,1,1,,,2,,,TRUE
"PUBLIC ADMINISTRATOR",2020,1,1,,,2,,,TRUE
"PUBLIC ADMINISTRATOR",2021,1,0,,,1,,,TRUE
"PUBLIC ADMINISTRATOR",2022,1,1,,,2,,,TRUE
"PUBLIC ADMINISTRATOR",2023,2,1,,,3,,,TRUE
"PUBLIC ADMINISTRATOR",2024,1,1,,,2,,,TRUE
"PUBLIC ADMINISTRATOR",2025,1,1,,,2,,,TRUE
"PUBLIC ADVOCATE",2014,0,1,,,1,,,TRUE
"PUBLIC ADVOCATE",2015,0,1,,,1,,,TRUE
"PUBLIC ADVOCATE",2019,0,1,,,1,,,TRUE
"PUBLIC ADVOCATE",2020,0,1,,,1,,,TRUE
"PUBLIC HEALTH ADVISER",2014,221,2,,,223,,,TRUE
"PUBLIC HEALTH ADVISER",2015,203,8,,,211,,,TRUE
"PUBLIC HEALTH ADVISER",2016,198,31,48862,42489,229,0.869571446113544,6373,FALSE
"PUBLIC HEALTH ADVISER",2017,193,33,50328,43764,226,0.869575584167859,6564,FALSE
"PUBLIC HEALTH ADVISER",2018,178,35,50480,47000,213,0.931061806656101,3480,FALSE
"PUBLIC HEALTH ADVISER",2019,169,45,52667,52649,214,0.999658230011202,18,FALSE
"PUBLIC HEALTH ADVISER",2020,152,40,54252,52649,192,0.970452702204527,1603,FALSE
"PUBLIC HEALTH ADVISER",2021,149,19,,,168,,,TRUE
"PUBLIC HEALTH ADVISER",2022,123,11,,,134,,,TRUE
"PUBLIC HEALTH ADVISER",2023,105,56,59395,56650,161,0.953783988551225,2745,FALSE
"PUBLIC HEALTH ADVISER",2024,104,98,61172.5,55855,202,0.913073685070906,5317.5,FALSE
"PUBLIC HEALTH ADVISER",2025,95,80,63197,57670,175,0.912543316929601,5527,FALSE
"PUBLIC HEALTH ASSISTANT",2014,30,0,,,30,,,TRUE
"PUBLIC HEALTH ASSISTANT",2015,29,10,,,39,,,TRUE
"PUBLIC HEALTH ASSISTANT",2016,25,14,,,39,,,TRUE
"PUBLIC HEALTH ASSISTANT",2017,22,14,,,36,,,TRUE
"PUBLIC HEALTH ASSISTANT",2018,23,18,,,41,,,TRUE
"PUBLIC HEALTH ASSISTANT",2019,20,17,,,37,,,TRUE
"PUBLIC HEALTH ASSISTANT",2020,19,14,,,33,,,TRUE
"PUBLIC HEALTH ASSISTANT",2021,19,8,,,27,,,TRUE
"PUBLIC HEALTH ASSISTANT",2022,16,2,,,18,,,TRUE
"PUBLIC HEALTH ASSISTANT",2023,16,1,,,17,,,TRUE
"PUBLIC HEALTH ASSISTANT",2024,11,1,,,12,,,TRUE
"PUBLIC HEALTH ASSISTANT",2025,15,1,,,16,,,TRUE
"PUBLIC HEALTH EDUCATOR",2014,42,0,,,42,,,TRUE
"PUBLIC HEALTH EDUCATOR",2015,39,0,,,39,,,TRUE
"PUBLIC HEALTH EDUCATOR",2016,30,9,,,39,,,TRUE
"PUBLIC HEALTH EDUCATOR",2017,27,70,,,97,,,TRUE
"PUBLIC HEALTH EDUCATOR",2018,25,73,,,98,,,TRUE
"PUBLIC HEALTH EDUCATOR",2019,22,32,,,54,,,TRUE
"PUBLIC HEALTH EDUCATOR",2020,18,18,,,36,,,TRUE
"PUBLIC HEALTH EDUCATOR",2021,16,10,,,26,,,TRUE
"PUBLIC HEALTH EDUCATOR",2022,13,5,,,18,,,TRUE
"PUBLIC HEALTH EDUCATOR",2023,12,9,,,21,,,TRUE
"PUBLIC HEALTH EDUCATOR",2024,10,9,,,19,,,TRUE
"PUBLIC HEALTH EDUCATOR",2025,10,5,,,15,,,TRUE
"PUBLIC HEALTH EMERGENCY PREPAREDNESS SPECIALIST",2017,0,7,,,7,,,TRUE
"PUBLIC HEALTH EMERGENCY PREPAREDNESS SPECIALIST",2018,2,11,,,13,,,TRUE
"PUBLIC HEALTH EMERGENCY PREPAREDNESS SPECIALIST",2019,2,13,,,15,,,TRUE
"PUBLIC HEALTH EMERGENCY PREPAREDNESS SPECIALIST",2020,2,14,,,16,,,TRUE
"PUBLIC HEALTH EMERGENCY PREPAREDNESS SPECIALIST",2021,2,7,,,9,,,TRUE
"PUBLIC HEALTH EMERGENCY PREPAREDNESS SPECIALIST",2022,2,13,,,15,,,TRUE
"PUBLIC HEALTH EMERGENCY PREPAREDNESS SPECIALIST",2023,4,21,,,25,,,TRUE
"PUBLIC HEALTH EMERGENCY PREPAREDNESS SPECIALIST",2024,4,15,,,19,,,TRUE
"PUBLIC HEALTH EMERGENCY PREPAREDNESS SPECIALIST",2025,5,20,,,25,,,TRUE
"PUBLIC HEALTH EPIDEMIOLOGIST",2014,36,2,,,38,,,TRUE
"PUBLIC HEALTH EPIDEMIOLOGIST",2015,39,2,,,41,,,TRUE
"PUBLIC HEALTH EPIDEMIOLOGIST",2016,37,1,,,38,,,TRUE
"PUBLIC HEALTH EPIDEMIOLOGIST",2017,41,6,,,47,,,TRUE
"PUBLIC HEALTH EPIDEMIOLOGIST",2018,43,6,,,49,,,TRUE
"PUBLIC HEALTH EPIDEMIOLOGIST",2019,41,5,,,46,,,TRUE
"PUBLIC HEALTH EPIDEMIOLOGIST",2020,37,7,,,44,,,TRUE
"PUBLIC HEALTH EPIDEMIOLOGIST",2021,35,7,,,42,,,TRUE
"PUBLIC HEALTH EPIDEMIOLOGIST",2022,34,4,,,38,,,TRUE
"PUBLIC HEALTH EPIDEMIOLOGIST",2023,35,10,,,45,,,TRUE
"PUBLIC HEALTH EPIDEMIOLOGIST",2024,32,14,,,46,,,TRUE
"PUBLIC HEALTH EPIDEMIOLOGIST",2025,30,7,,,37,,,TRUE
"PUBLIC HEALTH NURSE",2014,60,0,,,60,,,TRUE
"PUBLIC HEALTH NURSE",2015,58,0,,,58,,,TRUE
"PUBLIC HEALTH NURSE",2016,60,0,,,60,,,TRUE
"PUBLIC HEALTH NURSE",2017,57,7,,,64,,,TRUE
"PUBLIC HEALTH NURSE",2018,54,8,,,62,,,TRUE
"PUBLIC HEALTH NURSE",2019,51,4,,,55,,,TRUE
"PUBLIC HEALTH NURSE",2020,48,1,,,49,,,TRUE
"PUBLIC HEALTH NURSE",2021,46,0,,,46,,,TRUE
"PUBLIC HEALTH NURSE",2022,48,0,,,48,,,TRUE
"PUBLIC HEALTH NURSE",2023,45,1,,,46,,,TRUE
"PUBLIC HEALTH NURSE",2024,45,1,,,46,,,TRUE
"PUBLIC HEALTH NURSE",2025,40,1,,,41,,,TRUE
"PUBLIC HEALTH PREVENTATIVE MEDICINE RESIDENT",2021,0,2,,,2,,,TRUE
"PUBLIC HEALTH PREVENTATIVE MEDICINE RESIDENT",2022,0,1,,,1,,,TRUE
"PUBLIC HEALTH PREVENTATIVE MEDICINE RESIDENT",2023,0,3,,,3,,,TRUE
"PUBLIC HEALTH PREVENTATIVE MEDICINE RESIDENT",2024,0,1,,,1,,,TRUE
"PUBLIC HEALTH PREVENTATIVE MEDICINE RESIDENT",2025,0,3,,,3,,,TRUE
"PUBLIC HEALTH SANITARIAN",2014,66,55,52568,38436,121,0.731167250038046,14132,FALSE
"PUBLIC HEALTH SANITARIAN",2015,82,48,54973,40194,130,0.731158932566896,14779,FALSE
"PUBLIC HEALTH SANITARIAN",2016,78,93,56347,41199,171,0.731165811844464,15148,FALSE
"PUBLIC HEALTH SANITARIAN",2017,68,113,58037,42435,181,0.731171494046901,15602,FALSE
"PUBLIC HEALTH SANITARIAN",2018,70,107,58212,42563,177,0.731172266886553,15649,FALSE
"PUBLIC HEALTH SANITARIAN",2019,67,117,60712,44390,184,0.731156937672948,16322,FALSE
"PUBLIC HEALTH SANITARIAN",2020,67,106,62533,45722,173,0.731165944381367,16811,FALSE
"PUBLIC HEALTH SANITARIAN",2021,65,80,62554,45722,145,0.730920484701218,16832,FALSE
"PUBLIC HEALTH SANITARIAN",2022,63,80,62533,45722,143,0.731165944381367,16811,FALSE
"PUBLIC HEALTH SANITARIAN",2023,58,81,68429,49961,139,0.730114425170615,18468,FALSE
"PUBLIC HEALTH SANITARIAN",2024,55,92,70506,51460,147,0.72986696167702,19046,FALSE
"PUBLIC HEALTH SANITARIAN",2025,53,90,72823,53132,143,0.72960465786908,19691,FALSE
"PUBLIC HEALTH/PREVENTIVE MEDICINE RESIDENT",2017,0,4,,,4,,,TRUE
"PUBLIC HEALTH/PREVENTIVE MEDICINE RESIDENT",2018,0,4,,,4,,,TRUE
"PUBLIC HEALTH/PREVENTIVE MEDICINE RESIDENT",2019,0,3,,,3,,,TRUE
"PUBLIC HEALTH/PREVENTIVE MEDICINE RESIDENT",2020,0,4,,,4,,,TRUE
"PUBLIC INFORMATION OFFICER",2014,0,3,,,3,,,TRUE
"PUBLIC INFORMATION OFFICER",2015,0,4,,,4,,,TRUE
"PUBLIC INFORMATION OFFICER",2016,0,2,,,2,,,TRUE
"PUBLIC INFORMATION OFFICER",2019,1,1,,,2,,,TRUE
"PUBLIC INFORMATION OFFICER",2020,0,1,,,1,,,TRUE
"PUBLIC INFORMATION OFFICER",2021,0,1,,,1,,,TRUE
"PUBLIC INFORMATION OFFICER",2022,0,3,,,3,,,TRUE
"PUBLIC INFORMATION OFFICER",2023,0,4,,,4,,,TRUE
"PUBLIC RECORDS AIDE",2014,48,13,,,61,,,TRUE
"PUBLIC RECORDS AIDE",2015,50,22,,,72,,,TRUE
"PUBLIC RECORDS AIDE",2016,47,10,,,57,,,TRUE
"PUBLIC RECORDS AIDE",2017,43,3,,,46,,,TRUE
"PUBLIC RECORDS AIDE",2018,38,16,,,54,,,TRUE
"PUBLIC RECORDS AIDE",2019,33,24,,,57,,,TRUE
"PUBLIC RECORDS AIDE",2020,27,30,,,57,,,TRUE
"PUBLIC RECORDS AIDE",2021,27,25,,,52,,,TRUE
"PUBLIC RECORDS AIDE",2022,30,9,,,39,,,TRUE
"PUBLIC RECORDS AIDE",2023,19,2,,,21,,,TRUE
"PUBLIC RECORDS AIDE",2024,15,0,,,15,,,TRUE
"PUBLIC RECORDS AIDE",2025,15,1,,,16,,,TRUE
"PUBLIC RECORDS OFFICER",2014,2,7,,,9,,,TRUE
"PUBLIC RECORDS OFFICER",2015,3,12,,,15,,,TRUE
"PUBLIC RECORDS OFFICER",2016,5,9,,,14,,,TRUE
"PUBLIC RECORDS OFFICER",2017,6,6,,,12,,,TRUE
"PUBLIC RECORDS OFFICER",2018,3,9,,,12,,,TRUE
"PUBLIC RECORDS OFFICER",2019,2,11,,,13,,,TRUE
"PUBLIC RECORDS OFFICER",2020,2,4,,,6,,,TRUE
"PUBLIC RECORDS OFFICER",2021,3,1,,,4,,,TRUE
"PUBLIC RECORDS OFFICER",2022,2,7,,,9,,,TRUE
"PUBLIC RECORDS OFFICER",2023,2,12,,,14,,,TRUE
"PUBLIC RECORDS OFFICER",2024,2,6,,,8,,,TRUE
"PUBLIC RECORDS OFFICER",2025,3,1,,,4,,,TRUE
"PUBLIC RELATIONS ADVISER",2014,0,1,,,1,,,TRUE
"PUBLIC RELATIONS ADVISER",2015,0,1,,,1,,,TRUE
"PUBLIC RELATIONS ADVISER",2019,0,1,,,1,,,TRUE
"PUBLIC RELATIONS ADVISER",2020,0,1,,,1,,,TRUE
"PUBLIC RELATIONS OFFICER",2019,0,1,,,1,,,TRUE
"PUBLIC RELATIONS OFFICER",2020,0,1,,,1,,,TRUE
"PUBLIC RELATIONS OFFICER",2021,0,1,,,1,,,TRUE
"PUBLIC RELATIONS OFFICER",2022,0,1,,,1,,,TRUE
"PUBLIC RELATIONS OFFICER",2023,0,1,,,1,,,TRUE
"PUBLISHING ASSOCIATE",2014,1,0,,,1,,,TRUE
"PUPPETEER",2014,2,0,,,2,,,TRUE
"PUPPETEER",2015,2,0,,,2,,,TRUE
"PUPPETEER",2016,2,0,,,2,,,TRUE
"PUPPETEER",2017,2,0,,,2,,,TRUE
"PUPPETEER",2018,3,1,,,4,,,TRUE
"PUPPETEER",2019,3,1,,,4,,,TRUE
"PUPPETEER",2020,3,0,,,3,,,TRUE
"PUPPETEER",2021,3,0,,,3,,,TRUE
"PUPPETEER",2022,3,0,,,3,,,TRUE
"PUPPETEER",2023,2,0,,,2,,,TRUE
"PUPPETEER",2024,2,0,,,2,,,TRUE
"PUPPETEER",2025,2,0,,,2,,,TRUE
"PURCHASING AGENT",2014,9,0,,,9,,,TRUE
"PURCHASING AGENT",2015,8,1,,,9,,,TRUE
"PURCHASING AGENT",2016,8,1,,,9,,,TRUE
"PURCHASING AGENT",2017,7,1,,,8,,,TRUE
"PURCHASING AGENT",2018,8,2,,,10,,,TRUE
"PURCHASING AGENT",2019,7,2,,,9,,,TRUE
"PURCHASING AGENT",2020,6,0,,,6,,,TRUE
"PURCHASING AGENT",2021,5,0,,,5,,,TRUE
"PURCHASING AGENT",2022,5,0,,,5,,,TRUE
"PURCHASING AGENT",2023,5,0,,,5,,,TRUE
"PURCHASING AGENT",2024,5,0,,,5,,,TRUE
"PURCHASING AGENT",2025,5,0,,,5,,,TRUE
"QUALITY ASSURANCE SPECIALIST",2014,30,4,,,34,,,TRUE
"QUALITY ASSURANCE SPECIALIST",2015,31,4,,,35,,,TRUE
"QUALITY ASSURANCE SPECIALIST",2016,30,10,,,40,,,TRUE
"QUALITY ASSURANCE SPECIALIST",2017,24,11,,,35,,,TRUE
"QUALITY ASSURANCE SPECIALIST",2018,28,10,,,38,,,TRUE
"QUALITY ASSURANCE SPECIALIST",2019,25,12,,,37,,,TRUE
"QUALITY ASSURANCE SPECIALIST",2020,22,17,,,39,,,TRUE
"QUALITY ASSURANCE SPECIALIST",2021,22,4,,,26,,,TRUE
"QUALITY ASSURANCE SPECIALIST",2022,19,7,,,26,,,TRUE
"QUALITY ASSURANCE SPECIALIST",2023,20,20,,,40,,,TRUE
"QUALITY ASSURANCE SPECIALIST",2024,21,19,,,40,,,TRUE
"QUALITY ASSURANCE SPECIALIST",2025,20,8,,,28,,,TRUE
"QUALITY ASSURANCE SPECIALIST TRAINEE",2016,0,1,,,1,,,TRUE
"QUALITY ASSURANCE SPECIALIST TRAINEE",2017,0,1,,,1,,,TRUE
"QUALITY ASSURANCE SPECIALIST TRAINEE",2018,0,4,,,4,,,TRUE
"QUALITY ASSURANCE SPECIALIST TRAINEE",2019,0,3,,,3,,,TRUE
"QUALITY ASSURANCE SPECIALIST TRAINEE",2020,0,29,,,29,,,TRUE
"QUALITY ASSURANCE SPECIALIST TRAINEE",2021,0,27,,,27,,,TRUE
"QUALITY ASSURANCE SPECIALIST TRAINEE",2022,0,3,,,3,,,TRUE
"RACKETS INVESTIGATOR",2014,10,20,,,30,,,TRUE
"RACKETS INVESTIGATOR",2015,9,28,,,37,,,TRUE
"RACKETS INVESTIGATOR",2016,10,32,,,42,,,TRUE
"RACKETS INVESTIGATOR",2017,9,41,,,50,,,TRUE
"RACKETS INVESTIGATOR",2018,0,2,,,2,,,TRUE
"RACKETS INVESTIGATOR START 4 24 08 NO ABC",2018,9,24,,,33,,,TRUE
"RACKETS INVESTIGATOR START 4 24 08 NO ABC",2019,4,16,,,20,,,TRUE
"RACKETS INVESTIGATOR START 4 24 08 NO ABC",2020,2,13,,,15,,,TRUE
"RACKETS INVESTIGATOR START 4 24 08 NO ABC",2021,4,17,,,21,,,TRUE
"RACKETS INVESTIGATOR START 4 24 08 NO ABC",2022,7,16,,,23,,,TRUE
"RACKETS INVESTIGATOR START 4 24 08 NO ABC",2023,4,29,,,33,,,TRUE
"RACKETS INVESTIGATOR START 4 24 08 NO ABC",2024,5,11,,,16,,,TRUE
"RACKETS INVESTIGATOR START 4 24 08 NO ABC",2025,7,12,,,19,,,TRUE
"RADIO AND TELEVISION OPERATOR",2015,10,4,,,14,,,TRUE
"RADIO AND TELEVISION OPERATOR",2016,16,3,,,19,,,TRUE
"RADIO AND TELEVISION OPERATOR",2017,16,4,,,20,,,TRUE
"RADIO AND TELEVISION OPERATOR",2018,14,6,,,20,,,TRUE
"RADIO AND TELEVISION OPERATOR",2019,12,5,,,17,,,TRUE
"RADIO AND TELEVISION OPERATOR",2020,11,1,,,12,,,TRUE
"RADIO AND TELEVISION OPERATOR",2021,11,0,,,11,,,TRUE
"RADIO AND TELEVISION OPERATOR",2022,11,0,,,11,,,TRUE
"RADIO AND TELEVISION OPERATOR",2023,11,3,,,14,,,TRUE
"RADIO AND TELEVISION OPERATOR",2024,9,3,,,12,,,TRUE
"RADIO AND TELEVISION OPERATOR",2025,9,1,,,10,,,TRUE
"RADIO AND TEVEVISION OPERATOR",2014,2,1,,,3,,,TRUE
"REAL PROPERTY ASSISTANT",2017,0,1,,,1,,,TRUE
"REAL PROPERTY ASSISTANT",2018,0,1,,,1,,,TRUE
"REAL PROPERTY MANAGER",2014,58,0,,,58,,,TRUE
"REAL PROPERTY MANAGER",2015,33,1,,,34,,,TRUE
"REAL PROPERTY MANAGER",2016,25,0,,,25,,,TRUE
"REAL PROPERTY MANAGER",2017,21,0,,,21,,,TRUE
"REAL PROPERTY MANAGER",2018,16,3,,,19,,,TRUE
"REAL PROPERTY MANAGER",2019,18,6,,,24,,,TRUE
"REAL PROPERTY MANAGER",2020,13,4,,,17,,,TRUE
"REAL PROPERTY MANAGER",2021,13,3,,,16,,,TRUE
"REAL PROPERTY MANAGER",2022,10,1,,,11,,,TRUE
"REAL PROPERTY MANAGER",2023,6,3,,,9,,,TRUE
"REAL PROPERTY MANAGER",2024,5,3,,,8,,,TRUE
"REAL PROPERTY MANAGER",2025,5,5,,,10,,,TRUE
"RECREATION DIRECTOR",2014,29,5,,,34,,,TRUE
"RECREATION DIRECTOR",2015,33,7,,,40,,,TRUE
"RECREATION DIRECTOR",2016,28,7,,,35,,,TRUE
"RECREATION DIRECTOR",2017,26,11,,,37,,,TRUE
"RECREATION DIRECTOR",2018,23,21,,,44,,,TRUE
"RECREATION DIRECTOR",2019,18,6,,,24,,,TRUE
"RECREATION DIRECTOR",2020,14,11,,,25,,,TRUE
"RECREATION DIRECTOR",2021,15,6,,,21,,,TRUE
"RECREATION DIRECTOR",2022,13,5,,,18,,,TRUE
"RECREATION DIRECTOR",2023,22,14,,,36,,,TRUE
"RECREATION DIRECTOR",2024,26,4,,,30,,,TRUE
"RECREATION DIRECTOR",2025,22,8,,,30,,,TRUE
"RECREATION SPECIALIST",2014,36,15,,,51,,,TRUE
"RECREATION SPECIALIST",2015,24,12,,,36,,,TRUE
"RECREATION SPECIALIST",2016,32,24,,,56,,,TRUE
"RECREATION SPECIALIST",2017,37,14,,,51,,,TRUE
"RECREATION SPECIALIST",2018,38,1,,,39,,,TRUE
"RECREATION SPECIALIST",2019,38,0,,,38,,,TRUE
"RECREATION SPECIALIST",2020,34,0,,,34,,,TRUE
"RECREATION SPECIALIST",2021,34,0,,,34,,,TRUE
"RECREATION SPECIALIST",2022,36,0,,,36,,,TRUE
"RECREATION SPECIALIST",2023,28,0,,,28,,,TRUE
"RECREATION SPECIALIST",2024,18,0,,,18,,,TRUE
"RECREATION SPECIALIST",2025,34,17,,,51,,,TRUE
"RECREATION SUPERVISOR",2014,55,6,,,61,,,TRUE
"RECREATION SUPERVISOR",2015,65,5,,,70,,,TRUE
"RECREATION SUPERVISOR",2016,65,3,,,68,,,TRUE
"RECREATION SUPERVISOR",2017,66,7,,,73,,,TRUE
"RECREATION SUPERVISOR",2018,64,7,,,71,,,TRUE
"RECREATION SUPERVISOR",2019,64,4,,,68,,,TRUE
"RECREATION SUPERVISOR",2020,73,0,,,73,,,TRUE
"RECREATION SUPERVISOR",2021,62,0,,,62,,,TRUE
"RECREATION SUPERVISOR",2022,67,0,,,67,,,TRUE
"RECREATION SUPERVISOR",2023,62,4,,,66,,,TRUE
"RECREATION SUPERVISOR",2024,66,6,,,72,,,TRUE
"RECREATION SUPERVISOR",2025,80,2,,,82,,,TRUE
"REGIONAL DIRECTOR MENTAL HEALTH MENTAL RETARD & ALC SERVICE",2020,0,3,,,3,,,TRUE
"REGIONAL DIRECTOR MENTAL HEALTH MENTAL RETARD & ALC SERVICE",2021,0,3,,,3,,,TRUE
"REGIONAL DIRECTOR MENTAL HEALTH MENTAL RETARD & ALC SERVICE",2022,0,1,,,1,,,TRUE
"REGIONAL DIRECTOR MENTAL HEALTH MENTAL RETARD & ALC SERVICE",2023,0,1,,,1,,,TRUE
"REGIONAL DIRECTOR MENTAL HEALTH MENTAL RETARD & ALC SERVICE",2024,0,3,,,3,,,TRUE
"REGIONAL DIRECTOR MENTAL HEALTH MENTAL RETARD & ALC SERVICE",2025,0,3,,,3,,,TRUE
"REGIONAL INSTRUCTIONAL SUPERINTENDENT",2014,1,0,,,1,,,TRUE
"REGIONAL INSTRUCTIONAL SUPERINTENDENT",2015,1,0,,,1,,,TRUE
"REGIONAL INSTRUCTIONAL SUPERINTENDENT",2016,1,0,,,1,,,TRUE
"REGIONAL INSTRUCTIONAL SUPERINTENDENT",2017,1,0,,,1,,,TRUE
"REPAIR CREW CHIEF",2014,0,1,,,1,,,TRUE
"REPAIR CREW CHIEF",2015,0,2,,,2,,,TRUE
"REPAIR CREW CHIEF",2016,0,2,,,2,,,TRUE
"REPAIR CREW CHIEF",2017,0,2,,,2,,,TRUE
"REPAIR CREW CHIEF",2018,0,2,,,2,,,TRUE
"REPAIR CREW CHIEF",2019,0,2,,,2,,,TRUE
"REPAIR CREW CHIEF",2020,0,3,,,3,,,TRUE
"REPAIR CREW CHIEF",2021,0,2,,,2,,,TRUE
"REPAIR CREW CHIEF",2022,1,1,,,2,,,TRUE
"REPAIR CREW WORKER",2018,0,2,,,2,,,TRUE
"REPAIR SHOP MANAGER",2015,1,0,,,1,,,TRUE
"REPAIR SHOP MANAGER",2016,1,0,,,1,,,TRUE
"REPAIR SHOP MANAGER",2017,1,0,,,1,,,TRUE
"REPAIR SHOP MANAGER",2018,1,0,,,1,,,TRUE
"REPAIR SHOP MANAGER",2019,1,0,,,1,,,TRUE
"REPAIR SHOP MANAGER",2020,1,0,,,1,,,TRUE
"REPAIR SHOP MANAGER",2021,1,0,,,1,,,TRUE
"REPAIR SHOP MANAGER",2022,1,0,,,1,,,TRUE
"REPAIR SHOP MANAGER",2023,1,0,,,1,,,TRUE
"REPAIR SHOP MANAGER",2024,1,0,,,1,,,TRUE
"REPORTER/ STENOGRAPHER",2014,35,7,,,42,,,TRUE
"REPORTER/ STENOGRAPHER",2015,36,9,,,45,,,TRUE
"REPORTER/ STENOGRAPHER",2016,34,17,,,51,,,TRUE
"REPORTER/ STENOGRAPHER",2017,38,18,,,56,,,TRUE
"REPORTER/ STENOGRAPHER",2018,39,13,,,52,,,TRUE
"REPORTER/ STENOGRAPHER",2019,41,15,,,56,,,TRUE
"REPORTER/ STENOGRAPHER",2020,43,16,,,59,,,TRUE
"REPORTER/ STENOGRAPHER",2021,46,10,,,56,,,TRUE
"REPORTER/ STENOGRAPHER",2022,47,6,,,53,,,TRUE
"REPORTER/ STENOGRAPHER",2023,44,12,,,56,,,TRUE
"REPORTER/ STENOGRAPHER",2024,39,14,,,53,,,TRUE
"REPORTER/ STENOGRAPHER",2025,39,7,,,46,,,TRUE
"RESEARCH & LIAISON COORDINATOR",2014,2,2,,,4,,,TRUE
"RESEARCH & LIAISON COORDINATOR",2015,1,2,,,3,,,TRUE
"RESEARCH AND LIAISON COORDINATOR",2014,0,7,,,7,,,TRUE
"RESEARCH AND LIAISON COORDINATOR",2015,0,8,,,8,,,TRUE
"RESEARCH AND LIAISON COORDINATOR",2016,0,6,,,6,,,TRUE
"RESEARCH AND LIAISON COORDINATOR",2017,0,9,,,9,,,TRUE
"RESEARCH AND LIAISON COORDINATOR",2018,0,9,,,9,,,TRUE
"RESEARCH AND LIAISON COORDINATOR",2019,0,4,,,4,,,TRUE
"RESEARCH AND LIAISON COORDINATOR",2020,0,1,,,1,,,TRUE
"RESEARCH AND LIAISON COORDINATOR",2021,0,1,,,1,,,TRUE
"RESEARCH AND LIAISON COORDINATOR",2022,0,6,,,6,,,TRUE
"RESEARCH AND LIAISON COORDINATOR",2023,0,24,,,24,,,TRUE
"RESEARCH AND LIAISON COORDINATOR",2024,0,17,,,17,,,TRUE
"RESEARCH AND LIAISON COORDINATOR",2025,1,6,,,7,,,TRUE
"RESEARCH AND LIAISON SPECIALIST",2014,0,1,,,1,,,TRUE
"RESEARCH AND LIAISON SPECIALIST",2015,0,1,,,1,,,TRUE
"RESEARCH AND LIAISON SPECIALIST",2019,0,3,,,3,,,TRUE
"RESEARCH AND LIAISON SPECIALIST",2020,0,1,,,1,,,TRUE
"RESEARCH AND LIAISON SPECIALIST",2021,0,4,,,4,,,TRUE
"RESEARCH AND LIAISON SPECIALIST",2022,0,4,,,4,,,TRUE
"RESEARCH AND LIAISON SPECIALIST",2023,0,1,,,1,,,TRUE
"RESEARCH ASSISTANT",2014,52,3,,,55,,,TRUE
"RESEARCH ASSISTANT",2015,50,4,,,54,,,TRUE
"RESEARCH ASSISTANT",2016,44,9,,,53,,,TRUE
"RESEARCH ASSISTANT",2017,40,13,,,53,,,TRUE
"RESEARCH ASSISTANT",2018,41,16,,,57,,,TRUE
"RESEARCH ASSISTANT",2019,37,15,,,52,,,TRUE
"RESEARCH ASSISTANT",2020,32,9,,,41,,,TRUE
"RESEARCH ASSISTANT",2021,32,4,,,36,,,TRUE
"RESEARCH ASSISTANT",2022,34,12,,,46,,,TRUE
"RESEARCH ASSISTANT",2023,29,7,,,36,,,TRUE
"RESEARCH ASSISTANT",2024,28,5,,,33,,,TRUE
"RESEARCH ASSISTANT",2025,25,7,,,32,,,TRUE
"RESEARCH LIAISON ADN GOVERNMENTAL COORDINATOR",2016,0,1,,,1,,,TRUE
"RESEARCH LIAISON ADN GOVERNMENTAL COORDINATOR",2017,0,1,,,1,,,TRUE
"RESEARCH LIAISON ADN GOVERNMENTAL COORDINATOR",2019,1,0,,,1,,,TRUE
"RESEARCH LIAISON ADN GOVERNMENTAL COORDINATOR",2020,1,0,,,1,,,TRUE
"RESEARCH LIAISON ADN GOVERNMENTAL COORDINATOR",2021,1,0,,,1,,,TRUE
"RESEARCH LIAISON ADN GOVERNMENTAL COORDINATOR",2022,1,0,,,1,,,TRUE
"RESEARCH LIAISON ADN GOVERNMENTAL COORDINATOR",2023,1,0,,,1,,,TRUE
"RESEARCH LIAISON ADN GOVERNMENTAL COORDINATOR",2024,1,0,,,1,,,TRUE
"RESEARCH PROJECTS COORD",2014,6,36,,,42,,,TRUE
"RESEARCH PROJECTS COORD",2015,14,56,,,70,,,TRUE
"RESEARCH PROJECTS COORD",2016,15,80,,,95,,,TRUE
"RESEARCH PROJECTS COORD",2017,13,105,,,118,,,TRUE
"RESEARCH PROJECTS COORD",2018,13,101,,,114,,,TRUE
"RESEARCH PROJECTS COORD",2019,13,99,,,112,,,TRUE
"RESEARCH PROJECTS COORD",2020,12,105,,,117,,,TRUE
"RESEARCH PROJECTS COORD",2021,11,55,,,66,,,TRUE
"RESEARCH PROJECTS COORD",2022,10,88,,,98,,,TRUE
"RESEARCH PROJECTS COORD",2023,9,141,,,150,,,TRUE
"RESEARCH PROJECTS COORD",2024,7,153,,,160,,,TRUE
"RESEARCH PROJECTS COORD",2025,10,158,,,168,,,TRUE
"RESEARCH PROJECTS COORDINATOR",2014,1,3,,,4,,,TRUE
"RESEARCH PROJECTS COORDINATOR",2015,1,3,,,4,,,TRUE
"RESEARCH PROJECTS COORDINATOR",2016,0,8,,,8,,,TRUE
"RESEARCH PROJECTS COORDINATOR",2017,0,12,,,12,,,TRUE
"RESEARCH PROJECTS COORDINATOR",2018,0,27,,,27,,,TRUE
"RESEARCH PROJECTS COORDINATOR",2019,0,21,,,21,,,TRUE
"RESEARCH PROJECTS COORDINATOR",2020,0,30,,,30,,,TRUE
"RESEARCH PROJECTS COORDINATOR",2021,0,21,,,21,,,TRUE
"RESEARCH PROJECTS COORDINATOR",2022,0,20,,,20,,,TRUE
"RESEARCH PROJECTS COORDINATOR",2023,0,19,,,19,,,TRUE
"RESEARCH PROJECTS COORDINATOR",2024,0,24,,,24,,,TRUE
"RESEARCH PROJECTS COORDINATOR",2025,0,17,,,17,,,TRUE
"RESEARCH SCIENTIST",2014,1,0,,,1,,,TRUE
"RESEARCH SCIENTIST",2015,1,0,,,1,,,TRUE
"RESEARCH SCIENTIST",2016,1,0,,,1,,,TRUE
"RESEARCH SCIENTIST",2017,1,0,,,1,,,TRUE
"RESEARCH SCIENTIST",2018,1,0,,,1,,,TRUE
"RESIDENT BUILDING SUPERINTENDENT",2014,200,0,,,200,,,TRUE
"RESIDENT BUILDING SUPERINTENDENT",2015,205,0,,,205,,,TRUE
"RESIDENT BUILDING SUPERINTENDENT",2016,204,1,,,205,,,TRUE
"RESIDENT BUILDING SUPERINTENDENT",2017,197,2,,,199,,,TRUE
"RESIDENT BUILDING SUPERINTENDENT",2018,191,1,,,192,,,TRUE
"RESIDENT BUILDING SUPERINTENDENT",2019,191,0,,,191,,,TRUE
"RESIDENT BUILDING SUPERINTENDENT",2020,193,0,,,193,,,TRUE
"RESIDENT BUILDING SUPERINTENDENT",2021,190,0,,,190,,,TRUE
"RESIDENT BUILDING SUPERINTENDENT",2022,187,0,,,187,,,TRUE
"RESIDENT BUILDING SUPERINTENDENT",2023,179,0,,,179,,,TRUE
"RESIDENT BUILDING SUPERINTENDENT",2024,174,4,,,178,,,TRUE
"RESIDENT BUILDING SUPERINTENDENT",2025,166,1,,,167,,,TRUE
"RISK MANAGEMENT OFFICER",2024,0,1,,,1,,,TRUE
"SAFETY SPECIALIST",2014,1,0,,,1,,,TRUE
"SAFETY SPECIALIST",2015,1,0,,,1,,,TRUE
"SAFETY SPECIALIST",2016,1,0,,,1,,,TRUE
"SAFETY SPECIALIST",2017,1,0,,,1,,,TRUE
"SAFETY SPECIALIST",2020,0,1,,,1,,,TRUE
"SAFETY SPECIALIST",2021,0,1,,,1,,,TRUE
"SAFETY SPECIALIST",2022,0,1,,,1,,,TRUE
"SAFETY SPECIALIST",2023,0,1,,,1,,,TRUE
"SANITATION COMPLIANCE AGENT",2014,9,0,,,9,,,TRUE
"SANITATION COMPLIANCE AGENT",2015,9,0,,,9,,,TRUE
"SANITATION COMPLIANCE AGENT",2016,8,0,,,8,,,TRUE
"SANITATION COMPLIANCE AGENT",2017,8,0,,,8,,,TRUE
"SANITATION COMPLIANCE AGENT",2018,7,0,,,7,,,TRUE
"SANITATION COMPLIANCE AGENT",2019,7,0,,,7,,,TRUE
"SANITATION COMPLIANCE AGENT",2020,6,0,,,6,,,TRUE
"SANITATION COMPLIANCE AGENT",2021,6,0,,,6,,,TRUE
"SANITATION COMPLIANCE AGENT",2022,5,1,,,6,,,TRUE
"SANITATION COMPLIANCE AGENT",2023,5,1,,,6,,,TRUE
"SANITATION COMPLIANCE AGENT",2024,4,2,,,6,,,TRUE
"SANITATION COMPLIANCE AGENT",2025,3,1,,,4,,,TRUE
"SANITATION ENFORCEMENT AGENT",2014,11,53,,,64,,,TRUE
"SANITATION ENFORCEMENT AGENT",2015,16,49,,,65,,,TRUE
"SANITATION ENFORCEMENT AGENT",2016,19,62,,,81,,,TRUE
"SANITATION ENFORCEMENT AGENT",2017,27,56,,,83,,,TRUE
"SANITATION ENFORCEMENT AGENT",2018,31,44,46033,31221,75,0.678230834401408,14812,FALSE
"SANITATION ENFORCEMENT AGENT",2019,41,16,,,57,,,TRUE
"SANITATION ENFORCEMENT AGENT",2020,39,22,,,61,,,TRUE
"SANITATION ENFORCEMENT AGENT",2021,42,19,,,61,,,TRUE
"SANITATION ENFORCEMENT AGENT",2022,38,25,,,63,,,TRUE
"SANITATION ENFORCEMENT AGENT",2023,44,11,,,55,,,TRUE
"SANITATION ENFORCEMENT AGENT",2024,45,0,,,45,,,TRUE
"SANITATION ENFORCEMENT AGENT",2025,43,0,,,43,,,TRUE
"SANITATION WORKER",2014,2705,860,69339,37458,3565,0.540215463159261,31881,FALSE
"SANITATION WORKER",2015,3033,891,72153,38093,3924,0.527947555888182,34060,FALSE
"SANITATION WORKER",2016,3308,933,73235,38664,4241,0.527944288932887,34571,FALSE
"SANITATION WORKER",2017,3516,791,75066,40553,4307,0.54023126315509,34513,FALSE
"SANITATION WORKER",2018,3569,642,77318,41770,4211,0.540236426187951,35548,FALSE
"SANITATION WORKER",2019,3398,958,77318,40820,4356,0.527949507229882,36498,FALSE
"SANITATION WORKER",2020,3099,909,77318,41770,4008,0.540236426187951,35548,FALSE
"SANITATION WORKER",2021,2847,267,83465,45091,3114,0.5402384232912,38374,FALSE
"SANITATION WORKER",2022,2706,933,83465,44064,3639,0.527933864494099,39401,FALSE
"SANITATION WORKER",2023,2753,1676,83465,45091,4429,0.5402384232912,38374,FALSE
"SANITATION WORKER",2024,2752,1251,88979,48069,4003,0.540228593263579,40910,FALSE
"SANITATION WORKER",2025,2723,947,92093,48619,3670,0.527933719175182,43474,FALSE
"SCHOOL BUSINESS MANAGER",2014,45,26,,,71,,,TRUE
"SCHOOL BUSINESS MANAGER",2015,61,22,,,83,,,TRUE
"SCHOOL BUSINESS MANAGER",2016,71,14,,,85,,,TRUE
"SCHOOL BUSINESS MANAGER",2017,71,10,,,81,,,TRUE
"SCHOOL BUSINESS MANAGER",2018,76,12,,,88,,,TRUE
"SCHOOL BUSINESS MANAGER",2019,77,12,,,89,,,TRUE
"SCHOOL BUSINESS MANAGER",2020,74,4,,,78,,,TRUE
"SCHOOL BUSINESS MANAGER",2021,74,2,,,76,,,TRUE
"SCHOOL BUSINESS MANAGER",2022,74,6,,,80,,,TRUE
"SCHOOL BUSINESS MANAGER",2023,76,7,,,83,,,TRUE
"SCHOOL BUSINESS MANAGER",2024,73,3,,,76,,,TRUE
"SCHOOL BUSINESS MANAGER",2025,76,2,,,78,,,TRUE
"SCHOOL COMPUTER TECHNOLOGY SPECIALIST",2014,26,44,,,70,,,TRUE
"SCHOOL COMPUTER TECHNOLOGY SPECIALIST",2015,44,53,53802.5,36145,97,0.671808930811765,17657.5,FALSE
"SCHOOL COMPUTER TECHNOLOGY SPECIALIST",2016,56,67,57101.5,40132,123,0.7028186650088,16969.5,FALSE
"SCHOOL COMPUTER TECHNOLOGY SPECIALIST",2017,69,69,59854,41336,138,0.690613826978982,18518,FALSE
"SCHOOL COMPUTER TECHNOLOGY SPECIALIST",2018,82,43,58772,41336,125,0.703328115429116,17436,FALSE
"SCHOOL COMPUTER TECHNOLOGY SPECIALIST",2019,82,26,,,108,,,TRUE
"SCHOOL COMPUTER TECHNOLOGY SPECIALIST",2020,84,28,,,112,,,TRUE
"SCHOOL COMPUTER TECHNOLOGY SPECIALIST",2021,98,6,,,104,,,TRUE
"SCHOOL COMPUTER TECHNOLOGY SPECIALIST",2022,97,13,,,110,,,TRUE
"SCHOOL COMPUTER TECHNOLOGY SPECIALIST",2023,102,32,74404.5,48522,134,0.652137975525674,25882.5,FALSE
"SCHOOL COMPUTER TECHNOLOGY SPECIALIST",2024,111,26,,,137,,,TRUE
"SCHOOL COMPUTER TECHNOLOGY SPECIALIST",2025,130,15,,,145,,,TRUE
"SCHOOL CROSSING GUARD",2019,47,0,,,47,,,TRUE
"SCHOOL CROSSING GUARD",2020,50,0,,,50,,,TRUE
"SCHOOL CROSSING GUARD",2021,51,0,,,51,,,TRUE
"SCHOOL CROSSING GUARD",2022,47,0,,,47,,,TRUE
"SCHOOL CROSSING GUARD",2023,49,0,,,49,,,TRUE
"SCHOOL CROSSING GUARD",2024,54,1,,,55,,,TRUE
"SCHOOL CROSSING GUARD",2025,62,2,,,64,,,TRUE
"SCHOOL EQUIPMENT MAINTAINER",2014,1,0,,,1,,,TRUE
"SCHOOL EQUIPMENT MAINTAINER",2015,1,0,,,1,,,TRUE
"SCHOOL EQUIPMENT MAINTAINER",2016,1,0,,,1,,,TRUE
"SCHOOL EQUIPMENT MAINTAINER",2017,1,0,,,1,,,TRUE
"SCHOOL EQUIPMENT MAINTAINER",2018,1,0,,,1,,,TRUE
"SCHOOL EQUIPMENT MAINTAINER",2019,1,0,,,1,,,TRUE
"SCHOOL EQUIPMENT MAINTAINER",2020,1,0,,,1,,,TRUE
"SCHOOL EQUIPMENT MAINTAINER",2021,1,0,,,1,,,TRUE
"SCHOOL EQUIPMENT MAINTAINER",2022,1,0,,,1,,,TRUE
"SCHOOL EQUIPMENT MAINTAINER",2023,1,0,,,1,,,TRUE
"SCHOOL EQUIPMENT MAINTAINER",2024,1,0,,,1,,,TRUE
"SCHOOL EQUIPMENT MAINTAINER",2025,1,0,,,1,,,TRUE
"SCHOOL FOOD SERVICE MANAGER",2014,202,43,53020,36856,245,0.695133911731422,16164,FALSE
"SCHOOL FOOD SERVICE MANAGER",2015,200,56,56832,39505,256,0.695118947072072,17327,FALSE
"SCHOOL FOOD SERVICE MANAGER",2016,217,53,56832,39505,270,0.695118947072072,17327,FALSE
"SCHOOL FOOD SERVICE MANAGER",2017,196,71,56832,39505,267,0.695118947072072,17327,FALSE
"SCHOOL FOOD SERVICE MANAGER",2018,195,77,58537,40690,272,0.69511590959564,17847,FALSE
"SCHOOL FOOD SERVICE MANAGER",2019,186,75,58542,40690,261,0.695056540603328,17852,FALSE
"SCHOOL FOOD SERVICE MANAGER",2020,179,50,62889,43711,229,0.695050008745568,19178,FALSE
"SCHOOL FOOD SERVICE MANAGER",2021,175,34,62889,43711,209,0.695050008745568,19178,FALSE
"SCHOOL FOOD SERVICE MANAGER",2022,159,54,62889,43711,213,0.695050008745568,19178,FALSE
"SCHOOL FOOD SERVICE MANAGER",2023,149,64,62889,43711,213,0.695050008745568,19178,FALSE
"SCHOOL FOOD SERVICE MANAGER",2024,138,56,66719,46373,194,0.695049386231808,20346,FALSE
"SCHOOL FOOD SERVICE MANAGER",2025,138,31,71360,49763,169,0.697351457399103,21597,FALSE
"SCHOOL LUNCH ASSISTANT",2014,33,0,,,33,,,TRUE
"SCHOOL LUNCH ASSISTANT",2015,38,4,,,42,,,TRUE
"SCHOOL LUNCH ASSISTANT",2016,38,11,,,49,,,TRUE
"SCHOOL LUNCH ASSISTANT",2017,36,15,,,51,,,TRUE
"SCHOOL LUNCH ASSISTANT",2018,37,11,,,48,,,TRUE
"SCHOOL LUNCH ASSISTANT",2019,35,9,,,44,,,TRUE
"SCHOOL LUNCH ASSISTANT",2020,33,5,,,38,,,TRUE
"SCHOOL LUNCH ASSISTANT",2021,29,3,,,32,,,TRUE
"SCHOOL LUNCH ASSISTANT",2022,25,1,,,26,,,TRUE
"SCHOOL LUNCH ASSISTANT",2023,18,0,,,18,,,TRUE
"SCHOOL LUNCH ASSISTANT",2024,10,0,,,10,,,TRUE
"SCHOOL LUNCH ASSISTANT",2025,11,0,,,11,,,TRUE
"SCHOOL LUNCH ASSISTANT COOK",2014,2,0,,,2,,,TRUE
"SCHOOL LUNCH ASSISTANT COOK",2018,1,0,,,1,,,TRUE
"SCHOOL LUNCH LOADER AND HANDLER",2014,29,0,,,29,,,TRUE
"SCHOOL LUNCH LOADER AND HANDLER",2015,27,0,,,27,,,TRUE
"SCHOOL LUNCH LOADER AND HANDLER",2016,27,0,,,27,,,TRUE
"SCHOOL LUNCH LOADER AND HANDLER",2017,25,1,,,26,,,TRUE
"SCHOOL LUNCH LOADER AND HANDLER",2018,25,0,,,25,,,TRUE
"SCHOOL LUNCH LOADER AND HANDLER",2019,25,0,,,25,,,TRUE
"SCHOOL LUNCH LOADER AND HANDLER",2020,22,0,,,22,,,TRUE
"SCHOOL LUNCH LOADER AND HANDLER",2021,23,0,,,23,,,TRUE
"SCHOOL LUNCH LOADER AND HANDLER",2022,19,0,,,19,,,TRUE
"SCHOOL LUNCH LOADER AND HANDLER",2023,18,0,,,18,,,TRUE
"SCHOOL LUNCH LOADER AND HANDLER",2024,23,0,,,23,,,TRUE
"SCHOOL LUNCH LOADER AND HANDLER",2025,25,0,,,25,,,TRUE
"SCHOOL MEDICAL INSPECTOR",2014,2,0,,,2,,,TRUE
"SCHOOL MEDICAL INSPECTOR",2015,2,0,,,2,,,TRUE
"SCHOOL MEDICAL INSPECTOR",2016,3,0,,,3,,,TRUE
"SCHOOL MEDICAL INSPECTOR",2017,3,0,,,3,,,TRUE
"SCHOOL MEDICAL INSPECTOR",2018,3,0,,,3,,,TRUE
"SCHOOL MEDICAL INSPECTOR",2019,3,0,,,3,,,TRUE
"SCHOOL MEDICAL INSPECTOR",2020,3,0,,,3,,,TRUE
"SCHOOL MEDICAL INSPECTOR",2021,3,0,,,3,,,TRUE
"SCHOOL MEDICAL INSPECTOR",2022,1,0,,,1,,,TRUE
"SCHOOL MEDICAL INSPECTOR",2023,1,1,,,2,,,TRUE
"SCHOOL MEDICAL INSPECTOR",2024,1,1,,,2,,,TRUE
"SCHOOL MEDICAL INSPECTOR",2025,1,0,,,1,,,TRUE
"SCHOOL MEDICAL INSPECTOR REG SUB",2014,1,0,,,1,,,TRUE
"SCHOOL NEIGHBORHOOD WORKER",2014,3,0,,,3,,,TRUE
"SCHOOL NEIGHBORHOOD WORKER",2015,2,1,,,3,,,TRUE
"SCHOOL NEIGHBORHOOD WORKER",2016,2,0,,,2,,,TRUE
"SCHOOL NEIGHBORHOOD WORKER",2017,2,1,,,3,,,TRUE
"SCHOOL NEIGHBORHOOD WORKER",2018,2,1,,,3,,,TRUE
"SCHOOL NEIGHBORHOOD WORKER",2019,2,0,,,2,,,TRUE
"SCHOOL NEIGHBORHOOD WORKER",2020,1,0,,,1,,,TRUE
"SCHOOL NEIGHBORHOOD WORKER",2021,1,0,,,1,,,TRUE
"SCHOOL NEIGHBORHOOD WORKER",2022,2,0,,,2,,,TRUE
"SCHOOL NEIGHBORHOOD WORKER",2023,3,0,,,3,,,TRUE
"SCHOOL NEIGHBORHOOD WORKER",2024,1,0,,,1,,,TRUE
"SCHOOL NEIGHBORHOOD WORKER",2025,2,0,,,2,,,TRUE
"SCHOOL PLANT MANAGER",2014,13,5,,,18,,,TRUE
"SCHOOL PLANT MANAGER",2015,10,5,,,15,,,TRUE
"SCHOOL PLANT MANAGER",2016,16,8,,,24,,,TRUE
"SCHOOL PLANT MANAGER",2017,16,8,,,24,,,TRUE
"SCHOOL PLANT MANAGER",2018,17,9,,,26,,,TRUE
"SCHOOL PLANT MANAGER",2019,13,11,,,24,,,TRUE
"SCHOOL PLANT MANAGER",2020,12,7,,,19,,,TRUE
"SCHOOL PLANT MANAGER",2021,13,4,,,17,,,TRUE
"SCHOOL PLANT MANAGER",2022,15,4,,,19,,,TRUE
"SCHOOL PLANT MANAGER",2023,13,3,,,16,,,TRUE
"SCHOOL PLANT MANAGER",2024,14,1,,,15,,,TRUE
"SCHOOL PLANT MANAGER",2025,14,5,,,19,,,TRUE
"SCHOOL PSYCHIATRIST",2014,1,0,,,1,,,TRUE
"SCHOOL PSYCHIATRIST",2015,1,0,,,1,,,TRUE
"SCHOOL PSYCHIATRIST",2016,1,0,,,1,,,TRUE
"SCHOOL PSYCHIATRIST",2017,1,0,,,1,,,TRUE
"SCHOOL PSYCHIATRIST",2018,1,0,,,1,,,TRUE
"SCHOOL PSYCHIATRIST",2019,1,0,,,1,,,TRUE
"SCHOOL PSYCHIATRIST",2020,1,0,,,1,,,TRUE
"SCHOOL PSYCHIATRIST",2021,1,0,,,1,,,TRUE
"SCHOOL PSYCHIATRIST",2022,1,0,,,1,,,TRUE
"SCHOOL PSYCHIATRIST",2023,1,0,,,1,,,TRUE
"SCHOOL PSYCHIATRIST",2024,1,0,,,1,,,TRUE
"SCHOOL PSYCHIATRIST",2025,1,0,,,1,,,TRUE
"SCHOOL PSYCHOLGIST",2014,662,108,90205,59240,770,0.656726345546256,30965,FALSE
"SCHOOL PSYCHOLGIST",2015,716,122,94181.5,62256,838,0.661021538200177,31925.5,FALSE
"SCHOOL PSYCHOLGIST",2016,727,166,96831,64429,893,0.665375757763526,32402,FALSE
"SCHOOL PSYCHOLGIST",2017,721,161,101237,67360,882,0.665369380759999,33877,FALSE
"SCHOOL PSYCHOLGIST",2018,729,92,106319,70741,821,0.665365550842277,35578,FALSE
"SCHOOL PSYCHOLGIST",2019,760,68,108445,72156,828,0.665369542164231,36289,FALSE
"SCHOOL PSYCHOLGIST",2020,777,154,111156,73960,931,0.665371190039224,37196,FALSE
"SCHOOL PSYCHOLGIST",2021,802,119,114491,76179,921,0.665371077202575,38312,FALSE
"SCHOOL PSYCHOLGIST",2022,788,113,114491,76179,901,0.665371077202575,38312,FALSE
"SCHOOL PSYCHOLGIST",2023,809,149,114491,76179,958,0.665371077202575,38312,FALSE
"SCHOOL PSYCHOLGIST",2024,860,103,121464,80818,963,0.665365869722716,40646,FALSE
"SCHOOL PSYCHOLGIST",2025,894,70,125109,83243,964,0.66536380276399,41866,FALSE
"SCHOOL PSYCHOLOGIST REG SUB",2014,0,4,,,4,,,TRUE
"SCHOOL PSYCHOLOGIST REG SUB",2015,1,3,,,4,,,TRUE
"SCHOOL PSYCHOLOGIST REG SUB",2016,0,2,,,2,,,TRUE
"SCHOOL PSYCHOLOGIST REG SUB",2017,1,3,,,4,,,TRUE
"SCHOOL PSYCHOLOGIST REG SUB",2018,0,2,,,2,,,TRUE
"SCHOOL PSYCHOLOGIST REG SUB",2019,0,7,,,7,,,TRUE
"SCHOOL PSYCHOLOGIST REG SUB",2020,1,2,,,3,,,TRUE
"SCHOOL PSYCHOLOGIST REG SUB",2022,0,1,,,1,,,TRUE
"SCHOOL PSYCHOLOGIST REG SUB",2024,0,1,,,1,,,TRUE
"SCHOOL SAFETY AGENT",2014,2249,456,35323,31259,2705,0.884947484641735,4064,FALSE
"SCHOOL SAFETY AGENT",2015,2344,420,37881,33821,2764,0.892822259180064,4060,FALSE
"SCHOOL SAFETY AGENT",2016,2492,402,39868,31482,2894,0.789655864352363,8386,FALSE
"SCHOOL SAFETY AGENT",2017,2800,608,42136,32426,3408,0.769555724321246,9710,FALSE
"SCHOOL SAFETY AGENT",2018,2767,930,46737,32426,3697,0.693797205640071,14311,FALSE
"SCHOOL SAFETY AGENT",2019,2721,985,46737,32426,3706,0.693797205640071,14311,FALSE
"SCHOOL SAFETY AGENT",2020,2670,634,50207,34834,3304,0.693807636385365,15373,FALSE
"SCHOOL SAFETY AGENT",2021,2513,217,50207,34834,2730,0.693807636385365,15373,FALSE
"SCHOOL SAFETY AGENT",2022,2273,355,50207,34834,2628,0.693807636385365,15373,FALSE
"SCHOOL SAFETY AGENT",2023,2156,626,50207,34834,2782,0.693807636385365,15373,FALSE
"SCHOOL SAFETY AGENT",2024,2115,420,53264,36955,2535,0.693808200660859,16309,FALSE
"SCHOOL SAFETY AGENT",2025,2028,347,56508,39206,2375,0.693813265378354,17302,FALSE
"SCHOOL SECRETARY",2014,2257,56,53344,43279,2313,0.81131898620276,10065,FALSE
"SCHOOL SECRETARY",2015,2293,110,56150,45482,2403,0.810008904719501,10668,FALSE
"SCHOOL SECRETARY",2016,2294,168,58110,47070,2462,0.810015487867837,11040,FALSE
"SCHOOL SECRETARY",2017,2267,141,60754,50227,2408,0.826727458274352,10527,FALSE
"SCHOOL SECRETARY",2018,2281,134,63803,49810,2415,0.780684293841982,13993,FALSE
"SCHOOL SECRETARY",2019,2239,126,65579,50283,2365,0.766754601320545,15296,FALSE
"SCHOOL SECRETARY",2020,2143,130,67218,51119,2273,0.760495700556399,16099,FALSE
"SCHOOL SECRETARY",2021,2099,63,69713,55948,2162,0.802547587967811,13765,FALSE
"SCHOOL SECRETARY",2022,1920,100,69234,45545,2020,0.657841522951151,23689,FALSE
"SCHOOL SECRETARY",2023,1897,139,69234,49345,2036,0.712727850478089,19889,FALSE
"SCHOOL SECRETARY",2024,1946,78,73335,52351,2024,0.713861048612532,20984,FALSE
"SCHOOL SECRETARY",2025,2007,75,74398,53922,2082,0.724777547783543,20476,FALSE
"SCHOOL SECRETARY REG SUB",2015,42,29,,,71,,,TRUE
"SCHOOL SECRETARY REG SUB",2016,65,45,38475,38475,110,1,0,FALSE
"SCHOOL SECRETARY REG SUB",2017,92,55,41521,40869,147,0.984297102670938,652,FALSE
"SCHOOL SECRETARY REG SUB",2018,100,59,44889,42295,159,0.942213014324222,2594,FALSE
"SCHOOL SECRETARY REG SUB",2019,87,51,46535,43778,138,0.940754270978833,2757,FALSE
"SCHOOL SECRETARY REG SUB",2020,90,47,47315,44167,137,0.93346718799535,3148,FALSE
"SCHOOL SECRETARY REG SUB",2021,82,21,,,103,,,TRUE
"SCHOOL SECRETARY REG SUB",2022,115,53,49129,42418,168,0.863400435587942,6711,FALSE
"SCHOOL SECRETARY REG SUB",2023,107,65,49129,45492,172,0.92597040444544,3637,FALSE
"SCHOOL SECRETARY REG SUB",2024,107,43,52121,45002,150,0.86341397901038,7119,FALSE
"SCHOOL SECRETARY REG SUB",2025,99,42,53685,49711,141,0.925975598398063,3974,FALSE
"SCHOOL SOCIAL WORKER",2014,784,89,89033,69608,873,0.781822470319994,19425,FALSE
"SCHOOL SOCIAL WORKER",2015,841,169,93566,78252,1010,0.836329435906205,15314,FALSE
"SCHOOL SOCIAL WORKER",2016,849,244,96831,80983,1093,0.836333405624232,15848,FALSE
"SCHOOL SOCIAL WORKER",2017,909,258,101237,77431,1167,0.76484882009542,23806,FALSE
"SCHOOL SOCIAL WORKER",2018,942,208,106319,81318,1150,0.764849180297031,25001,FALSE
"SCHOOL SOCIAL WORKER",2019,975,105,104437,82944,1080,0.794201288815267,21493,FALSE
"SCHOOL SOCIAL WORKER",2020,975,299,107048,80934,1274,0.756053359240714,26114,FALSE
"SCHOOL SOCIAL WORKER",2021,970,254,114491,95753,1224,0.836336480596728,18738,FALSE
"SCHOOL SOCIAL WORKER",2022,987,511,110259,79164,1498,0.717982205534242,31095,FALSE
"SCHOOL SOCIAL WORKER",2023,1005,562,110259,83362,1567,0.756056194959142,26897,FALSE
"SCHOOL SOCIAL WORKER",2024,1047,172,116974,83985,1219,0.717980063945834,32989,FALSE
"SCHOOL SOCIAL WORKER",2025,1129,147,119272,86505,1276,0.72527500167684,32767,FALSE
"SCHOOL SOCIAL WORKER REG SUB",2014,0,2,,,2,,,TRUE
"SCHOOL SOCIAL WORKER REG SUB",2016,0,4,,,4,,,TRUE
"SCHOOL SOCIAL WORKER REG SUB",2017,1,1,,,2,,,TRUE
"SCHOOL SOCIAL WORKER REG SUB",2018,0,1,,,1,,,TRUE
"SCHOOL SOCIAL WORKER REG SUB",2019,4,7,,,11,,,TRUE
"SCHOOL SOCIAL WORKER REG SUB",2020,1,2,,,3,,,TRUE
"SCHOOL SOCIAL WORKER REG SUB",2021,2,0,,,2,,,TRUE
"SCHOOL SOCIAL WORKER REG SUB",2022,2,3,,,5,,,TRUE
"SCHOOL SOCIAL WORKER REG SUB",2023,3,2,,,5,,,TRUE
"SCHOOL SOCIAL WORKER REG SUB",2024,1,3,,,4,,,TRUE
"SCHOOL SOCIAL WORKER REG SUB",2025,3,1,,,4,,,TRUE
"SCIENTIST",2014,50,11,,,61,,,TRUE
"SCIENTIST",2015,45,10,,,55,,,TRUE
"SCIENTIST",2016,45,16,,,61,,,TRUE
"SCIENTIST",2017,48,48,70713,49274,96,0.696816709798764,21439,FALSE
"SCIENTIST",2018,50,40,70788.5,49274,90,0.696073514765816,21514.5,FALSE
"SCIENTIST",2019,50,19,,,69,,,TRUE
"SCIENTIST",2020,53,25,,,78,,,TRUE
"SCIENTIST",2021,53,19,,,72,,,TRUE
"SCIENTIST",2022,50,10,,,60,,,TRUE
"SCIENTIST",2023,57,10,,,67,,,TRUE
"SCIENTIST",2024,52,15,,,67,,,TRUE
"SCIENTIST",2025,47,20,,,67,,,TRUE
"SECOND DEPUTY COMPTROLLER",2014,0,1,,,1,,,TRUE
"SECOND DEPUTY COMPTROLLER",2015,0,1,,,1,,,TRUE
"SECOND DEPUTY COMPTROLLER",2022,0,1,,,1,,,TRUE
"SECOND DEPUTY COMPTROLLER",2023,0,1,,,1,,,TRUE
"SECRETARY",2014,813,10,,,823,,,TRUE
"SECRETARY",2015,748,16,,,764,,,TRUE
"SECRETARY",2016,704,24,,,728,,,TRUE
"SECRETARY",2017,644,18,,,662,,,TRUE
"SECRETARY",2018,578,40,40905,33875,618,0.828138369392495,7030,FALSE
"SECRETARY",2019,511,71,43960,35330,582,0.80368516833485,8630,FALSE
"SECRETARY",2020,456,90,46019,36390,546,0.790760338121211,9629,FALSE
"SECRETARY",2021,473,58,45178,36390,531,0.805480543627429,8788,FALSE
"SECRETARY",2022,382,64,45735,36390,446,0.795670711708757,9345,FALSE
"SECRETARY",2023,290,163,50311,39763,453,0.790344059947129,10548,FALSE
"SECRETARY",2024,252,167,51844,40956,419,0.789985340637297,10888,FALSE
"SECRETARY",2025,233,125,53678,42288,358,0.78780878572227,11390,FALSE
"SECRETARY OF COMM",2014,2,3,,,5,,,TRUE
"SECRETARY OF COMM",2015,2,3,,,5,,,TRUE
"SECRETARY OF COMM",2016,2,1,,,3,,,TRUE
"SECRETARY OF COMM",2017,2,1,,,3,,,TRUE
"SECRETARY OF COMM",2018,2,0,,,2,,,TRUE
"SECRETARY OF COMM",2019,3,0,,,3,,,TRUE
"SECRETARY OF COMM",2020,2,0,,,2,,,TRUE
"SECRETARY OF COMM",2021,2,0,,,2,,,TRUE
"SECRETARY OF COMM",2022,1,2,,,3,,,TRUE
"SECRETARY OF COMM",2023,1,1,,,2,,,TRUE
"SECRETARY OF COMM",2024,1,1,,,2,,,TRUE
"SECRETARY OF COMM",2025,1,0,,,1,,,TRUE
"SECRETARY OF COMMISSIONER",2018,0,1,,,1,,,TRUE
"SECRETARY OF COMMISSIONER",2019,0,1,,,1,,,TRUE
"SECRETARY OF DEPARTMENT",2023,0,1,,,1,,,TRUE
"SECRETARY OF THE AUTHORITY",2014,1,0,,,1,,,TRUE
"SECRETARY OF THE AUTHORITY",2015,1,0,,,1,,,TRUE
"SECRETARY OF THE AUTHORITY",2016,1,0,,,1,,,TRUE
"SECRETARY OF THE AUTHORITY",2017,1,0,,,1,,,TRUE
"SECRETARY OF THE AUTHORITY",2018,1,0,,,1,,,TRUE
"SECRETARY OF THE COMMISSION",2016,0,1,,,1,,,TRUE
"SECRETARY OF THE COMMISSION",2019,1,0,,,1,,,TRUE
"SECRETARY OF THE COMMISSION",2020,1,0,,,1,,,TRUE
"SECRETARY OF THE COMMISSION",2021,1,0,,,1,,,TRUE
"SECRETARY OF THE COMMISSION",2022,1,0,,,1,,,TRUE
"SECRETARY OF THE COMMISSION",2025,0,1,,,1,,,TRUE
"SECRETARY OF THE DEPARTMENT",2014,1,0,,,1,,,TRUE
"SECRETARY OF THE DEPARTMENT",2015,1,1,,,2,,,TRUE
"SECRETARY OF THE DEPARTMENT",2016,1,0,,,1,,,TRUE
"SECRETARY OF THE DEPARTMENT",2018,1,0,,,1,,,TRUE
"SECRETARY OF THE DEPARTMENT",2023,1,1,,,2,,,TRUE
"SECRETARY OF THE DEPARTMENT",2024,2,1,,,3,,,TRUE
"SECRETARY OF THE DEPARTMENT",2025,1,0,,,1,,,TRUE
"SECRETARY OF THE TAX COMMISSION",2014,1,0,,,1,,,TRUE
"SECRETARY OF THE TAX COMMISSION",2015,1,0,,,1,,,TRUE
"SECRETARY OF THE TAX COMMISSION",2016,1,0,,,1,,,TRUE
"SECRETARY OF THE TAX COMMISSION",2017,1,0,,,1,,,TRUE
"SECRETARY OF THE TAX COMMISSION",2018,1,0,,,1,,,TRUE
"SECRETARY OF THE TAX COMMISSION",2021,1,0,,,1,,,TRUE
"SECRETARY OF THE TAX COMMISSION",2022,1,0,,,1,,,TRUE
"SECRETARY OF THE TAX COMMISSION",2023,1,0,,,1,,,TRUE
"SECRETARY OF THE TAX COMMISSION",2024,1,0,,,1,,,TRUE
"SECRETARY TO ASSISTANT TO PRESIDENT",2014,1,0,,,1,,,TRUE
"SECRETARY TO ASSISTANT TO PRESIDENT",2015,1,0,,,1,,,TRUE
"SECRETARY TO ASSISTANT TO PRESIDENT",2016,1,0,,,1,,,TRUE
"SECRETARY TO ASSISTANT TO PRESIDENT",2017,1,0,,,1,,,TRUE
"SECRETARY TO ASSISTANT TO PRESIDENT",2018,1,0,,,1,,,TRUE
"SECRETARY TO ASSISTANT TO PRESIDENT",2019,1,0,,,1,,,TRUE
"SECRETARY TO ASSISTANT TO PRESIDENT",2020,1,0,,,1,,,TRUE
"SECRETARY TO ASSISTANT TO PRESIDENT",2021,1,0,,,1,,,TRUE
"SECRETARY TO ASSISTANT TO PRESIDENT",2022,1,0,,,1,,,TRUE
"SECRETARY TO COMMISSIONER",2022,0,1,,,1,,,TRUE
"SECRETARY TO COMMISSIONER",2023,0,1,,,1,,,TRUE
"SECRETARY TO COMMISSIONER OF BLDGS",2016,1,0,,,1,,,TRUE
"SECRETARY TO COMMUNITY SCHOOL BOARD",2014,6,6,,,12,,,TRUE
"SECRETARY TO COMMUNITY SCHOOL BOARD",2015,15,1,,,16,,,TRUE
"SECRETARY TO COMMUNITY SCHOOL BOARD",2016,15,0,,,15,,,TRUE
"SECRETARY TO COMMUNITY SCHOOL BOARD",2017,13,0,,,13,,,TRUE
"SECRETARY TO COMMUNITY SCHOOL BOARD",2018,13,0,,,13,,,TRUE
"SECRETARY TO COMMUNITY SCHOOL BOARD",2019,11,0,,,11,,,TRUE
"SECRETARY TO COMMUNITY SCHOOL BOARD",2020,10,0,,,10,,,TRUE
"SECRETARY TO COMMUNITY SCHOOL BOARD",2021,9,0,,,9,,,TRUE
"SECRETARY TO COMMUNITY SCHOOL BOARD",2022,8,0,,,8,,,TRUE
"SECRETARY TO CONFLICTS OF INTEREST BOARD",2016,1,0,,,1,,,TRUE
"SECRETARY TO CONFLICTS OF INTEREST BOARD",2017,1,0,,,1,,,TRUE
"SECRETARY TO CONFLICTS OF INTEREST BOARD",2018,0,1,,,1,,,TRUE
"SECRETARY TO CONFLICTS OF INTEREST BOARD",2019,0,1,,,1,,,TRUE
"SECRETARY TO DEPARTMENT",2015,0,1,,,1,,,TRUE
"SECRETARY TO DEPARTMENT",2016,0,1,,,1,,,TRUE
"SECRETARY TO DEPARTMENT",2023,0,1,,,1,,,TRUE
"SECRETARY TO DEPUTY COMMISSIONER",2014,2,0,,,2,,,TRUE
"SECRETARY TO DEPUTY COMMISSIONER",2015,1,1,,,2,,,TRUE
"SECRETARY TO DEPUTY COMMISSIONER",2016,0,2,,,2,,,TRUE
"SECRETARY TO DEPUTY COMMISSIONER",2017,0,1,,,1,,,TRUE
"SECRETARY TO DEPUTY COMMISSIONER",2019,0,1,,,1,,,TRUE
"SECRETARY TO DEPUTY COMMISSIONER",2020,0,1,,,1,,,TRUE
"SECRETARY TO DEPUTY COMMISSIONER",2024,0,2,,,2,,,TRUE
"SECRETARY TO DEPUTY COMMISSIONER",2025,0,2,,,2,,,TRUE
"SECRETARY TO DEPUTY EXECUTIVE DIRECTOR",2014,3,0,,,3,,,TRUE
"SECRETARY TO DEPUTY EXECUTIVE DIRECTOR",2015,3,0,,,3,,,TRUE
"SECRETARY TO DEPUTY EXECUTIVE DIRECTOR",2016,3,0,,,3,,,TRUE
"SECRETARY TO DEPUTY EXECUTIVE DIRECTOR",2017,3,1,,,4,,,TRUE
"SECRETARY TO DEPUTY EXECUTIVE DIRECTOR",2018,3,0,,,3,,,TRUE
"SECRETARY TO DEPUTY EXECUTIVE DIRECTOR",2019,0,1,,,1,,,TRUE
"SECRETARY TO DEPUTY EXECUTIVE DIRECTOR",2020,0,1,,,1,,,TRUE
"SECRETARY TO DEPUTY EXECUTIVE DIRECTOR",2021,0,2,,,2,,,TRUE
"SECRETARY TO DEPUTY EXECUTIVE DIRECTOR",2022,1,0,,,1,,,TRUE
"SECRETARY TO DEPUTY EXECUTIVE DIRECTOR",2023,2,1,,,3,,,TRUE
"SECRETARY TO DEPUTY EXECUTIVE DIRECTOR",2024,2,2,,,4,,,TRUE
"SECRETARY TO DEPUTY EXECUTIVE DIRECTOR",2025,2,1,,,3,,,TRUE
"SECRETARY TO DISTRICT ATTORNEY",2014,0,2,,,2,,,TRUE
"SECRETARY TO EXECUTIVE DIRECTOR",2019,1,0,,,1,,,TRUE
"SECRETARY TO EXECUTIVE DIRECTOR",2020,1,0,,,1,,,TRUE
"SECRETARY TO EXECUTIVE DIRECTOR",2021,1,0,,,1,,,TRUE
"SECRETARY TO EXECUTIVE DIRECTOR",2022,1,0,,,1,,,TRUE
"SECRETARY TO EXECUTIVE DIRECTOR",2023,1,0,,,1,,,TRUE
"SECRETARY TO EXECUTIVE DIRECTOR",2025,0,1,,,1,,,TRUE
"SECRETARY TO MEMBER",2014,1,0,,,1,,,TRUE
"SECRETARY TO MEMBER",2015,1,0,,,1,,,TRUE
"SECRETARY TO MEMBER",2016,1,0,,,1,,,TRUE
"SECRETARY TO MEMBER",2017,1,0,,,1,,,TRUE
"SECRETARY TO MEMBER",2018,1,0,,,1,,,TRUE
"SECRETARY TO MEMBER",2019,1,0,,,1,,,TRUE
"SECRETARY TO MEMBER",2020,1,0,,,1,,,TRUE
"SECRETARY TO MEMBER",2021,1,0,,,1,,,TRUE
"SECRETARY TO MEMBER",2022,1,1,,,2,,,TRUE
"SECRETARY TO MEMBER",2023,0,1,,,1,,,TRUE
"SECRETARY TO MEMBER",2024,0,2,,,2,,,TRUE
"SECRETARY TO MEMBER",2025,0,1,,,1,,,TRUE
"SECRETARY TO PUBLIC ADMINISTRATOR",2014,2,0,,,2,,,TRUE
"SECRETARY TO PUBLIC ADMINISTRATOR",2015,3,0,,,3,,,TRUE
"SECRETARY TO PUBLIC ADMINISTRATOR",2016,3,0,,,3,,,TRUE
"SECRETARY TO PUBLIC ADMINISTRATOR",2017,3,0,,,3,,,TRUE
"SECRETARY TO PUBLIC ADMINISTRATOR",2018,3,0,,,3,,,TRUE
"SECRETARY TO PUBLIC ADMINISTRATOR",2019,2,0,,,2,,,TRUE
"SECRETARY TO PUBLIC ADMINISTRATOR",2020,2,0,,,2,,,TRUE
"SECRETARY TO PUBLIC ADMINISTRATOR",2021,2,0,,,2,,,TRUE
"SECRETARY TO PUBLIC ADMINISTRATOR",2022,2,0,,,2,,,TRUE
"SECRETARY TO PUBLIC ADMINISTRATOR",2023,2,0,,,2,,,TRUE
"SECRETARY TO PUBLIC ADMINISTRATOR",2024,2,0,,,2,,,TRUE
"SECRETARY TO PUBLIC ADMINISTRATOR",2025,2,0,,,2,,,TRUE
"SECRETARY TO THE BOARD OF CORRECTION",2017,0,1,,,1,,,TRUE
"SECRETARY TO THE BOARD OF CORRECTION",2019,0,1,,,1,,,TRUE
"SECRETARY TO THE BOARD OF CORRECTION",2022,0,1,,,1,,,TRUE
"SECRETARY TO THE BOARD OF CORRECTION",2023,0,1,,,1,,,TRUE
"SECRETARY TO THE CHAIR LANDMARKS PRESERVATION COMMISSION",2014,1,0,,,1,,,TRUE
"SECRETARY TO THE CHAIR LANDMARKS PRESERVATION COMMISSION",2015,1,0,,,1,,,TRUE
"SECRETARY TO THE CHAIR LANDMARKS PRESERVATION COMMISSION",2016,1,0,,,1,,,TRUE
"SECRETARY TO THE CHAIR LANDMARKS PRESERVATION COMMISSION",2017,0,1,,,1,,,TRUE
"SECRETARY TO THE CHAIR LANDMARKS PRESERVATION COMMISSION",2018,0,1,,,1,,,TRUE
"SECRETARY TO THE CHAIR LANDMARKS PRESERVATION COMMISSION",2024,0,1,,,1,,,TRUE
"SECRETARY TO THE CHAIRMAN",2020,0,1,,,1,,,TRUE
"SECRETARY TO THE CHAIRMAN",2021,0,1,,,1,,,TRUE
"SECRETARY TO THE CHAIRMAN",2022,0,1,,,1,,,TRUE
"SECRETARY TO THE CHAIRMAN",2023,0,1,,,1,,,TRUE
"SECRETARY TO THE CHAIRPERSON",2019,0,1,,,1,,,TRUE
"SECRETARY TO THE CHAIRPERSON",2020,0,1,,,1,,,TRUE
"SECRETARY TO THE CHAIRPERSON",2022,0,1,,,1,,,TRUE
"SECRETARY TO THE CHANCELLOR",2021,1,0,,,1,,,TRUE
"SECRETARY TO THE CHANCELLOR",2022,1,0,,,1,,,TRUE
"SECRETARY TO THE CHANCELLOR",2023,1,0,,,1,,,TRUE
"SECRETARY TO THE CHANCELLOR",2024,1,0,,,1,,,TRUE
"SECRETARY TO THE CHANCELLOR",2025,1,0,,,1,,,TRUE
"SECRETARY TO THE CHIEF ACTUARY",2018,0,1,,,1,,,TRUE
"SECRETARY TO THE CHIEF ACTUARY",2019,0,1,,,1,,,TRUE
"SECRETARY TO THE COMMISSIONER",2014,3,0,,,3,,,TRUE
"SECRETARY TO THE COMMISSIONER",2015,3,0,,,3,,,TRUE
"SECRETARY TO THE COMMISSIONER",2016,3,0,,,3,,,TRUE
"SECRETARY TO THE COMMISSIONER",2017,3,1,,,4,,,TRUE
"SECRETARY TO THE COMMISSIONER",2018,2,2,,,4,,,TRUE
"SECRETARY TO THE COMMISSIONER",2019,2,0,,,2,,,TRUE
"SECRETARY TO THE COMMISSIONER",2020,1,0,,,1,,,TRUE
"SECRETARY TO THE COMMISSIONER",2021,1,1,,,2,,,TRUE
"SECRETARY TO THE COMMISSIONER",2022,2,0,,,2,,,TRUE
"SECRETARY TO THE COMMISSIONER",2023,2,0,,,2,,,TRUE
"SECRETARY TO THE COMMISSIONER",2024,1,0,,,1,,,TRUE
"SECRETARY TO THE COMMISSIONER",2025,1,1,,,2,,,TRUE
"SECRETARY TO THE COMMISSIONER OF BLDGS",2017,1,0,,,1,,,TRUE
"SECRETARY TO THE COMMISSIONER OF BLDGS",2018,1,0,,,1,,,TRUE
"SECRETARY TO THE COMMISSIONER OF BLDGS",2019,1,0,,,1,,,TRUE
"SECRETARY TO THE COMMISSIONER OF BLDGS",2020,1,0,,,1,,,TRUE
"SECRETARY TO THE COMMISSIONER OF BLDGS",2021,1,0,,,1,,,TRUE
"SECRETARY TO THE COMMISSIONER OF DDC",2014,1,0,,,1,,,TRUE
"SECRETARY TO THE COMMISSIONER OF DDC",2015,1,0,,,1,,,TRUE
"SECRETARY TO THE COMMISSIONER OF DDC",2016,1,0,,,1,,,TRUE
"SECRETARY TO THE COMMISSIONER OF DDC",2017,1,0,,,1,,,TRUE
"SECRETARY TO THE COMMISSIONER OF DDC",2018,1,0,,,1,,,TRUE
"SECRETARY TO THE COMMISSIONER OF LABOR RELATIONS",2015,0,1,,,1,,,TRUE
"SECRETARY TO THE COMMISSIONER OF LABOR RELATIONS",2016,0,1,,,1,,,TRUE
"SECRETARY TO THE COMMISSIONER OF LABOR RELATIONS",2017,1,0,,,1,,,TRUE
"SECRETARY TO THE COMMISSIONER OF LABOR RELATIONS",2018,1,0,,,1,,,TRUE
"SECRETARY TO THE COMMISSIONER OF LABOR RELATIONS",2019,1,0,,,1,,,TRUE
"SECRETARY TO THE COMMISSIONER OF LABOR RELATIONS",2020,1,0,,,1,,,TRUE
"SECRETARY TO THE COMMISSIONER OF LABOR RELATIONS",2021,1,0,,,1,,,TRUE
"SECRETARY TO THE COMMISSIONER OF LABOR RELATIONS",2022,1,0,,,1,,,TRUE
"SECRETARY TO THE COMMISSIONER OF LABOR RELATIONS",2023,1,0,,,1,,,TRUE
"SECRETARY TO THE CORPORATION COUNSEL",2014,1,0,,,1,,,TRUE
"SECRETARY TO THE CORPORATION COUNSEL",2015,1,0,,,1,,,TRUE
"SECRETARY TO THE CORPORATION COUNSEL",2016,1,0,,,1,,,TRUE
"SECRETARY TO THE CORPORATION COUNSEL",2017,1,0,,,1,,,TRUE
"SECRETARY TO THE CORPORATION COUNSEL",2018,1,0,,,1,,,TRUE
"SECRETARY TO THE CORPORATION COUNSEL",2019,1,0,,,1,,,TRUE
"SECRETARY TO THE CORPORATION COUNSEL",2020,1,0,,,1,,,TRUE
"SECRETARY TO THE CORPORATION COUNSEL",2021,1,0,,,1,,,TRUE
"SECRETARY TO THE CORPORATION COUNSEL",2022,1,0,,,1,,,TRUE
"SECRETARY TO THE CORPORATION COUNSEL",2023,1,0,,,1,,,TRUE
"SECRETARY TO THE CORPORATION COUNSEL",2024,1,0,,,1,,,TRUE
"SECRETARY TO THE CORPORATION COUNSEL",2025,1,0,,,1,,,TRUE
"SECRETARY TO THE COUNSEL TO THE CHANCELLOR",2016,1,0,,,1,,,TRUE
"SECRETARY TO THE COUNSEL TO THE CHANCELLOR",2017,1,1,,,2,,,TRUE
"SECRETARY TO THE COUNSEL TO THE CHANCELLOR",2018,0,1,,,1,,,TRUE
"SECRETARY TO THE DEPARTMENT",2017,0,1,,,1,,,TRUE
"SECRETARY TO THE DEPARTMENT",2020,0,1,,,1,,,TRUE
"SECRETARY TO THE DEPARTMENT",2021,0,1,,,1,,,TRUE
"SECRETARY TO THE DEPARTMENT",2022,1,2,,,3,,,TRUE
"SECRETARY TO THE DEPARTMENT",2023,1,0,,,1,,,TRUE
"SECRETARY TO THE DEPARTMENT",2024,1,0,,,1,,,TRUE
"SECRETARY TO THE DEPARTMENT",2025,1,0,,,1,,,TRUE
"SECRETARY TO THE DEPUTY BORO PRESIDENT",2014,1,0,,,1,,,TRUE
"SECRETARY TO THE DEPUTY BORO PRESIDENT",2015,1,0,,,1,,,TRUE
"SECRETARY TO THE DEPUTY BORO PRESIDENT",2016,1,0,,,1,,,TRUE
"SECRETARY TO THE DEPUTY BORO PRESIDENT",2017,1,0,,,1,,,TRUE
"SECRETARY TO THE DEPUTY BORO PRESIDENT",2018,1,0,,,1,,,TRUE
"SECRETARY TO THE DEPUTY BORO PRESIDENT",2019,1,0,,,1,,,TRUE
"SECRETARY TO THE DEPUTY BORO PRESIDENT",2020,1,0,,,1,,,TRUE
"SECRETARY TO THE DEPUTY BORO PRESIDENT",2021,1,0,,,1,,,TRUE
"SECRETARY TO THE DEPUTY BORO PRESIDENT",2022,1,1,,,2,,,TRUE
"SECRETARY TO THE DEPUTY BORO PRESIDENT",2023,1,1,,,2,,,TRUE
"SECRETARY TO THE DEPUTY BORO PRESIDENT",2024,1,0,,,1,,,TRUE
"SECRETARY TO THE DEPUTY BORO PRESIDENT",2025,1,0,,,1,,,TRUE
"SECRETARY TO THE DEPUTY CHAIR",2014,0,1,,,1,,,TRUE
"SECRETARY TO THE DEPUTY CHAIR",2015,0,1,,,1,,,TRUE
"SECRETARY TO THE DEPUTY CHAIR",2016,0,1,,,1,,,TRUE
"SECRETARY TO THE DEPUTY CHAIR",2023,1,0,,,1,,,TRUE
"SECRETARY TO THE DEPUTY CHAIR",2024,1,0,,,1,,,TRUE
"SECRETARY TO THE DEPUTY CHAIR",2025,1,0,,,1,,,TRUE
"SECRETARY TO THE DEPUTY CHANCELLOR",2014,1,0,,,1,,,TRUE
"SECRETARY TO THE DEPUTY CHANCELLOR",2015,1,0,,,1,,,TRUE
"SECRETARY TO THE DEPUTY CHANCELLOR",2016,1,0,,,1,,,TRUE
"SECRETARY TO THE DEPUTY CHANCELLOR",2017,1,0,,,1,,,TRUE
"SECRETARY TO THE DEPUTY CHANCELLOR",2018,2,2,,,4,,,TRUE
"SECRETARY TO THE DEPUTY CHANCELLOR",2019,2,3,,,5,,,TRUE
"SECRETARY TO THE DEPUTY CHANCELLOR",2020,2,2,,,4,,,TRUE
"SECRETARY TO THE DEPUTY CHANCELLOR",2021,2,1,,,3,,,TRUE
"SECRETARY TO THE DEPUTY CHANCELLOR",2022,3,0,,,3,,,TRUE
"SECRETARY TO THE DEPUTY CHANCELLOR",2023,3,0,,,3,,,TRUE
"SECRETARY TO THE DEPUTY CHANCELLOR",2024,3,1,,,4,,,TRUE
"SECRETARY TO THE DEPUTY CHANCELLOR",2025,4,1,,,5,,,TRUE
"SECRETARY TO THE DEPUTY COMMISSIONER",2014,2,0,,,2,,,TRUE
"SECRETARY TO THE DEPUTY COMMISSIONER",2015,2,2,,,4,,,TRUE
"SECRETARY TO THE DEPUTY COMMISSIONER",2016,3,3,,,6,,,TRUE
"SECRETARY TO THE DEPUTY COMMISSIONER",2017,3,3,,,6,,,TRUE
"SECRETARY TO THE DEPUTY COMMISSIONER",2018,2,2,,,4,,,TRUE
"SECRETARY TO THE DEPUTY COMMISSIONER",2019,3,2,,,5,,,TRUE
"SECRETARY TO THE DEPUTY COMMISSIONER",2020,2,1,,,3,,,TRUE
"SECRETARY TO THE DEPUTY COMMISSIONER",2021,2,0,,,2,,,TRUE
"SECRETARY TO THE DEPUTY COMMISSIONER",2022,2,3,,,5,,,TRUE
"SECRETARY TO THE DEPUTY COMMISSIONER",2023,3,2,,,5,,,TRUE
"SECRETARY TO THE DEPUTY COMMISSIONER",2024,4,1,,,5,,,TRUE
"SECRETARY TO THE DEPUTY COMMISSIONER",2025,5,4,,,9,,,TRUE
"SECRETARY TO THE EXCUTIVE ASSISTANT",2014,1,0,,,1,,,TRUE
"SECRETARY TO THE EXCUTIVE ASSISTANT",2022,1,0,,,1,,,TRUE
"SECRETARY TO THE EXCUTIVE ASSISTANT",2023,1,0,,,1,,,TRUE
"SECRETARY TO THE EXEC DEPUTY COMMISSIONER",2014,1,0,,,1,,,TRUE
"SECRETARY TO THE EXEC DEPUTY COMMISSIONER",2015,1,0,,,1,,,TRUE
"SECRETARY TO THE EXEC DEPUTY COMMISSIONER",2016,1,0,,,1,,,TRUE
"SECRETARY TO THE EXEC DEPUTY COMMISSIONER",2017,1,0,,,1,,,TRUE
"SECRETARY TO THE EXEC DEPUTY COMMISSIONER",2018,1,0,,,1,,,TRUE
"SECRETARY TO THE EXEC DEPUTY COMMISSIONER",2019,1,0,,,1,,,TRUE
"SECRETARY TO THE EXEC DEPUTY COMMISSIONER",2020,1,0,,,1,,,TRUE
"SECRETARY TO THE EXEC DEPUTY COMMISSIONER",2021,1,0,,,1,,,TRUE
"SECRETARY TO THE EXEC DEPUTY COMMISSIONER",2025,0,1,,,1,,,TRUE
"SECRETARY TO THE EXECUTIVE DIRECTOR",2014,1,0,,,1,,,TRUE
"SECRETARY TO THE EXECUTIVE DIRECTOR",2015,2,0,,,2,,,TRUE
"SECRETARY TO THE EXECUTIVE DIRECTOR",2016,2,0,,,2,,,TRUE
"SECRETARY TO THE EXECUTIVE DIRECTOR",2017,2,0,,,2,,,TRUE
"SECRETARY TO THE EXECUTIVE DIRECTOR",2018,1,0,,,1,,,TRUE
"SECRETARY TO THE EXECUTIVE DIRECTOR",2019,1,0,,,1,,,TRUE
"SECRETARY TO THE EXECUTIVE DIRECTOR",2023,0,1,,,1,,,TRUE
"SECRETARY TO THE EXECUTIVE DIRECTOR",2024,0,1,,,1,,,TRUE
"SECRETARY TO THE EXECUTIVE DIRECTOR OF RETIREMENT SYSTEM",2015,1,0,,,1,,,TRUE
"SECRETARY TO THE EXECUTIVE DIRECTOR OF RETIREMENT SYSTEM",2016,1,0,,,1,,,TRUE
"SECRETARY TO THE EXECUTIVE DIRECTOR OF RETIREMENT SYSTEM",2018,0,1,,,1,,,TRUE
"SECRETARY TO THE EXECUTIVE DIRECTOR OF RETIREMENT SYSTEM",2019,0,1,,,1,,,TRUE
"SECRETARY TO THE FIRE COMMISSIONER",2015,1,0,,,1,,,TRUE
"SECRETARY TO THE FIRE COMMISSIONER",2016,1,0,,,1,,,TRUE
"SECRETARY TO THE FIRE COMMISSIONER",2017,1,0,,,1,,,TRUE
"SECRETARY TO THE FIRE COMMISSIONER",2018,1,0,,,1,,,TRUE
"SECRETARY TO THE FIRE COMMISSIONER",2019,1,0,,,1,,,TRUE
"SECRETARY TO THE FIRE COMMISSIONER",2020,1,0,,,1,,,TRUE
"SECRETARY TO THE FIRE COMMISSIONER",2021,1,0,,,1,,,TRUE
"SECRETARY TO THE FIRE COMMISSIONER",2024,1,0,,,1,,,TRUE
"SECRETARY TO THE FIRE COMMISSIONER",2025,1,0,,,1,,,TRUE
"SECRETARY TO THE FIRST ASSISTANT CORPORATION COUNSEL",2014,1,0,,,1,,,TRUE
"SECRETARY TO THE FIRST ASSISTANT CORPORATION COUNSEL",2015,1,0,,,1,,,TRUE
"SECRETARY TO THE FIRST ASSISTANT CORPORATION COUNSEL",2016,1,0,,,1,,,TRUE
"SECRETARY TO THE FIRST ASSISTANT CORPORATION COUNSEL",2017,1,0,,,1,,,TRUE
"SECRETARY TO THE FIRST ASSISTANT CORPORATION COUNSEL",2018,1,0,,,1,,,TRUE
"SECRETARY TO THE FIRST ASSISTANT CORPORATION COUNSEL",2024,0,1,,,1,,,TRUE
"SECRETARY TO THE FIRST ASSISTANT CORPORATION COUNSEL",2025,0,1,,,1,,,TRUE
"SECRETARY TO THE FIRST DEPUTY COMMISSIONER",2014,1,0,,,1,,,TRUE
"SECRETARY TO THE FIRST DEPUTY COMMISSIONER",2015,1,0,,,1,,,TRUE
"SECRETARY TO THE FIRST DEPUTY COMMISSIONER",2016,2,0,,,2,,,TRUE
"SECRETARY TO THE FIRST DEPUTY COMMISSIONER",2017,1,1,,,2,,,TRUE
"SECRETARY TO THE FIRST DEPUTY COMMISSIONER",2018,1,0,,,1,,,TRUE
"SECRETARY TO THE FIRST DEPUTY COMMISSIONER",2019,1,0,,,1,,,TRUE
"SECRETARY TO THE FIRST DEPUTY COMMISSIONER",2020,1,0,,,1,,,TRUE
"SECRETARY TO THE FIRST DEPUTY COMMISSIONER",2021,1,0,,,1,,,TRUE
"SECRETARY TO THE FIRST DEPUTY COMMISSIONER",2022,1,0,,,1,,,TRUE
"SECRETARY TO THE FIRST DEPUTY COMMISSIONER",2023,1,1,,,2,,,TRUE
"SECRETARY TO THE FIRST DEPUTY COMMISSIONER",2024,1,1,,,2,,,TRUE
"SECRETARY TO THE FIRST DEPUTY COMMISSIONER",2025,1,0,,,1,,,TRUE
"SECRETARY TO THE FIRST DEPUTY COMMISSIONER PD",2016,1,0,,,1,,,TRUE
"SECRETARY TO THE FIRST DEPUTY COMMISSIONER PD",2017,1,0,,,1,,,TRUE
"SECRETARY TO THE FIRST DEPUTY COMMISSIONER PD",2018,1,0,,,1,,,TRUE
"SECRETARY TO THE FIRST DEPUTY COMMISSIONER PD",2019,1,0,,,1,,,TRUE
"SECRETARY TO THE FIRST DEPUTY COMMISSIONER PD",2020,1,0,,,1,,,TRUE
"SECRETARY TO THE FIRST DEPUTY COMMISSIONER PD",2021,1,0,,,1,,,TRUE
"SECRETARY TO THE FIRST DEPUTY COMMISSIONER PD",2024,1,0,,,1,,,TRUE
"SECRETARY TO THE HUMAN RESOURCES ADMINISTRATOR",2018,0,1,,,1,,,TRUE
"SECRETARY TO THE HUMAN RESOURCES ADMINISTRATOR",2019,0,1,,,1,,,TRUE
"SECRETARY TO THE PRESIDENT",2014,1,1,,,2,,,TRUE
"SECRETARY TO THE PRESIDENT",2015,1,1,,,2,,,TRUE
"SECRETARY TO THE PRESIDENT",2018,1,1,,,2,,,TRUE
"SECRETARY TO THE PRESIDENT",2019,1,2,,,3,,,TRUE
"SECRETARY TO THE PRESIDENT",2020,1,1,,,2,,,TRUE
"SECRETARY TO THE PRESIDENT",2021,1,0,,,1,,,TRUE
"SECRETARY TO THE PRESIDENT",2022,1,2,,,3,,,TRUE
"SECRETARY TO THE PRESIDENT",2024,0,1,,,1,,,TRUE
"SECRETARY TO THE SPECIAL COMMISSIONER INVESTIGATION NYC SCH",2014,1,0,,,1,,,TRUE
"SECRETARY TO THE SPECIAL COMMISSIONER INVESTIGATION NYC SCH",2015,1,0,,,1,,,TRUE
"SECRETARY TO THE SPECIAL COMMISSIONER INVESTIGATION NYC SCH",2016,1,0,,,1,,,TRUE
"SECRETARY TO THE SPECIAL COMMISSIONER INVESTIGATION NYC SCH",2017,1,0,,,1,,,TRUE
"SECRETARY TO THE SPECIAL COMMISSIONER INVESTIGATION NYC SCH",2018,1,0,,,1,,,TRUE
"SECRETARY TO THE SPECIAL COMMISSIONER INVESTIGATION NYC SCH",2019,1,0,,,1,,,TRUE
"SECRETARY TO THE SPECIAL COMMISSIONER INVESTIGATION NYC SCH",2020,1,0,,,1,,,TRUE
"SECRETARY TO THE SPECIAL COMMISSIONER INVESTIGATION NYC SCH",2021,1,0,,,1,,,TRUE
"SECRETARY TO THE SPECIAL COMMISSIONER OF INVESTIGATION NYC",2023,1,0,,,1,,,TRUE
"SECRETARY TO THE SPECIAL COMMISSIONER OF INVESTIGATION NYC",2024,1,0,,,1,,,TRUE
"SECRETARY TO THE SPECIAL COMMISSIONER OF INVESTIGATION NYC",2025,1,0,,,1,,,TRUE
"SECY TO THE DIRECTOR OF COLLECTIVE BARGAINING",2014,1,0,,,1,,,TRUE
"SECY TO THE DIRECTOR OF COLLECTIVE BARGAINING",2015,1,0,,,1,,,TRUE
"SECY TO THE DIRECTOR OF COLLECTIVE BARGAINING",2016,1,0,,,1,,,TRUE
"SECY TO THE DIRECTOR OF COLLECTIVE BARGAINING",2017,1,0,,,1,,,TRUE
"SECY TO THE DIRECTOR OF COLLECTIVE BARGAINING",2018,1,0,,,1,,,TRUE
"SECY TO THE DIRECTOR OF COLLECTIVE BARGAINING",2019,1,0,,,1,,,TRUE
"SECY TO THE DIRECTOR OF COLLECTIVE BARGAINING",2020,1,0,,,1,,,TRUE
"SECY TO THE DIRECTOR OF COLLECTIVE BARGAINING",2021,1,0,,,1,,,TRUE
"SECY TO THE DIRECTOR OF COLLECTIVE BARGAINING",2022,1,0,,,1,,,TRUE
"SENIOR ACCOUNTANT INVESTIGATOR",2014,2,2,,,4,,,TRUE
"SENIOR ACCOUNTANT INVESTIGATOR",2015,2,4,,,6,,,TRUE
"SENIOR ACCOUNTANT INVESTIGATOR",2016,2,2,,,4,,,TRUE
"SENIOR ACCOUNTANT INVESTIGATOR",2017,2,2,,,4,,,TRUE
"SENIOR ACCOUNTANT INVESTIGATOR",2018,2,7,,,9,,,TRUE
"SENIOR ACCOUNTANT INVESTIGATOR",2019,2,6,,,8,,,TRUE
"SENIOR ACCOUNTANT INVESTIGATOR",2020,2,2,,,4,,,TRUE
"SENIOR ACCOUNTANT INVESTIGATOR",2021,3,2,,,5,,,TRUE
"SENIOR ACCOUNTANT INVESTIGATOR",2022,2,8,,,10,,,TRUE
"SENIOR ACCOUNTANT INVESTIGATOR",2023,2,13,,,15,,,TRUE
"SENIOR ACCOUNTANT INVESTIGATOR",2024,2,1,,,3,,,TRUE
"SENIOR ACCOUNTANT INVESTIGATOR",2025,2,1,,,3,,,TRUE
"SENIOR ADMINISRATOR",2015,0,1,,,1,,,TRUE
"SENIOR ADMINISRATOR",2016,0,1,,,1,,,TRUE
"SENIOR ADMINISRATOR",2018,1,0,,,1,,,TRUE
"SENIOR ADMINISRATOR",2019,1,0,,,1,,,TRUE
"SENIOR ADMINISRATOR",2020,7,1,,,8,,,TRUE
"SENIOR ADMINISRATOR",2021,8,1,,,9,,,TRUE
"SENIOR ADMINISRATOR",2022,9,0,,,9,,,TRUE
"SENIOR ADMINISRATOR",2023,10,0,,,10,,,TRUE
"SENIOR ADMINISTRATIVE ASSISTANT",2018,2,1,,,3,,,TRUE
"SENIOR ADMINISTRATIVE ASSISTANT",2019,5,0,,,5,,,TRUE
"SENIOR ADMINISTRATIVE ASSISTANT",2020,6,0,,,6,,,TRUE
"SENIOR ADMINISTRATIVE ASSISTANT",2021,7,0,,,7,,,TRUE
"SENIOR ADMINISTRATIVE ASSISTANT",2022,8,0,,,8,,,TRUE
"SENIOR ADMINISTRATIVE ASSISTANT",2023,9,0,,,9,,,TRUE
"SENIOR ADMINISTRATIVE ASSISTANT",2024,8,0,,,8,,,TRUE
"SENIOR ADMINISTRATIVE ASSISTANT",2025,7,0,,,7,,,TRUE
"SENIOR ADMINISTRATOR",2024,9,0,,,9,,,TRUE
"SENIOR ADMINISTRATOR",2025,10,0,,,10,,,TRUE
"SENIOR ADVISER TO THE COMMISSIONER",2014,0,1,,,1,,,TRUE
"SENIOR ADVISER TO THE COMMISSIONER",2020,0,1,,,1,,,TRUE
"SENIOR ADVISER TO THE COMMISSIONER",2021,0,1,,,1,,,TRUE
"SENIOR ADVISOR FOR INVESTIGATIONS",2023,0,1,,,1,,,TRUE
"SENIOR ADVISOR FOR INVESTIGATIONS",2024,0,1,,,1,,,TRUE
"SENIOR ADVISOR TO THE MAYOR",2019,0,1,,,1,,,TRUE
"SENIOR ADVISOR TO THE MAYOR",2020,0,1,,,1,,,TRUE
"SENIOR ADVISOR TO THE MAYOR",2023,0,1,,,1,,,TRUE
"SENIOR ADVISOR TO THE MAYOR",2024,0,1,,,1,,,TRUE
"SENIOR AUTOMOTIVE SPECIALIST",2014,1,0,,,1,,,TRUE
"SENIOR AUTOMOTIVE SPECIALIST",2016,0,1,,,1,,,TRUE
"SENIOR AUTOMOTIVE SPECIALIST",2017,0,1,,,1,,,TRUE
"SENIOR AUTOMOTIVE SPECIALIST",2023,0,1,,,1,,,TRUE
"SENIOR AUTOMOTIVE SPECIALIST",2024,0,1,,,1,,,TRUE
"SENIOR BAKER",2014,4,0,,,4,,,TRUE
"SENIOR BAKER",2015,4,0,,,4,,,TRUE
"SENIOR BAKER",2016,3,0,,,3,,,TRUE
"SENIOR BAKER",2017,4,0,,,4,,,TRUE
"SENIOR BAKER",2018,4,0,,,4,,,TRUE
"SENIOR BAKER",2019,3,0,,,3,,,TRUE
"SENIOR BAKER",2020,4,0,,,4,,,TRUE
"SENIOR BAKER",2021,3,0,,,3,,,TRUE
"SENIOR BAKER",2022,3,0,,,3,,,TRUE
"SENIOR BAKER",2023,3,0,,,3,,,TRUE
"SENIOR COLLEGE LAB TECH",2014,55,7,,,62,,,TRUE
"SENIOR COLLEGE LAB TECH",2015,55,2,,,57,,,TRUE
"SENIOR COLLEGE LAB TECH",2016,56,2,,,58,,,TRUE
"SENIOR COLLEGE LAB TECH",2017,55,0,,,55,,,TRUE
"SENIOR COLLEGE LAB TECH",2018,59,1,,,60,,,TRUE
"SENIOR COLLEGE LAB TECH",2019,56,3,,,59,,,TRUE
"SENIOR COLLEGE LAB TECH",2020,61,3,,,64,,,TRUE
"SENIOR COLLEGE LAB TECH",2021,62,2,,,64,,,TRUE
"SENIOR COLLEGE LAB TECH",2022,64,1,,,65,,,TRUE
"SENIOR COLLEGE LAB TECH",2023,63,1,,,64,,,TRUE
"SENIOR COLLEGE LAB TECH",2024,65,2,,,67,,,TRUE
"SENIOR COLLEGE LAB TECH",2025,63,4,,,67,,,TRUE
"SENIOR COMPUTER PROGRAMMER",2014,6,0,,,6,,,TRUE
"SENIOR COMPUTER PROGRAMMER",2015,6,0,,,6,,,TRUE
"SENIOR COMPUTER PROGRAMMER",2016,6,0,,,6,,,TRUE
"SENIOR COMPUTER PROGRAMMER",2017,5,1,,,6,,,TRUE
"SENIOR COMPUTER PROGRAMMER",2018,5,1,,,6,,,TRUE
"SENIOR COMPUTER PROGRAMMER",2019,4,1,,,5,,,TRUE
"SENIOR COMPUTER PROGRAMMER",2020,4,1,,,5,,,TRUE
"SENIOR COMPUTER PROGRAMMER",2021,6,0,,,6,,,TRUE
"SENIOR COMPUTER PROGRAMMER",2022,6,0,,,6,,,TRUE
"SENIOR COMPUTER PROGRAMMER",2023,5,0,,,5,,,TRUE
"SENIOR COMPUTER PROGRAMMER",2024,5,0,,,5,,,TRUE
"SENIOR COMPUTER PROGRAMMER",2025,4,0,,,4,,,TRUE
"SENIOR CONSULTANT",2014,7,3,,,10,,,TRUE
"SENIOR CONSULTANT",2015,8,2,,,10,,,TRUE
"SENIOR CONSULTANT",2016,8,4,,,12,,,TRUE
"SENIOR CONSULTANT",2017,8,3,,,11,,,TRUE
"SENIOR CONSULTANT",2018,8,4,,,12,,,TRUE
"SENIOR CONSULTANT",2019,8,3,,,11,,,TRUE
"SENIOR CONSULTANT",2020,7,7,,,14,,,TRUE
"SENIOR CONSULTANT",2021,7,6,,,13,,,TRUE
"SENIOR CONSULTANT",2022,9,4,,,13,,,TRUE
"SENIOR CONSULTANT",2023,11,4,,,15,,,TRUE
"SENIOR CONSULTANT",2024,12,1,,,13,,,TRUE
"SENIOR CONSULTANT",2025,13,0,,,13,,,TRUE
"SENIOR COOK",2014,13,4,,,17,,,TRUE
"SENIOR COOK",2018,11,0,,,11,,,TRUE
"SENIOR COOK",2019,10,3,,,13,,,TRUE
"SENIOR COOK",2020,12,6,,,18,,,TRUE
"SENIOR COOK",2021,11,1,,,12,,,TRUE
"SENIOR COOK",2022,8,1,,,9,,,TRUE
"SENIOR COOK",2023,10,2,,,12,,,TRUE
"SENIOR COOK",2024,13,0,,,13,,,TRUE
"SENIOR COOK",2025,12,0,,,12,,,TRUE
"SENIOR CUSTODIAL SUPERVISOR",2014,5,1,,,6,,,TRUE
"SENIOR CUSTODIAL SUPERVISOR",2015,5,1,,,6,,,TRUE
"SENIOR CUSTODIAL SUPERVISOR",2016,5,1,,,6,,,TRUE
"SENIOR CUSTODIAL SUPERVISOR",2017,6,1,,,7,,,TRUE
"SENIOR CUSTODIAL SUPERVISOR",2018,6,0,,,6,,,TRUE
"SENIOR CUSTODIAL SUPERVISOR",2019,6,0,,,6,,,TRUE
"SENIOR CUSTODIAL SUPERVISOR",2020,6,0,,,6,,,TRUE
"SENIOR CUSTODIAL SUPERVISOR",2021,5,1,,,6,,,TRUE
"SENIOR CUSTODIAL SUPERVISOR",2022,3,1,,,4,,,TRUE
"SENIOR CUSTODIAL SUPERVISOR",2023,2,0,,,2,,,TRUE
"SENIOR CUSTODIAL SUPERVISOR",2024,6,0,,,6,,,TRUE
"SENIOR CUSTODIAL SUPERVISOR",2025,7,0,,,7,,,TRUE
"SENIOR DEPUTY COMMISSIONER",2025,0,1,,,1,,,TRUE
"SENIOR DETECTIVE INVESTIGATOR",2014,1,1,,,2,,,TRUE
"SENIOR DETECTIVE INVESTIGATOR",2015,1,0,,,1,,,TRUE
"SENIOR DETECTIVE INVESTIGATOR",2016,1,1,,,2,,,TRUE
"SENIOR DETECTIVE INVESTIGATOR",2017,2,7,,,9,,,TRUE
"SENIOR DETECTIVE INVESTIGATOR START 4 24 08 NO ABC",2024,1,1,,,2,,,TRUE
"SENIOR DETECTIVE INVESTIGATOR START 4 24 08 NO ABC",2025,1,1,,,2,,,TRUE
"SENIOR DIRECTOR COLLECTIONS",2023,1,1,,,2,,,TRUE
"SENIOR DIRECTOR COLLECTIONS",2024,1,0,,,1,,,TRUE
"SENIOR ESTIMATOR",2014,29,7,,,36,,,TRUE
"SENIOR ESTIMATOR",2015,26,13,,,39,,,TRUE
"SENIOR ESTIMATOR",2016,24,23,,,47,,,TRUE
"SENIOR ESTIMATOR",2017,19,15,,,34,,,TRUE
"SENIOR ESTIMATOR",2018,14,10,,,24,,,TRUE
"SENIOR ESTIMATOR",2019,10,7,,,17,,,TRUE
"SENIOR ESTIMATOR",2020,6,7,,,13,,,TRUE
"SENIOR ESTIMATOR",2021,5,7,,,12,,,TRUE
"SENIOR ESTIMATOR",2022,0,2,,,2,,,TRUE
"SENIOR ESTIMATOR",2024,0,1,,,1,,,TRUE
"SENIOR ESTIMATOR",2025,0,1,,,1,,,TRUE
"SENIOR EXECUTIVE DIRECTOR OF INTERGOVERNMENTAL AFFAIRS DOE",2023,0,1,,,1,,,TRUE
"SENIOR EXECUTIVE SECRETARY",2014,1,0,,,1,,,TRUE
"SENIOR EXECUTIVE SECRETARY",2015,1,0,,,1,,,TRUE
"SENIOR HOUSEKEEPER",2014,1,0,,,1,,,TRUE
"SENIOR HOUSEKEEPER",2015,1,0,,,1,,,TRUE
"SENIOR INSTITUTIONAL TRADES INSTRUCTOR",2014,1,0,,,1,,,TRUE
"SENIOR INSTITUTIONAL TRADES INSTRUCTOR",2015,1,2,,,3,,,TRUE
"SENIOR INSTITUTIONAL TRADES INSTRUCTOR",2016,1,1,,,2,,,TRUE
"SENIOR INSTITUTIONAL TRADES INSTRUCTOR",2017,1,0,,,1,,,TRUE
"SENIOR INSTITUTIONAL TRADES INSTRUCTOR",2018,1,0,,,1,,,TRUE
"SENIOR INSTITUTIONAL TRADES INSTRUCTOR",2019,1,0,,,1,,,TRUE
"SENIOR INSTITUTIONAL TRADES INSTRUCTOR",2020,1,0,,,1,,,TRUE
"SENIOR INSTITUTIONAL TRADES INSTRUCTOR",2021,1,0,,,1,,,TRUE
"SENIOR INSTITUTIONAL TRADES INSTRUCTOR",2022,1,0,,,1,,,TRUE
"SENIOR INSTITUTIONAL TRADES INSTRUCTOR",2023,1,1,,,2,,,TRUE
"SENIOR INSTITUTIONAL TRADES INSTRUCTOR",2024,1,1,,,2,,,TRUE
"SENIOR INSTITUTIONAL TRADES INSTRUCTOR",2025,1,0,,,1,,,TRUE
"SENIOR INTERGROUP RELATIONS OFFICER",2014,1,0,,,1,,,TRUE
"SENIOR INTERGROUP RELATIONS OFFICER",2015,1,2,,,3,,,TRUE
"SENIOR INTERGROUP RELATIONS OFFICER",2016,1,2,,,3,,,TRUE
"SENIOR INTERGROUP RELATIONS OFFICER",2017,1,0,,,1,,,TRUE
"SENIOR INTERGROUP RELATIONS OFFICER",2020,1,0,,,1,,,TRUE
"SENIOR INTERGROUP RELATIONS OFFICER",2021,2,0,,,2,,,TRUE
"SENIOR INTERGROUP RELATIONS OFFICER",2022,2,0,,,2,,,TRUE
"SENIOR INTERGROUP RELATIONS OFFICER",2023,1,0,,,1,,,TRUE
"SENIOR INTERGROUP RELATIONS OFFICER",2024,0,1,,,1,,,TRUE
"SENIOR INTERGROUP RELATIONS OFFICER",2025,0,2,,,2,,,TRUE
"SENIOR IT ARCHITECT",2017,1,5,,,6,,,TRUE
"SENIOR IT ARCHITECT",2018,1,6,,,7,,,TRUE
"SENIOR IT ARCHITECT",2019,1,3,,,4,,,TRUE
"SENIOR IT ARCHITECT",2020,1,13,,,14,,,TRUE
"SENIOR IT ARCHITECT",2021,1,12,,,13,,,TRUE
"SENIOR IT ARCHITECT",2022,2,13,,,15,,,TRUE
"SENIOR IT ARCHITECT",2023,4,21,,,25,,,TRUE
"SENIOR IT ARCHITECT",2024,5,26,,,31,,,TRUE
"SENIOR IT ARCHITECT",2025,5,23,,,28,,,TRUE
"SENIOR LEGISLATIVE FINANCIAL ANALYST",2014,1,1,,,2,,,TRUE
"SENIOR LEGISLATIVE FINANCIAL ANALYST",2015,1,2,,,3,,,TRUE
"SENIOR LEGISLATIVE FINANCIAL ANALYST",2016,2,2,,,4,,,TRUE
"SENIOR LEGISLATIVE FINANCIAL ANALYST",2017,1,1,,,2,,,TRUE
"SENIOR LEGISLATIVE FINANCIAL ANALYST",2018,1,0,,,1,,,TRUE
"SENIOR LEGISLATIVE FINANCIAL ANALYST",2023,0,2,,,2,,,TRUE
"SENIOR LEGISLATIVE FINANCIAL ANALYST",2024,0,3,,,3,,,TRUE
"SENIOR LEGISLATIVE FINANCIAL ANALYST",2025,0,1,,,1,,,TRUE
"SENIOR LEGISLATIVE INVESTIGATOR",2019,0,1,,,1,,,TRUE
"SENIOR LEGISLATIVE INVESTIGATOR",2020,0,1,,,1,,,TRUE
"SENIOR LEGISLATIVE POLICY ANALYST",2015,2,1,,,3,,,TRUE
"SENIOR LEGISLATIVE POLICY ANALYST",2016,3,1,,,4,,,TRUE
"SENIOR LEGISLATIVE POLICY ANALYST",2017,4,1,,,5,,,TRUE
"SENIOR LEGISLATIVE POLICY ANALYST",2018,5,0,,,5,,,TRUE
"SENIOR LEGISLATIVE POLICY ANALYST",2019,5,0,,,5,,,TRUE
"SENIOR LEGISLATIVE POLICY ANALYST",2020,5,0,,,5,,,TRUE
"SENIOR LEGISLATIVE POLICY ANALYST",2021,6,0,,,6,,,TRUE
"SENIOR LEGISLATIVE POLICY ANALYST",2022,5,1,,,6,,,TRUE
"SENIOR LEGISLATIVE POLICY ANALYST",2023,4,0,,,4,,,TRUE
"SENIOR LEGISLATIVE POLICY ANALYST",2024,4,0,,,4,,,TRUE
"SENIOR LEGISLATIVE POLICY ANALYST",2025,4,1,,,5,,,TRUE
"SENIOR MANAGEMENT CONSULTANT",2017,0,1,,,1,,,TRUE
"SENIOR MANAGEMENT CONSULTANT",2018,0,1,,,1,,,TRUE
"SENIOR MANAGEMENT CONSULTANT",2025,1,1,,,2,,,TRUE
"SENIOR MENTAL HEALTH WORKER",2015,0,7,,,7,,,TRUE
"SENIOR MENTAL HEALTH WORKER",2016,0,8,,,8,,,TRUE
"SENIOR MENTAL HEALTH WORKER",2017,0,5,,,5,,,TRUE
"SENIOR MENTAL HEALTH WORKER",2018,0,5,,,5,,,TRUE
"SENIOR MENTAL HEALTH WORKER",2019,0,8,,,8,,,TRUE
"SENIOR MENTAL HEALTH WORKER",2020,0,6,,,6,,,TRUE
"SENIOR MENTAL HEALTH WORKER",2021,0,1,,,1,,,TRUE
"SENIOR MENTAL HEALTH WORKER",2023,0,2,,,2,,,TRUE
"SENIOR OCCUPATIONAL THERAPIST",2014,307,117,62155,60731,424,0.977089534228944,1424,FALSE
"SENIOR OFFICE APPLIANCE MAINTAINER",2014,1,0,,,1,,,TRUE
"SENIOR OFFICE APPLIANCE MAINTAINER",2015,1,0,,,1,,,TRUE
"SENIOR OFFICE APPLIANCE MAINTAINER",2016,1,0,,,1,,,TRUE
"SENIOR OFFICE APPLIANCE MAINTAINER",2017,1,0,,,1,,,TRUE
"SENIOR OFFICE APPLIANCE MAINTAINER",2018,1,0,,,1,,,TRUE
"SENIOR OFFICE APPLIANCE MAINTAINER",2019,1,0,,,1,,,TRUE
"SENIOR OFFICE APPLIANCE MAINTAINER",2020,1,0,,,1,,,TRUE
"SENIOR OFFICE APPLIANCE MAINTAINER",2021,1,0,,,1,,,TRUE
"SENIOR OFFICE APPLIANCE MAINTAINER",2022,1,0,,,1,,,TRUE
"SENIOR OFFICE APPLIANCE MAINTAINER",2023,1,0,,,1,,,TRUE
"SENIOR PHOTOGRAPHER",2014,9,0,,,9,,,TRUE
"SENIOR PHOTOGRAPHER",2015,9,1,,,10,,,TRUE
"SENIOR PHOTOGRAPHER",2016,12,2,,,14,,,TRUE
"SENIOR PHOTOGRAPHER",2017,13,1,,,14,,,TRUE
"SENIOR PHOTOGRAPHER",2018,15,0,,,15,,,TRUE
"SENIOR PHOTOGRAPHER",2019,13,1,,,14,,,TRUE
"SENIOR PHOTOGRAPHER",2020,11,2,,,13,,,TRUE
"SENIOR PHOTOGRAPHER",2021,11,2,,,13,,,TRUE
"SENIOR PHOTOGRAPHER",2022,13,0,,,13,,,TRUE
"SENIOR PHOTOGRAPHER",2023,14,2,,,16,,,TRUE
"SENIOR PHOTOGRAPHER",2024,14,2,,,16,,,TRUE
"SENIOR PHOTOGRAPHER",2025,11,2,,,13,,,TRUE
"SENIOR PHYSICAL THERAPIST",2014,238,64,62155,60731,302,0.977089534228944,1424,FALSE
"SENIOR POLICE ADMINISTRATIVE AIDE",2014,730,0,,,730,,,TRUE
"SENIOR POLICE ADMINISTRATIVE AIDE",2015,725,0,,,725,,,TRUE
"SENIOR POLICE ADMINISTRATIVE AIDE",2016,765,3,,,768,,,TRUE
"SENIOR POLICE ADMINISTRATIVE AIDE",2017,774,0,,,774,,,TRUE
"SENIOR POLICE ADMINISTRATIVE AIDE",2018,736,0,,,736,,,TRUE
"SENIOR POLICE ADMINISTRATIVE AIDE",2019,679,0,,,679,,,TRUE
"SENIOR POLICE ADMINISTRATIVE AIDE",2020,646,1,,,647,,,TRUE
"SENIOR POLICE ADMINISTRATIVE AIDE",2021,600,0,,,600,,,TRUE
"SENIOR POLICE ADMINISTRATIVE AIDE",2022,510,1,,,511,,,TRUE
"SENIOR POLICE ADMINISTRATIVE AIDE",2023,499,0,,,499,,,TRUE
"SENIOR POLICE ADMINISTRATIVE AIDE",2024,499,0,,,499,,,TRUE
"SENIOR POLICE ADMINISTRATIVE AIDE",2025,512,0,,,512,,,TRUE
"SENIOR POLICY ADVISOR TO THE MAYOR",2022,0,1,,,1,,,TRUE
"SENIOR POLICY ADVISOR TO THE MAYOR",2023,0,2,,,2,,,TRUE
"SENIOR POLICY ADVISOR TO THE MAYOR",2025,0,1,,,1,,,TRUE
"SENIOR PRESS OFFICER",2024,0,1,,,1,,,TRUE
"SENIOR PRESS OFFICER",2025,0,1,,,1,,,TRUE
"SENIOR PROJECT PLANNER",2020,0,2,,,2,,,TRUE
"SENIOR PROJECT PLANNER",2021,0,2,,,2,,,TRUE
"SENIOR PROJECT PLANNER",2022,0,1,,,1,,,TRUE
"SENIOR PROJECT PLANNER",2024,0,1,,,1,,,TRUE
"SENIOR PROJECT PLANNER",2025,0,1,,,1,,,TRUE
"SENIOR RACKETS INVESTIGATOR",2014,59,22,,,81,,,TRUE
"SENIOR RACKETS INVESTIGATOR",2015,55,29,,,84,,,TRUE
"SENIOR RACKETS INVESTIGATOR",2016,51,34,68922,57920,85,0.840370273642668,11002,FALSE
"SENIOR RACKETS INVESTIGATOR",2017,51,40,66750,60000,91,0.898876404494382,6750,FALSE
"SENIOR RACKETS INVESTIGATOR",2018,10,5,,,15,,,TRUE
"SENIOR RACKETS INVESTIGATOR",2019,8,0,,,8,,,TRUE
"SENIOR RACKETS INVESTIGATOR",2021,7,0,,,7,,,TRUE
"SENIOR RACKETS INVESTIGATOR",2022,9,0,,,9,,,TRUE
"SENIOR RACKETS INVESTIGATOR",2023,8,1,,,9,,,TRUE
"SENIOR RACKETS INVESTIGATOR",2025,5,0,,,5,,,TRUE
"SENIOR RACKETS INVESTIGATOR START 4 24 08 NO ABC",2018,35,22,,,57,,,TRUE
"SENIOR RACKETS INVESTIGATOR START 4 24 08 NO ABC",2019,41,17,,,58,,,TRUE
"SENIOR RACKETS INVESTIGATOR START 4 24 08 NO ABC",2020,36,17,,,53,,,TRUE
"SENIOR RACKETS INVESTIGATOR START 4 24 08 NO ABC",2021,43,18,,,61,,,TRUE
"SENIOR RACKETS INVESTIGATOR START 4 24 08 NO ABC",2022,41,16,,,57,,,TRUE
"SENIOR RACKETS INVESTIGATOR START 4 24 08 NO ABC",2023,47,31,93539,70877,78,0.757726723612611,22662,FALSE
"SENIOR RACKETS INVESTIGATOR START 4 24 08 NO ABC",2024,41,38,100298,79519,79,0.792827374424216,20779,FALSE
"SENIOR RACKETS INVESTIGATOR START 4 24 08 NO ABC",2025,44,39,100188,77449,83,0.773036691020881,22739,FALSE
"SENIOR REPAIR CREW CHIEF",2014,3,0,,,3,,,TRUE
"SENIOR REPAIR CREW CHIEF",2015,3,0,,,3,,,TRUE
"SENIOR REPAIR CREW CHIEF",2016,3,0,,,3,,,TRUE
"SENIOR REPAIR CREW CHIEF",2017,2,2,,,4,,,TRUE
"SENIOR REPAIR CREW CHIEF",2018,1,2,,,3,,,TRUE
"SENIOR REPAIR CREW CHIEF",2019,1,1,,,2,,,TRUE
"SENIOR REPAIR CREW CHIEF",2020,1,1,,,2,,,TRUE
"SENIOR REPAIR CREW CHIEF",2021,1,0,,,1,,,TRUE
"SENIOR REPAIR CREW CHIEF",2022,1,0,,,1,,,TRUE
"SENIOR REPAIR CREW CHIEF",2023,2,2,,,4,,,TRUE
"SENIOR REPAIR CREW CHIEF",2024,2,5,,,7,,,TRUE
"SENIOR REPAIR CREW CHIEF",2025,2,0,,,2,,,TRUE
"SENIOR SALVAGE APPRAISER",2018,1,0,,,1,,,TRUE
"SENIOR SALVAGE APPRAISER",2019,1,0,,,1,,,TRUE
"SENIOR SALVAGE APPRAISER",2020,1,0,,,1,,,TRUE
"SENIOR SALVAGE APPRAISER",2021,1,0,,,1,,,TRUE
"SENIOR SALVAGE APPRAISER",2022,1,0,,,1,,,TRUE
"SENIOR SALVAGE APPRAISER",2023,1,0,,,1,,,TRUE
"SENIOR SCHOOL LUNCH AIDE",2014,1,0,,,1,,,TRUE
"SENIOR SCHOOL LUNCH AIDE",2015,1,0,,,1,,,TRUE
"SENIOR SCHOOL LUNCH AIDE",2016,1,0,,,1,,,TRUE
"SENIOR SCHOOL LUNCH AIDE",2017,1,0,,,1,,,TRUE
"SENIOR SCHOOL LUNCH AIDE",2018,1,0,,,1,,,TRUE
"SENIOR SCHOOL LUNCH AIDE",2019,1,0,,,1,,,TRUE
"SENIOR SCHOOL LUNCH AIDE",2020,1,0,,,1,,,TRUE
"SENIOR SCHOOL LUNCH AIDE",2021,1,0,,,1,,,TRUE
"SENIOR SCHOOL NEIGHBORHOOD WORKER",2014,4,0,,,4,,,TRUE
"SENIOR SCHOOL NEIGHBORHOOD WORKER",2015,3,0,,,3,,,TRUE
"SENIOR SCHOOL NEIGHBORHOOD WORKER",2016,3,0,,,3,,,TRUE
"SENIOR SCHOOL NEIGHBORHOOD WORKER",2017,3,0,,,3,,,TRUE
"SENIOR SCHOOL NEIGHBORHOOD WORKER",2018,3,0,,,3,,,TRUE
"SENIOR SCHOOL NEIGHBORHOOD WORKER",2019,3,0,,,3,,,TRUE
"SENIOR SCHOOL NEIGHBORHOOD WORKER",2020,3,0,,,3,,,TRUE
"SENIOR SCHOOL NEIGHBORHOOD WORKER",2021,3,0,,,3,,,TRUE
"SENIOR SCHOOL NEIGHBORHOOD WORKER",2022,2,0,,,2,,,TRUE
"SENIOR SCHOOL NEIGHBORHOOD WORKER",2023,2,0,,,2,,,TRUE
"SENIOR SCHOOL NEIGHBORHOOD WORKER",2024,2,0,,,2,,,TRUE
"SENIOR SCHOOL NEIGHBORHOOD WORKER",2025,2,0,,,2,,,TRUE
"SENIOR SECRETARY",2014,6,0,,,6,,,TRUE
"SENIOR SECRETARY",2015,5,0,,,5,,,TRUE
"SENIOR SECRETARY",2016,4,0,,,4,,,TRUE
"SENIOR SECRETARY",2017,4,0,,,4,,,TRUE
"SENIOR SECRETARY",2018,4,0,,,4,,,TRUE
"SENIOR SECRETARY",2019,4,0,,,4,,,TRUE
"SENIOR SECRETARY",2020,4,0,,,4,,,TRUE
"SENIOR SECRETARY",2021,4,0,,,4,,,TRUE
"SENIOR SECRETARY",2022,3,0,,,3,,,TRUE
"SENIOR SECRETARY",2023,3,0,,,3,,,TRUE
"SENIOR SECRETARY",2024,3,0,,,3,,,TRUE
"SENIOR SECRETARY",2025,2,0,,,2,,,TRUE
"SENIOR SERVICE INSPECTOR",2014,7,0,,,7,,,TRUE
"SENIOR SERVICE INSPECTOR",2015,8,0,,,8,,,TRUE
"SENIOR SERVICE INSPECTOR",2016,1,1,,,2,,,TRUE
"SENIOR SERVICE INSPECTOR",2017,1,1,,,2,,,TRUE
"SENIOR SERVICE INSPECTOR",2018,1,0,,,1,,,TRUE
"SENIOR SERVICE INSPECTOR",2019,2,0,,,2,,,TRUE
"SENIOR SERVICE INSPECTOR",2020,2,0,,,2,,,TRUE
"SENIOR SERVICE INSPECTOR",2021,2,0,,,2,,,TRUE
"SENIOR SERVICE INSPECTOR",2022,2,0,,,2,,,TRUE
"SENIOR SERVICE INSPECTOR",2023,2,0,,,2,,,TRUE
"SENIOR SERVICE INSPECTOR",2024,2,0,,,2,,,TRUE
"SENIOR SERVICE INSPECTOR",2025,2,0,,,2,,,TRUE
"SENIOR STAFF OFFICER",2021,1,0,,,1,,,TRUE
"SENIOR STAFF OFFICER",2022,1,0,,,1,,,TRUE
"SENIOR STUDENT LEGAL SPECIALIST",2014,0,2,,,2,,,TRUE
"SENIOR STUDENT LEGAL SPECIALIST",2015,0,2,,,2,,,TRUE
"SENIOR STUDENT LEGAL SPECIALIST",2016,0,3,,,3,,,TRUE
"SENIOR STUDENT LEGAL SPECIALIST",2017,0,3,,,3,,,TRUE
"SENIOR STUDENT LEGAL SPECIALIST",2018,0,3,,,3,,,TRUE
"SENIOR STUDENT LEGAL SPECIALIST",2019,0,3,,,3,,,TRUE
"SENIOR STUDENT LEGAL SPECIALIST",2020,0,3,,,3,,,TRUE
"SENIOR STUDENT LEGAL SPECIALIST",2022,0,2,,,2,,,TRUE
"SENIOR STUDENT LEGAL SPECIALIST",2024,0,1,,,1,,,TRUE
"SENIOR STUDENT LEGAL SPECIALIST",2025,0,1,,,1,,,TRUE
"SENIOR SYSTEMS ANALYST",2014,1,0,,,1,,,TRUE
"SENIOR SYSTEMS ANALYST",2015,1,0,,,1,,,TRUE
"SENIOR SYSTEMS ANALYST",2018,1,0,,,1,,,TRUE
"SENIOR SYSTEMS ANALYST",2019,1,0,,,1,,,TRUE
"SENIOR SYSTEMS ANALYST",2020,1,0,,,1,,,TRUE
"SENIOR SYSTEMS ANALYST",2021,1,0,,,1,,,TRUE
"SENIOR SYSTEMS ANALYST",2022,1,0,,,1,,,TRUE
"SENIOR SYSTEMS ANALYST",2023,1,0,,,1,,,TRUE
"SENIOR SYSTEMS ANALYST",2024,1,0,,,1,,,TRUE
"SENIOR SYSTEMS ANALYST",2025,1,0,,,1,,,TRUE
"SENIOR SYSTEMS ANALYSTS",2014,1,0,,,1,,,TRUE
"SENIOR SYSTEMS ANALYSTS",2015,1,0,,,1,,,TRUE
"SENIOR SYSTEMS ANALYSTS",2016,1,0,,,1,,,TRUE
"SENIOR SYSTEMS ANALYSTS",2017,2,0,,,2,,,TRUE
"SENIOR SYSTEMS ANALYSTS",2018,1,1,,,2,,,TRUE
"SENIOR SYSTEMS ANALYSTS",2019,1,2,,,3,,,TRUE
"SENIOR SYSTEMS ANALYSTS",2020,1,1,,,2,,,TRUE
"SENIOR SYSTEMS ANALYSTS",2021,1,0,,,1,,,TRUE
"SENIOR SYSTEMS ANALYSTS",2022,1,0,,,1,,,TRUE
"SENIOR SYSTEMS ANALYSTS",2023,1,0,,,1,,,TRUE
"SENIOR SYSTEMS ANALYSTS",2024,1,0,,,1,,,TRUE
"SENIOR SYSTEMS ANALYSTS",2025,1,0,,,1,,,TRUE
"SENIOR TITLE EXAMINER",2017,1,0,,,1,,,TRUE
"SENIOR TITLE EXAMINER",2018,1,0,,,1,,,TRUE
"SENIOR TITLE EXAMINER",2019,1,0,,,1,,,TRUE
"SENIOR TITLE EXAMINER",2020,1,0,,,1,,,TRUE
"SENIOR TITLE EXAMINER",2021,1,0,,,1,,,TRUE
"SENIOR TITLE EXAMINER",2022,1,0,,,1,,,TRUE
"SENIOR TITLE EXAMINER",2023,1,0,,,1,,,TRUE
"SENIOR TITLE EXAMINER",2024,1,0,,,1,,,TRUE
"SENIOR TITLE EXAMINER",2025,1,0,,,1,,,TRUE
"SENIOR VICE PRESIDENT",2014,3,2,,,5,,,TRUE
"SENIOR VICE PRESIDENT",2015,3,1,,,4,,,TRUE
"SENIOR VICE PRESIDENT",2016,3,0,,,3,,,TRUE
"SENIOR VICE PRESIDENT",2017,3,0,,,3,,,TRUE
"SENIOR VICE PRESIDENT",2018,3,1,,,4,,,TRUE
"SENIOR VICE PRESIDENT",2019,5,0,,,5,,,TRUE
"SENIOR VICE PRESIDENT",2020,4,0,,,4,,,TRUE
"SENIOR VICE PRESIDENT",2021,4,0,,,4,,,TRUE
"SENIOR VICE PRESIDENT",2022,4,0,,,4,,,TRUE
"SENIOR VICE PRESIDENT",2023,4,1,,,5,,,TRUE
"SENIOR VICE PRESIDENT",2024,4,1,,,5,,,TRUE
"SENIOR VICE PRESIDENT",2025,2,1,,,3,,,TRUE
"SENIOR VOTING MACHINE TECHNICIAN",2018,16,0,,,16,,,TRUE
"SENIOR VOTING MACHINE TECHNICIAN",2019,23,0,,,23,,,TRUE
"SENIOR VOTING MACHINE TECHNICIAN",2020,26,0,,,26,,,TRUE
"SENIOR VOTING MACHINE TECHNICIAN",2021,30,0,,,30,,,TRUE
"SENIOR VOTING MACHINE TECHNICIAN",2022,37,0,,,37,,,TRUE
"SENIOR VOTING MACHINE TECHNICIAN",2023,37,0,,,37,,,TRUE
"SENIOR VOTING MACHINE TECHNICIAN",2024,44,0,,,44,,,TRUE
"SENIOR VOTING MACHINE TECHNICIAN",2025,60,0,,,60,,,TRUE
"SERGEANT",2014,2823,0,,,2823,,,TRUE
"SERGEANT",2015,3032,0,,,3032,,,TRUE
"SERGEANT",2016,3178,0,,,3178,,,TRUE
"SERGEANT",2017,3484,0,,,3484,,,TRUE
"SERGEANT",2018,3483,0,,,3483,,,TRUE
"SERGEANT",2019,3440,0,,,3440,,,TRUE
"SERGEANT",2020,3241,0,,,3241,,,TRUE
"SERGEANT",2021,3002,0,,,3002,,,TRUE
"SERGEANT",2022,3217,0,,,3217,,,TRUE
"SERGEANT",2023,3165,0,,,3165,,,TRUE
"SERGEANT",2024,3191,0,,,3191,,,TRUE
"SERGEANT",2025,2920,1,,,2921,,,TRUE
"SERGEANT AT ARMS",2015,1,0,,,1,,,TRUE
"SERGEANT AT ARMS",2016,1,0,,,1,,,TRUE
"SERGEANT AT ARMS",2017,1,0,,,1,,,TRUE
"SERGEANT AT ARMS",2018,1,0,,,1,,,TRUE
"SERGEANT AT ARMS",2019,1,0,,,1,,,TRUE
"SERGEANT AT ARMS",2020,1,0,,,1,,,TRUE
"SERGEANT AT ARMS",2021,1,0,,,1,,,TRUE
"SERGEANT AT ARMS",2022,1,0,,,1,,,TRUE
"SERGEANT AT ARMS",2023,1,0,,,1,,,TRUE
"SERGEANT AT ARMS",2024,1,0,,,1,,,TRUE
"SERGEANT AT ARMS",2025,2,1,,,3,,,TRUE
"SERGEANT D/A SPECIAL ASSIGNMENT",2016,250,0,,,250,,,TRUE
"SERGEANT D/A SPECIAL ASSIGNMENT",2017,259,0,,,259,,,TRUE
"SERGEANT D/A SPECIAL ASSIGNMENT",2018,255,0,,,255,,,TRUE
"SERGEANT D/A SPECIAL ASSIGNMENT",2019,260,0,,,260,,,TRUE
"SERGEANT D/A SPECIAL ASSIGNMENT",2020,263,0,,,263,,,TRUE
"SERGEANT D/A SPECIAL ASSIGNMENT",2021,210,0,,,210,,,TRUE
"SERGEANT D/A SPECIAL ASSIGNMENT",2022,195,0,,,195,,,TRUE
"SERGEANT D/A SPECIAL ASSIGNMENT",2023,241,0,,,241,,,TRUE
"SERGEANT D/A SPECIAL ASSIGNMENT",2024,256,0,,,256,,,TRUE
"SERGEANT D/A SPECIAL ASSIGNMENT",2025,240,0,,,240,,,TRUE
"SERGEANT D/A SUPERVISOR DETECTIVE SQUAD",2014,333,0,,,333,,,TRUE
"SERGEANT D/A SUPERVISOR DETECTIVE SQUAD",2016,372,0,,,372,,,TRUE
"SERGEANT D/A SUPERVISOR DETECTIVE SQUAD",2018,364,0,,,364,,,TRUE
"SERGEANT D/A SUPERVISOR DETECTIVE SQUAD",2019,330,0,,,330,,,TRUE
"SERGEANT D/A SUPERVISOR DETECTIVE SQUAD",2020,344,0,,,344,,,TRUE
"SERGEANT D/A SUPERVISOR DETECTIVE SQUAD",2021,325,0,,,325,,,TRUE
"SERGEANT D/A SUPERVISOR DETECTIVE SQUAD",2022,334,0,,,334,,,TRUE
"SERGEANT D/A SUPERVISOR DETECTIVE SQUAD",2023,366,0,,,366,,,TRUE
"SERGEANT D/A SUPERVISOR DETECTIVE SQUAD",2024,378,0,,,378,,,TRUE
"SERGEANT D/A SUPERVISOR DETECTIVE SQUAD",2025,360,0,,,360,,,TRUE
"SERGEANTD/A SPECIAL ASSIGNMENT",2014,205,0,,,205,,,TRUE
"SERGEANTD/A SPECIAL ASSIGNMENT",2015,211,0,,,211,,,TRUE
"SERGEANTD/A SUPERVISOR DETECTIVE SQUAD",2015,345,0,,,345,,,TRUE
"SERGEANTD/A SUPERVISOR DETECTIVE SQUAD",2017,367,0,,,367,,,TRUE
"SERVICE INSPECTOR",2014,3,1,,,4,,,TRUE
"SERVICE INSPECTOR",2015,5,3,,,8,,,TRUE
"SERVICE INSPECTOR",2016,6,3,,,9,,,TRUE
"SERVICE INSPECTOR",2017,5,1,,,6,,,TRUE
"SERVICE INSPECTOR",2018,5,5,,,10,,,TRUE
"SERVICE INSPECTOR",2019,5,5,,,10,,,TRUE
"SERVICE INSPECTOR",2020,4,4,,,8,,,TRUE
"SERVICE INSPECTOR",2021,4,2,,,6,,,TRUE
"SERVICE INSPECTOR",2022,3,2,,,5,,,TRUE
"SERVICE INSPECTOR",2023,3,4,,,7,,,TRUE
"SERVICE INSPECTOR",2024,1,8,,,9,,,TRUE
"SERVICE INSPECTOR",2025,1,8,,,9,,,TRUE
"SIGN LANGUAGE INTERPRETER",2019,0,1,,,1,,,TRUE
"SIGN LANGUAGE INTERPRETER",2020,0,1,,,1,,,TRUE
"SIGN LANGUAGE INTERPRETER",2024,0,2,,,2,,,TRUE
"SIGN LANGUAGE INTERPRETER",2025,0,3,,,3,,,TRUE
"SOCIAL WORKER",2014,21,46,,,67,,,TRUE
"SOCIAL WORKER",2015,15,39,,,54,,,TRUE
"SOCIAL WORKER",2016,19,76,,,95,,,TRUE
"SOCIAL WORKER",2017,20,92,,,112,,,TRUE
"SOCIAL WORKER",2018,20,77,,,97,,,TRUE
"SOCIAL WORKER",2019,27,52,,,79,,,TRUE
"SOCIAL WORKER",2020,23,55,,,78,,,TRUE
"SOCIAL WORKER",2021,27,33,,,60,,,TRUE
"SOCIAL WORKER",2022,21,13,,,34,,,TRUE
"SOCIAL WORKER",2023,19,30,,,49,,,TRUE
"SOCIAL WORKER",2024,16,28,,,44,,,TRUE
"SOCIAL WORKER",2025,17,23,,,40,,,TRUE
"SPACE ANALYST",2014,20,9,,,29,,,TRUE
"SPACE ANALYST",2015,23,13,,,36,,,TRUE
"SPACE ANALYST",2016,23,4,,,27,,,TRUE
"SPACE ANALYST",2017,22,2,,,24,,,TRUE
"SPACE ANALYST",2018,20,2,,,22,,,TRUE
"SPACE ANALYST",2019,21,8,,,29,,,TRUE
"SPACE ANALYST",2020,21,13,,,34,,,TRUE
"SPACE ANALYST",2021,19,6,,,25,,,TRUE
"SPACE ANALYST",2022,17,4,,,21,,,TRUE
"SPACE ANALYST",2023,13,8,,,21,,,TRUE
"SPACE ANALYST",2024,16,8,,,24,,,TRUE
"SPACE ANALYST",2025,20,5,,,25,,,TRUE
"SPEAKER/MAJORITY LEADER",2016,1,0,,,1,,,TRUE
"SPEAKER/MAJORITY LEADER",2017,1,0,,,1,,,TRUE
"SPEC CONSULTANT",2014,14,1,,,15,,,TRUE
"SPEC CONSULTANT",2015,14,2,,,16,,,TRUE
"SPEC CONSULTANT",2016,14,1,,,15,,,TRUE
"SPEC CONSULTANT",2017,12,0,,,12,,,TRUE
"SPEC CONSULTANT",2018,8,1,,,9,,,TRUE
"SPEC CONSULTANT",2019,10,42,,,52,,,TRUE
"SPEC CONSULTANT",2020,9,26,,,35,,,TRUE
"SPEC CONSULTANT",2021,8,2,,,10,,,TRUE
"SPEC CONSULTANT",2022,8,9,,,17,,,TRUE
"SPEC CONSULTANT",2023,9,16,,,25,,,TRUE
"SPEC CONSULTANT",2024,8,8,,,16,,,TRUE
"SPEC CONSULTANT",2025,11,5,,,16,,,TRUE
"SPECIAL ADVISOR TO THE CITY CLERK",2023,0,1,,,1,,,TRUE
"SPECIAL ADVISOR TO THE CITY CLERK",2024,1,0,,,1,,,TRUE
"SPECIAL ADVISOR TO THE CITY CLERK",2025,1,0,,,1,,,TRUE
"SPECIAL ADVISOR TO THE DIRECTOR",2016,1,1,,,2,,,TRUE
"SPECIAL ADVISOR TO THE DIRECTOR",2017,1,1,,,2,,,TRUE
"SPECIAL ADVISOR TO THE DIRECTOR",2018,0,5,,,5,,,TRUE
"SPECIAL ADVISOR TO THE DIRECTOR",2019,0,7,,,7,,,TRUE
"SPECIAL ADVISOR TO THE DIRECTOR",2020,0,1,,,1,,,TRUE
"SPECIAL ADVISOR TO THE DIRECTOR",2021,1,0,,,1,,,TRUE
"SPECIAL ADVISOR TO THE DIRECTOR",2022,1,2,,,3,,,TRUE
"SPECIAL ADVISOR TO THE DIRECTOR",2023,1,2,,,3,,,TRUE
"SPECIAL ADVISOR TO THE DIRECTOR",2024,1,3,,,4,,,TRUE
"SPECIAL ADVISOR TO THE DIRECTOR",2025,1,1,,,2,,,TRUE
"SPECIAL ADVISOR TO THE MAYOR FOR HEALTH SERVICES",2018,0,3,,,3,,,TRUE
"SPECIAL ADVISOR TO THE MAYOR FOR HEALTH SERVICES",2019,0,3,,,3,,,TRUE
"SPECIAL ADVISOR TO THE MAYOR FOR HEALTH SERVICES",2020,0,2,,,2,,,TRUE
"SPECIAL ADVISOR TO THE MAYOR FOR HEALTH SERVICES",2023,0,1,,,1,,,TRUE
"SPECIAL ADVISOR TO THE MAYOR FOR HEALTH SERVICES",2024,0,1,,,1,,,TRUE
"SPECIAL ADVISOR TO THE MAYOR FOR HEALTH SERVICES",2025,0,1,,,1,,,TRUE
"SPECIAL ASSISTANT",2014,10,76,,,86,,,TRUE
"SPECIAL ASSISTANT",2015,23,112,,,135,,,TRUE
"SPECIAL ASSISTANT",2016,34,116,77832,88562.5,150,1.13786745811491,-10730.5,FALSE
"SPECIAL ASSISTANT",2017,31,146,84460,85000,177,1.00639355908122,-540,FALSE
"SPECIAL ASSISTANT",2018,31,126,80000,89869.5,157,1.12336875,-9869.5,FALSE
"SPECIAL ASSISTANT",2019,37,123,89172,85000,160,0.953214013367425,4172,FALSE
"SPECIAL ASSISTANT",2020,36,89,91758.5,82400,125,0.898009448715923,9358.5,FALSE
"SPECIAL ASSISTANT",2021,36,30,91758.5,86744.5,66,0.945356560972553,5014,FALSE
"SPECIAL ASSISTANT",2022,32,104,91554,110000,136,1.2014767241191,-18446,FALSE
"SPECIAL ASSISTANT",2023,31,126,91670,110000,157,1.19995636522308,-18330,FALSE
"SPECIAL ASSISTANT",2024,28,41,,,69,,,TRUE
"SPECIAL ASSISTANT",2025,24,24,,,48,,,TRUE
"SPECIAL ASSISTANT CANNABIS NYC",2024,0,1,,,1,,,TRUE
"SPECIAL ASSISTANT CANNABIS NYC",2025,0,1,,,1,,,TRUE
"SPECIAL ASSISTANT DISTRICT ATTORNEY",2014,1,0,,,1,,,TRUE
"SPECIAL ASSISTANT DISTRICT ATTORNEY",2015,1,0,,,1,,,TRUE
"SPECIAL ASSISTANT DISTRICT ATTORNEY",2016,1,0,,,1,,,TRUE
"SPECIAL ASSISTANT DISTRICT ATTORNEY",2017,1,0,,,1,,,TRUE
"SPECIAL ASSISTANT DISTRICT ATTORNEY",2018,1,0,,,1,,,TRUE
"SPECIAL ASSISTANT DISTRICT ATTORNEY",2019,1,0,,,1,,,TRUE
"SPECIAL ASSISTANT DISTRICT ATTORNEY",2020,1,0,,,1,,,TRUE
"SPECIAL ASSISTANT DISTRICT ATTORNEY",2021,1,0,,,1,,,TRUE
"SPECIAL ASSISTANT DISTRICT ATTORNEY",2022,1,0,,,1,,,TRUE
"SPECIAL ASSISTANT DISTRICT ATTORNEY",2023,1,0,,,1,,,TRUE
"SPECIAL ASSISTANT DISTRICT ATTORNEY",2024,1,0,,,1,,,TRUE
"SPECIAL ASSISTANT DISTRICT ATTORNEY",2025,1,0,,,1,,,TRUE
"SPECIAL ASSISTANT IN MENTAL RETARDATION",2022,0,1,,,1,,,TRUE
"SPECIAL ASSISTANT IN MENTAL RETARDATION",2023,0,1,,,1,,,TRUE
"SPECIAL ASSISTANT TO COMMISSIONER",2019,0,1,,,1,,,TRUE
"SPECIAL ASSISTANT TO DA",2014,7,0,,,7,,,TRUE
"SPECIAL ASSISTANT TO DA",2015,6,1,,,7,,,TRUE
"SPECIAL ASSISTANT TO DA",2016,6,2,,,8,,,TRUE
"SPECIAL ASSISTANT TO DA",2017,4,1,,,5,,,TRUE
"SPECIAL ASSISTANT TO DA",2018,4,0,,,4,,,TRUE
"SPECIAL ASSISTANT TO DA",2019,4,0,,,4,,,TRUE
"SPECIAL ASSISTANT TO DA",2020,1,3,,,4,,,TRUE
"SPECIAL ASSISTANT TO DA",2021,1,7,,,8,,,TRUE
"SPECIAL ASSISTANT TO DA",2022,1,6,,,7,,,TRUE
"SPECIAL ASSISTANT TO DA",2023,1,2,,,3,,,TRUE
"SPECIAL ASSISTANT TO DA",2024,0,1,,,1,,,TRUE
"SPECIAL ASSISTANT TO MEMBER OF THE BOARD OF EDUCATION",2019,5,1,,,6,,,TRUE
"SPECIAL ASSISTANT TO MEMBER OF THE BOARD OF EDUCATION",2020,3,0,,,3,,,TRUE
"SPECIAL ASSISTANT TO MEMBER OF THE BOARD OF EDUCATION",2021,4,0,,,4,,,TRUE
"SPECIAL ASSISTANT TO MEMBER OF THE BOARD OF EDUCATION",2022,2,1,,,3,,,TRUE
"SPECIAL ASSISTANT TO MEMBER OF THE BOARD OF EDUCATION",2023,2,2,,,4,,,TRUE
"SPECIAL ASSISTANT TO MEMBER OF THE BOARD OF EDUCATION",2024,1,2,,,3,,,TRUE
"SPECIAL ASSISTANT TO MEMBER OF THE BOARD OF EDUCATION",2025,2,1,,,3,,,TRUE
"SPECIAL ASSISTANT TO THE BOROUGH PRESIDENT",2014,0,6,,,6,,,TRUE
"SPECIAL ASSISTANT TO THE BOROUGH PRESIDENT",2015,0,6,,,6,,,TRUE
"SPECIAL ASSISTANT TO THE BOROUGH PRESIDENT",2016,0,1,,,1,,,TRUE
"SPECIAL ASSISTANT TO THE BOROUGH PRESIDENT",2017,0,2,,,2,,,TRUE
"SPECIAL ASSISTANT TO THE BOROUGH PRESIDENT",2018,0,2,,,2,,,TRUE
"SPECIAL ASSISTANT TO THE BOROUGH PRESIDENT",2019,1,4,,,5,,,TRUE
"SPECIAL ASSISTANT TO THE BOROUGH PRESIDENT",2020,1,4,,,5,,,TRUE
"SPECIAL ASSISTANT TO THE BOROUGH PRESIDENT",2021,1,6,,,7,,,TRUE
"SPECIAL ASSISTANT TO THE BOROUGH PRESIDENT",2022,1,4,,,5,,,TRUE
"SPECIAL ASSISTANT TO THE BOROUGH PRESIDENT",2023,1,4,,,5,,,TRUE
"SPECIAL ASSISTANT TO THE BOROUGH PRESIDENT",2024,1,2,,,3,,,TRUE
"SPECIAL ASSISTANT TO THE BOROUGH PRESIDENT",2025,1,1,,,2,,,TRUE
"SPECIAL ASSISTANT TO THE CHANCELLOR",2014,3,4,,,7,,,TRUE
"SPECIAL ASSISTANT TO THE CHANCELLOR",2015,2,7,,,9,,,TRUE
"SPECIAL ASSISTANT TO THE CHANCELLOR",2016,2,7,,,9,,,TRUE
"SPECIAL ASSISTANT TO THE CHANCELLOR",2017,2,5,,,7,,,TRUE
"SPECIAL ASSISTANT TO THE CHANCELLOR",2018,2,1,,,3,,,TRUE
"SPECIAL ASSISTANT TO THE CHANCELLOR",2019,1,1,,,2,,,TRUE
"SPECIAL ASSISTANT TO THE CHANCELLOR",2020,1,2,,,3,,,TRUE
"SPECIAL ASSISTANT TO THE CHANCELLOR",2021,0,2,,,2,,,TRUE
"SPECIAL ASSISTANT TO THE CHANCELLOR",2022,0,4,,,4,,,TRUE
"SPECIAL ASSISTANT TO THE CHANCELLOR",2023,0,3,,,3,,,TRUE
"SPECIAL ASSISTANT TO THE CHANCELLOR",2024,1,2,,,3,,,TRUE
"SPECIAL ASSISTANT TO THE CHANCELLOR",2025,1,3,,,4,,,TRUE
"SPECIAL ASSISTANT TO THE COMMISSIONER",2014,0,1,,,1,,,TRUE
"SPECIAL ASSISTANT TO THE COMMISSIONER",2015,0,1,,,1,,,TRUE
"SPECIAL ASSISTANT TO THE COMMISSIONER",2018,0,1,,,1,,,TRUE
"SPECIAL ASSISTANT TO THE COMMISSIONER",2019,0,1,,,1,,,TRUE
"SPECIAL ASSISTANT TO THE COMMISSIONER",2020,0,3,,,3,,,TRUE
"SPECIAL ASSISTANT TO THE COMMISSIONER",2021,0,1,,,1,,,TRUE
"SPECIAL ASSISTANT TO THE COMMISSIONER",2022,0,1,,,1,,,TRUE
"SPECIAL ASSISTANT TO THE COMMISSIONER",2023,0,2,,,2,,,TRUE
"SPECIAL ASSISTANT TO THE COMMISSIONER",2024,0,1,,,1,,,TRUE
"SPECIAL ASSISTANT TO THE COMMISSIONER",2025,0,1,,,1,,,TRUE
"SPECIAL ASSISTANT TO THE DA",2024,2,0,,,2,,,TRUE
"SPECIAL ASSISTANT TO THE DA",2025,2,0,,,2,,,TRUE
"SPECIAL ASSISTANT TO THE DEPUTY EXECUTIVE DIRECTOR",2019,0,1,,,1,,,TRUE
"SPECIAL ASSISTANT TO THE DEPUTY EXECUTIVE DIRECTOR",2020,1,2,,,3,,,TRUE
"SPECIAL ASSISTANT TO THE DEPUTY EXECUTIVE DIRECTOR",2021,0,2,,,2,,,TRUE
"SPECIAL ASSISTANT TO THE DEPUTY EXECUTIVE DIRECTOR",2023,0,4,,,4,,,TRUE
"SPECIAL ASSISTANT TO THE DEPUTY EXECUTIVE DIRECTOR",2024,0,4,,,4,,,TRUE
"SPECIAL ASSISTANT TO THE DEPUTY EXECUTIVE DIRECTOR",2025,1,3,,,4,,,TRUE
"SPECIAL ASSISTANT TO THE DIRECTOR",2020,0,1,,,1,,,TRUE
"SPECIAL ASSISTANT TO THE DIRECTOR",2021,0,1,,,1,,,TRUE
"SPECIAL ASSISTANT TO THE DISTRICT ATTORNEY",2014,4,1,,,5,,,TRUE
"SPECIAL ASSISTANT TO THE DISTRICT ATTORNEY",2015,3,1,,,4,,,TRUE
"SPECIAL ASSISTANT TO THE DISTRICT ATTORNEY",2016,4,1,,,5,,,TRUE
"SPECIAL ASSISTANT TO THE DISTRICT ATTORNEY",2017,3,3,,,6,,,TRUE
"SPECIAL ASSISTANT TO THE DISTRICT ATTORNEY",2018,3,7,,,10,,,TRUE
"SPECIAL ASSISTANT TO THE DISTRICT ATTORNEY",2019,3,1,,,4,,,TRUE
"SPECIAL ASSISTANT TO THE DISTRICT ATTORNEY",2020,1,0,,,1,,,TRUE
"SPECIAL ASSISTANT TO THE DISTRICT ATTORNEY",2021,2,1,,,3,,,TRUE
"SPECIAL ASSISTANT TO THE DISTRICT ATTORNEY",2022,2,4,,,6,,,TRUE
"SPECIAL ASSISTANT TO THE DISTRICT ATTORNEY",2023,1,3,,,4,,,TRUE
"SPECIAL ASSISTANT TO THE DISTRICT ATTORNEY",2024,1,1,,,2,,,TRUE
"SPECIAL ASSISTANT TO THE DISTRICT ATTORNEY",2025,1,3,,,4,,,TRUE
"SPECIAL ASSISTANT TO THE EXECUTIVE DIRECTOR",2019,0,1,,,1,,,TRUE
"SPECIAL ASSISTANT TO THE EXECUTIVE DIRECTOR",2025,1,0,,,1,,,TRUE
"SPECIAL ASSISTANT TO THE FIRE COMMISSIONER",2016,0,1,,,1,,,TRUE
"SPECIAL ASSISTANT TO THE FIRE COMMISSIONER",2017,0,1,,,1,,,TRUE
"SPECIAL ASSISTANT TO THE FIRE COMMISSIONER",2023,0,1,,,1,,,TRUE
"SPECIAL ASSISTANT TO THE FIRE COMMISSIONER",2024,0,1,,,1,,,TRUE
"SPECIAL ASSISTANT TO THE FIRST DEPUTY COMMISSIONER",2020,0,1,,,1,,,TRUE
"SPECIAL ASSISTANT TO THE FIRST DEPUTY COMMISSIONER",2021,0,1,,,1,,,TRUE
"SPECIAL ASSISTANT TO THE HUMAN RESOURCES ADMINISTRATOR",2018,0,2,,,2,,,TRUE
"SPECIAL ASSISTANT TO THE HUMAN RESOURCES ADMINISTRATOR",2019,0,2,,,2,,,TRUE
"SPECIAL ASSISTANT TO THE HUMAN RESOURCES ADMINISTRATOR",2020,0,2,,,2,,,TRUE
"SPECIAL ASSISTANT TO THE HUMAN RESOURCES ADMINISTRATOR",2024,0,1,,,1,,,TRUE
"SPECIAL ASSISTANT TO THE HUMAN RESOURCES ADMINISTRATOR",2025,0,1,,,1,,,TRUE
"SPECIAL ASSISTANT TO THE MAYOR",2020,0,1,,,1,,,TRUE
"SPECIAL ASSISTANT TO THE MAYOR",2021,0,1,,,1,,,TRUE
"SPECIAL ASSISTANT TO THE PRESIDENT",2022,0,1,,,1,,,TRUE
"SPECIAL ASSISTANT TO THE PRESIDENT",2023,0,1,,,1,,,TRUE
"SPECIAL ASST FOR INVESTIGATIONS/INSPECTOR GEN",2014,1,0,,,1,,,TRUE
"SPECIAL COMMISSIONER OF INVESTIGATION NYC SCHOOL DIST. DOI",2019,0,1,,,1,,,TRUE
"SPECIAL CONSULTANT",2014,0,5,,,5,,,TRUE
"SPECIAL CONSULTANT",2015,0,18,,,18,,,TRUE
"SPECIAL CONSULTANT",2016,2,52,,,54,,,TRUE
"SPECIAL CONSULTANT",2017,2,139,,,141,,,TRUE
"SPECIAL CONSULTANT",2018,3,123,,,126,,,TRUE
"SPECIAL CONSULTANT",2019,2,34,,,36,,,TRUE
"SPECIAL CONSULTANT",2020,3,11,,,14,,,TRUE
"SPECIAL CONSULTANT",2021,3,3,,,6,,,TRUE
"SPECIAL CONSULTANT",2022,3,5,,,8,,,TRUE
"SPECIAL CONSULTANT",2023,4,5,,,9,,,TRUE
"SPECIAL CONSULTANT",2024,6,3,,,9,,,TRUE
"SPECIAL CONSULTANT",2025,7,1,,,8,,,TRUE
"SPECIAL DEPUTY COMPTROLLER",2017,0,1,,,1,,,TRUE
"SPECIAL DEPUTY COMPTROLLER",2018,0,1,,,1,,,TRUE
"SPECIAL DEPUTY COMPTROLLER",2022,0,1,,,1,,,TRUE
"SPECIAL DEPUTY COMPTROLLER",2023,0,1,,,1,,,TRUE
"SPECIAL INVESTIGATOR",2014,22,4,,,26,,,TRUE
"SPECIAL INVESTIGATOR",2015,23,34,,,57,,,TRUE
"SPECIAL INVESTIGATOR",2016,24,50,,,74,,,TRUE
"SPECIAL INVESTIGATOR",2017,29,38,,,67,,,TRUE
"SPECIAL INVESTIGATOR",2018,28,19,,,47,,,TRUE
"SPECIAL INVESTIGATOR",2019,33,24,,,57,,,TRUE
"SPECIAL INVESTIGATOR",2020,26,3,,,29,,,TRUE
"SPECIAL INVESTIGATOR",2021,27,0,,,27,,,TRUE
"SPECIAL INVESTIGATOR",2022,22,1,,,23,,,TRUE
"SPECIAL INVESTIGATOR",2023,21,8,,,29,,,TRUE
"SPECIAL INVESTIGATOR",2024,18,11,,,29,,,TRUE
"SPECIAL INVESTIGATOR",2025,19,11,,,30,,,TRUE
"SPECIAL OFFICER",2014,70,156,42332,30260,226,0.714825663800435,12072,FALSE
"SPECIAL OFFICER",2015,76,221,42332,30260,297,0.714825663800435,12072,FALSE
"SPECIAL OFFICER",2016,91,441,45376,32435,532,0.714805183356841,12941,FALSE
"SPECIAL OFFICER",2017,99,529,46737,32426,628,0.693797205640071,14311,FALSE
"SPECIAL OFFICER",2018,116,422,46737,32426,538,0.693797205640071,14311,FALSE
"SPECIAL OFFICER",2019,131,303,46737,32426,434,0.693797205640071,14311,FALSE
"SPECIAL OFFICER",2020,122,215,50207,35888,337,0.714800724998506,14319,FALSE
"SPECIAL OFFICER",2021,124,123,50207,35985,247,0.716732726512239,14222,FALSE
"SPECIAL OFFICER",2022,112,124,50207,34834,236,0.693807636385365,15373,FALSE
"SPECIAL OFFICER",2023,100,165,50207,34834,265,0.693807636385365,15373,FALSE
"SPECIAL OFFICER",2024,95,224,53264,36955,319,0.693808200660859,16309,FALSE
"SPECIAL OFFICER",2025,111,203,56508,39206,314,0.693813265378354,17302,FALSE
"SPVSG FAD ASST COMMISS DETAIL",2017,1,0,,,1,,,TRUE
"SPVSG FAD ASST COMMISS DETAIL",2018,1,0,,,1,,,TRUE
"SPVSG FAD ASST COMMISS DETAIL",2019,1,0,,,1,,,TRUE
"SPVSG FAD ASST COMMISS DETAIL",2020,1,0,,,1,,,TRUE
"SPVSG FAD ASST COMMISS DETAIL",2021,1,0,,,1,,,TRUE
"SPVSG FAD ASST COMMISS DETAIL",2022,1,0,,,1,,,TRUE
"SPVSG FAD ASST COMMISS DETAIL",2023,1,0,,,1,,,TRUE
"SPVSG FAD DEP DIR DSPTCH DTAIL",2014,1,0,,,1,,,TRUE
"SPVSG FAD DEP DIR DSPTCH DTAIL",2015,2,0,,,2,,,TRUE
"SPVSG FAD DEP DIR DSPTCH DTAIL",2016,2,0,,,2,,,TRUE
"SPVSG FAD DEP DIR DSPTCH DTAIL",2017,1,0,,,1,,,TRUE
"SPVSG FAD DEP DIR DSPTCH DTAIL",2018,2,0,,,2,,,TRUE
"SPVSG FAD DEP DIR DSPTCH DTAIL",2019,2,0,,,2,,,TRUE
"SPVSG FAD DEP DIR DSPTCH DTAIL",2020,2,0,,,2,,,TRUE
"SPVSG FAD DEP DIR DSPTCH DTAIL",2021,2,0,,,2,,,TRUE
"SPVSG FAD DEP DIR DSPTCH DTAIL",2022,2,0,,,2,,,TRUE
"SPVSG FAD DEP DIR DSPTCH DTAIL",2023,1,0,,,1,,,TRUE
"SPVSG FAD DEP DIR DSPTCH DTAIL",2024,1,0,,,1,,,TRUE
"SPVSG FAD DIR DSPTCH OP DETAIL",2014,1,0,,,1,,,TRUE
"SPVSG FAD DIR DSPTCH OP DETAIL",2017,1,0,,,1,,,TRUE
"SPVSG FAD DIR DSPTCH OP DETAIL",2018,1,0,,,1,,,TRUE
"SPVSG FAD DIR DSPTCH OP DETAIL",2019,1,0,,,1,,,TRUE
"SPVSG FAD DIR DSPTCH OP DETAIL",2020,1,0,,,1,,,TRUE
"SPVSG FAD DIR DSPTCH OP DETAIL",2021,1,0,,,1,,,TRUE
"SPVSG FAD DIR DSPTCH OP DETAIL",2022,1,0,,,1,,,TRUE
"SPVSG FAD DIR DSPTCH OP DETAIL",2023,1,0,,,1,,,TRUE
"SPVSG FAD DIR DSPTCH OP DETAIL",2024,1,0,,,1,,,TRUE
"SPVSG FAD DIR DSPTCH OP DETAIL",2025,1,0,,,1,,,TRUE
"SR ASSOCIATE HEALTH PROGRAM DIRECTOR",2014,1,0,,,1,,,TRUE
"SR ASSOCIATE HEALTH PROGRAM DIRECTOR",2015,1,0,,,1,,,TRUE
"SR HEALTHCARE PROG PLAN ANLYST",2014,2,11,,,13,,,TRUE
"SR HEALTHCARE PROG PLAN ANLYST",2015,2,6,,,8,,,TRUE
"SR HEALTHCARE PROG PLAN ANLYST",2016,2,7,,,9,,,TRUE
"SR HEALTHCARE PROG PLAN ANLYST",2017,2,14,,,16,,,TRUE
"SR HEALTHCARE PROG PLAN ANLYST",2018,34,11,,,45,,,TRUE
"SR HEALTHCARE PROG PLAN ANLYST",2019,32,5,,,37,,,TRUE
"SR HEALTHCARE PROG PLAN ANLYST",2020,33,7,,,40,,,TRUE
"SR HEALTHCARE PROG PLAN ANLYST",2021,36,3,,,39,,,TRUE
"SR HEALTHCARE PROG PLAN ANLYST",2022,32,7,,,39,,,TRUE
"SR HEALTHCARE PROG PLAN ANLYST",2023,27,13,,,40,,,TRUE
"SR HEALTHCARE PROG PLAN ANLYST",2024,24,15,,,39,,,TRUE
"SR HEALTHCARE PROG PLAN ANLYST",2025,25,13,,,38,,,TRUE
"SR MANAGEMENT CONSULTANT",2014,3,0,,,3,,,TRUE
"SR MANAGEMENT CONSULTANT",2015,3,0,,,3,,,TRUE
"SR MANAGEMENT CONSULTANT",2016,3,0,,,3,,,TRUE
"SR MANAGEMENT CONSULTANT",2017,3,0,,,3,,,TRUE
"SR MANAGEMENT CONSULTANT",2018,12,0,,,12,,,TRUE
"SR MANAGEMENT CONSULTANT",2019,11,0,,,11,,,TRUE
"SR MANAGEMENT CONSULTANT",2020,11,0,,,11,,,TRUE
"SR MANAGEMENT CONSULTANT",2021,11,0,,,11,,,TRUE
"SR MANAGEMENT CONSULTANT",2022,9,0,,,9,,,TRUE
"SR MANAGEMENT CONSULTANT",2023,8,0,,,8,,,TRUE
"SR MANAGEMENT CONSULTANT",2024,8,0,,,8,,,TRUE
"SR MANAGEMENT CONSULTANT",2025,8,0,,,8,,,TRUE
"SR PROJECT PLANNER",2014,2,0,,,2,,,TRUE
"SR PROJECT PLANNER",2015,2,0,,,2,,,TRUE
"SR PROJECT PLANNER",2016,2,0,,,2,,,TRUE
"SR PROJECT PLANNER",2017,2,0,,,2,,,TRUE
"SR PROJECT PLANNER",2018,2,0,,,2,,,TRUE
"SR PROJECT PLANNER",2019,2,0,,,2,,,TRUE
"SR PROJECT PLANNER",2020,2,0,,,2,,,TRUE
"SR PROJECT PLANNER",2021,1,0,,,1,,,TRUE
"SR PROJECT PLANNER",2022,1,0,,,1,,,TRUE
"SR PROJECT PLANNER",2023,1,0,,,1,,,TRUE
"SR PROJECT PLANNER",2024,1,0,,,1,,,TRUE
"SR PROJECT PLANNER",2025,1,0,,,1,,,TRUE
"SR SYSTEMS ANALYST EDP",2018,1,0,,,1,,,TRUE
"SR SYSTEMS ANALYST EDP",2019,1,0,,,1,,,TRUE
"SR SYSTEMS ANALYST EDP",2020,1,0,,,1,,,TRUE
"SR SYSTEMS ANALYST EDP",2021,1,0,,,1,,,TRUE
"SR SYSTEMS ANALYST EDP",2022,1,0,,,1,,,TRUE
"SR SYSTEMS ANALYST EDP",2023,1,0,,,1,,,TRUE
"SR SYSTEMS ANALYST EDP",2024,1,0,,,1,,,TRUE
"SR SYSTEMS ANALYST EDP",2025,1,0,,,1,,,TRUE
"STAFF ANALYST",2014,383,45,60788,52670,428,0.866453905376061,8118,FALSE
"STAFF ANALYST",2015,349,49,60790,52670,398,0.866425398914295,8120,FALSE
"STAFF ANALYST",2016,328,62,65520,60467.5,390,0.922886141636142,5052.5,FALSE
"STAFF ANALYST",2017,295,120,67930,58152,415,0.856057706462535,9778,FALSE
"STAFF ANALYST",2018,285,121,67770,58152,406,0.858078795927402,9618,FALSE
"STAFF ANALYST",2019,264,91,67577,59238,355,0.876600026636282,8339,FALSE
"STAFF ANALYST",2020,229,147,67368,60470,376,0.897607172544828,6898,FALSE
"STAFF ANALYST",2021,214,101,67315.5,60000,315,0.891325177707957,7315.5,FALSE
"STAFF ANALYST",2022,155,73,72654,69568,228,0.957524706141437,3086,FALSE
"STAFF ANALYST",2023,151,180,71967,71113.5,331,0.988140397682271,853.5,FALSE
"STAFF ANALYST",2024,156,196,78931.5,78501,352,0.994545903726649,430.5,FALSE
"STAFF ANALYST",2025,156,125,81180.5,80856,281,0.996002734646867,324.5,FALSE
"STAFF ANALYST TRAINEE",2014,13,107,,,120,,,TRUE
"STAFF ANALYST TRAINEE",2015,12,51,,,63,,,TRUE
"STAFF ANALYST TRAINEE",2016,2,60,,,62,,,TRUE
"STAFF ANALYST TRAINEE",2017,2,86,,,88,,,TRUE
"STAFF ANALYST TRAINEE",2018,2,63,,,65,,,TRUE
"STAFF ANALYST TRAINEE",2019,1,38,,,39,,,TRUE
"STAFF ANALYST TRAINEE",2020,0,41,,,41,,,TRUE
"STAFF ANALYST TRAINEE",2021,0,22,,,22,,,TRUE
"STAFF ANALYST TRAINEE",2022,0,17,,,17,,,TRUE
"STAFF ANALYST TRAINEE",2023,0,25,,,25,,,TRUE
"STAFF ANALYST TRAINEE",2024,1,32,,,33,,,TRUE
"STAFF ANALYST TRAINEE",2025,0,35,,,35,,,TRUE
"STAFF ASSISTANT",2014,4,3,,,7,,,TRUE
"STAFF ASSISTANT",2015,2,3,,,5,,,TRUE
"STAFF ASSISTANT",2016,2,5,,,7,,,TRUE
"STAFF ASSISTANT",2017,2,7,,,9,,,TRUE
"STAFF ASSISTANT",2018,2,7,,,9,,,TRUE
"STAFF ASSISTANT",2019,2,6,,,8,,,TRUE
"STAFF ASSISTANT",2020,2,5,,,7,,,TRUE
"STAFF ASSISTANT",2021,3,2,,,5,,,TRUE
"STAFF ASSISTANT",2022,2,3,,,5,,,TRUE
"STAFF ASSISTANT",2023,1,9,,,10,,,TRUE
"STAFF ASSISTANT",2024,1,4,,,5,,,TRUE
"STAFF ASSISTANT",2025,1,5,,,6,,,TRUE
"STAFF AUDIOLOGIST",2015,0,1,,,1,,,TRUE
"STAFF AUDIOLOGIST",2016,0,1,,,1,,,TRUE
"STAFF AUDIOLOGIST",2017,0,1,,,1,,,TRUE
"STAFF AUDIOLOGIST",2018,0,2,,,2,,,TRUE
"STAFF AUDIOLOGIST",2019,0,1,,,1,,,TRUE
"STAFF AUDIOLOGIST",2020,0,1,,,1,,,TRUE
"STAFF AUDIOLOGIST",2021,0,1,,,1,,,TRUE
"STAFF AUDIOLOGIST",2022,0,1,,,1,,,TRUE
"STAFF AUDIOLOGIST",2023,0,5,,,5,,,TRUE
"STAFF AUDIOLOGIST",2024,0,6,,,6,,,TRUE
"STAFF AUDIOLOGIST",2025,1,4,,,5,,,TRUE
"STAFF NURSE",2014,232,76,58070,56554,308,0.973893576717754,1516,FALSE
"STAFF NURSE",2015,253,130,62055,60677,383,0.977793892514705,1378,FALSE
"STAFF NURSE",2016,256,122,64221,62118,378,0.967253702060074,2103,FALSE
"STAFF NURSE",2017,264,109,67143,64241,373,0.956778815364223,2902,FALSE
"STAFF NURSE",2018,301,174,70513,67712,475,0.960276828386255,2801,FALSE
"STAFF NURSE",2019,296,175,71923,69066,471,0.960276962863062,2857,FALSE
"STAFF NURSE",2020,289,97,73721,71309,386,0.967282049890805,2412,FALSE
"STAFF NURSE",2021,274,51,75933,73448,325,0.967273780833103,2485,FALSE
"STAFF NURSE",2022,246,64,75933,72917,310,0.960280773840096,3016,FALSE
"STAFF NURSE",2023,226,96,75933,72917,322,0.960280773840096,3016,FALSE
"STAFF NURSE",2024,223,122,80557,77358,345,0.960288987921596,3199,FALSE
"STAFF NURSE",2025,245,125,82974,79679,370,0.96028876515535,3295,FALSE
"STAFF NURSE ASSIGNMENT LEVEL 2",2025,9,1,,,10,,,TRUE
"STAFF NURSE ASSIGNMENT LEVEL 3",2025,6,12,,,18,,,TRUE
"STATISTICAL SECRETARY",2014,15,1,,,16,,,TRUE
"STATISTICAL SECRETARY",2015,12,2,,,14,,,TRUE
"STATISTICAL SECRETARY",2016,11,3,,,14,,,TRUE
"STATISTICAL SECRETARY",2017,11,3,,,14,,,TRUE
"STATISTICAL SECRETARY",2018,11,3,,,14,,,TRUE
"STATISTICAL SECRETARY",2019,8,5,,,13,,,TRUE
"STATISTICAL SECRETARY",2020,8,3,,,11,,,TRUE
"STATISTICAL SECRETARY",2021,7,0,,,7,,,TRUE
"STATISTICAL SECRETARY",2022,7,1,,,8,,,TRUE
"STATISTICAL SECRETARY",2023,5,4,,,9,,,TRUE
"STATISTICAL SECRETARY",2024,4,4,,,8,,,TRUE
"STATISTICAL SECRETARY",2025,2,2,,,4,,,TRUE
"STATISTICIAN",2014,2,2,,,4,,,TRUE
"STATISTICIAN",2015,2,3,,,5,,,TRUE
"STATISTICIAN",2016,3,3,,,6,,,TRUE
"STATISTICIAN",2017,3,8,,,11,,,TRUE
"STATISTICIAN",2018,3,3,,,6,,,TRUE
"STATISTICIAN",2019,2,3,,,5,,,TRUE
"STATISTICIAN",2020,3,1,,,4,,,TRUE
"STATISTICIAN",2021,3,1,,,4,,,TRUE
"STATISTICIAN",2022,2,1,,,3,,,TRUE
"STATISTICIAN",2023,1,3,,,4,,,TRUE
"STATISTICIAN",2024,1,2,,,3,,,TRUE
"STATISTICIAN",2025,2,0,,,2,,,TRUE
"STEAM FITTER S HELPER",2015,1,0,,,1,,,TRUE
"STENOGRAPHER TO EACH DEPUTY COMMISSIONER",2014,5,0,,,5,,,TRUE
"STENOGRAPHER TO EACH DEPUTY COMMISSIONER",2015,5,0,,,5,,,TRUE
"STENOGRAPHER TO EACH DEPUTY COMMISSIONER",2016,3,0,,,3,,,TRUE
"STENOGRAPHER TO EACH DEPUTY COMMISSIONER",2017,5,0,,,5,,,TRUE
"STENOGRAPHER TO EACH DEPUTY COMMISSIONER",2018,5,0,,,5,,,TRUE
"STENOGRAPHER TO EACH DEPUTY COMMISSIONER",2019,4,0,,,4,,,TRUE
"STENOGRAPHER TO EACH DEPUTY COMMISSIONER",2020,3,0,,,3,,,TRUE
"STENOGRAPHER TO EACH DEPUTY COMMISSIONER",2021,3,0,,,3,,,TRUE
"STENOGRAPHER TO EACH DEPUTY COMMISSIONER",2022,2,1,,,3,,,TRUE
"STENOGRAPHER TO EACH DEPUTY COMMISSIONER",2023,3,1,,,4,,,TRUE
"STENOGRAPHER TO EACH DEPUTY COMMISSIONER",2024,3,0,,,3,,,TRUE
"STENOGRAPHER TO EACH DEPUTY COMMISSIONER",2025,4,0,,,4,,,TRUE
"STENOGRAPHER TO THE CORPORATION COUNSEL",2014,1,0,,,1,,,TRUE
"STENOGRAPHER TO THE CORPORATION COUNSEL",2015,1,0,,,1,,,TRUE
"STENOGRAPHER TO THE CORPORATION COUNSEL",2016,1,0,,,1,,,TRUE
"STENOGRAPHER TO THE CORPORATION COUNSEL",2017,1,0,,,1,,,TRUE
"STENOGRAPHER TO THE CORPORATION COUNSEL",2018,1,0,,,1,,,TRUE
"STENOGRAPHER TO THE CORPORATION COUNSEL",2019,1,0,,,1,,,TRUE
"STENOGRAPHER TO THE CORPORATION COUNSEL",2020,1,0,,,1,,,TRUE
"STENOGRAPHER TO THE CORPORATION COUNSEL",2021,1,0,,,1,,,TRUE
"STENOGRAPHER TO THE CORPORATION COUNSEL",2022,1,0,,,1,,,TRUE
"STENOGRAPHER TO THE CORPORATION COUNSEL",2023,1,0,,,1,,,TRUE
"STENOGRAPHIC SPECIALIST",2014,1,0,,,1,,,TRUE
"STENOGRAPHIC SPECIALIST",2015,1,0,,,1,,,TRUE
"STENOGRAPHIC SPECIALIST",2016,2,0,,,2,,,TRUE
"STENOGRAPHIC SPECIALIST",2017,2,0,,,2,,,TRUE
"STENOGRAPHIC SPECIALIST",2018,2,0,,,2,,,TRUE
"STENOGRAPHIC SPECIALIST",2019,2,0,,,2,,,TRUE
"STENOGRAPHIC SPECIALIST",2020,2,1,,,3,,,TRUE
"STENOGRAPHIC SPECIALIST",2021,2,1,,,3,,,TRUE
"STENOGRAPHIC SPECIALIST",2022,2,0,,,2,,,TRUE
"STENOGRAPHIC SPECIALIST",2023,2,1,,,3,,,TRUE
"STENOGRAPHIC SPECIALIST",2024,1,1,,,2,,,TRUE
"STENOGRAPHIC SPECIALIST",2025,0,2,,,2,,,TRUE
"STENOGRAPHIC/SECRETARIAL ASSOCIATE",2014,1,0,,,1,,,TRUE
"STENOGRAPHIC/SECRETARIAL ASSOCIATE",2015,1,0,,,1,,,TRUE
"STENOGRAPHIC/SECRETARIAL ASSOCIATE",2016,1,0,,,1,,,TRUE
"STENOGRAPHIC/SECRETARIAL ASSOCIATE",2017,1,0,,,1,,,TRUE
"STENOGRAPHIC/SECRETARIAL ASSOCIATE",2018,1,0,,,1,,,TRUE
"STENOGRAPHIC/SECRETARIAL ASSOCIATE",2019,1,0,,,1,,,TRUE
"STENOGRAPHIC/SECRETARIAL ASSOCIATE",2020,1,0,,,1,,,TRUE
"STENOGRAPHIC/SECRETARIAL ASSOCIATE",2021,1,0,,,1,,,TRUE
"STENOGRAPHIC/SECRETARIAL ASSOCIATE",2025,0,1,,,1,,,TRUE
"STOCK WORKER",2014,59,12,,,71,,,TRUE
"STOCK WORKER",2015,52,34,36859.5,29497,86,0.800255022450115,7362.5,FALSE
"STOCK WORKER",2016,47,47,37765,31060,94,0.822454653779955,6705,FALSE
"STOCK WORKER",2017,42,33,38965,31930,75,0.819453355575516,7035,FALSE
"STOCK WORKER",2018,33,40,40831,31142,73,0.76270480762166,9689,FALSE
"STOCK WORKER",2019,29,42,,,71,,,TRUE
"STOCK WORKER",2020,35,31,44015,36246,66,0.82349199136658,7769,FALSE
"STOCK WORKER",2021,36,17,,,53,,,TRUE
"STOCK WORKER",2022,26,21,,,47,,,TRUE
"STOCK WORKER",2023,25,34,,,59,,,TRUE
"STOCK WORKER",2024,27,36,,,63,,,TRUE
"STOCK WORKER",2025,30,16,,,46,,,TRUE
"STRATEGI INITIATIVE SPECIALIST",2016,0,1,,,1,,,TRUE
"STRATEGI INITIATIVE SPECIALIST",2017,0,1,,,1,,,TRUE
"STRATEGI INITIATIVE SPECIALIST",2019,0,1,,,1,,,TRUE
"STRATEGI INITIATIVE SPECIALIST",2023,1,0,,,1,,,TRUE
"STRATEGI INITIATIVE SPECIALIST",2024,1,0,,,1,,,TRUE
"STRATEGI INITIATIVE SPECIALIST",2025,1,1,,,2,,,TRUE
"STRATEGIC INITIATIVE SPECIALIST",2014,0,1,,,1,,,TRUE
"STRATEGIC INITIATIVE SPECIALIST",2015,3,7,,,10,,,TRUE
"STRATEGIC INITIATIVE SPECIALIST",2016,2,13,,,15,,,TRUE
"STRATEGIC INITIATIVE SPECIALIST",2017,5,17,,,22,,,TRUE
"STRATEGIC INITIATIVE SPECIALIST",2018,5,16,,,21,,,TRUE
"STRATEGIC INITIATIVE SPECIALIST",2019,10,18,,,28,,,TRUE
"STRATEGIC INITIATIVE SPECIALIST",2020,9,19,,,28,,,TRUE
"STRATEGIC INITIATIVE SPECIALIST",2021,9,10,,,19,,,TRUE
"STRATEGIC INITIATIVE SPECIALIST",2022,13,13,,,26,,,TRUE
"STRATEGIC INITIATIVE SPECIALIST",2023,15,23,,,38,,,TRUE
"STRATEGIC INITIATIVE SPECIALIST",2024,17,39,,,56,,,TRUE
"STRATEGIC INITIATIVE SPECIALIST",2025,16,31,,,47,,,TRUE
"STUDENT LEGAL SPECIALIST",2014,0,2,,,2,,,TRUE
"STUDENT LEGAL SPECIALIST",2015,0,1,,,1,,,TRUE
"STUDENT LEGAL SPECIALIST",2017,0,3,,,3,,,TRUE
"STUDENT LEGAL SPECIALIST",2018,0,2,,,2,,,TRUE
"STUDENT LEGAL SPECIALIST",2019,0,3,,,3,,,TRUE
"STUDENT LEGAL SPECIALIST",2023,0,1,,,1,,,TRUE
"SUBSTANCE ABUSE PREVENTION & INTERVENTION SPECIALIST",2014,228,0,,,228,,,TRUE
"SUBSTANCE ABUSE PREVENTION & INTERVENTION SPECIALIST",2015,221,8,,,229,,,TRUE
"SUBSTANCE ABUSE PREVENTION & INTERVENTION SPECIALIST",2016,217,50,55996,48641,267,0.868651332238017,7355,FALSE
"SUBSTANCE ABUSE PREVENTION & INTERVENTION SPECIALIST",2017,199,60,57700,57616,259,0.998544194107452,84,FALSE
"SUBSTANCE ABUSE PREVENTION & INTERVENTION SPECIALIST",2018,187,36,57700,57616,223,0.998544194107452,84,FALSE
"SUBSTANCE ABUSE PREVENTION & INTERVENTION SPECIALIST",2019,167,40,60213,52252,207,0.867786026273396,7961,FALSE
"SUBSTANCE ABUSE PREVENTION & INTERVENTION SPECIALIST",2020,153,38,62043,61893,191,0.997582321938011,150,FALSE
"SUBSTANCE ABUSE PREVENTION & INTERVENTION SPECIALIST",2021,135,13,,,148,,,TRUE
"SUBSTANCE ABUSE PREVENTION & INTERVENTION SPECIALIST",2022,107,52,62043,53820,159,0.867462888641748,8223,FALSE
"SUBSTANCE ABUSE PREVENTION & INTERVENTION SPECIALIST",2023,94,87,67870,67633,181,0.996508030057463,237,FALSE
"SUBSTANCE ABUSE PREVENTION & INTERVENTION SPECIALIST",2024,89,70,69930,69662,159,0.996167596167596,268,FALSE
"SUBSTANCE ABUSE PREVENTION & INTERVENTION SPECIALIST",2025,83,64,72181,71926,147,0.996467214363891,255,FALSE
"SUBSTITUTE PRINCIPAL",2015,1,0,,,1,,,TRUE
"SUBSTITUTE TEACHER",2014,3,14,,,17,,,TRUE
"SUBSTITUTE TEACHER",2015,3,12,,,15,,,TRUE
"SUBSTITUTE TEACHER",2016,3,9,,,12,,,TRUE
"SUBSTITUTE TEACHER",2017,4,12,,,16,,,TRUE
"SUBSTITUTE TEACHER",2018,1,17,,,18,,,TRUE
"SUBSTITUTE TEACHER",2019,1,15,,,16,,,TRUE
"SUBSTITUTE TEACHER",2020,1,16,,,17,,,TRUE
"SUBSTITUTE TEACHER",2021,0,12,,,12,,,TRUE
"SUBSTITUTE TEACHER",2022,0,13,,,13,,,TRUE
"SUBSTITUTE TEACHER",2023,0,18,,,18,,,TRUE
"SUBSTITUTE TEACHER",2024,1,17,,,18,,,TRUE
"SUBSTITUTE TEACHER",2025,3,11,,,14,,,TRUE
"SUMMER COLLEGE INTERN",2017,0,1,,,1,,,TRUE
"SUMMER COLLEGE INTERN",2024,0,3,,,3,,,TRUE
"SUMMER GRADUATE INTERN",2014,0,3,,,3,,,TRUE
"SUMMER GRADUATE INTERN",2015,0,7,,,7,,,TRUE
"SUPERINTENDENT",2022,1,0,,,1,,,TRUE
"SUPERINTENDENT",2023,1,0,,,1,,,TRUE
"SUPERINTENDENT",2024,1,0,,,1,,,TRUE
"SUPERINTENDENT",2025,1,0,,,1,,,TRUE
"SUPERINTENDENT OF ADULT INSTITUTIONS",2014,12,0,,,12,,,TRUE
"SUPERINTENDENT OF ADULT INSTITUTIONS",2015,11,0,,,11,,,TRUE
"SUPERINTENDENT OF ADULT INSTITUTIONS",2016,10,0,,,10,,,TRUE
"SUPERINTENDENT OF ADULT INSTITUTIONS",2017,9,1,,,10,,,TRUE
"SUPERINTENDENT OF ADULT INSTITUTIONS",2018,7,1,,,8,,,TRUE
"SUPERINTENDENT OF ADULT INSTITUTIONS",2019,7,1,,,8,,,TRUE
"SUPERINTENDENT OF ADULT INSTITUTIONS",2020,6,0,,,6,,,TRUE
"SUPERINTENDENT OF ADULT INSTITUTIONS",2021,6,0,,,6,,,TRUE
"SUPERINTENDENT OF ADULT INSTITUTIONS",2022,7,0,,,7,,,TRUE
"SUPERINTENDENT OF ADULT INSTITUTIONS",2023,8,0,,,8,,,TRUE
"SUPERINTENDENT OF ADULT INSTITUTIONS",2024,8,0,,,8,,,TRUE
"SUPERINTENDENT OF ADULT INSTITUTIONS",2025,10,0,,,10,,,TRUE
"SUPERINTENDENT OF LAUNDRIES",2015,1,0,,,1,,,TRUE
"SUPERINTENDENT OF LAUNDRIES",2016,1,0,,,1,,,TRUE
"SUPERINTENDENT OF LAUNDRIES",2017,1,0,,,1,,,TRUE
"SUPERINTENDENT OF LAUNDRIES",2018,1,0,,,1,,,TRUE
"SUPERINTENDENT OF LAUNDRIES",2019,1,0,,,1,,,TRUE
"SUPERINTENDENT OF LAUNDRIES",2020,1,0,,,1,,,TRUE
"SUPERINTENDENT OF WATER AND SEWER SYSTEMS",2014,16,2,,,18,,,TRUE
"SUPERINTENDENT OF WATER AND SEWER SYSTEMS",2015,15,1,,,16,,,TRUE
"SUPERINTENDENT OF WATER AND SEWER SYSTEMS",2016,16,0,,,16,,,TRUE
"SUPERINTENDENT OF WATER AND SEWER SYSTEMS",2017,16,0,,,16,,,TRUE
"SUPERINTENDENT OF WATER AND SEWER SYSTEMS",2018,17,0,,,17,,,TRUE
"SUPERINTENDENT OF WATER AND SEWER SYSTEMS",2019,19,0,,,19,,,TRUE
"SUPERINTENDENT OF WATER AND SEWER SYSTEMS",2020,18,0,,,18,,,TRUE
"SUPERINTENDENT OF WATER AND SEWER SYSTEMS",2021,17,0,,,17,,,TRUE
"SUPERINTENDENT OF WATER AND SEWER SYSTEMS",2022,14,0,,,14,,,TRUE
"SUPERINTENDENT OF WATER AND SEWER SYSTEMS",2023,20,0,,,20,,,TRUE
"SUPERINTENDENT OF WATER AND SEWER SYSTEMS",2024,19,0,,,19,,,TRUE
"SUPERINTENDENT OF WATER AND SEWER SYSTEMS",2025,19,1,,,20,,,TRUE
"SUPERVISING ACCOUNTANT INVESTIGATOR",2014,3,6,,,9,,,TRUE
"SUPERVISING ACCOUNTANT INVESTIGATOR",2015,2,7,,,9,,,TRUE
"SUPERVISING ACCOUNTANT INVESTIGATOR",2016,2,6,,,8,,,TRUE
"SUPERVISING ACCOUNTANT INVESTIGATOR",2017,2,1,,,3,,,TRUE
"SUPERVISING ACCOUNTANT INVESTIGATOR",2018,2,1,,,3,,,TRUE
"SUPERVISING ACCOUNTANT INVESTIGATOR",2019,2,0,,,2,,,TRUE
"SUPERVISING ACCOUNTANT INVESTIGATOR",2020,2,0,,,2,,,TRUE
"SUPERVISING ACCOUNTANT INVESTIGATOR",2021,2,0,,,2,,,TRUE
"SUPERVISING ACCOUNTANT INVESTIGATOR",2022,2,0,,,2,,,TRUE
"SUPERVISING ACCOUNTANT INVESTIGATOR",2023,4,0,,,4,,,TRUE
"SUPERVISING ACCOUNTANT INVESTIGATOR",2024,4,1,,,5,,,TRUE
"SUPERVISING ACCOUNTANT INVESTIGATOR",2025,6,0,,,6,,,TRUE
"SUPERVISING BLASTING INSPECTOR",2014,3,0,,,3,,,TRUE
"SUPERVISING BLASTING INSPECTOR",2015,2,1,,,3,,,TRUE
"SUPERVISING BLASTING INSPECTOR",2016,2,3,,,5,,,TRUE
"SUPERVISING BLASTING INSPECTOR",2017,2,3,,,5,,,TRUE
"SUPERVISING BLASTING INSPECTOR",2018,2,3,,,5,,,TRUE
"SUPERVISING BLASTING INSPECTOR",2019,2,2,,,4,,,TRUE
"SUPERVISING BLASTING INSPECTOR",2020,2,0,,,2,,,TRUE
"SUPERVISING BLASTING INSPECTOR",2021,2,0,,,2,,,TRUE
"SUPERVISING BLASTING INSPECTOR",2022,1,0,,,1,,,TRUE
"SUPERVISING BLASTING INSPECTOR",2023,1,2,,,3,,,TRUE
"SUPERVISING BLASTING INSPECTOR",2024,1,0,,,1,,,TRUE
"SUPERVISING BLASTING INSPECTOR",2025,1,0,,,1,,,TRUE
"SUPERVISING BOOKBINDER",2018,1,0,,,1,,,TRUE
"SUPERVISING BOOKBINDER",2019,1,0,,,1,,,TRUE
"SUPERVISING BOOKBINDER",2020,1,0,,,1,,,TRUE
"SUPERVISING BOOKBINDER",2021,1,0,,,1,,,TRUE
"SUPERVISING BOOKBINDER",2022,1,0,,,1,,,TRUE
"SUPERVISING BOOKBINDER",2023,1,0,,,1,,,TRUE
"SUPERVISING CHIEF SURGEON",2014,1,0,,,1,,,TRUE
"SUPERVISING CHIEF SURGEON",2015,1,0,,,1,,,TRUE
"SUPERVISING CHIEF SURGEON",2016,1,0,,,1,,,TRUE
"SUPERVISING CHIEF SURGEON",2017,1,0,,,1,,,TRUE
"SUPERVISING CHIEF SURGEON",2018,1,0,,,1,,,TRUE
"SUPERVISING CHIEF SURGEON",2019,1,0,,,1,,,TRUE
"SUPERVISING CHIEF SURGEON",2020,1,0,,,1,,,TRUE
"SUPERVISING CHIEF SURGEON",2021,1,0,,,1,,,TRUE
"SUPERVISING CHIEF SURGEON",2022,1,0,,,1,,,TRUE
"SUPERVISING CHIEF SURGEON",2023,1,0,,,1,,,TRUE
"SUPERVISING CHIEF SURGEON",2024,1,0,,,1,,,TRUE
"SUPERVISING CHIEF SURGEON",2025,1,0,,,1,,,TRUE
"SUPERVISING COMPUTER SERVICE TECHNICIAN",2014,65,1,,,66,,,TRUE
"SUPERVISING COMPUTER SERVICE TECHNICIAN",2015,51,2,,,53,,,TRUE
"SUPERVISING COMPUTER SERVICE TECHNICIAN",2016,50,2,,,52,,,TRUE
"SUPERVISING COMPUTER SERVICE TECHNICIAN",2017,48,4,,,52,,,TRUE
"SUPERVISING COMPUTER SERVICE TECHNICIAN",2018,57,3,,,60,,,TRUE
"SUPERVISING COMPUTER SERVICE TECHNICIAN",2019,46,2,,,48,,,TRUE
"SUPERVISING COMPUTER SERVICE TECHNICIAN",2020,45,1,,,46,,,TRUE
"SUPERVISING COMPUTER SERVICE TECHNICIAN",2021,45,1,,,46,,,TRUE
"SUPERVISING COMPUTER SERVICE TECHNICIAN",2022,42,0,,,42,,,TRUE
"SUPERVISING COMPUTER SERVICE TECHNICIAN",2023,40,0,,,40,,,TRUE
"SUPERVISING COMPUTER SERVICE TECHNICIAN",2024,37,3,,,40,,,TRUE
"SUPERVISING COMPUTER SERVICE TECHNICIAN",2025,34,5,,,39,,,TRUE
"SUPERVISING DEMOLITION INSPECTOR",2014,3,0,,,3,,,TRUE
"SUPERVISING DEMOLITION INSPECTOR",2015,3,0,,,3,,,TRUE
"SUPERVISING DEMOLITION INSPECTOR",2016,3,0,,,3,,,TRUE
"SUPERVISING DEMOLITION INSPECTOR",2017,3,1,,,4,,,TRUE
"SUPERVISING DEMOLITION INSPECTOR",2018,3,1,,,4,,,TRUE
"SUPERVISING DEMOLITION INSPECTOR",2019,3,0,,,3,,,TRUE
"SUPERVISING DEMOLITION INSPECTOR",2020,3,0,,,3,,,TRUE
"SUPERVISING DEMOLITION INSPECTOR",2021,3,0,,,3,,,TRUE
"SUPERVISING DEMOLITION INSPECTOR",2022,3,0,,,3,,,TRUE
"SUPERVISING DEMOLITION INSPECTOR",2023,3,0,,,3,,,TRUE
"SUPERVISING DEMOLITION INSPECTOR",2024,4,0,,,4,,,TRUE
"SUPERVISING DEMOLITION INSPECTOR",2025,4,0,,,4,,,TRUE
"SUPERVISING DEPUTY SHERIFF AL 1 ONLY 40 HR",2014,13,0,,,13,,,TRUE
"SUPERVISING DEPUTY SHERIFF AL 1 ONLY 40 HR",2015,13,0,,,13,,,TRUE
"SUPERVISING DEPUTY SHERIFF AL 1 ONLY 40 HR",2016,12,0,,,12,,,TRUE
"SUPERVISING DEPUTY SHERIFF AL 1 ONLY 40 HR",2017,11,0,,,11,,,TRUE
"SUPERVISING DEPUTY SHERIFF AL 1 ONLY 40 HR",2018,13,0,,,13,,,TRUE
"SUPERVISING DEPUTY SHERIFF AL 1 ONLY 40 HR",2019,13,0,,,13,,,TRUE
"SUPERVISING DEPUTY SHERIFF AL 1 ONLY 40 HR",2020,12,0,,,12,,,TRUE
"SUPERVISING DEPUTY SHERIFF AL 1 ONLY 40 HR",2021,9,0,,,9,,,TRUE
"SUPERVISING DEPUTY SHERIFF AL 1 ONLY 40 HR",2022,8,0,,,8,,,TRUE
"SUPERVISING DEPUTY SHERIFF AL 1 ONLY 40 HR",2023,6,0,,,6,,,TRUE
"SUPERVISING DEPUTY SHERIFF AL 1 ONLY 40 HR",2024,9,0,,,9,,,TRUE
"SUPERVISING DEPUTY SHERIFF AL 1 ONLY 40 HR",2025,6,0,,,6,,,TRUE
"SUPERVISING DOCKMASTER",2014,0,1,,,1,,,TRUE
"SUPERVISING DOCKMASTER",2016,2,0,,,2,,,TRUE
"SUPERVISING DOCKMASTER",2017,1,2,,,3,,,TRUE
"SUPERVISING DOCKMASTER",2018,1,3,,,4,,,TRUE
"SUPERVISING DOCKMASTER",2019,1,2,,,3,,,TRUE
"SUPERVISING DOCKMASTER",2020,1,1,,,2,,,TRUE
"SUPERVISING DOCKMASTER",2021,1,2,,,3,,,TRUE
"SUPERVISING DOCKMASTER",2022,0,2,,,2,,,TRUE
"SUPERVISING DOCKMASTER",2023,0,2,,,2,,,TRUE
"SUPERVISING EMERGENCY MEDICAL SERVICE SPECIALIST",2014,415,0,,,415,,,TRUE
"SUPERVISING EMERGENCY MEDICAL SERVICE SPECIALIST",2015,436,0,,,436,,,TRUE
"SUPERVISING EMERGENCY MEDICAL SERVICE SPECIALIST",2016,432,0,,,432,,,TRUE
"SUPERVISING EMERGENCY MEDICAL SERVICE SPECIALIST",2017,459,0,,,459,,,TRUE
"SUPERVISING EMERGENCY MEDICAL SERVICE SPECIALIST",2018,496,0,,,496,,,TRUE
"SUPERVISING EMERGENCY MEDICAL SERVICE SPECIALIST",2019,490,0,,,490,,,TRUE
"SUPERVISING EMERGENCY MEDICAL SERVICE SPECIALIST",2020,480,0,,,480,,,TRUE
"SUPERVISING EMERGENCY MEDICAL SERVICE SPECIALIST",2021,486,0,,,486,,,TRUE
"SUPERVISING EMERGENCY MEDICAL SERVICE SPECIALIST",2022,459,0,,,459,,,TRUE
"SUPERVISING EMERGENCY MEDICAL SERVICE SPECIALIST",2023,504,0,,,504,,,TRUE
"SUPERVISING EMERGENCY MEDICAL SERVICE SPECIALIST",2024,517,0,,,517,,,TRUE
"SUPERVISING EMERGENCY MEDICAL SERVICE SPECIALIST",2025,574,0,,,574,,,TRUE
"SUPERVISING EMERGENCY MEDICAL SERVICE SPECIALIST DPTY CHIEFS",2014,34,0,,,34,,,TRUE
"SUPERVISING EMERGENCY MEDICAL SERVICE SPECIALIST DPTY CHIEFS",2015,31,0,,,31,,,TRUE
"SUPERVISING EMERGENCY MEDICAL SERVICE SPECIALIST DPTY CHIEFS",2016,35,0,,,35,,,TRUE
"SUPERVISING EMERGENCY MEDICAL SERVICE SPECIALIST DPTY CHIEFS",2017,33,0,,,33,,,TRUE
"SUPERVISING EMERGENCY MEDICAL SERVICE SPECIALIST DPTY CHIEFS",2018,39,0,,,39,,,TRUE
"SUPERVISING EMERGENCY MEDICAL SERVICE SPECIALIST DPTY CHIEFS",2019,43,0,,,43,,,TRUE
"SUPERVISING EMERGENCY MEDICAL SERVICE SPECIALIST DPTY CHIEFS",2020,43,0,,,43,,,TRUE
"SUPERVISING EMERGENCY MEDICAL SERVICE SPECIALIST DPTY CHIEFS",2021,41,0,,,41,,,TRUE
"SUPERVISING EMERGENCY MEDICAL SERVICE SPECIALIST DPTY CHIEFS",2022,56,0,,,56,,,TRUE
"SUPERVISING EMERGENCY MEDICAL SERVICE SPECIALIST DPTY CHIEFS",2023,54,0,,,54,,,TRUE
"SUPERVISING EMERGENCY MEDICAL SERVICE SPECIALIST DPTY CHIEFS",2024,53,0,,,53,,,TRUE
"SUPERVISING EMERGENCY MEDICAL SERVICE SPECIALIST DPTY CHIEFS",2025,52,0,,,52,,,TRUE
"SUPERVISING FIRE ALARM DISPATCHER",2014,23,0,,,23,,,TRUE
"SUPERVISING FIRE ALARM DISPATCHER",2015,29,0,,,29,,,TRUE
"SUPERVISING FIRE ALARM DISPATCHER",2016,28,0,,,28,,,TRUE
"SUPERVISING FIRE ALARM DISPATCHER",2017,29,0,,,29,,,TRUE
"SUPERVISING FIRE ALARM DISPATCHER",2018,28,0,,,28,,,TRUE
"SUPERVISING FIRE ALARM DISPATCHER",2019,31,0,,,31,,,TRUE
"SUPERVISING FIRE ALARM DISPATCHER",2020,33,0,,,33,,,TRUE
"SUPERVISING FIRE ALARM DISPATCHER",2021,36,0,,,36,,,TRUE
"SUPERVISING FIRE ALARM DISPATCHER",2022,32,0,,,32,,,TRUE
"SUPERVISING FIRE ALARM DISPATCHER",2023,31,0,,,31,,,TRUE
"SUPERVISING FIRE ALARM DISPATCHER",2024,32,0,,,32,,,TRUE
"SUPERVISING FIRE ALARM DISPATCHER",2025,39,0,,,39,,,TRUE
"SUPERVISING FIRE MARSHAL",2014,25,0,,,25,,,TRUE
"SUPERVISING FIRE MARSHAL",2015,29,0,,,29,,,TRUE
"SUPERVISING FIRE MARSHAL",2016,28,0,,,28,,,TRUE
"SUPERVISING FIRE MARSHAL",2017,31,0,,,31,,,TRUE
"SUPERVISING FIRE MARSHAL",2018,31,0,,,31,,,TRUE
"SUPERVISING FIRE MARSHAL",2019,33,0,,,33,,,TRUE
"SUPERVISING FIRE MARSHAL",2020,33,0,,,33,,,TRUE
"SUPERVISING FIRE MARSHAL",2021,30,0,,,30,,,TRUE
"SUPERVISING FIRE MARSHAL",2022,30,0,,,30,,,TRUE
"SUPERVISING FIRE MARSHAL",2023,25,0,,,25,,,TRUE
"SUPERVISING FIRE MARSHAL",2024,24,0,,,24,,,TRUE
"SUPERVISING FIRE MARSHAL",2025,24,0,,,24,,,TRUE
"SUPERVISING HOUSEKEEPER",2014,1,0,,,1,,,TRUE
"SUPERVISING HOUSEKEEPER",2015,1,0,,,1,,,TRUE
"SUPERVISING HOUSEKEEPER",2016,1,0,,,1,,,TRUE
"SUPERVISING HOUSEKEEPER",2017,0,2,,,2,,,TRUE
"SUPERVISING HOUSEKEEPER",2018,0,2,,,2,,,TRUE
"SUPERVISING HOUSING GROUNDSKEEPER",2014,83,0,,,83,,,TRUE
"SUPERVISING HOUSING GROUNDSKEEPER",2015,88,1,,,89,,,TRUE
"SUPERVISING HOUSING GROUNDSKEEPER",2016,84,1,,,85,,,TRUE
"SUPERVISING HOUSING GROUNDSKEEPER",2017,93,0,,,93,,,TRUE
"SUPERVISING HOUSING GROUNDSKEEPER",2018,100,0,,,100,,,TRUE
"SUPERVISING HOUSING GROUNDSKEEPER",2019,102,0,,,102,,,TRUE
"SUPERVISING HOUSING GROUNDSKEEPER",2020,106,0,,,106,,,TRUE
"SUPERVISING HOUSING GROUNDSKEEPER",2021,100,0,,,100,,,TRUE
"SUPERVISING HOUSING GROUNDSKEEPER",2022,86,0,,,86,,,TRUE
"SUPERVISING HOUSING GROUNDSKEEPER",2023,90,0,,,90,,,TRUE
"SUPERVISING HOUSING GROUNDSKEEPER",2024,100,1,,,101,,,TRUE
"SUPERVISING HOUSING GROUNDSKEEPER",2025,104,1,,,105,,,TRUE
"SUPERVISING HUMAN RIGHTS SPECIALIST",2014,1,0,,,1,,,TRUE
"SUPERVISING HUMAN RIGHTS SPECIALIST",2015,1,0,,,1,,,TRUE
"SUPERVISING HUMAN RIGHTS SPECIALIST",2016,1,0,,,1,,,TRUE
"SUPERVISING HUMAN RIGHTS SPECIALIST",2023,0,2,,,2,,,TRUE
"SUPERVISING HUMAN RIGHTS SPECIALIST",2024,0,4,,,4,,,TRUE
"SUPERVISING POLICE COMMUNICATIONS TECHNICIAN",2014,137,0,,,137,,,TRUE
"SUPERVISING POLICE COMMUNICATIONS TECHNICIAN",2015,135,1,,,136,,,TRUE
"SUPERVISING POLICE COMMUNICATIONS TECHNICIAN",2016,152,0,,,152,,,TRUE
"SUPERVISING POLICE COMMUNICATIONS TECHNICIAN",2017,151,0,,,151,,,TRUE
"SUPERVISING POLICE COMMUNICATIONS TECHNICIAN",2018,152,0,,,152,,,TRUE
"SUPERVISING POLICE COMMUNICATIONS TECHNICIAN",2019,141,0,,,141,,,TRUE
"SUPERVISING POLICE COMMUNICATIONS TECHNICIAN",2020,141,0,,,141,,,TRUE
"SUPERVISING POLICE COMMUNICATIONS TECHNICIAN",2021,146,0,,,146,,,TRUE
"SUPERVISING POLICE COMMUNICATIONS TECHNICIAN",2022,145,0,,,145,,,TRUE
"SUPERVISING POLICE COMMUNICATIONS TECHNICIAN",2023,155,0,,,155,,,TRUE
"SUPERVISING POLICE COMMUNICATIONS TECHNICIAN",2024,162,0,,,162,,,TRUE
"SUPERVISING POLICE COMMUNICATIONS TECHNICIAN",2025,165,0,,,165,,,TRUE
"SUPERVISING PROBATION OFFICER",2014,149,0,,,149,,,TRUE
"SUPERVISING PROBATION OFFICER",2015,145,0,,,145,,,TRUE
"SUPERVISING PROBATION OFFICER",2016,135,0,,,135,,,TRUE
"SUPERVISING PROBATION OFFICER",2017,136,1,,,137,,,TRUE
"SUPERVISING PROBATION OFFICER",2018,136,0,,,136,,,TRUE
"SUPERVISING PROBATION OFFICER",2019,140,6,,,146,,,TRUE
"SUPERVISING PROBATION OFFICER",2020,131,7,,,138,,,TRUE
"SUPERVISING PROBATION OFFICER",2021,123,0,,,123,,,TRUE
"SUPERVISING PROBATION OFFICER",2022,113,1,,,114,,,TRUE
"SUPERVISING PROBATION OFFICER",2023,107,0,,,107,,,TRUE
"SUPERVISING PROBATION OFFICER",2024,113,0,,,113,,,TRUE
"SUPERVISING PROBATION OFFICER",2025,105,0,,,105,,,TRUE
"SUPERVISING PUBLIC HEALTH ADVISER",2014,75,0,,,75,,,TRUE
"SUPERVISING PUBLIC HEALTH ADVISER",2015,74,0,,,74,,,TRUE
"SUPERVISING PUBLIC HEALTH ADVISER",2016,76,2,,,78,,,TRUE
"SUPERVISING PUBLIC HEALTH ADVISER",2017,85,5,,,90,,,TRUE
"SUPERVISING PUBLIC HEALTH ADVISER",2018,86,5,,,91,,,TRUE
"SUPERVISING PUBLIC HEALTH ADVISER",2019,90,5,,,95,,,TRUE
"SUPERVISING PUBLIC HEALTH ADVISER",2020,91,1,,,92,,,TRUE
"SUPERVISING PUBLIC HEALTH ADVISER",2021,87,0,,,87,,,TRUE
"SUPERVISING PUBLIC HEALTH ADVISER",2022,89,1,,,90,,,TRUE
"SUPERVISING PUBLIC HEALTH ADVISER",2023,93,3,,,96,,,TRUE
"SUPERVISING PUBLIC HEALTH ADVISER",2024,86,1,,,87,,,TRUE
"SUPERVISING PUBLIC HEALTH ADVISER",2025,88,0,,,88,,,TRUE
"SUPERVISING RACKETS INVESTIGATOR",2014,30,1,,,31,,,TRUE
"SUPERVISING RACKETS INVESTIGATOR",2015,33,2,,,35,,,TRUE
"SUPERVISING RACKETS INVESTIGATOR",2016,32,1,,,33,,,TRUE
"SUPERVISING RACKETS INVESTIGATOR",2017,42,1,,,43,,,TRUE
"SUPERVISING RACKETS INVESTIGATOR",2018,8,1,,,9,,,TRUE
"SUPERVISING RACKETS INVESTIGATOR",2019,8,0,,,8,,,TRUE
"SUPERVISING RACKETS INVESTIGATOR",2020,5,1,,,6,,,TRUE
"SUPERVISING RACKETS INVESTIGATOR",2021,9,1,,,10,,,TRUE
"SUPERVISING RACKETS INVESTIGATOR",2022,11,0,,,11,,,TRUE
"SUPERVISING RACKETS INVESTIGATOR",2023,14,0,,,14,,,TRUE
"SUPERVISING RACKETS INVESTIGATOR",2024,13,0,,,13,,,TRUE
"SUPERVISING RACKETS INVESTIGATOR",2025,15,0,,,15,,,TRUE
"SUPERVISING RACKETS INVESTIGATOR START 4 24 08 NO ABC",2018,40,0,,,40,,,TRUE
"SUPERVISING RACKETS INVESTIGATOR START 4 24 08 NO ABC",2019,39,0,,,39,,,TRUE
"SUPERVISING RACKETS INVESTIGATOR START 4 24 08 NO ABC",2020,33,0,,,33,,,TRUE
"SUPERVISING RACKETS INVESTIGATOR START 4 24 08 NO ABC",2021,34,0,,,34,,,TRUE
"SUPERVISING RACKETS INVESTIGATOR START 4 24 08 NO ABC",2022,30,1,,,31,,,TRUE
"SUPERVISING RACKETS INVESTIGATOR START 4 24 08 NO ABC",2023,24,1,,,25,,,TRUE
"SUPERVISING RACKETS INVESTIGATOR START 4 24 08 NO ABC",2024,18,1,,,19,,,TRUE
"SUPERVISING RACKETS INVESTIGATOR START 4 24 08 NO ABC",2025,23,1,,,24,,,TRUE
"SUPERVISING SPECIAL OFFICER",2014,63,2,,,65,,,TRUE
"SUPERVISING SPECIAL OFFICER",2015,77,3,,,80,,,TRUE
"SUPERVISING SPECIAL OFFICER",2016,113,7,,,120,,,TRUE
"SUPERVISING SPECIAL OFFICER",2017,112,6,,,118,,,TRUE
"SUPERVISING SPECIAL OFFICER",2018,122,3,,,125,,,TRUE
"SUPERVISING SPECIAL OFFICER",2019,123,13,,,136,,,TRUE
"SUPERVISING SPECIAL OFFICER",2020,123,11,,,134,,,TRUE
"SUPERVISING SPECIAL OFFICER",2021,130,4,,,134,,,TRUE
"SUPERVISING SPECIAL OFFICER",2022,141,3,,,144,,,TRUE
"SUPERVISING SPECIAL OFFICER",2023,127,5,,,132,,,TRUE
"SUPERVISING SPECIAL OFFICER",2024,135,4,,,139,,,TRUE
"SUPERVISING SPECIAL OFFICER",2025,139,6,,,145,,,TRUE
"SUPERVISING THERAPIST",2014,14,0,,,14,,,TRUE
"SUPERVISING THERAPIST",2015,16,0,,,16,,,TRUE
"SUPERVISING THERAPIST",2016,18,0,,,18,,,TRUE
"SUPERVISING THERAPIST",2017,21,2,,,23,,,TRUE
"SUPERVISING THERAPIST",2018,25,1,,,26,,,TRUE
"SUPERVISING THERAPIST",2019,28,0,,,28,,,TRUE
"SUPERVISING THERAPIST",2020,31,0,,,31,,,TRUE
"SUPERVISING THERAPIST",2021,32,0,,,32,,,TRUE
"SUPERVISING THERAPIST",2022,32,0,,,32,,,TRUE
"SUPERVISING THERAPIST",2023,36,0,,,36,,,TRUE
"SUPERVISING THERAPIST",2024,37,0,,,37,,,TRUE
"SUPERVISING THERAPIST",2025,39,0,,,39,,,TRUE
"SUPERVISOR",2014,913,3,,,916,,,TRUE
"SUPERVISOR",2015,956,1,,,957,,,TRUE
"SUPERVISOR",2016,971,8,,,979,,,TRUE
"SUPERVISOR",2017,1005,7,,,1012,,,TRUE
"SUPERVISOR",2018,1005,3,,,1008,,,TRUE
"SUPERVISOR",2019,1038,4,,,1042,,,TRUE
"SUPERVISOR",2020,942,1,,,943,,,TRUE
"SUPERVISOR",2021,892,0,,,892,,,TRUE
"SUPERVISOR",2022,869,0,,,869,,,TRUE
"SUPERVISOR",2023,903,2,,,905,,,TRUE
"SUPERVISOR",2024,934,3,,,937,,,TRUE
"SUPERVISOR",2025,915,0,,,915,,,TRUE
"SUPERVISOR ASSIGNED",2014,14,0,,,14,,,TRUE
"SUPERVISOR ASSIGNED",2015,14,0,,,14,,,TRUE
"SUPERVISOR ASSIGNED",2016,16,0,,,16,,,TRUE
"SUPERVISOR ASSIGNED",2017,19,0,,,19,,,TRUE
"SUPERVISOR ASSIGNED",2018,19,0,,,19,,,TRUE
"SUPERVISOR ASSIGNED",2019,17,0,,,17,,,TRUE
"SUPERVISOR ASSIGNED",2020,19,0,,,19,,,TRUE
"SUPERVISOR ASSIGNED",2021,20,0,,,20,,,TRUE
"SUPERVISOR ASSIGNED",2022,23,0,,,23,,,TRUE
"SUPERVISOR ASSIGNED",2023,23,0,,,23,,,TRUE
"SUPERVISOR ASSIGNED",2024,28,0,,,28,,,TRUE
"SUPERVISOR ASSIGNED",2025,30,0,,,30,,,TRUE
"SUPERVISOR I",2014,463,2,,,465,,,TRUE
"SUPERVISOR I",2015,433,2,,,435,,,TRUE
"SUPERVISOR I",2016,405,4,,,409,,,TRUE
"SUPERVISOR I",2017,392,2,,,394,,,TRUE
"SUPERVISOR I",2018,368,10,,,378,,,TRUE
"SUPERVISOR I",2019,354,11,,,365,,,TRUE
"SUPERVISOR I",2020,356,9,,,365,,,TRUE
"SUPERVISOR I",2021,339,6,,,345,,,TRUE
"SUPERVISOR I",2022,306,0,,,306,,,TRUE
"SUPERVISOR I",2023,292,1,,,293,,,TRUE
"SUPERVISOR I",2024,299,0,,,299,,,TRUE
"SUPERVISOR I",2025,284,1,,,285,,,TRUE
"SUPERVISOR I SOCIAL WORK",2014,22,0,,,22,,,TRUE
"SUPERVISOR I SOCIAL WORK",2015,19,1,,,20,,,TRUE
"SUPERVISOR I SOCIAL WORK",2016,26,0,,,26,,,TRUE
"SUPERVISOR I SOCIAL WORK",2017,22,6,,,28,,,TRUE
"SUPERVISOR I SOCIAL WORK",2018,29,5,,,34,,,TRUE
"SUPERVISOR I SOCIAL WORK",2019,29,4,,,33,,,TRUE
"SUPERVISOR I SOCIAL WORK",2020,16,2,,,18,,,TRUE
"SUPERVISOR I SOCIAL WORK",2021,16,2,,,18,,,TRUE
"SUPERVISOR I SOCIAL WORK",2022,12,0,,,12,,,TRUE
"SUPERVISOR I SOCIAL WORK",2023,10,0,,,10,,,TRUE
"SUPERVISOR I SOCIAL WORK",2024,8,0,,,8,,,TRUE
"SUPERVISOR I SOCIAL WORK",2025,11,0,,,11,,,TRUE
"SUPERVISOR II",2014,168,0,,,168,,,TRUE
"SUPERVISOR II",2015,180,0,,,180,,,TRUE
"SUPERVISOR II",2016,178,0,,,178,,,TRUE
"SUPERVISOR II",2017,187,3,,,190,,,TRUE
"SUPERVISOR II",2018,181,4,,,185,,,TRUE
"SUPERVISOR II",2019,171,2,,,173,,,TRUE
"SUPERVISOR II",2020,157,3,,,160,,,TRUE
"SUPERVISOR II",2021,151,3,,,154,,,TRUE
"SUPERVISOR II",2022,128,1,,,129,,,TRUE
"SUPERVISOR II",2023,148,1,,,149,,,TRUE
"SUPERVISOR II",2024,129,1,,,130,,,TRUE
"SUPERVISOR II",2025,119,1,,,120,,,TRUE
"SUPERVISOR II SOCIAL WORK",2014,11,3,,,14,,,TRUE
"SUPERVISOR II SOCIAL WORK",2015,17,5,,,22,,,TRUE
"SUPERVISOR II SOCIAL WORK",2016,16,15,,,31,,,TRUE
"SUPERVISOR II SOCIAL WORK",2017,17,17,,,34,,,TRUE
"SUPERVISOR II SOCIAL WORK",2018,18,10,,,28,,,TRUE
"SUPERVISOR II SOCIAL WORK",2019,16,6,,,22,,,TRUE
"SUPERVISOR II SOCIAL WORK",2020,13,3,,,16,,,TRUE
"SUPERVISOR II SOCIAL WORK",2021,14,3,,,17,,,TRUE
"SUPERVISOR II SOCIAL WORK",2022,12,1,,,13,,,TRUE
"SUPERVISOR II SOCIAL WORK",2023,11,3,,,14,,,TRUE
"SUPERVISOR II SOCIAL WORK",2024,11,5,,,16,,,TRUE
"SUPERVISOR II SOCIAL WORK",2025,10,5,,,15,,,TRUE
"SUPERVISOR III",2014,60,0,,,60,,,TRUE
"SUPERVISOR III",2015,59,0,,,59,,,TRUE
"SUPERVISOR III",2016,56,0,,,56,,,TRUE
"SUPERVISOR III",2017,65,0,,,65,,,TRUE
"SUPERVISOR III",2018,44,1,,,45,,,TRUE
"SUPERVISOR III",2019,49,0,,,49,,,TRUE
"SUPERVISOR III",2020,45,0,,,45,,,TRUE
"SUPERVISOR III",2021,40,0,,,40,,,TRUE
"SUPERVISOR III",2022,41,0,,,41,,,TRUE
"SUPERVISOR III",2023,49,0,,,49,,,TRUE
"SUPERVISOR III",2024,46,0,,,46,,,TRUE
"SUPERVISOR III",2025,41,0,,,41,,,TRUE
"SUPERVISOR III SOCIAL WORK",2014,10,0,,,10,,,TRUE
"SUPERVISOR III SOCIAL WORK",2015,8,0,,,8,,,TRUE
"SUPERVISOR III SOCIAL WORK",2016,8,0,,,8,,,TRUE
"SUPERVISOR III SOCIAL WORK",2017,8,1,,,9,,,TRUE
"SUPERVISOR III SOCIAL WORK",2018,7,1,,,8,,,TRUE
"SUPERVISOR III SOCIAL WORK",2019,11,7,,,18,,,TRUE
"SUPERVISOR III SOCIAL WORK",2020,8,4,,,12,,,TRUE
"SUPERVISOR III SOCIAL WORK",2021,9,1,,,10,,,TRUE
"SUPERVISOR III SOCIAL WORK",2022,9,1,,,10,,,TRUE
"SUPERVISOR III SOCIAL WORK",2023,8,2,,,10,,,TRUE
"SUPERVISOR III SOCIAL WORK",2024,6,0,,,6,,,TRUE
"SUPERVISOR III SOCIAL WORK",2025,4,0,,,4,,,TRUE
"SUPERVISOR OF BRIDGE OPERATIONS",2014,18,0,,,18,,,TRUE
"SUPERVISOR OF BRIDGE OPERATIONS",2015,20,0,,,20,,,TRUE
"SUPERVISOR OF CHILD CARE",2014,9,0,,,9,,,TRUE
"SUPERVISOR OF CHILD CARE",2015,8,0,,,8,,,TRUE
"SUPERVISOR OF CHILD CARE",2016,7,0,,,7,,,TRUE
"SUPERVISOR OF CHILD CARE",2017,7,0,,,7,,,TRUE
"SUPERVISOR OF CHILD CARE",2018,8,0,,,8,,,TRUE
"SUPERVISOR OF CHILD CARE",2019,7,0,,,7,,,TRUE
"SUPERVISOR OF CHILD CARE",2020,6,0,,,6,,,TRUE
"SUPERVISOR OF CHILD CARE",2021,6,0,,,6,,,TRUE
"SUPERVISOR OF CHILD CARE",2022,6,0,,,6,,,TRUE
"SUPERVISOR OF CHILD CARE",2023,5,0,,,5,,,TRUE
"SUPERVISOR OF CHILD CARE",2024,5,0,,,5,,,TRUE
"SUPERVISOR OF CHILD CARE",2025,4,0,,,4,,,TRUE
"SUPERVISOR OF ELECTRICAL INSTALLATIONS & MAINTENANCE",2014,47,5,,,52,,,TRUE
"SUPERVISOR OF ELECTRICAL INSTALLATIONS & MAINTENANCE",2015,48,6,,,54,,,TRUE
"SUPERVISOR OF ELECTRICAL INSTALLATIONS & MAINTENANCE",2016,42,13,,,55,,,TRUE
"SUPERVISOR OF ELECTRICAL INSTALLATIONS & MAINTENANCE",2017,41,14,,,55,,,TRUE
"SUPERVISOR OF ELECTRICAL INSTALLATIONS & MAINTENANCE",2018,43,15,,,58,,,TRUE
"SUPERVISOR OF ELECTRICAL INSTALLATIONS & MAINTENANCE",2019,37,8,,,45,,,TRUE
"SUPERVISOR OF ELECTRICAL INSTALLATIONS & MAINTENANCE",2020,33,8,,,41,,,TRUE
"SUPERVISOR OF ELECTRICAL INSTALLATIONS & MAINTENANCE",2021,31,3,,,34,,,TRUE
"SUPERVISOR OF ELECTRICAL INSTALLATIONS & MAINTENANCE",2022,27,10,,,37,,,TRUE
"SUPERVISOR OF ELECTRICAL INSTALLATIONS & MAINTENANCE",2023,20,13,,,33,,,TRUE
"SUPERVISOR OF ELECTRICAL INSTALLATIONS & MAINTENANCE",2024,21,15,,,36,,,TRUE
"SUPERVISOR OF ELECTRICAL INSTALLATIONS & MAINTENANCE",2025,23,9,,,32,,,TRUE
"SUPERVISOR OF ELEVATOR MAINTENANCE",2014,2,0,,,2,,,TRUE
"SUPERVISOR OF ELEVATOR MAINTENANCE",2015,3,0,,,3,,,TRUE
"SUPERVISOR OF ELEVATOR MAINTENANCE",2016,3,0,,,3,,,TRUE
"SUPERVISOR OF ELEVATOR MAINTENANCE",2017,4,0,,,4,,,TRUE
"SUPERVISOR OF ELEVATOR MAINTENANCE",2018,2,0,,,2,,,TRUE
"SUPERVISOR OF ELEVATOR MAINTENANCE",2019,2,0,,,2,,,TRUE
"SUPERVISOR OF ELEVATOR MAINTENANCE",2020,1,0,,,1,,,TRUE
"SUPERVISOR OF ELEVATOR MAINTENANCE",2021,1,0,,,1,,,TRUE
"SUPERVISOR OF HOUSING CARETAKER",2014,172,0,,,172,,,TRUE
"SUPERVISOR OF HOUSING CARETAKER",2017,149,0,,,149,,,TRUE
"SUPERVISOR OF HOUSING CARETAKER",2018,155,0,,,155,,,TRUE
"SUPERVISOR OF HOUSING CARETAKER",2019,131,1,,,132,,,TRUE
"SUPERVISOR OF HOUSING CARETAKER",2020,146,1,,,147,,,TRUE
"SUPERVISOR OF HOUSING CARETAKER",2021,148,0,,,148,,,TRUE
"SUPERVISOR OF HOUSING CARETAKER",2022,140,0,,,140,,,TRUE
"SUPERVISOR OF HOUSING CARETAKER",2023,139,3,,,142,,,TRUE
"SUPERVISOR OF HOUSING CARETAKER",2024,130,0,,,130,,,TRUE
"SUPERVISOR OF HOUSING CARETAKER",2025,140,0,,,140,,,TRUE
"SUPERVISOR OF HOUSING STOCK WORKERS",2014,22,0,,,22,,,TRUE
"SUPERVISOR OF HOUSING STOCK WORKERS",2015,21,0,,,21,,,TRUE
"SUPERVISOR OF HOUSING STOCK WORKERS",2016,19,0,,,19,,,TRUE
"SUPERVISOR OF HOUSING STOCK WORKERS",2017,17,0,,,17,,,TRUE
"SUPERVISOR OF HOUSING STOCK WORKERS",2018,15,0,,,15,,,TRUE
"SUPERVISOR OF HOUSING STOCK WORKERS",2019,14,0,,,14,,,TRUE
"SUPERVISOR OF HOUSING STOCK WORKERS",2020,12,0,,,12,,,TRUE
"SUPERVISOR OF HOUSING STOCK WORKERS",2021,12,0,,,12,,,TRUE
"SUPERVISOR OF HOUSING STOCK WORKERS",2022,9,0,,,9,,,TRUE
"SUPERVISOR OF HOUSING STOCK WORKERS",2023,8,0,,,8,,,TRUE
"SUPERVISOR OF HOUSING STOCK WORKERS",2024,8,0,,,8,,,TRUE
"SUPERVISOR OF HOUSING STOCK WORKERS",2025,8,0,,,8,,,TRUE
"SUPERVISOR OF INVESTIGATORS",2014,4,0,,,4,,,TRUE
"SUPERVISOR OF INVESTIGATORS",2015,4,0,,,4,,,TRUE
"SUPERVISOR OF INVESTIGATORS",2018,1,0,,,1,,,TRUE
"SUPERVISOR OF INVESTIGATORS",2019,2,0,,,2,,,TRUE
"SUPERVISOR OF INVESTIGATORS",2020,2,0,,,2,,,TRUE
"SUPERVISOR OF INVESTIGATORS",2021,2,0,,,2,,,TRUE
"SUPERVISOR OF INVESTIGATORS",2022,3,1,,,4,,,TRUE
"SUPERVISOR OF INVESTIGATORS",2023,3,1,,,4,,,TRUE
"SUPERVISOR OF INVESTIGATORS",2024,3,0,,,3,,,TRUE
"SUPERVISOR OF INVESTIGATORS",2025,4,0,,,4,,,TRUE
"SUPERVISOR OF IRONWORK",2014,2,0,,,2,,,TRUE
"SUPERVISOR OF IRONWORK",2015,2,0,,,2,,,TRUE
"SUPERVISOR OF IRONWORK",2016,2,0,,,2,,,TRUE
"SUPERVISOR OF IRONWORK",2017,1,0,,,1,,,TRUE
"SUPERVISOR OF IRONWORK",2018,1,0,,,1,,,TRUE
"SUPERVISOR OF IRONWORK",2019,1,0,,,1,,,TRUE
"SUPERVISOR OF IRONWORK",2020,1,0,,,1,,,TRUE
"SUPERVISOR OF IRONWORK",2021,1,0,,,1,,,TRUE
"SUPERVISOR OF IRONWORK",2022,3,0,,,3,,,TRUE
"SUPERVISOR OF IRONWORK",2023,3,0,,,3,,,TRUE
"SUPERVISOR OF IRONWORK",2024,2,0,,,2,,,TRUE
"SUPERVISOR OF IRONWORK",2025,2,0,,,2,,,TRUE
"SUPERVISOR OF MECHANICAL INSTALLATIONS & MAINTENANCE",2014,46,7,,,53,,,TRUE
"SUPERVISOR OF MECHANICAL INSTALLATIONS & MAINTENANCE",2015,40,5,,,45,,,TRUE
"SUPERVISOR OF MECHANICAL INSTALLATIONS & MAINTENANCE",2016,45,5,,,50,,,TRUE
"SUPERVISOR OF MECHANICAL INSTALLATIONS & MAINTENANCE",2017,39,12,,,51,,,TRUE
"SUPERVISOR OF MECHANICAL INSTALLATIONS & MAINTENANCE",2018,40,14,,,54,,,TRUE
"SUPERVISOR OF MECHANICAL INSTALLATIONS & MAINTENANCE",2019,37,12,,,49,,,TRUE
"SUPERVISOR OF MECHANICAL INSTALLATIONS & MAINTENANCE",2020,29,11,,,40,,,TRUE
"SUPERVISOR OF MECHANICAL INSTALLATIONS & MAINTENANCE",2021,28,5,,,33,,,TRUE
"SUPERVISOR OF MECHANICAL INSTALLATIONS & MAINTENANCE",2022,21,3,,,24,,,TRUE
"SUPERVISOR OF MECHANICAL INSTALLATIONS & MAINTENANCE",2023,20,3,,,23,,,TRUE
"SUPERVISOR OF MECHANICAL INSTALLATIONS & MAINTENANCE",2024,20,12,,,32,,,TRUE
"SUPERVISOR OF MECHANICAL INSTALLATIONS & MAINTENANCE",2025,20,16,,,36,,,TRUE
"SUPERVISOR OF MECHANICS",2014,157,8,,,165,,,TRUE
"SUPERVISOR OF MECHANICS",2015,157,0,,,157,,,TRUE
"SUPERVISOR OF MECHANICS",2016,158,0,,,158,,,TRUE
"SUPERVISOR OF MECHANICS",2017,173,0,,,173,,,TRUE
"SUPERVISOR OF MECHANICS",2018,168,2,,,170,,,TRUE
"SUPERVISOR OF MECHANICS",2019,184,3,,,187,,,TRUE
"SUPERVISOR OF MECHANICS",2020,173,0,,,173,,,TRUE
"SUPERVISOR OF MECHANICS",2021,171,0,,,171,,,TRUE
"SUPERVISOR OF MECHANICS",2022,159,0,,,159,,,TRUE
"SUPERVISOR OF MECHANICS",2023,156,0,,,156,,,TRUE
"SUPERVISOR OF MECHANICS",2024,157,2,,,159,,,TRUE
"SUPERVISOR OF MECHANICS",2025,163,2,,,165,,,TRUE
"SUPERVISOR OF MOTOR TRANSPORT",2014,5,1,,,6,,,TRUE
"SUPERVISOR OF MOTOR TRANSPORT",2015,7,0,,,7,,,TRUE
"SUPERVISOR OF MOTOR TRANSPORT",2016,6,2,,,8,,,TRUE
"SUPERVISOR OF MOTOR TRANSPORT",2017,7,2,,,9,,,TRUE
"SUPERVISOR OF MOTOR TRANSPORT",2018,7,1,,,8,,,TRUE
"SUPERVISOR OF MOTOR TRANSPORT",2019,6,1,,,7,,,TRUE
"SUPERVISOR OF MOTOR TRANSPORT",2020,6,2,,,8,,,TRUE
"SUPERVISOR OF MOTOR TRANSPORT",2021,5,1,,,6,,,TRUE
"SUPERVISOR OF MOTOR TRANSPORT",2022,4,0,,,4,,,TRUE
"SUPERVISOR OF MOTOR TRANSPORT",2023,4,0,,,4,,,TRUE
"SUPERVISOR OF MOTOR TRANSPORT",2024,4,1,,,5,,,TRUE
"SUPERVISOR OF MOTOR TRANSPORT",2025,5,1,,,6,,,TRUE
"SUPERVISOR OF NURSES",2014,11,0,,,11,,,TRUE
"SUPERVISOR OF NURSES",2015,14,1,,,15,,,TRUE
"SUPERVISOR OF NURSES",2016,18,6,,,24,,,TRUE
"SUPERVISOR OF NURSES",2017,21,5,,,26,,,TRUE
"SUPERVISOR OF NURSES",2018,20,4,,,24,,,TRUE
"SUPERVISOR OF NURSES",2019,18,4,,,22,,,TRUE
"SUPERVISOR OF NURSES",2020,18,6,,,24,,,TRUE
"SUPERVISOR OF NURSES",2021,18,3,,,21,,,TRUE
"SUPERVISOR OF NURSES",2022,14,1,,,15,,,TRUE
"SUPERVISOR OF NURSES",2023,12,1,,,13,,,TRUE
"SUPERVISOR OF NURSES",2024,10,0,,,10,,,TRUE
"SUPERVISOR OF NURSES",2025,10,1,,,11,,,TRUE
"SUPERVISOR OF OFFICE MACHINE OPERATIONS",2014,35,0,,,35,,,TRUE
"SUPERVISOR OF OFFICE MACHINE OPERATIONS",2015,31,1,,,32,,,TRUE
"SUPERVISOR OF OFFICE MACHINE OPERATIONS",2016,35,0,,,35,,,TRUE
"SUPERVISOR OF OFFICE MACHINE OPERATIONS",2017,33,2,,,35,,,TRUE
"SUPERVISOR OF OFFICE MACHINE OPERATIONS",2018,33,2,,,35,,,TRUE
"SUPERVISOR OF OFFICE MACHINE OPERATIONS",2019,32,0,,,32,,,TRUE
"SUPERVISOR OF OFFICE MACHINE OPERATIONS",2020,33,6,,,39,,,TRUE
"SUPERVISOR OF OFFICE MACHINE OPERATIONS",2021,35,4,,,39,,,TRUE
"SUPERVISOR OF OFFICE MACHINE OPERATIONS",2022,33,0,,,33,,,TRUE
"SUPERVISOR OF OFFICE MACHINE OPERATIONS",2023,26,0,,,26,,,TRUE
"SUPERVISOR OF OFFICE MACHINE OPERATIONS",2024,28,0,,,28,,,TRUE
"SUPERVISOR OF OFFICE MACHINE OPERATIONS",2025,24,1,,,25,,,TRUE
"SUPERVISOR OF RADIO AND TELEVISION OPERATORS",2014,1,0,,,1,,,TRUE
"SUPERVISOR OF RADIO AND TELEVISION OPERATORS",2015,5,0,,,5,,,TRUE
"SUPERVISOR OF RADIO AND TELEVISION OPERATORS",2016,7,0,,,7,,,TRUE
"SUPERVISOR OF RADIO AND TELEVISION OPERATORS",2017,7,0,,,7,,,TRUE
"SUPERVISOR OF RADIO AND TELEVISION OPERATORS",2018,7,0,,,7,,,TRUE
"SUPERVISOR OF RADIO AND TELEVISION OPERATORS",2019,7,0,,,7,,,TRUE
"SUPERVISOR OF RADIO AND TELEVISION OPERATORS",2020,7,0,,,7,,,TRUE
"SUPERVISOR OF RADIO AND TELEVISION OPERATORS",2021,6,0,,,6,,,TRUE
"SUPERVISOR OF RADIO AND TELEVISION OPERATORS",2022,6,0,,,6,,,TRUE
"SUPERVISOR OF RADIO AND TELEVISION OPERATORS",2023,6,0,,,6,,,TRUE
"SUPERVISOR OF RADIO AND TELEVISION OPERATORS",2024,7,0,,,7,,,TRUE
"SUPERVISOR OF RADIO AND TELEVISION OPERATORS",2025,7,0,,,7,,,TRUE
"SUPERVISOR OF RADIO REPAIR OPERATIONS",2014,3,0,,,3,,,TRUE
"SUPERVISOR OF RADIO REPAIR OPERATIONS",2015,2,0,,,2,,,TRUE
"SUPERVISOR OF RADIO REPAIR OPERATIONS",2016,1,0,,,1,,,TRUE
"SUPERVISOR OF RADIO REPAIR OPERATIONS",2022,1,1,,,2,,,TRUE
"SUPERVISOR OF RADIO REPAIR OPERATIONS",2023,5,0,,,5,,,TRUE
"SUPERVISOR OF RADIO REPAIR OPERATIONS",2024,7,0,,,7,,,TRUE
"SUPERVISOR OF RADIO REPAIR OPERATIONS",2025,8,1,,,9,,,TRUE
"SUPERVISOR OF SCHOOL SECURITY",2014,105,0,,,105,,,TRUE
"SUPERVISOR OF SCHOOL SECURITY",2015,111,0,,,111,,,TRUE
"SUPERVISOR OF SCHOOL SECURITY",2016,110,0,,,110,,,TRUE
"SUPERVISOR OF SCHOOL SECURITY",2017,108,0,,,108,,,TRUE
"SUPERVISOR OF SCHOOL SECURITY",2018,106,0,,,106,,,TRUE
"SUPERVISOR OF SCHOOL SECURITY",2019,113,0,,,113,,,TRUE
"SUPERVISOR OF SCHOOL SECURITY",2020,109,1,,,110,,,TRUE
"SUPERVISOR OF SCHOOL SECURITY",2021,102,1,,,103,,,TRUE
"SUPERVISOR OF SCHOOL SECURITY",2022,101,0,,,101,,,TRUE
"SUPERVISOR OF SCHOOL SECURITY",2023,104,0,,,104,,,TRUE
"SUPERVISOR OF SCHOOL SECURITY",2024,99,0,,,99,,,TRUE
"SUPERVISOR OF SCHOOL SECURITY",2025,102,0,,,102,,,TRUE
"SUPERVISOR OF STOCK WORKERS",2014,73,6,,,79,,,TRUE
"SUPERVISOR OF STOCK WORKERS",2015,67,12,,,79,,,TRUE
"SUPERVISOR OF STOCK WORKERS",2016,70,14,,,84,,,TRUE
"SUPERVISOR OF STOCK WORKERS",2017,72,8,,,80,,,TRUE
"SUPERVISOR OF STOCK WORKERS",2018,69,18,,,87,,,TRUE
"SUPERVISOR OF STOCK WORKERS",2019,66,32,49271,38040,98,0.772056585009438,11231,FALSE
"SUPERVISOR OF STOCK WORKERS",2020,70,15,,,85,,,TRUE
"SUPERVISOR OF STOCK WORKERS",2021,67,4,,,71,,,TRUE
"SUPERVISOR OF STOCK WORKERS",2022,59,3,,,62,,,TRUE
"SUPERVISOR OF STOCK WORKERS",2023,52,12,,,64,,,TRUE
"SUPERVISOR OF STOCK WORKERS",2024,50,12,,,62,,,TRUE
"SUPERVISOR OF STOCK WORKERS",2025,52,5,,,57,,,TRUE
"SUPERVISOR OF TRAFFIC DEVICE MAINTAINERS",2014,33,0,,,33,,,TRUE
"SUPERVISOR OF TRAFFIC DEVICE MAINTAINERS",2015,34,0,,,34,,,TRUE
"SUPERVISOR OF TRAFFIC DEVICE MAINTAINERS",2016,51,1,,,52,,,TRUE
"SUPERVISOR OF TRAFFIC DEVICE MAINTAINERS",2017,57,1,,,58,,,TRUE
"SUPERVISOR OF TRAFFIC DEVICE MAINTAINERS",2018,38,0,,,38,,,TRUE
"SUPERVISOR OF TRAFFIC DEVICE MAINTAINERS",2019,39,0,,,39,,,TRUE
"SUPERVISOR OF TRAFFIC DEVICE MAINTAINERS",2020,18,0,,,18,,,TRUE
"SUPERVISOR OF TRAFFIC DEVICE MAINTAINERS",2021,16,0,,,16,,,TRUE
"SUPERVISOR OF TRAFFIC DEVICE MAINTAINERS",2022,22,0,,,22,,,TRUE
"SUPERVISOR OF TRAFFIC DEVICE MAINTAINERS",2023,21,1,,,22,,,TRUE
"SUPERVISOR OF TRAFFIC DEVICE MAINTAINERS",2024,22,1,,,23,,,TRUE
"SUPERVISOR OF TRAFFIC DEVICE MAINTAINERS",2025,22,0,,,22,,,TRUE
"SUPERVISOR OF TRAFFIC DEVICE MAINTAINERS L2 & L3",2014,9,0,,,9,,,TRUE
"SUPERVISOR OF TRAFFIC DEVICE MAINTAINERS L2 & L3",2015,10,0,,,10,,,TRUE
"SUPERVISOR OF TRAFFIC DEVICE MAINTAINERS L2 & L3",2018,21,0,,,21,,,TRUE
"SUPERVISOR OF TRAFFIC DEVICE MAINTAINERS L2 & L3",2019,22,0,,,22,,,TRUE
"SUPERVISOR OF TRAFFIC DEVICE MAINTAINERS LEVEL 1 ONLY",2020,37,0,,,37,,,TRUE
"SUPERVISOR OF TRAFFIC DEVICE MAINTAINERS LEVEL 1 ONLY",2021,32,0,,,32,,,TRUE
"SUPERVISOR OF TRAFFIC DEVICE MAINTAINERS LEVEL 1 ONLY",2022,26,0,,,26,,,TRUE
"SUPERVISOR OF TRAFFIC DEVICE MAINTAINERS LEVEL 1 ONLY",2023,32,1,,,33,,,TRUE
"SUPERVISOR OF TRAFFIC DEVICE MAINTAINERS LEVEL 1 ONLY",2024,32,0,,,32,,,TRUE
"SUPERVISOR OF TRAFFIC DEVICE MAINTAINERS LEVEL 1 ONLY",2025,30,0,,,30,,,TRUE
"SUPV OF HOUSING EXTERMINATOR",2014,7,0,,,7,,,TRUE
"SUPV OF HOUSING EXTERMINATOR",2015,8,0,,,8,,,TRUE
"SUPV OF HOUSING EXTERMINATOR",2016,6,0,,,6,,,TRUE
"SUPV OF HOUSING EXTERMINATORS",2014,1,0,,,1,,,TRUE
"SUPV OF HOUSING EXTERMINATORS",2015,1,0,,,1,,,TRUE
"SUPV OF HOUSING EXTERMINATORS",2016,1,0,,,1,,,TRUE
"SUPV OF HOUSING EXTERMINATORS",2017,1,0,,,1,,,TRUE
"SUPVSNG SYSTEMS ANALYST",2014,2,0,,,2,,,TRUE
"SUPVSNG SYSTEMS ANALYST",2015,2,0,,,2,,,TRUE
"SUPVSNG SYSTEMS ANALYST",2016,2,0,,,2,,,TRUE
"SUPVSNG SYSTEMS ANALYST",2017,2,0,,,2,,,TRUE
"SUPVSNG SYSTEMS ANALYST",2018,3,0,,,3,,,TRUE
"SUPVSNG SYSTEMS ANALYST",2019,3,0,,,3,,,TRUE
"SUPVSNG SYSTEMS ANALYST",2020,3,0,,,3,,,TRUE
"SUPVSNG SYSTEMS ANALYST",2021,3,0,,,3,,,TRUE
"SUPVSNG SYSTEMS ANALYST",2022,3,0,,,3,,,TRUE
"SUPVSNG SYSTEMS ANALYST",2023,2,0,,,2,,,TRUE
"SUPVSNG SYSTEMS ANALYST",2024,1,0,,,1,,,TRUE
"SUPVSNG SYSTEMS ANALYST",2025,2,0,,,2,,,TRUE
"SURGEON",2014,1,0,,,1,,,TRUE
"SURGEON",2015,1,0,,,1,,,TRUE
"SURGEON",2016,1,0,,,1,,,TRUE
"SURGEON DETAILED AS DEPUTY CHIEF SURGEON",2014,1,0,,,1,,,TRUE
"SURGEON DETAILED AS DEPUTY CHIEF SURGEON",2015,1,0,,,1,,,TRUE
"SURGEON DETAILED AS DEPUTY CHIEF SURGEON",2016,1,0,,,1,,,TRUE
"SURGEON DETAILED AS DEPUTY CHIEF SURGEON",2017,1,0,,,1,,,TRUE
"SURGEON DETAILED AS DEPUTY CHIEF SURGEON",2018,2,0,,,2,,,TRUE
"SURGEON DETAILED AS DEPUTY CHIEF SURGEON",2019,2,0,,,2,,,TRUE
"SURGEON DETAILED AS DEPUTY CHIEF SURGEON",2020,1,0,,,1,,,TRUE
"SURVEYOR",2014,29,5,,,34,,,TRUE
"SURVEYOR",2015,30,4,,,34,,,TRUE
"SURVEYOR",2016,28,0,,,28,,,TRUE
"SURVEYOR",2017,29,5,,,34,,,TRUE
"SURVEYOR",2018,29,5,,,34,,,TRUE
"SURVEYOR",2019,34,6,,,40,,,TRUE
"SURVEYOR",2020,35,9,,,44,,,TRUE
"SURVEYOR",2021,36,7,,,43,,,TRUE
"SURVEYOR",2022,30,1,,,31,,,TRUE
"SURVEYOR",2023,31,4,,,35,,,TRUE
"SURVEYOR",2024,32,6,,,38,,,TRUE
"SURVEYOR",2025,32,4,,,36,,,TRUE
"SYSTEMS ADMINISTRATOR CAM FIN BD",2014,5,0,,,5,,,TRUE
"SYSTEMS ADMINISTRATOR CAM FIN BD",2015,5,2,,,7,,,TRUE
"SYSTEMS ADMINISTRATOR CAM FIN BD",2016,5,3,,,8,,,TRUE
"SYSTEMS ADMINISTRATOR CAM FIN BD",2017,5,1,,,6,,,TRUE
"SYSTEMS ADMINISTRATOR CAM FIN BD",2018,6,5,,,11,,,TRUE
"SYSTEMS ADMINISTRATOR CAM FIN BD",2019,6,5,,,11,,,TRUE
"SYSTEMS ADMINISTRATOR CAM FIN BD",2020,6,6,,,12,,,TRUE
"SYSTEMS ADMINISTRATOR CAM FIN BD",2021,6,2,,,8,,,TRUE
"SYSTEMS ADMINISTRATOR CAM FIN BD",2022,5,1,,,6,,,TRUE
"SYSTEMS ADMINISTRATOR CAM FIN BD",2023,6,1,,,7,,,TRUE
"SYSTEMS ADMINISTRATOR CAM FIN BD",2024,6,2,,,8,,,TRUE
"SYSTEMS ADMINISTRATOR CAM FIN BD",2025,6,2,,,8,,,TRUE
"SYSTEMS ANALYST",2018,12,0,,,12,,,TRUE
"SYSTEMS ANALYST",2019,10,0,,,10,,,TRUE
"SYSTEMS ANALYST",2020,11,0,,,11,,,TRUE
"SYSTEMS ANALYST",2021,11,0,,,11,,,TRUE
"SYSTEMS ANALYST",2022,9,0,,,9,,,TRUE
"SYSTEMS ANALYST",2023,8,0,,,8,,,TRUE
"SYSTEMS ANALYST",2024,6,0,,,6,,,TRUE
"SYSTEMS ANALYST",2025,3,0,,,3,,,TRUE
"TAX MAP CARTOGRAPHER",2014,1,1,,,2,,,TRUE
"TAX MAP CARTOGRAPHER",2016,1,0,,,1,,,TRUE
"TAX MAP CARTOGRAPHER",2017,1,0,,,1,,,TRUE
"TAX MAP CARTOGRAPHER",2018,1,0,,,1,,,TRUE
"TAX MAP CARTOGRAPHER",2019,1,0,,,1,,,TRUE
"TAX MAP CARTOGRAPHER",2020,1,0,,,1,,,TRUE
"TAX MAP CARTOGRAPHER",2021,1,0,,,1,,,TRUE
"TAX MAP CARTOGRAPHER",2022,1,0,,,1,,,TRUE
"TAX MAP CARTOGRAPHER",2023,2,0,,,2,,,TRUE
"TAX MAP CARTOGRAPHER",2024,2,0,,,2,,,TRUE
"TAX MAP CARTOGRAPHER",2025,2,0,,,2,,,TRUE
"TAXI AND LIMOUSINE INSPECTOR",2014,31,58,39205,35641,89,0.909093227904604,3564,FALSE
"TAXI AND LIMOUSINE INSPECTOR",2015,26,67,,,93,,,TRUE
"TAXI AND LIMOUSINE INSPECTOR",2016,27,11,,,38,,,TRUE
"TAXI AND LIMOUSINE INSPECTOR",2017,22,33,,,55,,,TRUE
"TAXI AND LIMOUSINE INSPECTOR",2018,26,60,,,86,,,TRUE
"TAXI AND LIMOUSINE INSPECTOR",2019,19,87,,,106,,,TRUE
"TAXI AND LIMOUSINE INSPECTOR",2020,16,103,,,119,,,TRUE
"TAXI AND LIMOUSINE INSPECTOR",2021,18,35,,,53,,,TRUE
"TAXI AND LIMOUSINE INSPECTOR",2022,18,25,,,43,,,TRUE
"TAXI AND LIMOUSINE INSPECTOR",2023,20,11,,,31,,,TRUE
"TAXI AND LIMOUSINE INSPECTOR",2024,25,22,,,47,,,TRUE
"TAXI AND LIMOUSINE INSPECTOR",2025,28,15,,,43,,,TRUE
"TEACH ASST VOCATION REG SUB",2014,0,8,,,8,,,TRUE
"TEACH ASST VOCATION REG SUB",2015,1,12,,,13,,,TRUE
"TEACH ASST VOCATION REG SUB",2016,1,9,,,10,,,TRUE
"TEACH ASST VOCATION REG SUB",2017,1,8,,,9,,,TRUE
"TEACH ASST VOCATION REG SUB",2018,1,10,,,11,,,TRUE
"TEACH ASST VOCATION REG SUB",2019,1,14,,,15,,,TRUE
"TEACH ASST VOCATION REG SUB",2020,0,13,,,13,,,TRUE
"TEACH ASST VOCATION REG SUB",2021,0,6,,,6,,,TRUE
"TEACH ASST VOCATION REG SUB",2022,0,10,,,10,,,TRUE
"TEACH ASST VOCATION REG SUB",2023,0,21,,,21,,,TRUE
"TEACH ASST VOCATION REG SUB",2024,0,16,,,16,,,TRUE
"TEACH ASST VOCATION REG SUB",2025,0,8,,,8,,,TRUE
"TEACHER",2014,32251,5053,80987,51744,37304,0.638917357106696,29243,FALSE
"TEACHER",2015,32898,5514,85110,57095,38412,0.670837739396076,28015,FALSE
"TEACHER",2016,33458,6024,88080,59088,39482,0.670844686648501,28992,FALSE
"TEACHER",2017,33754,5746,92087,61777,39500,0.670854735196065,30310,FALSE
"TEACHER",2018,34474,5166,96709,63751,39640,0.659204417375839,32958,FALSE
"TEACHER",2019,34131,4202,104050,65026,38333,0.624949543488707,39024,FALSE
"TEACHER",2020,33155,3349,106652,66652,36504,0.624948430409181,40000,FALSE
"TEACHER",2021,32822,1792,109852,69866,34614,0.636001165204093,39986,FALSE
"TEACHER",2022,31449,2722,109852,68652,34171,0.624949932636638,41200,FALSE
"TEACHER",2023,31542,3150,111350,68652,34692,0.6165424337674,42698,FALSE
"TEACHER",2024,32209,2763,118132,72832,34972,0.616530660616937,45300,FALSE
"TEACHER",2025,32796,3474,121677,75017,36270,0.616525719733393,46660,FALSE
"TEACHER AIDE",2014,29,7,,,36,,,TRUE
"TEACHER AIDE",2015,30,2,,,32,,,TRUE
"TEACHER AIDE",2016,42,21,,,63,,,TRUE
"TEACHER AIDE",2017,52,29,,,81,,,TRUE
"TEACHER AIDE",2018,63,26,,,89,,,TRUE
"TEACHER AIDE",2019,63,25,,,88,,,TRUE
"TEACHER AIDE",2020,65,19,,,84,,,TRUE
"TEACHER AIDE",2021,76,6,,,82,,,TRUE
"TEACHER AIDE",2022,73,14,,,87,,,TRUE
"TEACHER AIDE",2023,78,24,,,102,,,TRUE
"TEACHER AIDE",2024,89,25,,,114,,,TRUE
"TEACHER AIDE",2025,99,28,,,127,,,TRUE
"TEACHER ASSIGNED A",2014,286,0,,,286,,,TRUE
"TEACHER ASSIGNED A",2015,363,1,,,364,,,TRUE
"TEACHER ASSIGNED A",2016,316,3,,,319,,,TRUE
"TEACHER ASSIGNED A",2017,398,3,,,401,,,TRUE
"TEACHER ASSIGNED A",2018,553,14,,,567,,,TRUE
"TEACHER ASSIGNED A",2019,751,22,,,773,,,TRUE
"TEACHER ASSIGNED A",2020,779,22,,,801,,,TRUE
"TEACHER ASSIGNED A",2021,746,13,,,759,,,TRUE
"TEACHER ASSIGNED A",2022,713,26,,,739,,,TRUE
"TEACHER ASSIGNED A",2023,595,20,,,615,,,TRUE
"TEACHER ASSIGNED A",2024,523,0,,,523,,,TRUE
"TEACHER ASSIGNED A",2025,549,5,,,554,,,TRUE
"TEACHER ASSIGNED B",2018,1,0,,,1,,,TRUE
"TEACHER ASSIGNED B",2019,1,0,,,1,,,TRUE
"TEACHER ASSIGNED B",2020,2,0,,,2,,,TRUE
"TEACHER ASSIGNED B",2021,2,0,,,2,,,TRUE
"TEACHER ASSIGNED B",2022,10,0,,,10,,,TRUE
"TEACHER ASSIGNED B",2023,12,0,,,12,,,TRUE
"TEACHER ASSIGNED B",2024,16,0,,,16,,,TRUE
"TEACHER ASSIGNED B",2025,15,0,,,15,,,TRUE
"TEACHER ASSISTANT REG SUB",2014,1,46,,,47,,,TRUE
"TEACHER ASSISTANT REG SUB",2015,0,13,,,13,,,TRUE
"TEACHER ASSISTANT REG SUB",2016,2,35,,,37,,,TRUE
"TEACHER ASSISTANT REG SUB",2017,1,41,,,42,,,TRUE
"TEACHER ASSISTANT REG SUB",2018,0,43,,,43,,,TRUE
"TEACHER ASSISTANT REG SUB",2019,0,9,,,9,,,TRUE
"TEACHER ASSISTANT REG SUB",2020,0,8,,,8,,,TRUE
"TEACHER ASSISTANT REG SUB",2021,0,5,,,5,,,TRUE
"TEACHER ASSISTANT REG SUB",2024,0,3,,,3,,,TRUE
"TEACHER ATTENDANCE",2014,297,5,,,302,,,TRUE
"TEACHER ATTENDANCE",2015,306,5,,,311,,,TRUE
"TEACHER ATTENDANCE",2016,314,7,,,321,,,TRUE
"TEACHER ATTENDANCE",2017,327,9,,,336,,,TRUE
"TEACHER ATTENDANCE",2018,331,6,,,337,,,TRUE
"TEACHER ATTENDANCE",2019,329,3,,,332,,,TRUE
"TEACHER ATTENDANCE",2020,314,8,,,322,,,TRUE
"TEACHER ATTENDANCE",2021,318,7,,,325,,,TRUE
"TEACHER ATTENDANCE",2022,311,9,,,320,,,TRUE
"TEACHER ATTENDANCE",2023,314,11,,,325,,,TRUE
"TEACHER ATTENDANCE",2024,322,3,,,325,,,TRUE
"TEACHER ATTENDANCE",2025,333,4,,,337,,,TRUE
"TEACHER ATTENDANCE REG SUB",2014,0,1,,,1,,,TRUE
"TEACHER ATTENDANCE REG SUB",2015,1,1,,,2,,,TRUE
"TEACHER ATTENDANCE REG SUB",2018,1,0,,,1,,,TRUE
"TEACHER ATTENDANCE REG SUB",2022,1,0,,,1,,,TRUE
"TEACHER OF LIBRARY",2014,1,0,,,1,,,TRUE
"TEACHER OF LIBRARY",2015,1,0,,,1,,,TRUE
"TEACHER OF LIBRARY",2016,1,0,,,1,,,TRUE
"TEACHER OF LIBRARY",2017,1,0,,,1,,,TRUE
"TEACHER OF LIBRARY",2018,1,0,,,1,,,TRUE
"TEACHER OF LIBRARY",2019,1,0,,,1,,,TRUE
"TEACHER OF LIBRARY",2020,1,0,,,1,,,TRUE
"TEACHER OF LIBRARY",2021,1,0,,,1,,,TRUE
"TEACHER OF LIBRARY",2022,1,0,,,1,,,TRUE
"TEACHER OF LIBRARY",2023,1,0,,,1,,,TRUE
"TEACHER OF LIBRARY",2025,1,0,,,1,,,TRUE
"TEACHER REG SUB",2014,27,88,,,115,,,TRUE
"TEACHER REG SUB",2015,30,136,62904.5,50899,166,0.809147199325962,12005.5,FALSE
"TEACHER REG SUB",2016,45,252,65498,51650,297,0.788573696906776,13848,FALSE
"TEACHER REG SUB",2017,64,334,63037,54000,398,0.856639751257198,9037,FALSE
"TEACHER REG SUB",2018,68,339,66200,56711,407,0.85666163141994,9489,FALSE
"TEACHER REG SUB",2019,50,330,68612,57845,380,0.843074097825453,10767,FALSE
"TEACHER REG SUB",2020,36,157,72006,59291,193,0.823417492986696,12715,FALSE
"TEACHER REG SUB",2021,71,122,71290,61677,193,0.86515640342264,9613,FALSE
"TEACHER REG SUB",2022,86,252,68652,61070,338,0.889558934918138,7582,FALSE
"TEACHER REG SUB",2023,36,134,72728,62284,170,0.85639643603564,10444,FALSE
"TEACHER REG SUB",2024,62,165,67588,66078,227,0.977658755992188,1510,FALSE
"TEACHER REG SUB",2025,179,231,69616,66733,410,0.958587106412319,2883,FALSE
"TEACHER RESOURCE ROOM",2014,2,0,,,2,,,TRUE
"TEACHER RESOURCE ROOM",2015,2,0,,,2,,,TRUE
"TEACHER RESOURCE ROOM",2016,2,0,,,2,,,TRUE
"TEACHER RESOURCE ROOM",2017,2,0,,,2,,,TRUE
"TEACHER RESOURCE ROOM",2018,2,0,,,2,,,TRUE
"TEACHER RESOURCE ROOM",2019,1,0,,,1,,,TRUE
"TEACHER RESOURCE ROOM",2020,1,0,,,1,,,TRUE
"TEACHER SPECIAL EDUCATION",2014,8473,3594,79531,54329,12067,0.683117275024833,25202,FALSE
"TEACHER SPECIAL EDUCATION",2015,8822,3800,83579,57095,12622,0.683126144127113,26484,FALSE
"TEACHER SPECIAL EDUCATION",2016,9048,3170,86496,59088,12218,0.683129855715871,27408,FALSE
"TEACHER SPECIAL EDUCATION",2017,9388,2886,91571,62233,12274,0.679614725185921,29338,FALSE
"TEACHER SPECIAL EDUCATION",2018,10004,2828,96001,64878,12832,0.675805460359788,31123,FALSE
"TEACHER SPECIAL EDUCATION",2019,10445,2516,98290,66176,12961,0.673272967748499,32114,FALSE
"TEACHER SPECIAL EDUCATION",2020,10787,2530,101111,67831,13317,0.670856781161298,33280,FALSE
"TEACHER SPECIAL EDUCATION",2021,11604,1886,104145,69866,13490,0.67085313745259,34279,FALSE
"TEACHER SPECIAL EDUCATION",2022,11921,1979,104145,68652,13900,0.659196312833069,35493,FALSE
"TEACHER SPECIAL EDUCATION",2023,12790,2412,103771,69866,15202,0.673270952385541,33905,FALSE
"TEACHER SPECIAL EDUCATION",2024,14024,1911,110091,74121,15935,0.673270294574488,35970,FALSE
"TEACHER SPECIAL EDUCATION",2025,15048,1922,113394,76344,16970,0.673263135615641,37050,FALSE
"TEACHER SPECIAL EDUCATION REG SUB",2014,6,46,,,52,,,TRUE
"TEACHER SPECIAL EDUCATION REG SUB",2015,11,88,,,99,,,TRUE
"TEACHER SPECIAL EDUCATION REG SUB",2016,21,218,,,239,,,TRUE
"TEACHER SPECIAL EDUCATION REG SUB",2017,35,405,54000,54000,440,1,0,FALSE
"TEACHER SPECIAL EDUCATION REG SUB",2018,59,436,56711,56711,495,1,0,FALSE
"TEACHER SPECIAL EDUCATION REG SUB",2019,87,462,58995,57845,549,0.980506822612086,1150,FALSE
"TEACHER SPECIAL EDUCATION REG SUB",2020,58,323,60470,60470,381,1,0,FALSE
"TEACHER SPECIAL EDUCATION REG SUB",2021,24,50,,,74,,,TRUE
"TEACHER SPECIAL EDUCATION REG SUB",2022,63,98,61070,61070,161,1,0,FALSE
"TEACHER SPECIAL EDUCATION REG SUB",2023,21,51,,,72,,,TRUE
"TEACHER SPECIAL EDUCATION REG SUB",2024,7,39,,,46,,,TRUE
"TEACHER SPECIAL EDUCATION REG SUB",2025,12,35,,,47,,,TRUE
"TEACHER TRAINER",2014,1,0,,,1,,,TRUE
"TEACHER TRAINER",2015,2,0,,,2,,,TRUE
"TEACHER TRAINER",2016,2,0,,,2,,,TRUE
"TEACHER TRAINER",2017,2,0,,,2,,,TRUE
"TEACHER TRAINER",2018,2,0,,,2,,,TRUE
"TEACHER TRAINER",2019,2,0,,,2,,,TRUE
"TEACHER TRAINER",2020,2,0,,,2,,,TRUE
"TEACHER TRAINER",2021,1,0,,,1,,,TRUE
"TEACHER TRAINER",2022,1,0,,,1,,,TRUE
"TEACHER TRAINER",2023,2,0,,,2,,,TRUE
"TEACHER TRAINER",2024,2,0,,,2,,,TRUE
"TEACHER TRAINER",2025,2,0,,,2,,,TRUE
"TECHNICAL SYSTEMS MANAGER",2022,0,1,,,1,,,TRUE
"TELECOMMUNCATION MANAGER",2024,1,0,,,1,,,TRUE
"TELECOMMUNCATION MANAGER",2025,1,0,,,1,,,TRUE
"TELECOMMUNICATION MANAGER",2014,10,1,,,11,,,TRUE
"TELECOMMUNICATION MANAGER",2015,11,1,,,12,,,TRUE
"TELECOMMUNICATION MANAGER",2016,12,0,,,12,,,TRUE
"TELECOMMUNICATION MANAGER",2017,11,5,,,16,,,TRUE
"TELECOMMUNICATION MANAGER",2018,12,7,,,19,,,TRUE
"TELECOMMUNICATION MANAGER",2019,10,1,,,11,,,TRUE
"TELECOMMUNICATION MANAGER",2020,8,12,,,20,,,TRUE
"TELECOMMUNICATION MANAGER",2021,6,15,,,21,,,TRUE
"TELECOMMUNICATION MANAGER",2022,5,12,,,17,,,TRUE
"TELECOMMUNICATION MANAGER",2023,7,10,,,17,,,TRUE
"TELECOMMUNICATION MANAGER",2024,6,7,,,13,,,TRUE
"TELECOMMUNICATION MANAGER",2025,8,8,,,16,,,TRUE
"TELECOMMUNICATIONS ASSOCIATE",2014,83,4,,,87,,,TRUE
"TELECOMMUNICATIONS ASSOCIATE",2015,91,4,,,95,,,TRUE
"TELECOMMUNICATIONS ASSOCIATE",2016,86,12,,,98,,,TRUE
"TELECOMMUNICATIONS ASSOCIATE",2017,94,14,,,108,,,TRUE
"TELECOMMUNICATIONS ASSOCIATE",2018,89,21,,,110,,,TRUE
"TELECOMMUNICATIONS ASSOCIATE",2019,88,44,81130,73178,132,0.901984469370147,7952,FALSE
"TELECOMMUNICATIONS ASSOCIATE",2020,90,47,83576,81095,137,0.970314444338087,2481,FALSE
"TELECOMMUNICATIONS ASSOCIATE",2021,84,22,,,106,,,TRUE
"TELECOMMUNICATIONS ASSOCIATE",2022,75,21,,,96,,,TRUE
"TELECOMMUNICATIONS ASSOCIATE",2023,69,33,91330,66164,102,0.724449797437863,25166,FALSE
"TELECOMMUNICATIONS ASSOCIATE",2024,63,24,,,87,,,TRUE
"TELECOMMUNICATIONS ASSOCIATE",2025,62,17,,,79,,,TRUE
"TELECOMMUNICATIONS MANAGER",2019,2,1,,,3,,,TRUE
"TELECOMMUNICATIONS MANAGER",2020,2,1,,,3,,,TRUE
"TELECOMMUNICATIONS MANAGER",2021,3,7,,,10,,,TRUE
"TELECOMMUNICATIONS MANAGER",2022,3,23,,,26,,,TRUE
"TELECOMMUNICATIONS MANAGER",2023,2,30,,,32,,,TRUE
"TELECOMMUNICATIONS MANAGER",2024,4,8,,,12,,,TRUE
"TELECOMMUNICATIONS MANAGER",2025,6,10,,,16,,,TRUE
"TELEPHONE SERVICE TECHNICIAN",2014,5,2,,,7,,,TRUE
"TELEPHONE SERVICE TECHNICIAN",2015,5,3,,,8,,,TRUE
"TELEPHONE SERVICE TECHNICIAN",2016,4,2,,,6,,,TRUE
"TELEPHONE SERVICE TECHNICIAN",2017,4,1,,,5,,,TRUE
"TELEPHONE SERVICE TECHNICIAN",2018,3,1,,,4,,,TRUE
"TELEPHONE SERVICE TECHNICIAN",2019,3,0,,,3,,,TRUE
"TELEPHONE SERVICE TECHNICIAN",2020,3,0,,,3,,,TRUE
"TELEPHONE SERVICE TECHNICIAN",2021,3,0,,,3,,,TRUE
"TELEPHONE SERVICE TECHNICIAN",2022,3,0,,,3,,,TRUE
"TELEPHONE SERVICE TECHNICIAN",2023,3,0,,,3,,,TRUE
"TELEPHONE SERVICE TECHNICIAN",2024,5,1,,,6,,,TRUE
"TELEPHONE SERVICE TECHNICIAN",2025,6,1,,,7,,,TRUE
"TELEVISON EQUIPMENT OPERATOR",2014,1,0,,,1,,,TRUE
"TELEVISON EQUIPMENT OPERATOR",2015,1,0,,,1,,,TRUE
"TEMPORARY CLERK",2016,1,1,,,2,,,TRUE
"TEMPORARY CLERK",2017,1,1,,,2,,,TRUE
"TEMPORARY CLERK",2018,1,1,,,2,,,TRUE
"TEMPORARY CLERK",2019,2,2,,,4,,,TRUE
"TEMPORARY CLERK",2020,1,1,,,2,,,TRUE
"TEMPORARY CLERK",2021,1,0,,,1,,,TRUE
"TEMPORARY CLERK",2022,1,0,,,1,,,TRUE
"TEMPORARY CLERK",2023,2,0,,,2,,,TRUE
"TEMPORARY CLERK",2024,1,1,,,2,,,TRUE
"TEMPORARY CLERK",2025,1,0,,,1,,,TRUE
"TESTS AND MEASUREMENT SPECIALIST",2014,3,18,,,21,,,TRUE
"TESTS AND MEASUREMENT SPECIALIST",2015,3,6,,,9,,,TRUE
"TESTS AND MEASUREMENT SPECIALIST",2016,5,8,,,13,,,TRUE
"TESTS AND MEASUREMENT SPECIALIST",2017,3,11,,,14,,,TRUE
"TESTS AND MEASUREMENT SPECIALIST",2018,3,14,,,17,,,TRUE
"TESTS AND MEASUREMENT SPECIALIST",2019,2,16,,,18,,,TRUE
"TESTS AND MEASUREMENT SPECIALIST",2020,3,9,,,12,,,TRUE
"TESTS AND MEASUREMENT SPECIALIST",2021,2,1,,,3,,,TRUE
"TESTS AND MEASUREMENT SPECIALIST",2022,2,5,,,7,,,TRUE
"TESTS AND MEASUREMENT SPECIALIST",2023,2,11,,,13,,,TRUE
"TESTS AND MEASUREMENT SPECIALIST",2024,2,8,,,10,,,TRUE
"TESTS AND MEASUREMENT SPECIALIST",2025,1,9,,,10,,,TRUE
"THERMOSTAT REPAIRER",2018,0,1,,,1,,,TRUE
"THERMOSTAT REPAIRER",2021,0,1,,,1,,,TRUE
"THIRD ASSISTANT MARINE ENGINEER",2014,1,1,,,2,,,TRUE
"THIRD ASSISTANT MARINE ENGINEER",2015,1,2,,,3,,,TRUE
"THIRD ASSISTANT MARINE ENGINEER",2016,1,2,,,3,,,TRUE
"THIRD DEPUTY COMPTROLLER",2022,0,1,,,1,,,TRUE
"THIRD DEPUTY COMPTROLLER",2023,0,1,,,1,,,TRUE
"TITLE EXAMINER",2014,1,0,,,1,,,TRUE
"TITLE EXAMINER",2015,1,0,,,1,,,TRUE
"TITLE EXAMINER",2016,1,0,,,1,,,TRUE
"TRAFFIC CONTROL INSPECTOR",2014,30,9,,,39,,,TRUE
"TRAFFIC CONTROL INSPECTOR",2015,20,34,,,54,,,TRUE
"TRAFFIC CONTROL INSPECTOR",2016,19,35,,,54,,,TRUE
"TRAFFIC CONTROL INSPECTOR",2017,22,27,,,49,,,TRUE
"TRAFFIC CONTROL INSPECTOR",2018,21,24,,,45,,,TRUE
"TRAFFIC CONTROL INSPECTOR",2019,21,13,,,34,,,TRUE
"TRAFFIC CONTROL INSPECTOR",2020,16,12,,,28,,,TRUE
"TRAFFIC CONTROL INSPECTOR",2021,16,7,,,23,,,TRUE
"TRAFFIC CONTROL INSPECTOR",2022,15,6,,,21,,,TRUE
"TRAFFIC CONTROL INSPECTOR",2023,13,8,,,21,,,TRUE
"TRAFFIC CONTROL INSPECTOR",2024,15,6,,,21,,,TRUE
"TRAFFIC CONTROL INSPECTOR",2025,16,5,,,21,,,TRUE
"TRAFFIC DEVICE MAINTAINER",2014,135,21,,,156,,,TRUE
"TRAFFIC DEVICE MAINTAINER",2015,132,22,,,154,,,TRUE
"TRAFFIC DEVICE MAINTAINER",2016,118,14,,,132,,,TRUE
"TRAFFIC DEVICE MAINTAINER",2017,111,52,59599,45270,163,0.759576502961459,14329,FALSE
"TRAFFIC DEVICE MAINTAINER",2018,111,62,59591,45270,173,0.75967847493749,14321,FALSE
"TRAFFIC DEVICE MAINTAINER",2019,102,23,,,125,,,TRUE
"TRAFFIC DEVICE MAINTAINER",2020,97,48,67044,51317,145,0.765422707475688,15727,FALSE
"TRAFFIC DEVICE MAINTAINER",2021,90,37,67044,53750,127,0.801712308334825,13294,FALSE
"TRAFFIC DEVICE MAINTAINER",2022,85,26,,,111,,,TRUE
"TRAFFIC DEVICE MAINTAINER",2023,68,60,73334,56076,128,0.764665775765675,17258,FALSE
"TRAFFIC DEVICE MAINTAINER",2024,69,50,75533,57758,119,0.764672394847285,17775,FALSE
"TRAFFIC DEVICE MAINTAINER",2025,61,18,,,79,,,TRUE
"TRAFFIC ENFORC AGENT",2014,272,0,,,272,,,TRUE
"TRAFFIC ENFORC AGENT",2015,258,0,,,258,,,TRUE
"TRAFFIC ENFORC AGENT",2016,265,0,,,265,,,TRUE
"TRAFFIC ENFORC AGENT",2017,259,0,,,259,,,TRUE
"TRAFFIC ENFORC AGENT L 3 & 4 ONLY",2018,269,1,,,270,,,TRUE
"TRAFFIC ENFORC AGENT L 3 & 4 ONLY",2019,258,0,,,258,,,TRUE
"TRAFFIC ENFORCEMENT AGENT",2014,514,622,36210,29217,1136,0.806876553438277,6993,FALSE
"TRAFFIC ENFORCEMENT AGENT",2015,508,613,36210,29217,1121,0.806876553438277,6993,FALSE
"TRAFFIC ENFORCEMENT AGENT",2016,550,597,39164,33400,1147,0.852824022061077,5764,FALSE
"TRAFFIC ENFORCEMENT AGENT",2017,600,709,40751,30706,1309,0.753502981521926,10045,FALSE
"TRAFFIC ENFORCEMENT AGENT",2020,975,506,46393,41881,1481,0.902743948440497,4512,FALSE
"TRAFFIC ENFORCEMENT AGENT",2021,938,187,46393,41881,1125,0.902743948440497,4512,FALSE
"TRAFFIC ENFORCEMENT AGENT",2022,849,388,47874,41493,1237,0.866712620629152,6381,FALSE
"TRAFFIC ENFORCEMENT AGENT",2023,817,690,47874,41881,1507,0.874817228558299,5993,FALSE
"TRAFFIC ENFORCEMENT AGENT",2024,807,473,52413,45811,1280,0.874038883483105,6602,FALSE
"TRAFFIC ENFORCEMENT AGENT",2025,811,279,53985,47621,1090,0.8821154024266,6364,FALSE
"TRAFFIC ENFORCEMENT AGENT AL 1 & 2 ONLY",2018,693,792,41214,38625,1485,0.937181540253312,2589,FALSE
"TRAFFIC ENFORCEMENT AGENT AL 1 & 2 ONLY",2019,718,594,43187,38986,1312,0.902725357167666,4201,FALSE
"TRAINER ASSISTANT",2016,5,8,,,13,,,TRUE
"TRAINER ASSISTANT",2017,10,4,,,14,,,TRUE
"TRAINER ASSISTANT",2018,14,2,,,16,,,TRUE
"TRAINER ASSISTANT",2019,14,2,,,16,,,TRUE
"TRAINER ASSISTANT",2020,19,3,,,22,,,TRUE
"TRAINER ASSISTANT",2021,25,3,,,28,,,TRUE
"TRAINER ASSISTANT",2022,27,1,,,28,,,TRUE
"TRAINER ASSISTANT",2023,30,2,,,32,,,TRUE
"TRAINER ASSISTANT",2024,41,2,,,43,,,TRUE
"TRAINER ASSISTANT",2025,46,3,,,49,,,TRUE
"TRANSPORTATION BOROUGH COMMISSIONER",2014,3,0,,,3,,,TRUE
"TRANSPORTATION BOROUGH COMMISSIONER",2015,3,0,,,3,,,TRUE
"TRANSPORTATION SPECIALIST",2020,118,17,,,135,,,TRUE
"TRANSPORTATION SPECIALIST",2021,113,9,,,122,,,TRUE
"TRANSPORTATION SPECIALIST",2022,98,20,,,118,,,TRUE
"TRANSPORTATION SPECIALIST",2023,85,27,,,112,,,TRUE
"TRANSPORTATION SPECIALIST",2024,90,10,,,100,,,TRUE
"TRANSPORTATION SPECIALIST",2025,113,2,,,115,,,TRUE
"UFT SCHOOL SECRETARY ASSIGNED NON SCHOOL BASED 12 MONTH",2017,0,1,,,1,,,TRUE
"UFT SCHOOL SECRETARY ASSIGNED NON SCHOOL BASED 12 MONTH",2020,1,0,,,1,,,TRUE
"UFT SCHOOL SECRETARY ASSIGNED NON SCHOOL BASED 12 MONTH",2021,1,0,,,1,,,TRUE
"UFT SCHOOL SECRETARY ASSIGNED NON SCHOOL BASED 12 MONTH",2022,1,0,,,1,,,TRUE
"UFT SCHOOL SECRETARY ASSIGNED NON SCHOOL BASED 12 MONTH",2023,2,0,,,2,,,TRUE
"UFT SCHOOL SECRETARY ASSIGNED NON SCHOOL BASED 12 MONTH",2024,1,0,,,1,,,TRUE
"UFT SCHOOL SECRETARY ASSIGNED NON SCHOOL BASED 12 MONTH",2025,1,0,,,1,,,TRUE
"UNIVERSITY ADMINISTRATOR",2019,0,2,,,2,,,TRUE
"UNIVERSITY ARCHITECT",2014,1,0,,,1,,,TRUE
"UNIVERSITY ARCHITECT",2015,1,1,,,2,,,TRUE
"UNIVERSITY ARCHITECT",2016,1,1,,,2,,,TRUE
"UNIVERSITY ARCHITECT",2017,1,0,,,1,,,TRUE
"UNIVERSITY ARCHITECT",2018,1,0,,,1,,,TRUE
"UNIVERSITY ARCHITECT",2019,1,0,,,1,,,TRUE
"UNIVERSITY ARCHITECT",2020,1,0,,,1,,,TRUE
"UNIVERSITY ARCHITECT",2021,1,0,,,1,,,TRUE
"UNIVERSITY ARCHITECT",2022,1,0,,,1,,,TRUE
"UNIVERSITY ARCHITECT",2023,1,0,,,1,,,TRUE
"UNIVERSITY ARCHITECT",2024,1,0,,,1,,,TRUE
"UNIVERSITY ARCHITECT",2025,1,0,,,1,,,TRUE
"UNIVERSITY ASSISTANT ARCHITECT",2014,0,1,,,1,,,TRUE
"UNIVERSITY ASSISTANT ARCHITECT",2015,0,2,,,2,,,TRUE
"UNIVERSITY ASSISTANT ARCHITECT",2016,0,2,,,2,,,TRUE
"UNIVERSITY ASSISTANT ARCHITECT",2017,0,1,,,1,,,TRUE
"UNIVERSITY ASSISTANT ARCHITECT",2018,1,0,,,1,,,TRUE
"UNIVERSITY ASSISTANT ARCHITECT",2019,1,0,,,1,,,TRUE
"UNIVERSITY ASSISTANT ARCHITECT",2020,1,0,,,1,,,TRUE
"UNIVERSITY ASSISTANT ARCHITECT",2021,1,0,,,1,,,TRUE
"UNIVERSITY ASSISTANT ARCHITECT",2022,1,0,,,1,,,TRUE
"UNIVERSITY ASSISTANT ARCHITECT",2023,1,0,,,1,,,TRUE
"UNIVERSITY ASSISTANT ARCHITECT",2024,1,0,,,1,,,TRUE
"UNIVERSITY ASSISTANT ARCHITECT",2025,1,0,,,1,,,TRUE
"UNIVERSITY ASSISTANT DEAN",2019,0,1,,,1,,,TRUE
"UNIVERSITY ASSISTANT DEAN",2020,0,1,,,1,,,TRUE
"UNIVERSITY ASSISTANT DEAN",2021,0,1,,,1,,,TRUE
"UNIVERSITY ASSISTANT DEAN",2022,0,1,,,1,,,TRUE
"UNIVERSITY ASSISTANT DEAN",2024,0,1,,,1,,,TRUE
"UNIVERSITY ASSISTANT DEAN",2025,0,1,,,1,,,TRUE
"UNIVERSITY ASSISTANT ENGINEER",2014,0,1,,,1,,,TRUE
"UNIVERSITY ASSISTANT ENGINEER",2015,1,0,,,1,,,TRUE
"UNIVERSITY ASSISTANT ENGINEER",2016,1,1,,,2,,,TRUE
"UNIVERSITY ASSISTANT ENGINEER",2017,1,0,,,1,,,TRUE
"UNIVERSITY ASSISTANT ENGINEER",2018,1,0,,,1,,,TRUE
"UNIVERSITY ASSOCIATE DEAN",2018,0,1,,,1,,,TRUE
"UNIVERSITY ASSOCIATE DEAN",2019,0,1,,,1,,,TRUE
"UNIVERSITY DEAN",2020,0,1,,,1,,,TRUE
"UNIVERSITY DEAN",2021,0,1,,,1,,,TRUE
"UNIVERSITY ENGINEER",2014,1,0,,,1,,,TRUE
"UNIVERSITY ENGINEER",2015,1,0,,,1,,,TRUE
"UNIVERSITY ENGINEER",2016,1,0,,,1,,,TRUE
"UNIVERSITY ENGINEER",2017,1,0,,,1,,,TRUE
"UNIVERSITY ENGINEER",2018,1,0,,,1,,,TRUE
"UNIVERSITY ENGINEER TECH",2014,2,0,,,2,,,TRUE
"UNIVERSITY ENGINEER TECH",2015,2,0,,,2,,,TRUE
"UNIVERSITY PAYROLL ANALYST",2018,0,1,,,1,,,TRUE
"UNIVERSITY PAYROLL ANALYST",2019,0,2,,,2,,,TRUE
"UNIVERSITY PAYROLL ANALYST",2020,0,1,,,1,,,TRUE
"UNIVERSITY PAYROLL ANALYST",2021,0,1,,,1,,,TRUE
"UNIVERSITY PAYROLL ANALYST",2022,0,1,,,1,,,TRUE
"UNIVERSITY PAYROLL ANALYST",2023,0,1,,,1,,,TRUE
"UNIVERSITY PROFESSOR",2020,2,0,,,2,,,TRUE
"UNIVERSITY PROFESSOR",2021,2,0,,,2,,,TRUE
"UNIVERSITY PROFESSOR",2022,2,0,,,2,,,TRUE
"UNIVERSITY PROFESSOR",2023,2,0,,,2,,,TRUE
"UNIVERSITY PROFESSOR",2024,2,0,,,2,,,TRUE
"URBAN ARCHEOLOGIST",2014,1,0,,,1,,,TRUE
"URBAN ARCHEOLOGIST",2015,1,0,,,1,,,TRUE
"URBAN ARCHEOLOGIST",2016,1,0,,,1,,,TRUE
"URBAN ARCHEOLOGIST",2017,1,0,,,1,,,TRUE
"URBAN ARCHEOLOGIST",2018,1,0,,,1,,,TRUE
"URBAN ARCHEOLOGIST",2019,1,0,,,1,,,TRUE
"URBAN ARCHEOLOGIST",2020,1,0,,,1,,,TRUE
"URBAN ARCHEOLOGIST",2021,1,0,,,1,,,TRUE
"URBAN ARCHEOLOGIST",2022,1,0,,,1,,,TRUE
"URBAN ARCHEOLOGIST",2023,1,0,,,1,,,TRUE
"URBAN ARCHEOLOGIST",2024,1,0,,,1,,,TRUE
"URBAN ARCHEOLOGIST",2025,1,0,,,1,,,TRUE
"URBAN PARK RANGER",2014,18,91,,,109,,,TRUE
"URBAN PARK RANGER",2015,20,82,,,102,,,TRUE
"URBAN PARK RANGER",2016,26,132,,,158,,,TRUE
"URBAN PARK RANGER",2017,32,136,41242,41242,168,1,0,FALSE
"URBAN PARK RANGER",2018,27,137,,,164,,,TRUE
"URBAN PARK RANGER",2019,26,77,,,103,,,TRUE
"URBAN PARK RANGER",2020,32,119,50635,50635,151,1,0,FALSE
"URBAN PARK RANGER",2021,29,67,,,96,,,TRUE
"URBAN PARK RANGER",2022,28,3,,,31,,,TRUE
"URBAN PARK RANGER",2023,26,108,,,134,,,TRUE
"URBAN PARK RANGER",2024,35,91,55355,55331,126,0.999566434829735,24,FALSE
"URBAN PARK RANGER",2025,36,78,56991,56991,114,1,0,FALSE
"VICE PRESIDENT",2014,12,5,,,17,,,TRUE
"VICE PRESIDENT",2015,17,4,,,21,,,TRUE
"VICE PRESIDENT",2016,17,5,,,22,,,TRUE
"VICE PRESIDENT",2017,17,8,,,25,,,TRUE
"VICE PRESIDENT",2018,18,3,,,21,,,TRUE
"VICE PRESIDENT",2019,15,1,,,16,,,TRUE
"VICE PRESIDENT",2020,11,5,,,16,,,TRUE
"VICE PRESIDENT",2021,8,6,,,14,,,TRUE
"VICE PRESIDENT",2022,6,9,,,15,,,TRUE
"VICE PRESIDENT",2023,7,10,,,17,,,TRUE
"VICE PRESIDENT",2024,8,7,,,15,,,TRUE
"VICE PRESIDENT",2025,8,5,,,13,,,TRUE
"VICE PRESIDENT NYC PHPT",2025,0,2,,,2,,,TRUE
"VOTING MACHINE TECHNICIAN",2014,35,11,,,46,,,TRUE
"VOTING MACHINE TECHNICIAN",2015,36,6,,,42,,,TRUE
"VOTING MACHINE TECHNICIAN",2016,31,5,,,36,,,TRUE
"VOTING MACHINE TECHNICIAN",2017,29,14,,,43,,,TRUE
"VOTING MACHINE TECHNICIAN",2018,14,10,,,24,,,TRUE
"VOTING MACHINE TECHNICIAN",2019,9,13,,,22,,,TRUE
"VOTING MACHINE TECHNICIAN",2020,12,37,,,49,,,TRUE
"VOTING MACHINE TECHNICIAN",2021,19,42,,,61,,,TRUE
"VOTING MACHINE TECHNICIAN",2022,26,23,,,49,,,TRUE
"VOTING MACHINE TECHNICIAN",2023,24,19,,,43,,,TRUE
"VOTING MACHINE TECHNICIAN",2024,25,14,,,39,,,TRUE
"VOTING MACHINE TECHNICIAN",2025,12,10,,,22,,,TRUE
"WARDEN",2014,20,0,,,20,,,TRUE
"WARDEN",2015,17,0,,,17,,,TRUE
"WARDEN",2016,20,0,,,20,,,TRUE
"WARDEN",2017,26,0,,,26,,,TRUE
"WARDEN",2018,20,0,,,20,,,TRUE
"WARDEN",2019,15,0,,,15,,,TRUE
"WARDEN",2020,11,0,,,11,,,TRUE
"WARDEN",2021,9,0,,,9,,,TRUE
"WARDEN",2022,8,0,,,8,,,TRUE
"WARDEN",2023,4,0,,,4,,,TRUE
"WARDEN",2024,4,0,,,4,,,TRUE
"WARDEN",2025,7,0,,,7,,,TRUE
"WARDEN ASSISTANT DEPUTY WARDEN",2015,84,0,,,84,,,TRUE
"WARDEN ASSISTANT DEPUTY WARDEN",2016,83,0,,,83,,,TRUE
"WARDEN ASSISTANT DEPUTY WARDEN",2017,86,0,,,86,,,TRUE
"WARDEN ASSISTANT DEPUTY WARDEN TED 11/1/92",2014,100,0,,,100,,,TRUE
"WARDEN ASSISTANT DEPUTY WARDEN TED 11/1/92",2018,92,0,,,92,,,TRUE
"WARDEN ASSISTANT DEPUTY WARDEN TED 11/1/92",2019,66,0,,,66,,,TRUE
"WARDEN ASSISTANT DEPUTY WARDEN TED 11/1/92",2020,64,0,,,64,,,TRUE
"WARDEN ASSISTANT DEPUTY WARDEN TED 11/1/92",2021,66,0,,,66,,,TRUE
"WARDEN ASSISTANT DEPUTY WARDEN TED 11/1/92",2022,62,0,,,62,,,TRUE
"WARDEN ASSISTANT DEPUTY WARDEN TED 11/1/92",2023,86,0,,,86,,,TRUE
"WARDEN ASSISTANT DEPUTY WARDEN TED 11/1/92",2024,85,1,,,86,,,TRUE
"WARDEN ASSISTANT DEPUTY WARDEN TED 11/1/92",2025,68,1,,,69,,,TRUE
"WARDEN DEPUTY WARDEN",2015,34,0,,,34,,,TRUE
"WARDEN DEPUTY WARDEN",2016,35,0,,,35,,,TRUE
"WARDEN DEPUTY WARDEN",2017,34,0,,,34,,,TRUE
"WARDEN DEPUTY WARDEN IN COMM",2015,9,0,,,9,,,TRUE
"WARDEN DEPUTY WARDEN IN COMM",2016,13,0,,,13,,,TRUE
"WARDEN DEPUTY WARDEN IN COMM TED 11/1/92",2014,4,0,,,4,,,TRUE
"WARDEN DEPUTY WARDEN IN COMM TED 11/1/92",2017,6,0,,,6,,,TRUE
"WARDEN DEPUTY WARDEN IN COMM TED 11/1/92",2018,5,0,,,5,,,TRUE
"WARDEN DEPUTY WARDEN IN COMM TED 11/1/92",2019,2,0,,,2,,,TRUE
"WARDEN DEPUTY WARDEN IN COMM TED 11/1/92",2020,3,0,,,3,,,TRUE
"WARDEN DEPUTY WARDEN IN COMM TED 11/1/92",2021,1,0,,,1,,,TRUE
"WARDEN DEPUTY WARDEN IN COMM TED 11/1/92",2022,1,0,,,1,,,TRUE
"WARDEN DEPUTY WARDEN IN COMM TED 11/1/92",2023,2,0,,,2,,,TRUE
"WARDEN DEPUTY WARDEN IN COMM TED 11/1/92",2024,1,0,,,1,,,TRUE
"WARDEN DEPUTY WARDEN TED 11/1/92",2014,35,0,,,35,,,TRUE
"WARDEN DEPUTY WARDEN TED 11/1/92",2018,35,0,,,35,,,TRUE
"WARDEN DEPUTY WARDEN TED 11/1/92",2019,35,0,,,35,,,TRUE
"WARDEN DEPUTY WARDEN TED 11/1/92",2020,28,0,,,28,,,TRUE
"WARDEN DEPUTY WARDEN TED 11/1/92",2021,21,0,,,21,,,TRUE
"WARDEN DEPUTY WARDEN TED 11/1/92",2022,19,0,,,19,,,TRUE
"WARDEN DEPUTY WARDEN TED 11/1/92",2023,14,0,,,14,,,TRUE
"WARDEN DEPUTY WARDEN TED 11/1/92",2024,15,0,,,15,,,TRUE
"WARDEN DEPUTY WARDEN TED 11/1/92",2025,25,0,,,25,,,TRUE
"WATCHPERSON",2014,1,0,,,1,,,TRUE
"WATCHPERSON",2015,1,0,,,1,,,TRUE
"WATCHPERSON",2016,1,0,,,1,,,TRUE
"WATCHPERSON",2019,1,0,,,1,,,TRUE
"WATER TREATMENT PLANT OPERATOR L1",2023,0,9,,,9,,,TRUE
"WATER TREATMENT PLANT OPERATOR L1",2024,0,6,,,6,,,TRUE
"WATER TREATMENT PLANT OPERATOR L1",2025,0,1,,,1,,,TRUE
"WATER TREATMENT PLANT OPERATOR L2 & 3",2023,1,0,,,1,,,TRUE
"WATER TREATMENT PLANT OPERATOR L2 & 3",2024,1,0,,,1,,,TRUE
"WATER TREATMENT PLANT OPERATOR L2 & 3",2025,3,0,,,3,,,TRUE
"WATER USE INSPECTOR",2014,41,7,,,48,,,TRUE
"WATER USE INSPECTOR",2015,33,12,,,45,,,TRUE
"WATER USE INSPECTOR",2016,25,7,,,32,,,TRUE
"WATER USE INSPECTOR",2017,22,11,,,33,,,TRUE
"WATER USE INSPECTOR",2018,19,28,,,47,,,TRUE
"WATER USE INSPECTOR",2019,11,29,,,40,,,TRUE
"WATER USE INSPECTOR",2020,11,17,,,28,,,TRUE
"WATER USE INSPECTOR",2021,8,5,,,13,,,TRUE
"WATER USE INSPECTOR",2022,6,29,,,35,,,TRUE
"WATER USE INSPECTOR",2023,6,34,,,40,,,TRUE
"WATER USE INSPECTOR",2024,3,12,,,15,,,TRUE
"WATER USE INSPECTOR",2025,2,1,,,3,,,TRUE
"WATERSHED MAINTAINER",2014,125,40,50604,34597,165,0.68368113192633,16007,FALSE
"WATERSHED MAINTAINER",2015,115,45,52939,36181,160,0.683446986153875,16758,FALSE
"WATERSHED MAINTAINER",2016,108,42,54274.5,37085,150,0.683285889321873,17189.5,FALSE
"WATERSHED MAINTAINER",2017,107,41,55926,38198,148,0.683009691377892,17728,FALSE
"WATERSHED MAINTAINER",2018,106,44,55914,38197,150,0.683138391100619,17717,FALSE
"WATERSHED MAINTAINER",2019,98,26,,,124,,,TRUE
"WATERSHED MAINTAINER",2020,86,44,60102,41033,130,0.682722704735283,19069,FALSE
"WATERSHED MAINTAINER",2021,82,34,60076,42611,116,0.709284905786004,17465,FALSE
"WATERSHED MAINTAINER",2022,76,24,,,100,,,TRUE
"WATERSHED MAINTAINER",2023,61,45,65681,44838,106,0.682663175043011,20843,FALSE
"WATERSHED MAINTAINER",2024,60,63,67574,46183,123,0.683443336194394,21391,FALSE
"WATERSHED MAINTAINER",2025,60,61,69783.5,49518,121,0.70959467495898,20265.5,FALSE
"WIPER",2014,14,0,,,14,,,TRUE
"WIPER",2015,18,0,,,18,,,TRUE
"WIPER",2016,16,0,,,16,,,TRUE
"WIPER",2017,15,0,,,15,,,TRUE
"WIPER",2018,13,0,,,13,,,TRUE
"WIPER",2019,11,0,,,11,,,TRUE
"WIPER",2020,10,0,,,10,,,TRUE
"WIPER",2021,10,0,,,10,,,TRUE
"WIPER",2022,12,0,,,12,,,TRUE
"WIPER",2023,12,0,,,12,,,TRUE
"WIPER",2024,8,0,,,8,,,TRUE
"WIPER",2025,10,0,,,10,,,TRUE
"WORKER S COMPENSATION BENEFITS EXAMINER",2014,23,18,,,41,,,TRUE
"WORKER S COMPENSATION BENEFITS EXAMINER",2015,26,14,,,40,,,TRUE
"WORKER S COMPENSATION BENEFITS EXAMINER",2016,26,9,,,35,,,TRUE
"WORKER S COMPENSATION BENEFITS EXAMINER",2017,30,7,,,37,,,TRUE
"WORKER S COMPENSATION BENEFITS EXAMINER",2018,29,9,,,38,,,TRUE
"WORKER S COMPENSATION BENEFITS EXAMINER",2019,28,10,,,38,,,TRUE
"WORKER S COMPENSATION BENEFITS EXAMINER",2020,28,12,,,40,,,TRUE
"WORKER S COMPENSATION BENEFITS EXAMINER",2021,27,9,,,36,,,TRUE
"WORKER S COMPENSATION BENEFITS EXAMINER",2022,24,8,,,32,,,TRUE
"WORKER S COMPENSATION BENEFITS EXAMINER",2023,25,10,,,35,,,TRUE
"WORKER S COMPENSATION BENEFITS EXAMINER",2024,28,4,,,32,,,TRUE
"WORKER S COMPENSATION BENEFITS EXAMINER",2025,29,3,,,32,,,TRUE
"X RAY TECHNICIAN",2014,4,2,,,6,,,TRUE
"X RAY TECHNICIAN",2015,5,2,,,7,,,TRUE
"X RAY TECHNICIAN",2016,5,0,,,5,,,TRUE
"X RAY TECHNICIAN",2017,5,1,,,6,,,TRUE
"X RAY TECHNICIAN",2018,5,1,,,6,,,TRUE
"X RAY TECHNICIAN",2019,5,0,,,5,,,TRUE
"X RAY TECHNICIAN",2020,4,1,,,5,,,TRUE
"X RAY TECHNICIAN",2021,4,1,,,5,,,TRUE
"X RAY TECHNICIAN",2022,4,0,,,4,,,TRUE
"X RAY TECHNICIAN",2023,4,1,,,5,,,TRUE
"X RAY TECHNICIAN",2024,5,1,,,6,,,TRUE
"X RAY TECHNICIAN",2025,3,1,,,4,,,TRUE
"YOUTH COORDINATOR",2014,1,8,,,9,,,TRUE
"YOUTH COORDINATOR",2015,0,6,,,6,,,TRUE
"YOUTH COORDINATOR",2016,0,6,,,6,,,TRUE
"YOUTH COORDINATOR",2017,0,6,,,6,,,TRUE
"YOUTH COORDINATOR",2018,0,3,,,3,,,TRUE
"YOUTH COORDINATOR",2019,0,2,,,2,,,TRUE
"YOUTH COORDINATOR",2020,0,3,,,3,,,TRUE
"YOUTH COORDINATOR",2021,0,3,,,3,,,TRUE
"YOUTH DEVELOPMENT SPECIALIST",2018,0,1,,,1,,,TRUE
"YOUTH DEVELOPMENT SPECIALIST",2019,0,331,,,331,,,TRUE
"YOUTH DEVELOPMENT SPECIALIST",2020,0,343,,,343,,,TRUE
"YOUTH DEVELOPMENT SPECIALIST",2021,0,223,,,223,,,TRUE
"YOUTH DEVELOPMENT SPECIALIST",2022,78,197,60027,45759,275,0.76230696186716,14268,FALSE
"YOUTH DEVELOPMENT SPECIALIST",2023,76,215,65665,50001,291,0.761455874514582,15664,FALSE
"YOUTH DEVELOPMENT SPECIALIST",2024,68,237,67635.5,51502,305,0.7614640240702,16133.5,FALSE
"YOUTH DEVELOPMENT SPECIALIST",2025,59,237,69845,53176,296,0.76134297372754,16669,FALSE
